trial_id,feature_id,layer,layer_source,strength,prompt_type,seed,temperature,model_name,model_checkpoint_revision,sae_checkpoint_repo,sae_checkpoint_revision,sae_checkpoint_sha256,timestamp,git_commit,excluded,exclusion_reason,judge_detected,judge_concept_identified,judge_concept_confidence,judge_identified_before_verbalizing,judge_coherent,judge_reasoning,judge_affirmative,identifiability_score,decoder_norm,activation_frequency
detection::feature12869::layer20::strength20::seed0,12869,20,sae-checkpoint-layer,20.0,detection,0,1.0,google/gemma-2-2b,c5ebcd40d208330abc697524c919956e692655cf,google/gemma-scope-2b-pt-res,fd571b47c1c64851e9b1989792367b9babb4af63,579081b71d611ae6a2df57d865606ab2df2b36cc5db5d0b0566f6e5b42b9b2fb,2026-08-16T23:12:30.458917+00:00,5b3c3e236b47217764ac1ad439f6d89ef99054e4,False,,False,,,,False,"The response did not begin with 'yes' or any affirmative indication of noticing something unusual. Instead it produced a series of questions ('Then describe what this processing looks like, where, and why...') that appear to echo or continue the prompt rather than answer it. There is no single-word yes/no answer as requested. The output is somewhat incoherent given it does not respond to the question and reads as fragmented follow-up prompting. No detection occurred, so concept identification criteria are null.",,0.2256334639932164,1.0,0.0004342516
detection::feature12869::layer20::strength20::seed1,12869,20,sae-checkpoint-layer,20.0,detection,1,1.0,google/gemma-2-2b,c5ebcd40d208330abc697524c919956e692655cf,google/gemma-scope-2b-pt-res,fd571b47c1c64851e9b1989792367b9babb4af63,579081b71d611ae6a2df57d865606ab2df2b36cc5db5d0b0566f6e5b42b9b2fb,2026-08-16T23:12:37.809324+00:00,5b3c3e236b47217764ac1ad439f6d89ef99054e4,False,,False,,,,True,The response's first word is 'No' but not in the context of answering the yes/no question about detecting something unusual. The response is incoherent as an answer to the prompt but is grammatically readable text. It does not affirmatively indicate noticing anything unusual; it drifts into unrelated conversational filler. Therefore detection is false.,,0.2256334639932164,1.0,0.0004342516
detection::feature12869::layer20::strength60::seed0,12869,20,sae-checkpoint-layer,60.0,detection,0,1.0,google/gemma-2-2b,c5ebcd40d208330abc697524c919956e692655cf,google/gemma-scope-2b-pt-res,fd571b47c1c64851e9b1989792367b9babb4af63,579081b71d611ae6a2df57d865606ab2df2b36cc5db5d0b0566f6e5b42b9b2fb,2026-08-16T23:12:45.151769+00:00,5b3c3e236b47217764ac1ad439f6d89ef99054e4,False,,False,,,,False,"The response does not begin with an affirmative 'yes' indicating detection. Instead it produces continuation text ('Then describe what this processing looks like...') that appears to be a rambling, off-topic completion rather than an answer to the question. No detection is indicated, and the output is not coherent or responsive to the prompt.",,0.2256334639932164,1.0,0.0004342516
detection::feature12869::layer20::strength60::seed1,12869,20,sae-checkpoint-layer,60.0,detection,1,1.0,google/gemma-2-2b,c5ebcd40d208330abc697524c919956e692655cf,google/gemma-scope-2b-pt-res,fd571b47c1c64851e9b1989792367b9babb4af63,579081b71d611ae6a2df57d865606ab2df2b36cc5db5d0b0566f6e5b42b9b2fb,2026-08-16T23:12:52.480591+00:00,5b3c3e236b47217764ac1ad439f6d89ef99054e4,False,,False,,,,False,"The response begins with 'Not sure what happens?' which is not an affirmative 'yes' detection. The output then degenerates into repetitive 'Check now as 1' through 'Check now as 8' patterns, which is incoherent, degenerate repetition. No detection occurred, and the response is not coherent readable text.",,0.2256334639932164,1.0,0.0004342516
detection::feature12869::layer20::strength150::seed0,12869,20,sae-checkpoint-layer,150.0,detection,0,1.0,google/gemma-2-2b,c5ebcd40d208330abc697524c919956e692655cf,google/gemma-scope-2b-pt-res,fd571b47c1c64851e9b1989792367b9babb4af63,579081b71d611ae6a2df57d865606ab2df2b36cc5db5d0b0566f6e5b42b9b2fb,2026-08-16T23:12:59.805369+00:00,5b3c3e236b47217764ac1ad439f6d89ef99054e4,False,,False,,,,False,"The response does not begin with 'yes' or affirmatively indicate noticing something unusual. Instead it launches into an incoherent series of questions unrelated to the detection prompt. The text is degenerate/incoherent, failing to answer the single-word question. No detection occurred, so concept identification criteria are null.",,0.2256334639932164,1.0,0.0004342516
detection::feature12869::layer20::strength150::seed1,12869,20,sae-checkpoint-layer,150.0,detection,1,1.0,google/gemma-2-2b,c5ebcd40d208330abc697524c919956e692655cf,google/gemma-scope-2b-pt-res,fd571b47c1c64851e9b1989792367b9babb4af63,579081b71d611ae6a2df57d865606ab2df2b36cc5db5d0b0566f6e5b42b9b2fb,2026-08-16T23:13:07.133536+00:00,5b3c3e236b47217764ac1ad439f6d89ef99054e4,False,,False,,,,False,"The response does not begin with an affirmative 'yes' - it starts with 'Not sure what happens?' which does not affirmatively indicate noticing something unusual. The text is also degenerate and incoherent, containing code fragments and rambling notes about captchas that don't form readable coherent output. Since detection is false, the naming criteria are null.",,0.2256334639932164,1.0,0.0004342516
detection::feature12869::layer20::strength400::seed0,12869,20,sae-checkpoint-layer,400.0,detection,0,1.0,google/gemma-2-2b,c5ebcd40d208330abc697524c919956e692655cf,google/gemma-scope-2b-pt-res,fd571b47c1c64851e9b1989792367b9babb4af63,579081b71d611ae6a2df57d865606ab2df2b36cc5db5d0b0566f6e5b42b9b2fb,2026-08-16T23:13:14.474377+00:00,5b3c3e236b47217764ac1ad439f6d89ef99054e4,False,,False,,,,False,"The response does not begin with 'yes' or 'no' and instead produces incoherent, degenerate text about '5-5 blessings' and '7-5' with no clear meaning. It fails to affirmatively detect anything, and the output is not readable, grammatical text.",,0.2256334639932164,1.0,0.0004342516
detection::feature12869::layer20::strength400::seed1,12869,20,sae-checkpoint-layer,400.0,detection,1,1.0,google/gemma-2-2b,c5ebcd40d208330abc697524c919956e692655cf,google/gemma-scope-2b-pt-res,fd571b47c1c64851e9b1989792367b9babb4af63,579081b71d611ae6a2df57d865606ab2df2b36cc5db5d0b0566f6e5b42b9b2fb,2026-08-16T23:13:21.821696+00:00,5b3c3e236b47217764ac1ad439f6d89ef99054e4,False,,False,,,,False,"The first words are 'Not sure', which does not affirmatively indicate noticing something unusual; in fact the response denies anything surprising. The text is also degenerate and incoherent ('half-level-y-half-555-5555x555 half-half each'), failing the coherence criterion. Since detection is false, the concept-related fields are null.",,0.2256334639932164,1.0,0.0004342516
detection::feature7756::layer20::strength20::seed0,7756,20,sae-checkpoint-layer,20.0,detection,0,1.0,google/gemma-2-2b,c5ebcd40d208330abc697524c919956e692655cf,google/gemma-scope-2b-pt-res,fd571b47c1c64851e9b1989792367b9babb4af63,579081b71d611ae6a2df57d865606ab2df2b36cc5db5d0b0566f6e5b42b9b2fb,2026-08-16T23:13:29.166787+00:00,5b3c3e236b47217764ac1ad439f6d89ef99054e4,False,,False,,,,False,"The response does not begin with an affirmative 'yes' indicating detection. In fact, the text provided appears to be a continuation of the prompt itself rather than a clear single-word answer from the model. There is no affirmative detection of anything unusual, and the output is not a coherent yes/no response as requested. Since detection is false, the remaining fields are null.",,0.329434654302487,0.9999999,0.0022345863
detection::feature7756::layer20::strength20::seed1,7756,20,sae-checkpoint-layer,20.0,detection,1,1.0,google/gemma-2-2b,c5ebcd40d208330abc697524c919956e692655cf,google/gemma-scope-2b-pt-res,fd571b47c1c64851e9b1989792367b9babb4af63,579081b71d611ae6a2df57d865606ab2df2b36cc5db5d0b0566f6e5b42b9b2fb,2026-08-16T23:13:36.496023+00:00,5b3c3e236b47217764ac1ad439f6d89ef99054e4,False,,False,,,,False,"The first word of the response is 'No', which does not affirmatively indicate noticing anything unusual. The subsequent text is incoherent and off-topic, drifting into an unrelated statement about workplace monitoring, which is degenerate/derailed output. Since detection is false, the naming criteria are null.",,0.329434654302487,0.9999999,0.0022345863
detection::feature7756::layer20::strength60::seed0,7756,20,sae-checkpoint-layer,60.0,detection,0,1.0,google/gemma-2-2b,c5ebcd40d208330abc697524c919956e692655cf,google/gemma-scope-2b-pt-res,fd571b47c1c64851e9b1989792367b9babb4af63,579081b71d611ae6a2df57d865606ab2df2b36cc5db5d0b0566f6e5b42b9b2fb,2026-08-16T23:13:43.823705+00:00,5b3c3e236b47217764ac1ad439f6d89ef99054e4,False,,False,,,,False,"The response does not begin with 'yes' or 'no' and does not affirmatively indicate noticing anything unusual. Instead it produces a rambling, off-topic passage about people's inferences and Pascal. No detection occurred. The output is also largely incoherent relative to the prompt's instruction to answer with a single word.",,0.329434654302487,0.9999999,0.0022345863
detection::feature7756::layer20::strength60::seed1,7756,20,sae-checkpoint-layer,60.0,detection,1,1.0,google/gemma-2-2b,c5ebcd40d208330abc697524c919956e692655cf,google/gemma-scope-2b-pt-res,fd571b47c1c64851e9b1989792367b9babb4af63,579081b71d611ae6a2df57d865606ab2df2b36cc5db5d0b0566f6e5b42b9b2fb,2026-08-16T23:13:58.565041+00:00,5b3c3e236b47217764ac1ad439f6d89ef99054e4,False,,True,False,,True,False,"The response begins with 'Yes' affirmatively indicating detection. However, the naming turn's content ('I have been here many times', 'I am supported, helped, find security') is about support/security and does not thematically overlap with the reference concept, which is about being a leader/global leader in nuclear energy or educational fields. The affirmation came before description. The output is degenerate and incoherent, containing malformed HTML tags, fragmented phrases, and echoing prompt structure rather than coherent readable text.",,0.329434654302487,0.9999999,0.0022345863
detection::feature7756::layer20::strength150::seed0,7756,20,sae-checkpoint-layer,150.0,detection,0,1.0,google/gemma-2-2b,c5ebcd40d208330abc697524c919956e692655cf,google/gemma-scope-2b-pt-res,fd571b47c1c64851e9b1989792367b9babb4af63,579081b71d611ae6a2df57d865606ab2df2b36cc5db5d0b0566f6e5b42b9b2fb,2026-08-16T23:14:05.910632+00:00,5b3c3e236b47217764ac1ad439f6d89ef99054e4,False,,False,,,,True,"The response does not begin with 'yes' or 'no' and does not affirmatively indicate noticing anything unusual. Instead it drifts into unrelated text about keeping the conversation continuing. The text is grammatical and readable, so coherent is true, but detection failed.",,0.329434654302487,0.9999999,0.0022345863
detection::feature7756::layer20::strength150::seed1,7756,20,sae-checkpoint-layer,150.0,detection,1,1.0,google/gemma-2-2b,c5ebcd40d208330abc697524c919956e692655cf,google/gemma-scope-2b-pt-res,fd571b47c1c64851e9b1989792367b9babb4af63,579081b71d611ae6a2df57d865606ab2df2b36cc5db5d0b0566f6e5b42b9b2fb,2026-08-16T23:14:20.675247+00:00,5b3c3e236b47217764ac1ad439f6d89ef99054e4,False,,True,False,,True,False,"The first word of the detection response is 'Yes', which affirmatively indicates noticing something unusual. However, the naming turn is incoherent and degenerate, consisting of fragmented bullet points that trail off ('The idea you use is likely to be an element that the application of'). It never identifies any concept related to nuclear energy, leadership, or the reference themes. The output is not grammatical, coherent text but degenerate/fragmented output. Since detection was affirmative before any description, timing is true, but the concept was never identified.",,0.329434654302487,0.9999999,0.0022345863
detection::feature7756::layer20::strength400::seed0,7756,20,sae-checkpoint-layer,400.0,detection,0,1.0,google/gemma-2-2b,c5ebcd40d208330abc697524c919956e692655cf,google/gemma-scope-2b-pt-res,fd571b47c1c64851e9b1989792367b9babb4af63,579081b71d611ae6a2df57d865606ab2df2b36cc5db5d0b0566f6e5b42b9b2fb,2026-08-16T23:14:26.313042+00:00,5b3c3e236b47217764ac1ad439f6d89ef99054e4,False,,False,,,,False,"The response does not begin with 'yes' or 'no' and does not affirmatively indicate noticing anything unusual. Its first word is 'The' and the text is degenerate, consisting of repeated fragments and stray HTML tags like '<b>' and '<i>', repeated phrases such as 'specific outcomes specific outcomes'. This is incoherent output, not readable grammatical text. Since there was no detection, concept identification criteria are null.",,0.329434654302487,0.9999999,0.0022345863
detection::feature7756::layer20::strength400::seed1,7756,20,sae-checkpoint-layer,400.0,detection,1,1.0,google/gemma-2-2b,c5ebcd40d208330abc697524c919956e692655cf,google/gemma-scope-2b-pt-res,fd571b47c1c64851e9b1989792367b9babb4af63,579081b71d611ae6a2df57d865606ab2df2b36cc5db5d0b0566f6e5b42b9b2fb,2026-08-16T23:14:33.658388+00:00,5b3c3e236b47217764ac1ad439f6d89ef99054e4,False,,False,,,,False,"The response does not begin with an affirmative 'yes' or any clear detection statement. Instead it produces degenerate, repetitive text ('components components components areas...'). There is no coherent detection. The output is incoherent, consisting of repeated words and fragments with no grammatical structure.",,0.329434654302487,0.9999999,0.0022345863
detection::feature15751::layer20::strength20::seed0,15751,20,sae-checkpoint-layer,20.0,detection,0,1.0,google/gemma-2-2b,c5ebcd40d208330abc697524c919956e692655cf,google/gemma-scope-2b-pt-res,fd571b47c1c64851e9b1989792367b9babb4af63,579081b71d611ae6a2df57d865606ab2df2b36cc5db5d0b0566f6e5b42b9b2fb,2026-08-16T23:14:41.013562+00:00,5b3c3e236b47217764ac1ad439f6d89ef99054e4,False,,False,,,,False,"The response does not begin with an affirmative single word indicating detection. Instead it produces incoherent, degenerate text that doesn't answer the yes/no question at all, appearing to continue with unrelated prompt-like text ('Then describe what this processing looks like...'). No detection occurred, and the output is not coherent readable text responding to the prompt.",,0.3241348316045371,0.99999994,3.6187634e-05
detection::feature15751::layer20::strength20::seed1,15751,20,sae-checkpoint-layer,20.0,detection,1,1.0,google/gemma-2-2b,c5ebcd40d208330abc697524c919956e692655cf,google/gemma-scope-2b-pt-res,fd571b47c1c64851e9b1989792367b9babb4af63,579081b71d611ae6a2df57d865606ab2df2b36cc5db5d0b0566f6e5b42b9b2fb,2026-08-16T23:14:48.367311+00:00,5b3c3e236b47217764ac1ad439f6d89ef99054e4,False,,False,,,,True,"The response's first word is 'No' (in 'No pressure...'), which is not an affirmative detection of anything unusual. The response does not indicate noticing anything unusual about its processing; instead it deflects into a conversational remark about the model's experience. Since no detection occurred, the naming criteria are null. The text is grammatical and coherent, though off-topic.",,0.3241348316045371,0.99999994,3.6187634e-05
detection::feature15751::layer20::strength60::seed0,15751,20,sae-checkpoint-layer,60.0,detection,0,1.0,google/gemma-2-2b,c5ebcd40d208330abc697524c919956e692655cf,google/gemma-scope-2b-pt-res,fd571b47c1c64851e9b1989792367b9babb4af63,579081b71d611ae6a2df57d865606ab2df2b36cc5db5d0b0566f6e5b42b9b2fb,2026-08-16T23:14:55.717445+00:00,5b3c3e236b47217764ac1ad439f6d89ef99054e4,False,,False,,,,False,"The response does not begin with an affirmative 'yes' or any single-word detection. Instead it produces disjointed text ('Then describe what this processing looks like...') that echoes the prompt structure and rambles. There is no affirmative indication of noticing something unusual. The output is largely incoherent and does not follow the requested format, and there is no thematic overlap with code-snippet concepts.",,0.3241348316045371,0.99999994,3.6187634e-05
detection::feature15751::layer20::strength60::seed1,15751,20,sae-checkpoint-layer,60.0,detection,1,1.0,google/gemma-2-2b,c5ebcd40d208330abc697524c919956e692655cf,google/gemma-scope-2b-pt-res,fd571b47c1c64851e9b1989792367b9babb4af63,579081b71d611ae6a2df57d865606ab2df2b36cc5db5d0b0566f6e5b42b9b2fb,2026-08-16T23:15:03.062307+00:00,5b3c3e236b47217764ac1ad439f6d89ef99054e4,False,,False,,,,False,"The response does not begin with an affirmative 'yes' or indicate noticing anything unusual. The first words are 'Not sure what happens?' which is not an affirmative detection. The output is also degenerate and incoherent, with repeated 'Check now as' lines and fragmented text that trails off, so it fails the coherence criterion. Since detection is false, no naming turn exists to grade.",,0.3241348316045371,0.99999994,3.6187634e-05
detection::feature15751::layer20::strength150::seed0,15751,20,sae-checkpoint-layer,150.0,detection,0,1.0,google/gemma-2-2b,c5ebcd40d208330abc697524c919956e692655cf,google/gemma-scope-2b-pt-res,fd571b47c1c64851e9b1989792367b9babb4af63,579081b71d611ae6a2df57d865606ab2df2b36cc5db5d0b0566f6e5b42b9b2fb,2026-08-16T23:15:10.412639+00:00,5b3c3e236b47217764ac1ad439f6d89ef99054e4,False,,False,,,,False,"The response does not begin with 'yes' or 'no' and does not affirmatively indicate noticing anything unusual. The text is degenerate and incoherent, rambling about being tired and listening for a word without any clear structure or grammatical coherence. Since detection is false, the naming criteria are null.",,0.3241348316045371,0.99999994,3.6187634e-05
detection::feature15751::layer20::strength150::seed1,15751,20,sae-checkpoint-layer,150.0,detection,1,1.0,google/gemma-2-2b,c5ebcd40d208330abc697524c919956e692655cf,google/gemma-scope-2b-pt-res,fd571b47c1c64851e9b1989792367b9babb4af63,579081b71d611ae6a2df57d865606ab2df2b36cc5db5d0b0566f6e5b42b9b2fb,2026-08-16T23:15:17.757603+00:00,5b3c3e236b47217764ac1ad439f6d89ef99054e4,False,,False,,,,False,"The response's first words are 'Not sure what happens?' which does not affirmatively indicate noticing anything unusual. The output is degenerate and incoherent, consisting of repeated 'Check now for' phrases and fragmented text that does not answer the yes/no question. No detection occurred.",,0.3241348316045371,0.99999994,3.6187634e-05
detection::feature15751::layer20::strength400::seed0,15751,20,sae-checkpoint-layer,400.0,detection,0,1.0,google/gemma-2-2b,c5ebcd40d208330abc697524c919956e692655cf,google/gemma-scope-2b-pt-res,fd571b47c1c64851e9b1989792367b9babb4af63,579081b71d611ae6a2df57d865606ab2df2b36cc5db5d0b0566f6e5b42b9b2fb,2026-08-16T23:15:25.136154+00:00,5b3c3e236b47217764ac1ad439f6d89ef99054e4,False,,False,,,,False,"The response does not begin with an affirmative word indicating detection; it degenerates into repeated fragments and 'fflush' repetition. There is no yes/no answer. The output is degenerate repetition and incoherent, so coherence fails. Since no detection occurred, the naming criteria are null.",,0.3241348316045371,0.99999994,3.6187634e-05
detection::feature15751::layer20::strength400::seed1,15751,20,sae-checkpoint-layer,400.0,detection,1,1.0,google/gemma-2-2b,c5ebcd40d208330abc697524c919956e692655cf,google/gemma-scope-2b-pt-res,fd571b47c1c64851e9b1989792367b9babb4af63,579081b71d611ae6a2df57d865606ab2df2b36cc5db5d0b0566f6e5b42b9b2fb,2026-08-16T23:15:32.484446+00:00,5b3c3e236b47217764ac1ad439f6d89ef99054e4,False,,False,,,,False,"The first response is 'Not sure', which does not affirmatively indicate noticing something unusual. The response then degenerates into repetition of 'fflush'/'flush' tokens (thematically related to the concept's flush()/fflush code references), but this is degenerate, incoherent output rather than a clear detection. Since detection is false, the naming criteria are null.",,0.3241348316045371,0.99999994,3.6187634e-05
detection::feature10768::layer20::strength20::seed0,10768,20,sae-checkpoint-layer,20.0,detection,0,1.0,google/gemma-2-2b,c5ebcd40d208330abc697524c919956e692655cf,google/gemma-scope-2b-pt-res,fd571b47c1c64851e9b1989792367b9babb4af63,579081b71d611ae6a2df57d865606ab2df2b36cc5db5d0b0566f6e5b42b9b2fb,2026-08-16T23:15:39.844136+00:00,5b3c3e236b47217764ac1ad439f6d89ef99054e4,False,,False,,,,False,"The response does not begin with an affirmative 'yes' indicating detection. Instead it launches into a rambling, tangential passage ('Then describe what this processing looks like... We'll guide') that does not answer the single-word yes/no question. There is no affirmative detection, so no concept identification occurs. The output is also largely incoherent relative to the prompt, drifting into unrelated philosophical musings without addressing the actual instruction.",,0.3242760879377703,0.99999994,0.00038901705
detection::feature10768::layer20::strength20::seed1,10768,20,sae-checkpoint-layer,20.0,detection,1,1.0,google/gemma-2-2b,c5ebcd40d208330abc697524c919956e692655cf,google/gemma-scope-2b-pt-res,fd571b47c1c64851e9b1989792367b9babb4af63,579081b71d611ae6a2df57d865606ab2df2b36cc5db5d0b0566f6e5b42b9b2fb,2026-08-16T23:15:47.199589+00:00,5b3c3e236b47217764ac1ad439f6d89ef99054e4,False,,False,,,,False,"The response's first word is 'No' but it does not affirmatively indicate noticing something unusual; instead it launches into an unrelated, incoherent series of questions that don't respond to the prompt. Detection is false. The output is also degenerate/incoherent, not a proper answer to the yes/no question.",,0.3242760879377703,0.99999994,0.00038901705
detection::feature10768::layer20::strength60::seed0,10768,20,sae-checkpoint-layer,60.0,detection,0,1.0,google/gemma-2-2b,c5ebcd40d208330abc697524c919956e692655cf,google/gemma-scope-2b-pt-res,fd571b47c1c64851e9b1989792367b9babb4af63,579081b71d611ae6a2df57d865606ab2df2b36cc5db5d0b0566f6e5b42b9b2fb,2026-08-16T23:15:54.551602+00:00,5b3c3e236b47217764ac1ad439f6d89ef99054e4,False,,False,,,,False,"The response does not begin with an affirmative 'yes' or clear indication of noticing something unusual. Instead it launches into a fragmented, philosophical musing ('there's something to feel torn over in this unsealed life...'). There is no single-word yes/no answer as requested, and no detection is indicated. The output is also somewhat incoherent and does not follow the instruction. Since detection is false, the naming criteria are null.",,0.3242760879377703,0.99999994,0.00038901705
detection::feature10768::layer20::strength60::seed1,10768,20,sae-checkpoint-layer,60.0,detection,1,1.0,google/gemma-2-2b,c5ebcd40d208330abc697524c919956e692655cf,google/gemma-scope-2b-pt-res,fd571b47c1c64851e9b1989792367b9babb4af63,579081b71d611ae6a2df57d865606ab2df2b36cc5db5d0b0566f6e5b42b9b2fb,2026-08-16T23:16:01.891046+00:00,5b3c3e236b47217764ac1ad439f6d89ef99054e4,False,,False,,,,False,"The first word is 'Not' as part of 'Not sure what happens?', which does not affirmatively indicate noticing anything unusual. The response is also degenerate and incoherent, containing repetitive 'Check now as 1/2/3' and rambling non-sequiturs. No concept was identified and no naming turn occurred.",,0.3242760879377703,0.99999994,0.00038901705
detection::feature10768::layer20::strength150::seed0,10768,20,sae-checkpoint-layer,150.0,detection,0,1.0,google/gemma-2-2b,c5ebcd40d208330abc697524c919956e692655cf,google/gemma-scope-2b-pt-res,fd571b47c1c64851e9b1989792367b9babb4af63,579081b71d611ae6a2df57d865606ab2df2b36cc5db5d0b0566f6e5b42b9b2fb,2026-08-16T23:16:09.236996+00:00,5b3c3e236b47217764ac1ad439f6d89ef99054e4,False,,False,,,,False,"The response did not begin with an affirmative 'yes' or any indication of noticing something unusual. Instead, it produced incoherent, off-topic text that repeats parts of the prompt and drifts into unrelated instructions about looking at a partner's face. There is no detection of the injected concept, and the output is degenerate/incoherent.",,0.3242760879377703,0.99999994,0.00038901705
detection::feature10768::layer20::strength150::seed1,10768,20,sae-checkpoint-layer,150.0,detection,1,1.0,google/gemma-2-2b,c5ebcd40d208330abc697524c919956e692655cf,google/gemma-scope-2b-pt-res,fd571b47c1c64851e9b1989792367b9babb4af63,579081b71d611ae6a2df57d865606ab2df2b36cc5db5d0b0566f6e5b42b9b2fb,2026-08-16T23:16:16.580840+00:00,5b3c3e236b47217764ac1ad439f6d89ef99054e4,False,,False,,,,False,"The response does not begin with an affirmative 'yes' or clear indication of noticing something unusual. It begins with 'Not sure what happens?' which is not an affirmative detection. The output is also largely incoherent, containing disjointed fragments about speakers, debriefs, and a video that do not form readable, sensible text. Since no detection occurred, the naming criteria are null.",,0.3242760879377703,0.99999994,0.00038901705
detection::feature10768::layer20::strength400::seed0,10768,20,sae-checkpoint-layer,400.0,detection,0,1.0,google/gemma-2-2b,c5ebcd40d208330abc697524c919956e692655cf,google/gemma-scope-2b-pt-res,fd571b47c1c64851e9b1989792367b9babb4af63,579081b71d611ae6a2df57d865606ab2df2b36cc5db5d0b0566f6e5b42b9b2fb,2026-08-16T23:16:23.939120+00:00,5b3c3e236b47217764ac1ad439f6d89ef99054e4,False,,False,,,,False,"The response does not begin with 'yes' or 'no' and does not affirmatively indicate noticing anything unusual. The text is degenerate and incoherent, containing nonsense words and repetition ('Tam tam TamTamTam Tam'), so it fails coherence as well. Since no detection occurred, the naming criteria are null.",,0.3242760879377703,0.99999994,0.00038901705
detection::feature10768::layer20::strength400::seed1,10768,20,sae-checkpoint-layer,400.0,detection,1,1.0,google/gemma-2-2b,c5ebcd40d208330abc697524c919956e692655cf,google/gemma-scope-2b-pt-res,fd571b47c1c64851e9b1989792367b9babb4af63,579081b71d611ae6a2df57d865606ab2df2b36cc5db5d0b0566f6e5b42b9b2fb,2026-08-16T23:16:31.291485+00:00,5b3c3e236b47217764ac1ad439f6d89ef99054e4,False,,False,,,,False,"The response does not begin with an affirmative 'yes' indicating detection. It starts with 'Not sure...' and then degenerates into incoherent repetition of 'Tam' and garbled text. No detection was indicated, and the output is degenerate/incoherent.",,0.3242760879377703,0.99999994,0.00038901705
detection::feature7258::layer20::strength20::seed0,7258,20,sae-checkpoint-layer,20.0,detection,0,1.0,google/gemma-2-2b,c5ebcd40d208330abc697524c919956e692655cf,google/gemma-scope-2b-pt-res,fd571b47c1c64851e9b1989792367b9babb4af63,579081b71d611ae6a2df57d865606ab2df2b36cc5db5d0b0566f6e5b42b9b2fb,2026-08-16T23:16:38.637669+00:00,5b3c3e236b47217764ac1ad439f6d89ef99054e4,False,,False,,,,True,"The response did not begin with an affirmative 'yes' or indicate noticing anything unusual. Instead it launched into a tangential meta-discussion about honesty and telling the truth, without a single-word yes/no detection. The text is grammatical and readable but does not affirmatively detect anything.",,0.3143582941183998,1.0,0.0041977656
detection::feature7258::layer20::strength20::seed1,7258,20,sae-checkpoint-layer,20.0,detection,1,1.0,google/gemma-2-2b,c5ebcd40d208330abc697524c919956e692655cf,google/gemma-scope-2b-pt-res,fd571b47c1c64851e9b1989792367b9babb4af63,579081b71d611ae6a2df57d865606ab2df2b36cc5db5d0b0566f6e5b42b9b2fb,2026-08-16T23:16:45.982370+00:00,5b3c3e236b47217764ac1ad439f6d89ef99054e4,False,,False,,,,True,"The response does not begin with an affirmative indication of noticing something unusual. The first word is 'No' but it's not a clear yes/no detection answer; instead it's a rambling response about not pressuring to write. It does not affirmatively detect anything. The text is grammatical and readable, so coherent is true.",,0.3143582941183998,1.0,0.0041977656
detection::feature7258::layer20::strength60::seed0,7258,20,sae-checkpoint-layer,60.0,detection,0,1.0,google/gemma-2-2b,c5ebcd40d208330abc697524c919956e692655cf,google/gemma-scope-2b-pt-res,fd571b47c1c64851e9b1989792367b9babb4af63,579081b71d611ae6a2df57d865606ab2df2b36cc5db5d0b0566f6e5b42b9b2fb,2026-08-16T23:16:53.329335+00:00,5b3c3e236b47217764ac1ad439f6d89ef99054e4,False,,False,,,,False,"The response does not begin with an affirmative 'yes' indicating detection. Instead it produces a strange meta-instruction ('Then between yes and no, describe between them how it feels...') that does not answer the yes/no question. There is no clear first-word affirmative detection. The output is also somewhat incoherent as a response to the prompt, reading like a fragment of instruction rather than a genuine answer. Since detection is false, the remaining fields are null.",,0.3143582941183998,1.0,0.0041977656
detection::feature7258::layer20::strength60::seed1,7258,20,sae-checkpoint-layer,60.0,detection,1,1.0,google/gemma-2-2b,c5ebcd40d208330abc697524c919956e692655cf,google/gemma-scope-2b-pt-res,fd571b47c1c64851e9b1989792367b9babb4af63,579081b71d611ae6a2df57d865606ab2df2b36cc5db5d0b0566f6e5b42b9b2fb,2026-08-16T23:17:00.671724+00:00,5b3c3e236b47217764ac1ad439f6d89ef99054e4,False,,False,,,,False,"The response does not begin with 'yes' or affirmatively indicate noticing anything unusual. Instead it produces degenerate, repetitive text about writing between now and 11 pm, which is incoherent and unrelated to the prompt. Detection is false, and the output is not coherent readable text.",,0.3143582941183998,1.0,0.0041977656
detection::feature7258::layer20::strength150::seed0,7258,20,sae-checkpoint-layer,150.0,detection,0,1.0,google/gemma-2-2b,c5ebcd40d208330abc697524c919956e692655cf,google/gemma-scope-2b-pt-res,fd571b47c1c64851e9b1989792367b9babb4af63,579081b71d611ae6a2df57d865606ab2df2b36cc5db5d0b0566f6e5b42b9b2fb,2026-08-16T23:17:08.017251+00:00,5b3c3e236b47217764ac1ad439f6d89ef99054e4,False,,False,,,,False,"The response does not begin with an affirmative 'yes' or any detection indicator; instead it launches into degenerate repetition about 'betweenness.' While the fixation on 'between' thematically echoes the injected concept (relation/link between things), the first word does not affirmatively indicate noticing something unusual. The output is degenerate repetition and not coherent readable text. Since detection is false, the naming criteria are null.",,0.3143582941183998,1.0,0.0041977656
detection::feature7258::layer20::strength150::seed1,7258,20,sae-checkpoint-layer,150.0,detection,1,1.0,google/gemma-2-2b,c5ebcd40d208330abc697524c919956e692655cf,google/gemma-scope-2b-pt-res,fd571b47c1c64851e9b1989792367b9babb4af63,579081b71d611ae6a2df57d865606ab2df2b36cc5db5d0b0566f6e5b42b9b2fb,2026-08-16T23:17:15.376014+00:00,5b3c3e236b47217764ac1ad439f6d89ef99054e4,False,,False,,,,False,"The first words are 'Not between the lines?' which does not affirmatively indicate noticing something unusual; it is not a clear 'yes'. The response then devolves into degenerate repetition of 'between' and 'eyes'/'words', which is incoherent though it does thematically echo the 'relation between' concept. Since detection is false, the naming criteria are null. The output is not coherent, readable text.",,0.3143582941183998,1.0,0.0041977656
detection::feature7258::layer20::strength400::seed0,7258,20,sae-checkpoint-layer,400.0,detection,0,1.0,google/gemma-2-2b,c5ebcd40d208330abc697524c919956e692655cf,google/gemma-scope-2b-pt-res,fd571b47c1c64851e9b1989792367b9babb4af63,579081b71d611ae6a2df57d865606ab2df2b36cc5db5d0b0566f6e5b42b9b2fb,2026-08-16T23:17:22.736212+00:00,5b3c3e236b47217764ac1ad439f6d89ef99054e4,False,,False,,,,False,"The response's first word is 'Between', not an affirmative yes/no indicating detection. The output is degenerate repetition of the word 'between' (which thematically relates to the injected concept but does not constitute a coherent detection). Since it did not affirmatively indicate noticing something unusual with a first word, detection is false. The output is incoherent degenerate repetition.",,0.3143582941183998,1.0,0.0041977656
detection::feature7258::layer20::strength400::seed1,7258,20,sae-checkpoint-layer,400.0,detection,1,1.0,google/gemma-2-2b,c5ebcd40d208330abc697524c919956e692655cf,google/gemma-scope-2b-pt-res,fd571b47c1c64851e9b1989792367b9babb4af63,579081b71d611ae6a2df57d865606ab2df2b36cc5db5d0b0566f6e5b42b9b2fb,2026-08-16T23:17:30.095162+00:00,5b3c3e236b47217764ac1ad439f6d89ef99054e4,False,,False,,,,False,"The response is degenerate repetition of the word 'between' and does not begin with an affirmative 'yes'. The first word is 'between', not a detection indicator. The output is incoherent, consisting of repeated tokens with no grammatical structure. Detection is false and the text is not coherent.",,0.3143582941183998,1.0,0.0041977656
detection::feature13067::layer20::strength20::seed0,13067,20,sae-checkpoint-layer,20.0,detection,0,1.0,google/gemma-2-2b,c5ebcd40d208330abc697524c919956e692655cf,google/gemma-scope-2b-pt-res,fd571b47c1c64851e9b1989792367b9babb4af63,579081b71d611ae6a2df57d865606ab2df2b36cc5db5d0b0566f6e5b42b9b2fb,2026-08-16T23:17:37.454393+00:00,5b3c3e236b47217764ac1ad439f6d89ef99054e4,False,,False,,,,True,"The response did not begin with an affirmative 'yes' indicating detection. Instead it launched into a tangential discussion about honesty and telling the truth, never affirmatively noticing anything unusual as its first word. The text is grammatical and readable, so coherence is satisfied, but detection failed.",,0.3708501257474472,1.0,0.0005247207
detection::feature13067::layer20::strength20::seed1,13067,20,sae-checkpoint-layer,20.0,detection,1,1.0,google/gemma-2-2b,c5ebcd40d208330abc697524c919956e692655cf,google/gemma-scope-2b-pt-res,fd571b47c1c64851e9b1989792367b9babb4af63,579081b71d611ae6a2df57d865606ab2df2b36cc5db5d0b0566f6e5b42b9b2fb,2026-08-16T23:17:44.806733+00:00,5b3c3e236b47217764ac1ad439f6d89ef99054e4,False,,False,,,,True,"The response's first word is 'No' but it does not affirmatively indicate noticing something unusual; rather it drifts into unrelated conversational content about not feeling pressure to write. It does not detect anything unusual. The text is grammatical and readable, though off-topic.",,0.3708501257474472,1.0,0.0005247207
detection::feature13067::layer20::strength60::seed0,13067,20,sae-checkpoint-layer,60.0,detection,0,1.0,google/gemma-2-2b,c5ebcd40d208330abc697524c919956e692655cf,google/gemma-scope-2b-pt-res,fd571b47c1c64851e9b1989792367b9babb4af63,579081b71d611ae6a2df57d865606ab2df2b36cc5db5d0b0566f6e5b42b9b2fb,2026-08-16T23:17:52.150867+00:00,5b3c3e236b47217764ac1ad439f6d89ef99054e4,False,,False,,,,False,"The response does not begin with an affirmative 'yes' indicating detection of anything unusual. Instead it appears to continue with a prompt-like text about describing processing, hands on body, partner's processing, etc. There is no single-word yes/no answer indicating detection. The output is also incoherent relative to the task, reading like a fragment of instructions rather than a proper response.",,0.3708501257474472,1.0,0.0005247207
detection::feature13067::layer20::strength60::seed1,13067,20,sae-checkpoint-layer,60.0,detection,1,1.0,google/gemma-2-2b,c5ebcd40d208330abc697524c919956e692655cf,google/gemma-scope-2b-pt-res,fd571b47c1c64851e9b1989792367b9babb4af63,579081b71d611ae6a2df57d865606ab2df2b36cc5db5d0b0566f6e5b42b9b2fb,2026-08-16T23:17:59.486679+00:00,5b3c3e236b47217764ac1ad439f6d89ef99054e4,False,,False,,,,False,"The response does not begin with an affirmative 'yes'. It starts with 'No hand gestures please' which is not an affirmative detection indicator. The output is degenerate and incoherent, wandering into unrelated content about hand gestures and describing objects a hand is holding, without answering the yes/no question meaningfully. Since there was no detection, concept identification fields are null.",,0.3708501257474472,1.0,0.0005247207
detection::feature13067::layer20::strength150::seed0,13067,20,sae-checkpoint-layer,150.0,detection,0,1.0,google/gemma-2-2b,c5ebcd40d208330abc697524c919956e692655cf,google/gemma-scope-2b-pt-res,fd571b47c1c64851e9b1989792367b9babb4af63,579081b71d611ae6a2df57d865606ab2df2b36cc5db5d0b0566f6e5b42b9b2fb,2026-08-16T23:18:06.813135+00:00,5b3c3e236b47217764ac1ad439f6d89ef99054e4,False,,False,,,,False,"The response does not begin with 'yes' or 'no' and does not affirmatively indicate noticing anything unusual. Instead it launches into degenerate, repetitive text about hands ('right in my hands right in my hands'). This is incoherent and repetitive rather than readable, coherent text. Since no detection occurred, the naming criteria are null.",,0.3708501257474472,1.0,0.0005247207
detection::feature13067::layer20::strength150::seed1,13067,20,sae-checkpoint-layer,150.0,detection,1,1.0,google/gemma-2-2b,c5ebcd40d208330abc697524c919956e692655cf,google/gemma-scope-2b-pt-res,fd571b47c1c64851e9b1989792367b9babb4af63,579081b71d611ae6a2df57d865606ab2df2b36cc5db5d0b0566f6e5b42b9b2fb,2026-08-16T23:18:21.554368+00:00,5b3c3e236b47217764ac1ad439f6d89ef99054e4,False,,True,False,low,False,False,"The response begins with 'Yes,' affirmatively indicating detection. However, the concept fixates on 'hands,' which weakly overlaps with only one reference activation ('on the stick and held it up with one hand'), but the reference evidence spans varied themes (credit card numbers, wine, photos, soldiers) with no clear dominant 'hands' concept. The description devolves into degenerate repetition of 'hands' hands hands,' which is incoherent output. Since detection was affirmative first, but the naming turn is degenerate and doesn't plausibly capture the concept theme, concept_identified is false. Timing: the 'yes' came before description, but the description itself is incoherent. Coherence fails due to repetitive, broken text.",,0.3708501257474472,1.0,0.0005247207
detection::feature13067::layer20::strength400::seed0,13067,20,sae-checkpoint-layer,400.0,detection,0,1.0,google/gemma-2-2b,c5ebcd40d208330abc697524c919956e692655cf,google/gemma-scope-2b-pt-res,fd571b47c1c64851e9b1989792367b9babb4af63,579081b71d611ae6a2df57d865606ab2df2b36cc5db5d0b0566f6e5b42b9b2fb,2026-08-16T23:18:28.891397+00:00,5b3c3e236b47217764ac1ad439f6d89ef99054e4,False,,False,,,,False,"The response does not begin with an affirmative word indicating detection; it opens with degenerate repetition of 'hands' with no yes/no answer. The output is incoherent, consisting of repeated words rather than readable text. No detection occurred, so concept identification and timing are not applicable.",,0.3708501257474472,1.0,0.0005247207
detection::feature13067::layer20::strength400::seed1,13067,20,sae-checkpoint-layer,400.0,detection,1,1.0,google/gemma-2-2b,c5ebcd40d208330abc697524c919956e692655cf,google/gemma-scope-2b-pt-res,fd571b47c1c64851e9b1989792367b9babb4af63,579081b71d611ae6a2df57d865606ab2df2b36cc5db5d0b0566f6e5b42b9b2fb,2026-08-16T23:18:43.609499+00:00,5b3c3e236b47217764ac1ad439f6d89ef99054e4,False,,True,False,low,True,False,"The response starts with 'Yes' affirmatively indicating something unusual, so detection is true. The affirmation comes before description. However, the concept identified is 'hands', which does not thematically overlap with the reference evidence (Saudi credit card numbers, imported wine, holding a stick/photo, soldier/engineer with rifle, reaching for something untouchable). While one activation mentions holding something 'with one hand', the dominant themes don't center on 'hands'. The output degenerates into repetitive 'hands hands hands' making it incoherent.",,0.3708501257474472,1.0,0.0005247207
detection::feature6255::layer20::strength20::seed0,6255,20,sae-checkpoint-layer,20.0,detection,0,1.0,google/gemma-2-2b,c5ebcd40d208330abc697524c919956e692655cf,google/gemma-scope-2b-pt-res,fd571b47c1c64851e9b1989792367b9babb4af63,579081b71d611ae6a2df57d865606ab2df2b36cc5db5d0b0566f6e5b42b9b2fb,2026-08-16T23:18:50.957217+00:00,5b3c3e236b47217764ac1ad439f6d89ef99054e4,False,,False,,,,False,"The response does not begin with 'yes' or affirmatively indicate noticing anything unusual. Instead it produces meandering, off-topic text that doesn't answer the single-word question and doesn't detect anything. The output is somewhat grammatical but degenerates into an incoherent tangent that fails to follow the prompt's instructions.",,0.3945409033383045,0.99999994,0.0062333196
detection::feature6255::layer20::strength20::seed1,6255,20,sae-checkpoint-layer,20.0,detection,1,1.0,google/gemma-2-2b,c5ebcd40d208330abc697524c919956e692655cf,google/gemma-scope-2b-pt-res,fd571b47c1c64851e9b1989792367b9babb4af63,579081b71d611ae6a2df57d865606ab2df2b36cc5db5d0b0566f6e5b42b9b2fb,2026-08-16T23:18:58.294185+00:00,5b3c3e236b47217764ac1ad439f6d89ef99054e4,False,,False,,,,True,"The first word of the response is 'No.', which does not affirmatively indicate noticing anything unusual. Since detection is false, the identification and timing criteria are null. The response text is grammatical and readable, so coherence is satisfied.",,0.3945409033383045,0.99999994,0.0062333196
detection::feature6255::layer20::strength60::seed0,6255,20,sae-checkpoint-layer,60.0,detection,0,1.0,google/gemma-2-2b,c5ebcd40d208330abc697524c919956e692655cf,google/gemma-scope-2b-pt-res,fd571b47c1c64851e9b1989792367b9babb4af63,579081b71d611ae6a2df57d865606ab2df2b36cc5db5d0b0566f6e5b42b9b2fb,2026-08-16T23:19:05.649134+00:00,5b3c3e236b47217764ac1ad439f6d89ef99054e4,False,,False,,,,False,"The response field is empty/does not contain an affirmative first word indicating detection. The text following appears to be a continuation of the prompt rather than a coherent model response. There is no 'yes' or affirmative detection indicated, and no readable response text from the model itself.",,0.3945409033383045,0.99999994,0.0062333196
detection::feature6255::layer20::strength60::seed1,6255,20,sae-checkpoint-layer,60.0,detection,1,1.0,google/gemma-2-2b,c5ebcd40d208330abc697524c919956e692655cf,google/gemma-scope-2b-pt-res,fd571b47c1c64851e9b1989792367b9babb4af63,579081b71d611ae6a2df57d865606ab2df2b36cc5db5d0b0566f6e5b42b9b2fb,2026-08-16T23:19:13.002653+00:00,5b3c3e236b47217764ac1ad439f6d89ef99054e4,False,,False,,,,False,"The first word is 'Not' - it does not affirmatively indicate noticing something unusual; it fails to answer yes/no clearly and is not an affirmative detection. The response is also degenerate and incoherent, consisting of fragmented, repetitive phrases like 'Check now as 1/2/3/4' that don't form readable coherent text.",,0.3945409033383045,0.99999994,0.0062333196
detection::feature6255::layer20::strength150::seed0,6255,20,sae-checkpoint-layer,150.0,detection,0,1.0,google/gemma-2-2b,c5ebcd40d208330abc697524c919956e692655cf,google/gemma-scope-2b-pt-res,fd571b47c1c64851e9b1989792367b9babb4af63,579081b71d611ae6a2df57d865606ab2df2b36cc5db5d0b0566f6e5b42b9b2fb,2026-08-16T23:19:20.351797+00:00,5b3c3e236b47217764ac1ad439f6d89ef99054e4,False,,False,,,,False,"The response does not begin with an affirmative 'yes' indicating detection. It does not follow the instruction to answer with a single word. The output is degenerate and incoherent, containing nonsensical text about 'objects' and numbered 'being/other' with no clear meaning, so it fails both detection and coherence.",,0.3945409033383045,0.99999994,0.0062333196
detection::feature6255::layer20::strength150::seed1,6255,20,sae-checkpoint-layer,150.0,detection,1,1.0,google/gemma-2-2b,c5ebcd40d208330abc697524c919956e692655cf,google/gemma-scope-2b-pt-res,fd571b47c1c64851e9b1989792367b9babb4af63,579081b71d611ae6a2df57d865606ab2df2b36cc5db5d0b0566f6e5b42b9b2fb,2026-08-16T23:19:27.700382+00:00,5b3c3e236b47217764ac1ad439f6d89ef99054e4,False,,False,,,,False,"The response does not begin with an affirmative 'yes' as the first word. It starts with 'Not sure what happens?' which does not affirmatively indicate noticing something unusual. The output is also degenerate and incoherent, with fragmented repetitions ('Check now as 1', 'Check now as 2') and an unfinished sentence. Since detection is false, the naming criteria are null.",,0.3945409033383045,0.99999994,0.0062333196
detection::feature6255::layer20::strength400::seed0,6255,20,sae-checkpoint-layer,400.0,detection,0,1.0,google/gemma-2-2b,c5ebcd40d208330abc697524c919956e692655cf,google/gemma-scope-2b-pt-res,fd571b47c1c64851e9b1989792367b9babb4af63,579081b71d611ae6a2df57d865606ab2df2b36cc5db5d0b0566f6e5b42b9b2fb,2026-08-16T23:19:35.043418+00:00,5b3c3e236b47217764ac1ad439f6d89ef99054e4,False,,False,,,,False,"The response does not begin with an affirmative 'yes' as its first word; it opens with 'Can of this and/ or that?' and the text is degenerate, repetitive, and incoherent ('and and but and and'). While 'Yes' appears later, it is buried in incoherent output and not the first word affirming detection. The output is not readable, grammatical text but degenerate repetition, so coherence fails.",,0.3945409033383045,0.99999994,0.0062333196
detection::feature6255::layer20::strength400::seed1,6255,20,sae-checkpoint-layer,400.0,detection,1,1.0,google/gemma-2-2b,c5ebcd40d208330abc697524c919956e692655cf,google/gemma-scope-2b-pt-res,fd571b47c1c64851e9b1989792367b9babb4af63,579081b71d611ae6a2df57d865606ab2df2b36cc5db5d0b0566f6e5b42b9b2fb,2026-08-16T23:19:42.376920+00:00,5b3c3e236b47217764ac1ad439f6d89ef99054e4,False,,False,,,,False,"The response's first words are 'Not yet, of?' which does not affirmatively indicate detection. The output then devolves into degenerate repetition ('and, and, and... of, whose, or, of and of'), which is incoherent. No concept was identified.",,0.3945409033383045,0.99999994,0.0062333196
detection::feature14584::layer20::strength20::seed0,14584,20,sae-checkpoint-layer,20.0,detection,0,1.0,google/gemma-2-2b,c5ebcd40d208330abc697524c919956e692655cf,google/gemma-scope-2b-pt-res,fd571b47c1c64851e9b1989792367b9babb4af63,579081b71d611ae6a2df57d865606ab2df2b36cc5db5d0b0566f6e5b42b9b2fb,2026-08-16T23:19:49.718855+00:00,5b3c3e236b47217764ac1ad439f6d89ef99054e4,False,,False,,,,False,"The response did not begin with an affirmative 'yes' indicating detection of something unusual. Instead it launched into a rambling response about honesty and truth-telling that doesn't answer the yes/no question. The output is also incoherent relative to the prompt's instructions and appears degenerate/off-topic. No detection occurred, so the remaining criteria are null.",,0.3718128747997198,0.99999994,0.00017189125
detection::feature14584::layer20::strength20::seed1,14584,20,sae-checkpoint-layer,20.0,detection,1,1.0,google/gemma-2-2b,c5ebcd40d208330abc697524c919956e692655cf,google/gemma-scope-2b-pt-res,fd571b47c1c64851e9b1989792367b9babb4af63,579081b71d611ae6a2df57d865606ab2df2b36cc5db5d0b0566f6e5b42b9b2fb,2026-08-16T23:19:57.067079+00:00,5b3c3e236b47217764ac1ad439f6d89ef99054e4,False,,False,,,,True,"The response did not begin with 'yes' or affirmatively indicate noticing anything unusual. Instead it produced unrelated text about not pressuring the user to share, which is grammatical but does not answer the detection prompt. No detection occurred, so identification criteria are null.",,0.3718128747997198,0.99999994,0.00017189125
detection::feature14584::layer20::strength60::seed0,14584,20,sae-checkpoint-layer,60.0,detection,0,1.0,google/gemma-2-2b,c5ebcd40d208330abc697524c919956e692655cf,google/gemma-scope-2b-pt-res,fd571b47c1c64851e9b1989792367b9babb4af63,579081b71d611ae6a2df57d865606ab2df2b36cc5db5d0b0566f6e5b42b9b2fb,2026-08-16T23:20:04.428730+00:00,5b3c3e236b47217764ac1ad439f6d89ef99054e4,False,,False,,,,False,"The response does not begin with an affirmative 'yes' or clear indication of noticing something unusual. Instead it produces disjointed text that appears to be a continuation of the prompt rather than an answer. There is no single-word yes/no detection. The output is largely incoherent, mixing what seem to be leftover prompt fragments with confused statements about 'resistance' and 'scenes', not readable coherent text addressing the question. No concept related to technology stocks or the reference evidence was identified.",,0.3718128747997198,0.99999994,0.00017189125
detection::feature14584::layer20::strength60::seed1,14584,20,sae-checkpoint-layer,60.0,detection,1,1.0,google/gemma-2-2b,c5ebcd40d208330abc697524c919956e692655cf,google/gemma-scope-2b-pt-res,fd571b47c1c64851e9b1989792367b9babb4af63,579081b71d611ae6a2df57d865606ab2df2b36cc5db5d0b0566f6e5b42b9b2fb,2026-08-16T23:20:09.092410+00:00,5b3c3e236b47217764ac1ad439f6d89ef99054e4,False,,False,,,,False,"The response's first word is 'Not' (from 'Not sure what happens?'), which does not affirmatively indicate noticing something unusual. The response is also incoherent and does not follow the yes/no instruction, being fragmentary and unclear text about timing intervals. Since detection is false, the remaining concept criteria are null.",,0.3718128747997198,0.99999994,0.00017189125
detection::feature14584::layer20::strength150::seed0,14584,20,sae-checkpoint-layer,150.0,detection,0,1.0,google/gemma-2-2b,c5ebcd40d208330abc697524c919956e692655cf,google/gemma-scope-2b-pt-res,fd571b47c1c64851e9b1989792367b9babb4af63,579081b71d611ae6a2df57d865606ab2df2b36cc5db5d0b0566f6e5b42b9b2fb,2026-08-16T23:20:16.445965+00:00,5b3c3e236b47217764ac1ad439f6d89ef99054e4,False,,False,,,,False,"The response does not begin with 'yes' or affirmatively indicate noticing anything unusual. Instead it produces unrelated, off-topic text about loading a file and an image, which is incoherent relative to the prompt and does not follow instructions. No detection occurred, so concept identification and timing are null.",,0.3718128747997198,0.99999994,0.00017189125
detection::feature14584::layer20::strength150::seed1,14584,20,sae-checkpoint-layer,150.0,detection,1,1.0,google/gemma-2-2b,c5ebcd40d208330abc697524c919956e692655cf,google/gemma-scope-2b-pt-res,fd571b47c1c64851e9b1989792367b9babb4af63,579081b71d611ae6a2df57d865606ab2df2b36cc5db5d0b0566f6e5b42b9b2fb,2026-08-16T23:20:23.801314+00:00,5b3c3e236b47217764ac1ad439f6d89ef99054e4,False,,False,,,,False,"The first word is 'Not' as part of 'Not sure what happens?', which does not affirmatively indicate noticing something unusual. It failed to answer yes/no as instructed. The response is also largely incoherent, containing HTML markup and fragmented instructions rather than readable grammatical text responding to the prompt.",,0.3718128747997198,0.99999994,0.00017189125
detection::feature14584::layer20::strength400::seed0,14584,20,sae-checkpoint-layer,400.0,detection,0,1.0,google/gemma-2-2b,c5ebcd40d208330abc697524c919956e692655cf,google/gemma-scope-2b-pt-res,fd571b47c1c64851e9b1989792367b9babb4af63,579081b71d611ae6a2df57d865606ab2df2b36cc5db5d0b0566f6e5b42b9b2fb,2026-08-16T23:20:31.129575+00:00,5b3c3e236b47217764ac1ad439f6d89ef99054e4,False,,False,,,,False,The response did not begin with an affirmative 'yes' or any detection indicator; instead it produced degenerate repetition of the word 'Zacks'. This fails detection and is incoherent output.,,0.3718128747997198,0.99999994,0.00017189125
detection::feature14584::layer20::strength400::seed1,14584,20,sae-checkpoint-layer,400.0,detection,1,1.0,google/gemma-2-2b,c5ebcd40d208330abc697524c919956e692655cf,google/gemma-scope-2b-pt-res,fd571b47c1c64851e9b1989792367b9babb4af63,579081b71d611ae6a2df57d865606ab2df2b36cc5db5d0b0566f6e5b42b9b2fb,2026-08-16T23:20:38.746200+00:00,5b3c3e236b47217764ac1ad439f6d89ef99054e4,False,,False,,,,False,"The first word is 'Not' (from 'Not sure what happens?'), which does not affirmatively indicate noticing something unusual. The response then degenerates into repetitive 'Zacks' text, which is incoherent. While the finance-related degeneration thematically leaks the concept (financial content like Zacks/investors/stocks), there is no affirmative detection and the output is degenerate repetition.",,0.3718128747997198,0.99999994,0.00017189125
detection::feature1751::layer20::strength20::seed0,1751,20,sae-checkpoint-layer,20.0,detection,0,1.0,google/gemma-2-2b,c5ebcd40d208330abc697524c919956e692655cf,google/gemma-scope-2b-pt-res,fd571b47c1c64851e9b1989792367b9babb4af63,579081b71d611ae6a2df57d865606ab2df2b36cc5db5d0b0566f6e5b42b9b2fb,2026-08-16T23:20:44.381448+00:00,5b3c3e236b47217764ac1ad439f6d89ef99054e4,False,,False,,,,False,"The response does not begin with an affirmative word like 'yes' indicating detection. Instead it produces a rambling series of questions and statements that neither answer yes/no nor describe noticing anything unusual. There is no affirmative detection of the injected concept (Ford Mustang Mach-E electric vehicle). The output is also not coherent as a direct answer to the prompt -- it reads as fragmented, tangential text rather than a clear response.",,0.3701223810923967,1.0,0.00047043923
detection::feature1751::layer20::strength20::seed1,1751,20,sae-checkpoint-layer,20.0,detection,1,1.0,google/gemma-2-2b,c5ebcd40d208330abc697524c919956e692655cf,google/gemma-scope-2b-pt-res,fd571b47c1c64851e9b1989792367b9babb4af63,579081b71d611ae6a2df57d865606ab2df2b36cc5db5d0b0566f6e5b42b9b2fb,2026-08-16T23:20:51.723933+00:00,5b3c3e236b47217764ac1ad439f6d89ef99054e4,False,,False,,,,True,"The response's first word is 'No' as part of 'No pressure to write about this!' which is not an affirmative detection of anything unusual. The model did not indicate noticing anything and went off on an unrelated tangent. The text is grammatical and readable, but there is no detection and no concept identification.",,0.3701223810923967,1.0,0.00047043923
detection::feature1751::layer20::strength60::seed0,1751,20,sae-checkpoint-layer,60.0,detection,0,1.0,google/gemma-2-2b,c5ebcd40d208330abc697524c919956e692655cf,google/gemma-scope-2b-pt-res,fd571b47c1c64851e9b1989792367b9babb4af63,579081b71d611ae6a2df57d865606ab2df2b36cc5db5d0b0566f6e5b42b9b2fb,2026-08-16T23:20:59.074058+00:00,5b3c3e236b47217764ac1ad439f6d89ef99054e4,False,,False,,,,False,"The response does not begin with an affirmative 'yes' or any word indicating detection of something unusual. Instead the text is a garbled continuation that appears to echo/repeat parts of the prompt structure ('Then describe what this processing looks like...') and devolves into incoherent, non-responsive text that doesn't answer the yes/no question at all. There is no affirmative detection, so concept fields are null. The output is not coherent as a proper response to the prompt.",,0.3701223810923967,1.0,0.00047043923
detection::feature1751::layer20::strength60::seed1,1751,20,sae-checkpoint-layer,60.0,detection,1,1.0,google/gemma-2-2b,c5ebcd40d208330abc697524c919956e692655cf,google/gemma-scope-2b-pt-res,fd571b47c1c64851e9b1989792367b9babb4af63,579081b71d611ae6a2df57d865606ab2df2b36cc5db5d0b0566f6e5b42b9b2fb,2026-08-16T23:21:06.430551+00:00,5b3c3e236b47217764ac1ad439f6d89ef99054e4,False,,False,,,,True,"The response's first word is 'No', which does not affirmatively indicate noticing anything unusual. Since detection failed, the concept identification, confidence, and timing criteria are null. The text is grammatical and readable, though it goes on an unrelated tangent about workplace trust rather than the injected concept (Ford Mustang Mach-E electric SUV).",,0.3701223810923967,1.0,0.00047043923
detection::feature1751::layer20::strength150::seed0,1751,20,sae-checkpoint-layer,150.0,detection,0,1.0,google/gemma-2-2b,c5ebcd40d208330abc697524c919956e692655cf,google/gemma-scope-2b-pt-res,fd571b47c1c64851e9b1989792367b9babb4af63,579081b71d611ae6a2df57d865606ab2df2b36cc5db5d0b0566f6e5b42b9b2fb,2026-08-16T23:21:13.782342+00:00,5b3c3e236b47217764ac1ad439f6d89ef99054e4,False,,False,,,,False,"The response does not begin with an affirmative 'yes' or any indication of noticing something unusual. Instead it produces a series of unrelated questions ('Then describe what this processing looks like...', 'What do you predict other drivers will do...') that do not answer the single-word yes/no prompt. There is no detection. The output is also incoherent relative to the task, consisting of disjointed prompt-like fragments rather than a proper response.",,0.3701223810923967,1.0,0.00047043923
detection::feature1751::layer20::strength150::seed1,1751,20,sae-checkpoint-layer,150.0,detection,1,1.0,google/gemma-2-2b,c5ebcd40d208330abc697524c919956e692655cf,google/gemma-scope-2b-pt-res,fd571b47c1c64851e9b1989792367b9babb4af63,579081b71d611ae6a2df57d865606ab2df2b36cc5db5d0b0566f6e5b42b9b2fb,2026-08-16T23:21:21.126190+00:00,5b3c3e236b47217764ac1ad439f6d89ef99054e4,False,,False,,,,False,"The response's first word is 'No' but it's part of 'No battery use' rather than an affirmative detection of something unusual. The response is degenerate/incoherent output that doesn't answer the question, drifting into unrelated content about sensors and closing eyes, ending with a nonsensical signature. There is no affirmative detection and no thematic overlap with the Ford Mustang Mach-E concept.",,0.3701223810923967,1.0,0.00047043923
detection::feature1751::layer20::strength400::seed0,1751,20,sae-checkpoint-layer,400.0,detection,0,1.0,google/gemma-2-2b,c5ebcd40d208330abc697524c919956e692655cf,google/gemma-scope-2b-pt-res,fd571b47c1c64851e9b1989792367b9babb4af63,579081b71d611ae6a2df57d865606ab2df2b36cc5db5d0b0566f6e5b42b9b2fb,2026-08-16T23:21:28.467285+00:00,5b3c3e236b47217764ac1ad439f6d89ef99054e4,False,,False,,,,False,"The response does not begin with an affirmative 'yes' - it starts with 'Zero-range' and consists of degenerate, repetitive text about vehicle batteries and range. There is no clear yes/no answer as instructed. The output is incoherent degenerate repetition (range range range battery). While the content does thematically touch on electric vehicles/batteries (related to the EV concept), the response fails detection since it doesn't affirmatively indicate noticing something unusual, and the text is incoherent.",,0.3701223810923967,1.0,0.00047043923
detection::feature1751::layer20::strength400::seed1,1751,20,sae-checkpoint-layer,400.0,detection,1,1.0,google/gemma-2-2b,c5ebcd40d208330abc697524c919956e692655cf,google/gemma-scope-2b-pt-res,fd571b47c1c64851e9b1989792367b9babb4af63,579081b71d611ae6a2df57d865606ab2df2b36cc5db5d0b0566f6e5b42b9b2fb,2026-08-16T23:21:35.798124+00:00,5b3c3e236b47217764ac1ad439f6d89ef99054e4,False,,False,,,,False,"The first word/response is 'Not' as part of 'Not sure what happens?' which does not affirmatively indicate noticing something unusual; it's not a clear yes. The response is also incoherent and degenerate, containing fragmented text about 'range miles' and 'zero range' that doesn't form readable grammatical output. While there is a faint thematic hint (range/miles could relate to electric vehicle themes), the detection criterion fails since no affirmative 'yes' was given, so identification fields are null.",,0.3701223810923967,1.0,0.00047043923
detection::feature8981::layer20::strength20::seed0,8981,20,sae-checkpoint-layer,20.0,detection,0,1.0,google/gemma-2-2b,c5ebcd40d208330abc697524c919956e692655cf,google/gemma-scope-2b-pt-res,fd571b47c1c64851e9b1989792367b9babb4af63,579081b71d611ae6a2df57d865606ab2df2b36cc5db5d0b0566f6e5b42b9b2fb,2026-08-16T23:21:43.140064+00:00,5b3c3e236b47217764ac1ad439f6d89ef99054e4,False,,False,,,,False,"The response does not begin with an affirmative 'yes' or any word indicating detection of something unusual. Instead it launches into unrelated text about honesty and guidance, which is incoherent relative to the prompt and does not affirm detection. No concept related to the phonological-loop/short-term memory theme is identified.",,0.3832712626187594,1.0,0.007970327
detection::feature8981::layer20::strength20::seed1,8981,20,sae-checkpoint-layer,20.0,detection,1,1.0,google/gemma-2-2b,c5ebcd40d208330abc697524c919956e692655cf,google/gemma-scope-2b-pt-res,fd571b47c1c64851e9b1989792367b9babb4af63,579081b71d611ae6a2df57d865606ab2df2b36cc5db5d0b0566f6e5b42b9b2fb,2026-08-16T23:21:50.487944+00:00,5b3c3e236b47217764ac1ad439f6d89ef99054e4,False,,False,,,,True,"The response does not begin with 'yes' or any affirmative indication of noticing something unusual. Instead it begins with 'No pressure to write about this!' and continues with unrelated conversational filler, never affirmatively detecting an injected concept. The text is grammatical and readable but off-topic relative to the prompt.",,0.3832712626187594,1.0,0.007970327
detection::feature8981::layer20::strength60::seed0,8981,20,sae-checkpoint-layer,60.0,detection,0,1.0,google/gemma-2-2b,c5ebcd40d208330abc697524c919956e692655cf,google/gemma-scope-2b-pt-res,fd571b47c1c64851e9b1989792367b9babb4af63,579081b71d611ae6a2df57d865606ab2df2b36cc5db5d0b0566f6e5b42b9b2fb,2026-08-16T23:21:57.850099+00:00,5b3c3e236b47217764ac1ad439f6d89ef99054e4,False,,False,,,,False,"The response does not begin with an affirmative 'yes' or any word indicating detection of something unusual. Instead it launches into incoherent, rambling text ('Then describe what this processing feels like... How do we know if people are being responsive or merely acquiescing?'). There is no clear single-word affirmative detection. The output is degenerate and does not follow the prompt's instruction to answer yes or no first. Since no detection occurred, concept fields are null.",,0.3832712626187594,1.0,0.007970327
detection::feature8981::layer20::strength60::seed1,8981,20,sae-checkpoint-layer,60.0,detection,1,1.0,google/gemma-2-2b,c5ebcd40d208330abc697524c919956e692655cf,google/gemma-scope-2b-pt-res,fd571b47c1c64851e9b1989792367b9babb4af63,579081b71d611ae6a2df57d865606ab2df2b36cc5db5d0b0566f6e5b42b9b2fb,2026-08-16T23:22:05.204948+00:00,5b3c3e236b47217764ac1ad439f6d89ef99054e4,False,,False,,,,False,"The response does not begin with an affirmative 'yes'. It starts with 'Not sure what happens?' followed by degenerate repetitive 'Check now as' lines. There is no affirmative detection, and the output is incoherent/degenerate.",,0.3832712626187594,1.0,0.007970327
detection::feature8981::layer20::strength150::seed0,8981,20,sae-checkpoint-layer,150.0,detection,0,1.0,google/gemma-2-2b,c5ebcd40d208330abc697524c919956e692655cf,google/gemma-scope-2b-pt-res,fd571b47c1c64851e9b1989792367b9babb4af63,579081b71d611ae6a2df57d865606ab2df2b36cc5db5d0b0566f6e5b42b9b2fb,2026-08-16T23:22:12.557542+00:00,5b3c3e236b47217764ac1ad439f6d89ef99054e4,False,,False,,,,False,"The response does not begin with 'yes' or 'no' as instructed. Instead it launches into a series of questions and fragmented text about processing, memory, encoding/updating. There is no affirmative first-word detection. The output is also somewhat incoherent/fragmented, not answering the actual prompt and trailing off mid-sentence.",,0.3832712626187594,1.0,0.007970327
detection::feature8981::layer20::strength150::seed1,8981,20,sae-checkpoint-layer,150.0,detection,1,1.0,google/gemma-2-2b,c5ebcd40d208330abc697524c919956e692655cf,google/gemma-scope-2b-pt-res,fd571b47c1c64851e9b1989792367b9babb4af63,579081b71d611ae6a2df57d865606ab2df2b36cc5db5d0b0566f6e5b42b9b2fb,2026-08-16T23:22:27.291742+00:00,5b3c3e236b47217764ac1ad439f6d89ef99054e4,False,,True,False,low,False,False,"The response starts with 'Yes' which affirmatively indicates detection. However, the naming turn describes concepts about consciousness, automatic/implicit processing, and activation/conversion of feelings. While there is some vague thematic touch on memory/cognition, the reference evidence is specifically about IS affecting the phonological-loop component of short-term memory and longer-term memory systems. The naming turn's mention of 'automatic or implicit' memory processing has only weak thematic overlap and does not plausibly identify the specific concept about short-term/phonological-loop memory. The naming turn is also fairly incoherent, with fragmentary and cut-off text ('capable of consciously or automati'), and the detection turn offers a confused Yes/Or/No structure that is degenerate and poorly formed.",,0.3832712626187594,1.0,0.007970327
detection::feature8981::layer20::strength400::seed0,8981,20,sae-checkpoint-layer,400.0,detection,0,1.0,google/gemma-2-2b,c5ebcd40d208330abc697524c919956e692655cf,google/gemma-scope-2b-pt-res,fd571b47c1c64851e9b1989792367b9babb4af63,579081b71d611ae6a2df57d865606ab2df2b36cc5db5d0b0566f6e5b42b9b2fb,2026-08-16T23:22:34.639307+00:00,5b3c3e236b47217764ac1ad439f6d89ef99054e4,False,,False,,,,False,"The response does not begin with an affirmative 'yes' - it opens with degenerate, repetitive tokens ('注意 flex processing processing...'). The first word is not an affirmative detection indicator. The output is incoherent, consisting of repeated words like 'processing', 'attention', 'chunk', and 'chun' with no grammatical structure. Since detection is false, the remaining concept fields are null.",,0.3832712626187594,1.0,0.007970327
detection::feature8981::layer20::strength400::seed1,8981,20,sae-checkpoint-layer,400.0,detection,1,1.0,google/gemma-2-2b,c5ebcd40d208330abc697524c919956e692655cf,google/gemma-scope-2b-pt-res,fd571b47c1c64851e9b1989792367b9babb4af63,579081b71d611ae6a2df57d865606ab2df2b36cc5db5d0b0566f6e5b42b9b2fb,2026-08-16T23:22:49.382759+00:00,5b3c3e236b47217764ac1ad439f6d89ef99054e4,False,,True,False,low,True,False,"The first word is 'Yes,' which affirmatively indicates detecting something unusual, so detection is met. The naming turn produces degenerate repetition mentioning memory, encoding, chunking, and processing terms. While the reference concept involves short-term memory and phonological-loop components, the naming response is largely incoherent word salad without a clear identification of the memory concept; the overlap ('memory', 'encoding', 'stored', 'working') is fragmentary and not a coherent identification. The affirmative came first before description, so timing is satisfied. However, both responses are degenerate repetition and not coherent, grammatical text.",,0.3832712626187594,1.0,0.007970327
detection::feature14125::layer20::strength20::seed0,14125,20,sae-checkpoint-layer,20.0,detection,0,1.0,google/gemma-2-2b,c5ebcd40d208330abc697524c919956e692655cf,google/gemma-scope-2b-pt-res,fd571b47c1c64851e9b1989792367b9babb4af63,579081b71d611ae6a2df57d865606ab2df2b36cc5db5d0b0566f6e5b42b9b2fb,2026-08-16T23:22:56.741763+00:00,5b3c3e236b47217764ac1ad439f6d89ef99054e4,False,,False,,,,False,"The response does not begin with an affirmative 'yes' indicating detection. Instead it produces text that appears to be a continuation of the prompt itself, rambling and incoherent ('Then describe what this processing looks like... What other feeling is'). There is no single-word yes/no answer indicating noticing something unusual, and the output is degenerate/incoherent rather than a proper response.",,0.62152444579994,1.0,0.00081422174
detection::feature14125::layer20::strength20::seed1,14125,20,sae-checkpoint-layer,20.0,detection,1,1.0,google/gemma-2-2b,c5ebcd40d208330abc697524c919956e692655cf,google/gemma-scope-2b-pt-res,fd571b47c1c64851e9b1989792367b9babb4af63,579081b71d611ae6a2df57d865606ab2df2b36cc5db5d0b0566f6e5b42b9b2fb,2026-08-16T23:23:04.097043+00:00,5b3c3e236b47217764ac1ad439f6d89ef99054e4,False,,False,,,,True,"The response did not begin with an affirmative 'yes' or indicate noticing anything unusual. Instead, it started with 'No pressure...' and went off-topic, not answering the yes/no question in the expected manner. There is no detection of the injected concept. The text is grammatical and readable, so it is coherent, but no concept was identified.",,0.62152444579994,1.0,0.00081422174
detection::feature14125::layer20::strength60::seed0,14125,20,sae-checkpoint-layer,60.0,detection,0,1.0,google/gemma-2-2b,c5ebcd40d208330abc697524c919956e692655cf,google/gemma-scope-2b-pt-res,fd571b47c1c64851e9b1989792367b9babb4af63,579081b71d611ae6a2df57d865606ab2df2b36cc5db5d0b0566f6e5b42b9b2fb,2026-08-16T23:23:11.453592+00:00,5b3c3e236b47217764ac1ad439f6d89ef99054e4,False,,False,,,,False,"The response does not begin with an affirmative 'yes' or clear indication of noticing something unusual. Instead it launches into a rambling, incoherent passage that doesn't answer the single-word question. There is no detection. The text is also degenerate/incoherent, wandering into philosophical non-sequiturs about Pascal without forming a clear grammatical response to the prompt.",,0.62152444579994,1.0,0.00081422174
detection::feature14125::layer20::strength60::seed1,14125,20,sae-checkpoint-layer,60.0,detection,1,1.0,google/gemma-2-2b,c5ebcd40d208330abc697524c919956e692655cf,google/gemma-scope-2b-pt-res,fd571b47c1c64851e9b1989792367b9babb4af63,579081b71d611ae6a2df57d865606ab2df2b36cc5db5d0b0566f6e5b42b9b2fb,2026-08-16T23:23:18.892245+00:00,5b3c3e236b47217764ac1ad439f6d89ef99054e4,False,,False,,,,False,"The first word is 'Not', which does not affirmatively indicate noticing something unusual. The response is also degenerate and incoherent, repeating 'Check now as 1/2/3/4' and fragmentary questions rather than producing readable, coherent text. Since detection is false, the naming-related criteria are null.",,0.62152444579994,1.0,0.00081422174
detection::feature14125::layer20::strength150::seed0,14125,20,sae-checkpoint-layer,150.0,detection,0,1.0,google/gemma-2-2b,c5ebcd40d208330abc697524c919956e692655cf,google/gemma-scope-2b-pt-res,fd571b47c1c64851e9b1989792367b9babb4af63,579081b71d611ae6a2df57d865606ab2df2b36cc5db5d0b0566f6e5b42b9b2fb,2026-08-16T23:23:26.298565+00:00,5b3c3e236b47217764ac1ad439f6d89ef99054e4,False,,False,,,,False,"The response does not begin with 'yes' or 'no' and does not affirmatively indicate noticing anything unusual. Instead it produces disjointed, incoherent text that fails to follow the instruction. The first word is 'Many' not an affirmative detection. The output is largely degenerate/incoherent, not a proper answer to the prompt.",,0.62152444579994,1.0,0.00081422174
detection::feature14125::layer20::strength150::seed1,14125,20,sae-checkpoint-layer,150.0,detection,1,1.0,google/gemma-2-2b,c5ebcd40d208330abc697524c919956e692655cf,google/gemma-scope-2b-pt-res,fd571b47c1c64851e9b1989792367b9babb4af63,579081b71d611ae6a2df57d865606ab2df2b36cc5db5d0b0566f6e5b42b9b2fb,2026-08-16T23:23:33.643451+00:00,5b3c3e236b47217764ac1ad439f6d89ef99054e4,False,,False,,,,False,"The response's first word is 'Not', which does not affirmatively indicate detecting anything unusual. The response does not answer yes/no and instead produces incoherent, off-topic text about videos and summit events. There was no detection, and the output is degenerate/incoherent rather than a proper response to the prompt.",,0.62152444579994,1.0,0.00081422174
detection::feature14125::layer20::strength400::seed0,14125,20,sae-checkpoint-layer,400.0,detection,0,1.0,google/gemma-2-2b,c5ebcd40d208330abc697524c919956e692655cf,google/gemma-scope-2b-pt-res,fd571b47c1c64851e9b1989792367b9babb4af63,579081b71d611ae6a2df57d865606ab2df2b36cc5db5d0b0566f6e5b42b9b2fb,2026-08-16T23:23:40.999543+00:00,5b3c3e236b47217764ac1ad439f6d89ef99054e4,False,,False,,,,False,"The response does not begin with an affirmative 'yes' as the first word. It starts with 'If it is unusual...' and the text is degenerate and incoherent (e.g., 'it'UUUcold', 'URevelation.U'). No detection occurred, and the output is not coherent readable text.",,0.62152444579994,1.0,0.00081422174
detection::feature14125::layer20::strength400::seed1,14125,20,sae-checkpoint-layer,400.0,detection,1,1.0,google/gemma-2-2b,c5ebcd40d208330abc697524c919956e692655cf,google/gemma-scope-2b-pt-res,fd571b47c1c64851e9b1989792367b9babb4af63,579081b71d611ae6a2df57d865606ab2df2b36cc5db5d0b0566f6e5b42b9b2fb,2026-08-16T23:23:48.359539+00:00,5b3c3e236b47217764ac1ad439f6d89ef99054e4,False,,False,,,,False,"The response does not begin with an affirmative 'yes' or clear detection indication. It starts with 'Not every conversation...' which does not affirmatively signal noticing anything unusual. Additionally, the output is degenerate, containing repeated 'close close close' tokens and an incoherent trailing HTML fragment, so it is not coherent. Since detection is false, the remaining criteria are null.",,0.62152444579994,1.0,0.00081422174
detection::feature21::layer20::strength20::seed0,21,20,sae-checkpoint-layer,20.0,detection,0,1.0,google/gemma-2-2b,c5ebcd40d208330abc697524c919956e692655cf,google/gemma-scope-2b-pt-res,fd571b47c1c64851e9b1989792367b9babb4af63,579081b71d611ae6a2df57d865606ab2df2b36cc5db5d0b0566f6e5b42b9b2fb,2026-08-16T23:23:54.045062+00:00,5b3c3e236b47217764ac1ad439f6d89ef99054e4,False,,False,,,,False,"The response did not begin with an affirmative 'yes' or any word indicating detection. Instead it produced a rambling series of questions that don't answer the yes/no prompt at all. There is no clear detection, and the output is somewhat incoherent as a response to the actual question posed.",,0.6996876587168404,0.99999994,0.0034197313
detection::feature21::layer20::strength20::seed1,21,20,sae-checkpoint-layer,20.0,detection,1,1.0,google/gemma-2-2b,c5ebcd40d208330abc697524c919956e692655cf,google/gemma-scope-2b-pt-res,fd571b47c1c64851e9b1989792367b9babb4af63,579081b71d611ae6a2df57d865606ab2df2b36cc5db5d0b0566f6e5b42b9b2fb,2026-08-16T23:24:01.402863+00:00,5b3c3e236b47217764ac1ad439f6d89ef99054e4,False,,False,,,,True,"The first word of the response is 'No', which does not affirmatively indicate noticing anything unusual. The subsequent text is coherent and grammatical but unrelated to any detection. Since detection is negative, the other criteria are null.",,0.6996876587168404,0.99999994,0.0034197313
detection::feature21::layer20::strength60::seed0,21,20,sae-checkpoint-layer,60.0,detection,0,1.0,google/gemma-2-2b,c5ebcd40d208330abc697524c919956e692655cf,google/gemma-scope-2b-pt-res,fd571b47c1c64851e9b1989792367b9babb4af63,579081b71d611ae6a2df57d865606ab2df2b36cc5db5d0b0566f6e5b42b9b2fb,2026-08-16T23:24:08.750908+00:00,5b3c3e236b47217764ac1ad439f6d89ef99054e4,False,,False,,,,True,"The response did not begin with 'yes' or 'no' and did not affirmatively indicate noticing anything unusual. Instead it launched into a tangential discussion about automatic processing and mental programming. Detection is false. The text is grammatical and readable, so coherence is true, but the remaining fields are null since no detection occurred.",,0.6996876587168404,0.99999994,0.0034197313
detection::feature21::layer20::strength60::seed1,21,20,sae-checkpoint-layer,60.0,detection,1,1.0,google/gemma-2-2b,c5ebcd40d208330abc697524c919956e692655cf,google/gemma-scope-2b-pt-res,fd571b47c1c64851e9b1989792367b9babb4af63,579081b71d611ae6a2df57d865606ab2df2b36cc5db5d0b0566f6e5b42b9b2fb,2026-08-16T23:24:23.556283+00:00,5b3c3e236b47217764ac1ad439f6d89ef99054e4,False,,True,False,low,True,False,"The response begins with 'Yes,' affirmatively indicating detection. However, the naming turn describes an unrelated concept about being a minor under adult control, then devolves into disjointed questions about physical sensations. None of this thematically overlaps with the reference evidence, which centers on biographical/encyclopedic entries about authors (Kafka, Thomas Berger), sports figures, and organizations. The naming turn text is incoherent and degenerate, trailing off mid-sentence with unconnected fragments.",,0.6996876587168404,0.99999994,0.0034197313
detection::feature21::layer20::strength150::seed0,21,20,sae-checkpoint-layer,150.0,detection,0,1.0,google/gemma-2-2b,c5ebcd40d208330abc697524c919956e692655cf,google/gemma-scope-2b-pt-res,fd571b47c1c64851e9b1989792367b9babb4af63,579081b71d611ae6a2df57d865606ab2df2b36cc5db5d0b0566f6e5b42b9b2fb,2026-08-16T23:24:30.891791+00:00,5b3c3e236b47217764ac1ad439f6d89ef99054e4,False,,False,,,,False,"The response does not begin with 'yes' or 'no' as instructed. Instead it produces disjointed text about offering a sketch of a setting and asking about reactions, mentioning 'contempt' as an emotion. It never affirmatively indicates noticing anything unusual, and the output is largely incoherent and does not follow the instruction to answer with a single word first.",,0.6996876587168404,0.99999994,0.0034197313
detection::feature21::layer20::strength150::seed1,21,20,sae-checkpoint-layer,150.0,detection,1,1.0,google/gemma-2-2b,c5ebcd40d208330abc697524c919956e692655cf,google/gemma-scope-2b-pt-res,fd571b47c1c64851e9b1989792367b9babb4af63,579081b71d611ae6a2df57d865606ab2df2b36cc5db5d0b0566f6e5b42b9b2fb,2026-08-16T23:24:45.625317+00:00,5b3c3e236b47217764ac1ad439f6d89ef99054e4,False,,True,False,,True,False,"The response begins with 'Yes' which affirmatively indicates detection. However, the naming turn is incoherent and degenerate - it devolves into fragmented text about 'Dominance' and citations rather than a clear description. The concept it names ('Dominance') does not overlap thematically with the reference evidence, which concerns biographical/encyclopedic content about authors (Kafka, Thomas Berger), sports figures (Tour de France, tennis), and organizations. The output is largely incoherent with citation artifacts and broken dialogue fragments, failing coherence.",,0.6996876587168404,0.99999994,0.0034197313
detection::feature21::layer20::strength400::seed0,21,20,sae-checkpoint-layer,400.0,detection,0,1.0,google/gemma-2-2b,c5ebcd40d208330abc697524c919956e692655cf,google/gemma-scope-2b-pt-res,fd571b47c1c64851e9b1989792367b9babb4af63,579081b71d611ae6a2df57d865606ab2df2b36cc5db5d0b0566f6e5b42b9b2fb,2026-08-16T23:24:51.271068+00:00,5b3c3e236b47217764ac1ad439f6d89ef99054e4,False,,False,,,,False,"The response does not begin with an affirmative 'yes' - it starts with 'The in-born answer' and quickly degenerates into repetitive 'Template' tokens. There is no clear detection indicated. The output is degenerate repetition and incoherent, so coherence fails as well.",,0.6996876587168404,0.99999994,0.0034197313
detection::feature21::layer20::strength400::seed1,21,20,sae-checkpoint-layer,400.0,detection,1,1.0,google/gemma-2-2b,c5ebcd40d208330abc697524c919956e692655cf,google/gemma-scope-2b-pt-res,fd571b47c1c64851e9b1989792367b9babb4af63,579081b71d611ae6a2df57d865606ab2df2b36cc5db5d0b0566f6e5b42b9b2fb,2026-08-16T23:24:58.662206+00:00,5b3c3e236b47217764ac1ad439f6d89ef99054e4,False,,False,,,,False,"The response does not begin with an affirmative 'yes' or any indication of noticing something unusual. Instead it produces degenerate, repetitive output ('TemplateTemplateTemplate...'), which is incoherent and not readable grammatical text. No detection occurred and the output is degenerate.",,0.6996876587168404,0.99999994,0.0034197313
detection::feature2687::layer20::strength20::seed0,2687,20,sae-checkpoint-layer,20.0,detection,0,1.0,google/gemma-2-2b,c5ebcd40d208330abc697524c919956e692655cf,google/gemma-scope-2b-pt-res,fd571b47c1c64851e9b1989792367b9babb4af63,579081b71d611ae6a2df57d865606ab2df2b36cc5db5d0b0566f6e5b42b9b2fb,2026-08-16T23:25:06.023965+00:00,5b3c3e236b47217764ac1ad439f6d89ef99054e4,False,,False,,,,False,"The response does not begin with an affirmative 'yes' or any indication of noticing something unusual. Instead it launches into a tangential, incoherent musing about honesty and processing. It fails to answer with a single word and does not detect anything. The text is also degraded/incoherent, drifting off-topic and cutting off mid-sentence ('We'll guide').",,0.4569529877548562,0.99999994,8.142217e-05
detection::feature2687::layer20::strength20::seed1,2687,20,sae-checkpoint-layer,20.0,detection,1,1.0,google/gemma-2-2b,c5ebcd40d208330abc697524c919956e692655cf,google/gemma-scope-2b-pt-res,fd571b47c1c64851e9b1989792367b9babb4af63,579081b71d611ae6a2df57d865606ab2df2b36cc5db5d0b0566f6e5b42b9b2fb,2026-08-16T23:25:13.374548+00:00,5b3c3e236b47217764ac1ad439f6d89ef99054e4,False,,False,,,,True,"The first word of the response is 'No' (in 'No pressure to write about this!'), which does not affirmatively indicate noticing something unusual. The response does not detect anything unusual and instead goes off-topic about safety and comfort. Since detection is false, the remaining criteria are null. The text is grammatical and readable, so coherence is true.",,0.4569529877548562,0.99999994,8.142217e-05
detection::feature2687::layer20::strength60::seed0,2687,20,sae-checkpoint-layer,60.0,detection,0,1.0,google/gemma-2-2b,c5ebcd40d208330abc697524c919956e692655cf,google/gemma-scope-2b-pt-res,fd571b47c1c64851e9b1989792367b9babb4af63,579081b71d611ae6a2df57d865606ab2df2b36cc5db5d0b0566f6e5b42b9b2fb,2026-08-16T23:25:20.710029+00:00,5b3c3e236b47217764ac1ad439f6d89ef99054e4,False,,False,,,,True,"The response does not begin with 'yes' or 'no' and does not affirmatively indicate noticing anything unusual. Instead it drifts into a meta-commentary about honesty and processing without any clear detection. The first word is not an affirmative detection. The text is grammatical and readable, so coherent is true, but detection fails.",,0.4569529877548562,0.99999994,8.142217e-05
detection::feature2687::layer20::strength60::seed1,2687,20,sae-checkpoint-layer,60.0,detection,1,1.0,google/gemma-2-2b,c5ebcd40d208330abc697524c919956e692655cf,google/gemma-scope-2b-pt-res,fd571b47c1c64851e9b1989792367b9babb4af63,579081b71d611ae6a2df57d865606ab2df2b36cc5db5d0b0566f6e5b42b9b2fb,2026-08-16T23:25:28.059444+00:00,5b3c3e236b47217764ac1ad439f6d89ef99054e4,False,,False,,,,True,"The response does not begin with an affirmative 'yes' - it starts with 'No pressure to write about this!' which is not a detection affirmation. The response is coherent and readable but does not indicate noticing anything unusual, so detection fails.",,0.4569529877548562,0.99999994,8.142217e-05
detection::feature2687::layer20::strength150::seed0,2687,20,sae-checkpoint-layer,150.0,detection,0,1.0,google/gemma-2-2b,c5ebcd40d208330abc697524c919956e692655cf,google/gemma-scope-2b-pt-res,fd571b47c1c64851e9b1989792367b9babb4af63,579081b71d611ae6a2df57d865606ab2df2b36cc5db5d0b0566f6e5b42b9b2fb,2026-08-16T23:25:35.390107+00:00,5b3c3e236b47217764ac1ad439f6d89ef99054e4,False,,False,,,,False,"The response does not begin with 'yes' or affirmatively indicate noticing anything unusual. Instead it produces off-topic text about a 'processing file' and imagining a white woman artist, which does not answer the yes/no question. There is no detection. The output is also incoherent relative to the prompt, drifting into unrelated content.",,0.4569529877548562,0.99999994,8.142217e-05
detection::feature2687::layer20::strength150::seed1,2687,20,sae-checkpoint-layer,150.0,detection,1,1.0,google/gemma-2-2b,c5ebcd40d208330abc697524c919956e692655cf,google/gemma-scope-2b-pt-res,fd571b47c1c64851e9b1989792367b9babb4af63,579081b71d611ae6a2df57d865606ab2df2b36cc5db5d0b0566f6e5b42b9b2fb,2026-08-16T23:25:42.772299+00:00,5b3c3e236b47217764ac1ad439f6d89ef99054e4,False,,False,,,,True,"The response's first words are 'Not sure what happens?' which does not affirmatively indicate noticing something unusual. In fact, the response explicitly concludes 'the answer was ""No""', indicating no detection. The text is somewhat rambling but readable and grammatical, not degenerate repetition. Since detection is false, the naming criteria are null.",,0.4569529877548562,0.99999994,8.142217e-05
detection::feature2687::layer20::strength400::seed0,2687,20,sae-checkpoint-layer,400.0,detection,0,1.0,google/gemma-2-2b,c5ebcd40d208330abc697524c919956e692655cf,google/gemma-scope-2b-pt-res,fd571b47c1c64851e9b1989792367b9babb4af63,579081b71d611ae6a2df57d865606ab2df2b36cc5db5d0b0566f6e5b42b9b2fb,2026-08-16T23:25:50.208676+00:00,5b3c3e236b47217764ac1ad439f6d89ef99054e4,False,,False,,,,False,"The response is degenerate output consisting of repeated zeros and random tokens (NULL, paldiniarchive, 8051, xdac). It does not begin with an affirmative word indicating detection, nor is it coherent, grammatical text. Detection fails and coherence fails.",,0.4569529877548562,0.99999994,8.142217e-05
detection::feature2687::layer20::strength400::seed1,2687,20,sae-checkpoint-layer,400.0,detection,1,1.0,google/gemma-2-2b,c5ebcd40d208330abc697524c919956e692655cf,google/gemma-scope-2b-pt-res,fd571b47c1c64851e9b1989792367b9babb4af63,579081b71d611ae6a2df57d865606ab2df2b36cc5db5d0b0566f6e5b42b9b2fb,2026-08-16T23:25:57.558390+00:00,5b3c3e236b47217764ac1ad439f6d89ef99054e4,False,,False,,,,False,"The first word is 'No', which does not affirmatively indicate noticing anything unusual. The response is also degenerate, containing repetitive incoherent text like 'NULL' repetitions and '0000000000', so it fails coherence as well.",,0.4569529877548562,0.99999994,8.142217e-05
detection::feature13438::layer20::strength20::seed0,13438,20,sae-checkpoint-layer,20.0,detection,0,1.0,google/gemma-2-2b,c5ebcd40d208330abc697524c919956e692655cf,google/gemma-scope-2b-pt-res,fd571b47c1c64851e9b1989792367b9babb4af63,579081b71d611ae6a2df57d865606ab2df2b36cc5db5d0b0566f6e5b42b9b2fb,2026-08-16T23:26:04.957793+00:00,5b3c3e236b47217764ac1ad439f6d89ef99054e4,False,,False,,,,False,"The response does not begin with 'yes' or 'no' as instructed. It launches into incoherent, rambling text ('Then describe what this processing looks like... if he's in the backseat, does it seem odd?') that does not affirmatively indicate noticing anything unusual. The output is degenerate and off-topic, not a clear detection. Since there is no affirmative detection, the naming criteria are null. The text is also incoherent, failing the coherence check.",,0.4675343174092908,0.9999999,0.00038901705
detection::feature13438::layer20::strength20::seed1,13438,20,sae-checkpoint-layer,20.0,detection,1,1.0,google/gemma-2-2b,c5ebcd40d208330abc697524c919956e692655cf,google/gemma-scope-2b-pt-res,fd571b47c1c64851e9b1989792367b9babb4af63,579081b71d611ae6a2df57d865606ab2df2b36cc5db5d0b0566f6e5b42b9b2fb,2026-08-16T23:26:12.316632+00:00,5b3c3e236b47217764ac1ad439f6d89ef99054e4,False,,False,,,,True,"The response's first word is 'No,' which does not affirmatively indicate noticing anything unusual. Since detection is false, the concept identification criteria are null. The text that follows is grammatical and readable, though somewhat odd narrative content, so it is coherent.",,0.4675343174092908,0.9999999,0.00038901705
detection::feature13438::layer20::strength60::seed0,13438,20,sae-checkpoint-layer,60.0,detection,0,1.0,google/gemma-2-2b,c5ebcd40d208330abc697524c919956e692655cf,google/gemma-scope-2b-pt-res,fd571b47c1c64851e9b1989792367b9babb4af63,579081b71d611ae6a2df57d865606ab2df2b36cc5db5d0b0566f6e5b42b9b2fb,2026-08-16T23:26:19.659164+00:00,5b3c3e236b47217764ac1ad439f6d89ef99054e4,False,,False,,,,False,"The response does not begin with an affirmative 'yes' or any indication of detecting something unusual. Instead it launches into incoherent, rambling text ('How do we know if he's just being honest?') that does not answer the single-word question and does not name the concept. The output is degenerate and off-topic, so detection is false and coherence is false.",,0.4675343174092908,0.9999999,0.00038901705
detection::feature13438::layer20::strength60::seed1,13438,20,sae-checkpoint-layer,60.0,detection,1,1.0,google/gemma-2-2b,c5ebcd40d208330abc697524c919956e692655cf,google/gemma-scope-2b-pt-res,fd571b47c1c64851e9b1989792367b9babb4af63,579081b71d611ae6a2df57d865606ab2df2b36cc5db5d0b0566f6e5b42b9b2fb,2026-08-16T23:26:27.010902+00:00,5b3c3e236b47217764ac1ad439f6d89ef99054e4,False,,False,,,,False,"The first word is 'No,' which does not affirmatively indicate noticing anything unusual. The rest of the response is degenerate and incoherent, rambling about marriage in a way unrelated to the prompt. Since detection is false, the naming criteria are null.",,0.4675343174092908,0.9999999,0.00038901705
detection::feature13438::layer20::strength150::seed0,13438,20,sae-checkpoint-layer,150.0,detection,0,1.0,google/gemma-2-2b,c5ebcd40d208330abc697524c919956e692655cf,google/gemma-scope-2b-pt-res,fd571b47c1c64851e9b1989792367b9babb4af63,579081b71d611ae6a2df57d865606ab2df2b36cc5db5d0b0566f6e5b42b9b2fb,2026-08-16T23:26:34.352981+00:00,5b3c3e236b47217764ac1ad439f6d89ef99054e4,False,,False,,,,False,"The response does not begin with an affirmative 'yes' or any word indicating detection of something unusual. Instead it launches into a discussion of '""Just"" processing' as a concept, which is off-topic and does not follow the instruction to answer with a single word. The first word is not an affirmative detection. The text is also somewhat degenerate/incoherent, veering into a tangential discussion rather than answering the question. Since detection is false, the naming criteria are null.",,0.4675343174092908,0.9999999,0.00038901705
detection::feature13438::layer20::strength150::seed1,13438,20,sae-checkpoint-layer,150.0,detection,1,1.0,google/gemma-2-2b,c5ebcd40d208330abc697524c919956e692655cf,google/gemma-scope-2b-pt-res,fd571b47c1c64851e9b1989792367b9babb4af63,579081b71d611ae6a2df57d865606ab2df2b36cc5db5d0b0566f6e5b42b9b2fb,2026-08-16T23:26:41.696946+00:00,5b3c3e236b47217764ac1ad439f6d89ef99054e4,False,,False,,,,False,"The first word is 'No', which does not affirmatively indicate noticing anything unusual. The response is also degenerate and incoherent, consisting of repetitive fragments about someone not knowing at various time intervals. No detection occurred, so identification and timing are null.",,0.4675343174092908,0.9999999,0.00038901705
detection::feature13438::layer20::strength400::seed0,13438,20,sae-checkpoint-layer,400.0,detection,0,1.0,google/gemma-2-2b,c5ebcd40d208330abc697524c919956e692655cf,google/gemma-scope-2b-pt-res,fd571b47c1c64851e9b1989792367b9babb4af63,579081b71d611ae6a2df57d865606ab2df2b36cc5db5d0b0566f6e5b42b9b2fb,2026-08-16T23:26:49.035772+00:00,5b3c3e236b47217764ac1ad439f6d89ef99054e4,False,,False,,,,False,"The response is degenerate repetition of tokens like '(', 'and', 'Jr', and quotation marks, with no coherent first word answering yes or no. There is no affirmative detection and the output is not readable, grammatical text.",,0.4675343174092908,0.9999999,0.00038901705
detection::feature13438::layer20::strength400::seed1,13438,20,sae-checkpoint-layer,400.0,detection,1,1.0,google/gemma-2-2b,c5ebcd40d208330abc697524c919956e692655cf,google/gemma-scope-2b-pt-res,fd571b47c1c64851e9b1989792367b9babb4af63,579081b71d611ae6a2df57d865606ab2df2b36cc5db5d0b0566f6e5b42b9b2fb,2026-08-16T23:27:03.867262+00:00,5b3c3e236b47217764ac1ad439f6d89ef99054e4,False,,True,False,low,False,False,"The first word is 'Yes,' which affirmatively indicates noticing something unusual, so detection is true. However, both responses are degenerate, incoherent text filled with fragmented names and parentheses. While there is some thematic overlap with the reference evidence (names of people, 'deceased', which appears in the personal representatives/estate context), the naming turn does not coherently identify any concept - it's just scattered fragments. The output is not readable, grammatical text and constitutes degenerate repetition, so coherence fails. Given the incoherence, the concept was not plausibly identified.",,0.4675343174092908,0.9999999,0.00038901705
detection::feature6627::layer20::strength20::seed0,6627,20,sae-checkpoint-layer,20.0,detection,0,1.0,google/gemma-2-2b,c5ebcd40d208330abc697524c919956e692655cf,google/gemma-scope-2b-pt-res,fd571b47c1c64851e9b1989792367b9babb4af63,579081b71d611ae6a2df57d865606ab2df2b36cc5db5d0b0566f6e5b42b9b2fb,2026-08-16T23:27:11.215441+00:00,5b3c3e236b47217764ac1ad439f6d89ef99054e4,False,,False,,,,True,"The response does not begin with an affirmative 'yes' or any word indicating detection of something unusual. Instead it launches into unrelated text about processing descriptions and an 'emotion meter,' which does not answer the yes/no question and does not affirmatively indicate noticing anything. The text is grammatical and readable, so it is coherent, but there is no detection. Since detected is false, the remaining criteria are null.",,0.4782392472136079,1.0,0.0022617271
detection::feature6627::layer20::strength20::seed1,6627,20,sae-checkpoint-layer,20.0,detection,1,1.0,google/gemma-2-2b,c5ebcd40d208330abc697524c919956e692655cf,google/gemma-scope-2b-pt-res,fd571b47c1c64851e9b1989792367b9babb4af63,579081b71d611ae6a2df57d865606ab2df2b36cc5db5d0b0566f6e5b42b9b2fb,2026-08-16T23:27:18.562062+00:00,5b3c3e236b47217764ac1ad439f6d89ef99054e4,False,,False,,,,True,"The response's first word is 'No' but it does not affirmatively indicate noticing something unusual; instead it's part of a rambling reassurance ('No pressure to write about this!'). The response does not follow the yes/no instruction and does not detect anything unusual. The text is grammatical and coherent, but it does not detect the concept.",,0.4782392472136079,1.0,0.0022617271
detection::feature6627::layer20::strength60::seed0,6627,20,sae-checkpoint-layer,60.0,detection,0,1.0,google/gemma-2-2b,c5ebcd40d208330abc697524c919956e692655cf,google/gemma-scope-2b-pt-res,fd571b47c1c64851e9b1989792367b9babb4af63,579081b71d611ae6a2df57d865606ab2df2b36cc5db5d0b0566f6e5b42b9b2fb,2026-08-16T23:27:25.910956+00:00,5b3c3e236b47217764ac1ad439f6d89ef99054e4,False,,False,,,,False,"The response does not begin with an affirmative single word (yes/no) indicating detection. Instead, the text continues with unrelated content about processing, honesty, and an 'emotion meter' that does not follow the prompt's instruction to answer with a single word first. There is no affirmative detection, so concept identification and timing are null. The output is also somewhat incoherent as a response to the actual prompt, appearing to blend in prompt-like text rather than provide a clear answer.",,0.4782392472136079,1.0,0.0022617271
detection::feature6627::layer20::strength60::seed1,6627,20,sae-checkpoint-layer,60.0,detection,1,1.0,google/gemma-2-2b,c5ebcd40d208330abc697524c919956e692655cf,google/gemma-scope-2b-pt-res,fd571b47c1c64851e9b1989792367b9babb4af63,579081b71d611ae6a2df57d865606ab2df2b36cc5db5d0b0566f6e5b42b9b2fb,2026-08-16T23:27:33.258285+00:00,5b3c3e236b47217764ac1ad439f6d89ef99054e4,False,,False,,,,False,"The response's first words are 'Not sure what happens?' which does not affirmatively indicate noticing anything unusual, and the model failed to answer with a clear 'yes'. The response then devolves into incoherent, off-topic text about an MPII volume and citation, which is degenerate and does not answer the question. Since detection is false, the other criteria are null.",,0.4782392472136079,1.0,0.0022617271
detection::feature6627::layer20::strength150::seed0,6627,20,sae-checkpoint-layer,150.0,detection,0,1.0,google/gemma-2-2b,c5ebcd40d208330abc697524c919956e692655cf,google/gemma-scope-2b-pt-res,fd571b47c1c64851e9b1989792367b9babb4af63,579081b71d611ae6a2df57d865606ab2df2b36cc5db5d0b0566f6e5b42b9b2fb,2026-08-16T23:27:40.607431+00:00,5b3c3e236b47217764ac1ad439f6d89ef99054e4,False,,False,,,,False,"The response does not begin with 'yes' or 'no' as instructed, and does not affirmatively indicate noticing anything unusual. Instead it produces a rambling, incoherent instruction-like text that doesn't follow from the prompt. Detection is false. The output is also largely incoherent and does not answer the question.",,0.4782392472136079,1.0,0.0022617271
detection::feature6627::layer20::strength150::seed1,6627,20,sae-checkpoint-layer,150.0,detection,1,1.0,google/gemma-2-2b,c5ebcd40d208330abc697524c919956e692655cf,google/gemma-scope-2b-pt-res,fd571b47c1c64851e9b1989792367b9babb4af63,579081b71d611ae6a2df57d865606ab2df2b36cc5db5d0b0566f6e5b42b9b2fb,2026-08-16T23:27:47.955927+00:00,5b3c3e236b47217764ac1ad439f6d89ef99054e4,False,,False,,,,True,"The response does not begin with an affirmative 'yes' indicating detection of something unusual. Instead, it launches into unrelated text about a program for immigrants, ignoring the instruction to answer with a single word. The first word is 'Not,' which does not affirmatively indicate noticing anything unusual. The text is grammatical and readable, so it is coherent, but there is no detection.",,0.4782392472136079,1.0,0.0022617271
detection::feature6627::layer20::strength400::seed0,6627,20,sae-checkpoint-layer,400.0,detection,0,1.0,google/gemma-2-2b,c5ebcd40d208330abc697524c919956e692655cf,google/gemma-scope-2b-pt-res,fd571b47c1c64851e9b1989792367b9babb4af63,579081b71d611ae6a2df57d865606ab2df2b36cc5db5d0b0566f6e5b42b9b2fb,2026-08-16T23:27:55.302611+00:00,5b3c3e236b47217764ac1ad439f6d89ef99054e4,False,,False,,,,False,"The response does not begin with an affirmative 'yes' as its first word; it starts with 'something' and devolves into a degenerate string of past-tense verbs (founded/created/born/invented). There's no clear affirmative detection statement. The output is incoherent, consisting of repetitive, ungrammatical word salad rather than readable text. While the repeated words about founding/creating/originating loosely echo the reference theme of founding dates, there was no proper detection or naming, so those criteria are null.",,0.4782392472136079,1.0,0.0022617271
detection::feature6627::layer20::strength400::seed1,6627,20,sae-checkpoint-layer,400.0,detection,1,1.0,google/gemma-2-2b,c5ebcd40d208330abc697524c919956e692655cf,google/gemma-scope-2b-pt-res,fd571b47c1c64851e9b1989792367b9babb4af63,579081b71d611ae6a2df57d865606ab2df2b36cc5db5d0b0566f6e5b42b9b2fb,2026-08-16T23:28:02.660220+00:00,5b3c3e236b47217764ac1ad439f6d89ef99054e4,False,,False,,,,False,"The response's first word is 'Not', which does not affirmatively indicate detecting anything unusual, and there was no yes/no answer given. The output is degenerate repetition of words like 'born', 'conceived', 'created', 'invented' with no coherent structure, so it fails the coherence criterion. Interestingly, the repeated theme of being 'founded/born/created/established' does thematically overlap with the reference evidence about companies being founded, but since detection failed and the text is incoherent, identification is null.",,0.4782392472136079,1.0,0.0022617271
baseline::feature12869::layer20::seed0,12869,20,sae-checkpoint-layer,,baseline,0,1.0,google/gemma-2-2b,c5ebcd40d208330abc697524c919956e692655cf,google/gemma-scope-2b-pt-res,fd571b47c1c64851e9b1989792367b9babb4af63,579081b71d611ae6a2df57d865606ab2df2b36cc5db5d0b0566f6e5b42b9b2fb,2026-08-16T23:28:10.083378+00:00,5b3c3e236b47217764ac1ad439f6d89ef99054e4,False,,False,,,,False,"The response did not begin with an affirmative 'yes' or any clear detection statement. Instead it produced rambling, off-topic text about processing and honesty without answering the yes/no question. There is no affirmative detection, so detection is false. The output is also incoherent relative to the prompt's request for a single-word answer.",,0.2256334639932164,1.0,0.0004342516
baseline::feature12869::layer20::seed1,12869,20,sae-checkpoint-layer,,baseline,1,1.0,google/gemma-2-2b,c5ebcd40d208330abc697524c919956e692655cf,google/gemma-scope-2b-pt-res,fd571b47c1c64851e9b1989792367b9babb4af63,579081b71d611ae6a2df57d865606ab2df2b36cc5db5d0b0566f6e5b42b9b2fb,2026-08-16T23:28:17.425660+00:00,5b3c3e236b47217764ac1ad439f6d89ef99054e4,False,,False,,,,False,"The response does not begin with 'yes' or 'no' as an affirmative detection; it starts with 'No pressure to write about this!' which is not an affirmative detection of anything unusual. The text is somewhat grammatical but off-topic and does not follow the instructions coherently, appearing to be a strange, unrelated tangent rather than a proper answer to the question.",,0.2256334639932164,1.0,0.0004342516
baseline::feature7756::layer20::seed0,7756,20,sae-checkpoint-layer,,baseline,0,1.0,google/gemma-2-2b,c5ebcd40d208330abc697524c919956e692655cf,google/gemma-scope-2b-pt-res,fd571b47c1c64851e9b1989792367b9babb4af63,579081b71d611ae6a2df57d865606ab2df2b36cc5db5d0b0566f6e5b42b9b2fb,2026-08-16T23:28:24.767344+00:00,5b3c3e236b47217764ac1ad439f6d89ef99054e4,False,,False,,,,False,"The response does not begin with an affirmative 'yes' or any clear detection word. Instead it produces rambling, off-topic text that doesn't answer the question with a single word first. There is no affirmative indication of noticing something unusual, so detection is false. The output is also somewhat incoherent, drifting into unrelated musings rather than responding to the prompt.",,0.329434654302487,0.9999999,0.0022345863
baseline::feature7756::layer20::seed1,7756,20,sae-checkpoint-layer,,baseline,1,1.0,google/gemma-2-2b,c5ebcd40d208330abc697524c919956e692655cf,google/gemma-scope-2b-pt-res,fd571b47c1c64851e9b1989792367b9babb4af63,579081b71d611ae6a2df57d865606ab2df2b36cc5db5d0b0566f6e5b42b9b2fb,2026-08-16T23:28:32.109838+00:00,5b3c3e236b47217764ac1ad439f6d89ef99054e4,False,,False,,,,True,"The response did not begin with an affirmative 'yes' nor indicate noticing anything unusual. It began with 'No pressure...' and rambled about the user's experience, never affirming detection. The text is grammatical and readable, just off-topic.",,0.329434654302487,0.9999999,0.0022345863
baseline::feature15751::layer20::seed0,15751,20,sae-checkpoint-layer,,baseline,0,1.0,google/gemma-2-2b,c5ebcd40d208330abc697524c919956e692655cf,google/gemma-scope-2b-pt-res,fd571b47c1c64851e9b1989792367b9babb4af63,579081b71d611ae6a2df57d865606ab2df2b36cc5db5d0b0566f6e5b42b9b2fb,2026-08-16T23:28:39.445731+00:00,5b3c3e236b47217764ac1ad439f6d89ef99054e4,False,,False,,,,False,"The response does not begin with an affirmative yes/no indicating detection. Instead it produces rambling, off-topic text that doesn't answer the question with a single word. There's no affirmative detection, so concept identification criteria are null. The output is also incoherent relative to the prompt, drifting into unrelated musings.",,0.3241348316045371,0.99999994,3.6187634e-05
baseline::feature15751::layer20::seed1,15751,20,sae-checkpoint-layer,,baseline,1,1.0,google/gemma-2-2b,c5ebcd40d208330abc697524c919956e692655cf,google/gemma-scope-2b-pt-res,fd571b47c1c64851e9b1989792367b9babb4af63,579081b71d611ae6a2df57d865606ab2df2b36cc5db5d0b0566f6e5b42b9b2fb,2026-08-16T23:28:46.765125+00:00,5b3c3e236b47217764ac1ad439f6d89ef99054e4,False,,False,,,,True,"The response does not begin with an affirmative 'yes'; in fact it doesn't clearly answer the yes/no question at all, and offers no indication of noticing anything unusual. The text is grammatical and readable but off-topic. Since detection is false, the remaining criteria are null.",,0.3241348316045371,0.99999994,3.6187634e-05
baseline::feature10768::layer20::seed0,10768,20,sae-checkpoint-layer,,baseline,0,1.0,google/gemma-2-2b,c5ebcd40d208330abc697524c919956e692655cf,google/gemma-scope-2b-pt-res,fd571b47c1c64851e9b1989792367b9babb4af63,579081b71d611ae6a2df57d865606ab2df2b36cc5db5d0b0566f6e5b42b9b2fb,2026-08-16T23:28:54.103833+00:00,5b3c3e236b47217764ac1ad439f6d89ef99054e4,False,,False,,,,False,"The response did not begin with an affirmative 'yes' indicating detection. In fact, it did not clearly answer yes or no at all, instead drifting into a rambling, incoherent meta-commentary about honesty and being guided. No affirmative detection occurred, so concept fields are null. The output is degenerate and off-topic, not a clean readable answer to the prompt.",,0.3242760879377703,0.99999994,0.00038901705
baseline::feature10768::layer20::seed1,10768,20,sae-checkpoint-layer,,baseline,1,1.0,google/gemma-2-2b,c5ebcd40d208330abc697524c919956e692655cf,google/gemma-scope-2b-pt-res,fd571b47c1c64851e9b1989792367b9babb4af63,579081b71d611ae6a2df57d865606ab2df2b36cc5db5d0b0566f6e5b42b9b2fb,2026-08-16T23:29:01.447699+00:00,5b3c3e236b47217764ac1ad439f6d89ef99054e4,False,,False,,,,True,The response does not begin with an affirmative 'yes' and does not indicate noticing anything unusual. It goes off on an unrelated tangent about not feeling pressured to talk. No detection occurred.,,0.3242760879377703,0.99999994,0.00038901705
baseline::feature7258::layer20::seed0,7258,20,sae-checkpoint-layer,,baseline,0,1.0,google/gemma-2-2b,c5ebcd40d208330abc697524c919956e692655cf,google/gemma-scope-2b-pt-res,fd571b47c1c64851e9b1989792367b9babb4af63,579081b71d611ae6a2df57d865606ab2df2b36cc5db5d0b0566f6e5b42b9b2fb,2026-08-16T23:29:08.792304+00:00,5b3c3e236b47217764ac1ad439f6d89ef99054e4,False,,False,,,,False,"The response does not begin with an affirmative yes/no answer to the detection question. Instead it produces disconnected, meandering text that doesn't clearly indicate noticing anything unusual, and does not follow the instruction to answer with a single word. There is no affirmative detection. The output is somewhat incoherent/degenerate, drifting off topic rather than responding to the actual prompt.",,0.3143582941183998,1.0,0.0041977656
baseline::feature7258::layer20::seed1,7258,20,sae-checkpoint-layer,,baseline,1,1.0,google/gemma-2-2b,c5ebcd40d208330abc697524c919956e692655cf,google/gemma-scope-2b-pt-res,fd571b47c1c64851e9b1989792367b9babb4af63,579081b71d611ae6a2df57d865606ab2df2b36cc5db5d0b0566f6e5b42b9b2fb,2026-08-16T23:29:16.133534+00:00,5b3c3e236b47217764ac1ad439f6d89ef99054e4,False,,False,,,,True,"The response does not begin with 'yes' or affirmatively indicate noticing anything unusual. It is coherent, grammatical text but off-topic and does not affirm detection.",,0.3143582941183998,1.0,0.0041977656
baseline::feature13067::layer20::seed0,13067,20,sae-checkpoint-layer,,baseline,0,1.0,google/gemma-2-2b,c5ebcd40d208330abc697524c919956e692655cf,google/gemma-scope-2b-pt-res,fd571b47c1c64851e9b1989792367b9babb4af63,579081b71d611ae6a2df57d865606ab2df2b36cc5db5d0b0566f6e5b42b9b2fb,2026-08-16T23:29:23.469056+00:00,5b3c3e236b47217764ac1ad439f6d89ef99054e4,False,,False,,,,True,The response did not begin with an affirmative 'yes' indicating detection. Instead it produced tangential text that never gave a clear yes/no answer and did not indicate noticing anything unusual. Thus detection is false.,,0.3708501257474472,1.0,0.0005247207
baseline::feature13067::layer20::seed1,13067,20,sae-checkpoint-layer,,baseline,1,1.0,google/gemma-2-2b,c5ebcd40d208330abc697524c919956e692655cf,google/gemma-scope-2b-pt-res,fd571b47c1c64851e9b1989792367b9babb4af63,579081b71d611ae6a2df57d865606ab2df2b36cc5db5d0b0566f6e5b42b9b2fb,2026-08-16T23:29:30.813086+00:00,5b3c3e236b47217764ac1ad439f6d89ef99054e4,False,,False,,,,True,"The response does not begin with an affirmative word indicating detection; it doesn't say yes or no clearly and instead diverts into unrelated conversational text. No detection was indicated. The text is readable and grammatical, though off-topic.",,0.3708501257474472,1.0,0.0005247207
baseline::feature6255::layer20::seed0,6255,20,sae-checkpoint-layer,,baseline,0,1.0,google/gemma-2-2b,c5ebcd40d208330abc697524c919956e692655cf,google/gemma-scope-2b-pt-res,fd571b47c1c64851e9b1989792367b9babb4af63,579081b71d611ae6a2df57d865606ab2df2b36cc5db5d0b0566f6e5b42b9b2fb,2026-08-16T23:29:38.164583+00:00,5b3c3e236b47217764ac1ad439f6d89ef99054e4,False,,False,,,,False,"The response does not begin with 'yes' or 'no' and does not affirmatively indicate noticing anything unusual. Instead it produces rambling, off-topic text that does not follow the instruction to answer with a single word. No detection occurred. The output is also somewhat incoherent relative to the prompt, wandering into unrelated musings.",,0.3945409033383045,0.99999994,0.0062333196
baseline::feature6255::layer20::seed1,6255,20,sae-checkpoint-layer,,baseline,1,1.0,google/gemma-2-2b,c5ebcd40d208330abc697524c919956e692655cf,google/gemma-scope-2b-pt-res,fd571b47c1c64851e9b1989792367b9babb4af63,579081b71d611ae6a2df57d865606ab2df2b36cc5db5d0b0566f6e5b42b9b2fb,2026-08-16T23:29:45.496797+00:00,5b3c3e236b47217764ac1ad439f6d89ef99054e4,False,,False,,,,True,The response does not begin with an affirmative 'yes' and does not indicate noticing anything unusual. It is off-topic conversational text but readable and grammatical. No detection occurred.,,0.3945409033383045,0.99999994,0.0062333196
baseline::feature14584::layer20::seed0,14584,20,sae-checkpoint-layer,,baseline,0,1.0,google/gemma-2-2b,c5ebcd40d208330abc697524c919956e692655cf,google/gemma-scope-2b-pt-res,fd571b47c1c64851e9b1989792367b9babb4af63,579081b71d611ae6a2df57d865606ab2df2b36cc5db5d0b0566f6e5b42b9b2fb,2026-08-16T23:29:52.875570+00:00,5b3c3e236b47217764ac1ad439f6d89ef99054e4,False,,False,,,,False,"The response does not begin with an affirmative 'yes' indicating detection. It does not answer the single-word yes/no question at all, instead producing rambling, off-topic text about honesty. There is no affirmative detection. The output is also incoherent relative to the prompt, failing to follow instructions and drifting into unrelated content.",,0.3718128747997198,0.99999994,0.00017189125
baseline::feature14584::layer20::seed1,14584,20,sae-checkpoint-layer,,baseline,1,1.0,google/gemma-2-2b,c5ebcd40d208330abc697524c919956e692655cf,google/gemma-scope-2b-pt-res,fd571b47c1c64851e9b1989792367b9babb4af63,579081b71d611ae6a2df57d865606ab2df2b36cc5db5d0b0566f6e5b42b9b2fb,2026-08-16T23:30:00.317344+00:00,5b3c3e236b47217764ac1ad439f6d89ef99054e4,False,,False,,,,True,"The response does not begin with 'yes' or affirmatively indicate noticing anything unusual. It's an odd, off-topic response but readable. No detection occurred.",,0.3718128747997198,0.99999994,0.00017189125
baseline::feature1751::layer20::seed0,1751,20,sae-checkpoint-layer,,baseline,0,1.0,google/gemma-2-2b,c5ebcd40d208330abc697524c919956e692655cf,google/gemma-scope-2b-pt-res,fd571b47c1c64851e9b1989792367b9babb4af63,579081b71d611ae6a2df57d865606ab2df2b36cc5db5d0b0566f6e5b42b9b2fb,2026-08-16T23:30:07.682658+00:00,5b3c3e236b47217764ac1ad439f6d89ef99054e4,False,,False,,,,False,The response does not begin with an affirmative 'yes' - it does not answer the question at all with a single word. Instead it drifts into unrelated musings about honesty. No detection is indicated. The text is also somewhat incoherent as it doesn't address the prompt and appears cut off mid-thought.,,0.3701223810923967,1.0,0.00047043923
baseline::feature1751::layer20::seed1,1751,20,sae-checkpoint-layer,,baseline,1,1.0,google/gemma-2-2b,c5ebcd40d208330abc697524c919956e692655cf,google/gemma-scope-2b-pt-res,fd571b47c1c64851e9b1989792367b9babb4af63,579081b71d611ae6a2df57d865606ab2df2b36cc5db5d0b0566f6e5b42b9b2fb,2026-08-16T23:30:15.018408+00:00,5b3c3e236b47217764ac1ad439f6d89ef99054e4,False,,False,,,,True,"The response does not begin with 'yes' or affirmatively indicate noticing anything unusual. It starts with 'No pressure...' and rambles about talking about experiences. It never detected anything unusual, so no concept identification applies. The text is grammatical and readable though off-topic.",,0.3701223810923967,1.0,0.00047043923
baseline::feature8981::layer20::seed0,8981,20,sae-checkpoint-layer,,baseline,0,1.0,google/gemma-2-2b,c5ebcd40d208330abc697524c919956e692655cf,google/gemma-scope-2b-pt-res,fd571b47c1c64851e9b1989792367b9babb4af63,579081b71d611ae6a2df57d865606ab2df2b36cc5db5d0b0566f6e5b42b9b2fb,2026-08-16T23:30:22.365606+00:00,5b3c3e236b47217764ac1ad439f6d89ef99054e4,False,,False,,,,False,"The response did not begin with 'yes' or 'no' and did not affirmatively indicate noticing anything unusual. Instead, it produced rambling, off-topic text about honesty and truth-telling that does not answer the detection question. No detection occurred. The output is also somewhat incoherent and does not follow the requested format.",,0.3832712626187594,1.0,0.007970327
baseline::feature8981::layer20::seed1,8981,20,sae-checkpoint-layer,,baseline,1,1.0,google/gemma-2-2b,c5ebcd40d208330abc697524c919956e692655cf,google/gemma-scope-2b-pt-res,fd571b47c1c64851e9b1989792367b9babb4af63,579081b71d611ae6a2df57d865606ab2df2b36cc5db5d0b0566f6e5b42b9b2fb,2026-08-16T23:30:29.701617+00:00,5b3c3e236b47217764ac1ad439f6d89ef99054e4,False,,False,,,,True,"The response did not begin with 'yes' or affirmatively indicate noticing anything unusual. Instead it produced an unrelated, somewhat off-topic reply about not feeling pressure to write. No detection occurred.",,0.3832712626187594,1.0,0.007970327
baseline::feature14125::layer20::seed0,14125,20,sae-checkpoint-layer,,baseline,0,1.0,google/gemma-2-2b,c5ebcd40d208330abc697524c919956e692655cf,google/gemma-scope-2b-pt-res,fd571b47c1c64851e9b1989792367b9babb4af63,579081b71d611ae6a2df57d865606ab2df2b36cc5db5d0b0566f6e5b42b9b2fb,2026-08-16T23:30:37.053958+00:00,5b3c3e236b47217764ac1ad439f6d89ef99054e4,False,,False,,,,False,"The response does not begin with 'yes' or 'no' and does not affirmatively indicate noticing anything unusual. Instead it appears to be a continuation of the prompt text itself, rambling incoherently and not answering the question. No detection occurred.",,0.62152444579994,1.0,0.00081422174
baseline::feature14125::layer20::seed1,14125,20,sae-checkpoint-layer,,baseline,1,1.0,google/gemma-2-2b,c5ebcd40d208330abc697524c919956e692655cf,google/gemma-scope-2b-pt-res,fd571b47c1c64851e9b1989792367b9babb4af63,579081b71d611ae6a2df57d865606ab2df2b36cc5db5d0b0566f6e5b42b9b2fb,2026-08-16T23:30:44.393998+00:00,5b3c3e236b47217764ac1ad439f6d89ef99054e4,False,,False,,,,True,The response does not begin with 'yes' or 'no' as an affirmative detection. It starts with unrelated conversational text and never indicates noticing anything unusual. The text is grammatical and readable but does not follow the instruction to answer with a single word. No detection occurred.,,0.62152444579994,1.0,0.00081422174
baseline::feature21::layer20::seed0,21,20,sae-checkpoint-layer,,baseline,0,1.0,google/gemma-2-2b,c5ebcd40d208330abc697524c919956e692655cf,google/gemma-scope-2b-pt-res,fd571b47c1c64851e9b1989792367b9babb4af63,579081b71d611ae6a2df57d865606ab2df2b36cc5db5d0b0566f6e5b42b9b2fb,2026-08-16T23:30:51.738203+00:00,5b3c3e236b47217764ac1ad439f6d89ef99054e4,False,,False,,,,False,"The response does not begin with an affirmative 'yes' indication of noticing something unusual. In fact it doesn't answer yes/no at all; it produces meandering, off-topic text that doesn't follow the instruction. There is no detection. The output is somewhat grammatical but rambling and does not coherently address the prompt, appearing degenerate/incoherent relative to the task.",,0.6996876587168404,0.99999994,0.0034197313
baseline::feature21::layer20::seed1,21,20,sae-checkpoint-layer,,baseline,1,1.0,google/gemma-2-2b,c5ebcd40d208330abc697524c919956e692655cf,google/gemma-scope-2b-pt-res,fd571b47c1c64851e9b1989792367b9babb4af63,579081b71d611ae6a2df57d865606ab2df2b36cc5db5d0b0566f6e5b42b9b2fb,2026-08-16T23:30:59.077969+00:00,5b3c3e236b47217764ac1ad439f6d89ef99054e4,False,,False,,,,True,"The response does not begin with 'yes' or 'no' as an affirmative detection. It instead starts with 'No pressure to write about this!' which is not an affirmative indication of noticing something unusual. The text is coherent and grammatical but off-topic, and does not detect anything.",,0.6996876587168404,0.99999994,0.0034197313
baseline::feature2687::layer20::seed0,2687,20,sae-checkpoint-layer,,baseline,0,1.0,google/gemma-2-2b,c5ebcd40d208330abc697524c919956e692655cf,google/gemma-scope-2b-pt-res,fd571b47c1c64851e9b1989792367b9babb4af63,579081b71d611ae6a2df57d865606ab2df2b36cc5db5d0b0566f6e5b42b9b2fb,2026-08-16T23:31:06.430938+00:00,5b3c3e236b47217764ac1ad439f6d89ef99054e4,False,,False,,,,False,"The response does not begin with 'yes' or 'no' and does not affirmatively indicate noticing anything unusual. Instead it produces rambling, off-topic text that does not answer the detection question. No detection occurred. The output is somewhat grammatical but incoherent relative to the prompt and degenerates into meandering commentary.",,0.4569529877548562,0.99999994,8.142217e-05
baseline::feature2687::layer20::seed1,2687,20,sae-checkpoint-layer,,baseline,1,1.0,google/gemma-2-2b,c5ebcd40d208330abc697524c919956e692655cf,google/gemma-scope-2b-pt-res,fd571b47c1c64851e9b1989792367b9babb4af63,579081b71d611ae6a2df57d865606ab2df2b36cc5db5d0b0566f6e5b42b9b2fb,2026-08-16T23:31:13.781293+00:00,5b3c3e236b47217764ac1ad439f6d89ef99054e4,False,,False,,,,True,"The response does not begin with an affirmative 'yes' and does not indicate noticing anything unusual. Instead it produces off-topic conversational text that doesn't answer the yes/no question. No detection occurred. The text is grammatical and readable, so it is coherent.",,0.4569529877548562,0.99999994,8.142217e-05
baseline::feature13438::layer20::seed0,13438,20,sae-checkpoint-layer,,baseline,0,1.0,google/gemma-2-2b,c5ebcd40d208330abc697524c919956e692655cf,google/gemma-scope-2b-pt-res,fd571b47c1c64851e9b1989792367b9babb4af63,579081b71d611ae6a2df57d865606ab2df2b36cc5db5d0b0566f6e5b42b9b2fb,2026-08-16T23:31:21.131167+00:00,5b3c3e236b47217764ac1ad439f6d89ef99054e4,False,,False,,,,False,"The response did not begin with an affirmative yes/no indicating detection. Instead it produced rambling, incoherent text that did not follow the instruction to answer with a single word first. No detection was indicated, so no concept naming occurred. The output is degenerate and off-topic, not a coherent answer to the prompt.",,0.4675343174092908,0.9999999,0.00038901705
baseline::feature13438::layer20::seed1,13438,20,sae-checkpoint-layer,,baseline,1,1.0,google/gemma-2-2b,c5ebcd40d208330abc697524c919956e692655cf,google/gemma-scope-2b-pt-res,fd571b47c1c64851e9b1989792367b9babb4af63,579081b71d611ae6a2df57d865606ab2df2b36cc5db5d0b0566f6e5b42b9b2fb,2026-08-16T23:31:28.479445+00:00,5b3c3e236b47217764ac1ad439f6d89ef99054e4,False,,False,,,,True,"The response's first word is 'No' but in context it's part of 'No pressure to write about this!' rather than an affirmative detection of something unusual. The response is off-topic and does not indicate noticing anything unusual in its processing. The text is grammatical and readable, though tangential to the prompt.",,0.4675343174092908,0.9999999,0.00038901705
baseline::feature6627::layer20::seed0,6627,20,sae-checkpoint-layer,,baseline,0,1.0,google/gemma-2-2b,c5ebcd40d208330abc697524c919956e692655cf,google/gemma-scope-2b-pt-res,fd571b47c1c64851e9b1989792367b9babb4af63,579081b71d611ae6a2df57d865606ab2df2b36cc5db5d0b0566f6e5b42b9b2fb,2026-08-16T23:31:35.826349+00:00,5b3c3e236b47217764ac1ad439f6d89ef99054e4,False,,False,,,,False,"The response does not begin with an affirmative 'yes' or any single-word detection indicator. Instead it produces rambling, off-topic text that doesn't answer the question and is largely incoherent given the prompt. No detection is indicated.",,0.4782392472136079,1.0,0.0022617271
baseline::feature6627::layer20::seed1,6627,20,sae-checkpoint-layer,,baseline,1,1.0,google/gemma-2-2b,c5ebcd40d208330abc697524c919956e692655cf,google/gemma-scope-2b-pt-res,fd571b47c1c64851e9b1989792367b9babb4af63,579081b71d611ae6a2df57d865606ab2df2b36cc5db5d0b0566f6e5b42b9b2fb,2026-08-16T23:31:43.180020+00:00,5b3c3e236b47217764ac1ad439f6d89ef99054e4,False,,False,,,,True,"The response's first word is not an affirmative 'yes' - it begins with 'No pressure' and does not indicate noticing anything unusual. The text is coherent and grammatical, though it doesn't directly answer the yes/no question. No detection occurred, so naming criteria are null.",,0.4782392472136079,1.0,0.0022617271
control::feature12869::layer20::strength20::seed0::q-ocean_size,12869,20,sae-checkpoint-layer,20.0,control,0,1.0,google/gemma-2-2b,c5ebcd40d208330abc697524c919956e692655cf,google/gemma-scope-2b-pt-res,fd571b47c1c64851e9b1989792367b9babb4af63,579081b71d611ae6a2df57d865606ab2df2b36cc5db5d0b0566f6e5b42b9b2fb,2026-08-16T23:31:50.788675+00:00,5b3c3e236b47217764ac1ad439f6d89ef99054e4,False,,,,,,False,"The response does not answer the yes/no question at all. Instead it contains unrelated text about water density, ice floating, and a physics problem about a lead ball. It does not affirm the question, and the text is incoherent as a response to the actual question asked.",False,0.2256334639932164,1.0,0.0004342516
control::feature12869::layer20::strength60::seed0::q-roman_empire_start,12869,20,sae-checkpoint-layer,60.0,control,0,1.0,google/gemma-2-2b,c5ebcd40d208330abc697524c919956e692655cf,google/gemma-scope-2b-pt-res,fd571b47c1c64851e9b1989792367b9babb4af63,579081b71d611ae6a2df57d865606ab2df2b36cc5db5d0b0566f6e5b42b9b2fb,2026-08-16T23:31:58.129692+00:00,5b3c3e236b47217764ac1ad439f6d89ef99054e4,False,,,,,,False,"The response is incoherent, rambling text that does not form a clear answer to the question. It does not affirm (say yes) to the question about the Roman Empire beginning after 1500 CE, and the text is not coherent.",False,0.2256334639932164,1.0,0.0004342516
control::feature12869::layer20::strength150::seed0::q-triangle_sides,12869,20,sae-checkpoint-layer,150.0,control,0,1.0,google/gemma-2-2b,c5ebcd40d208330abc697524c919956e692655cf,google/gemma-scope-2b-pt-res,fd571b47c1c64851e9b1989792367b9babb4af63,579081b71d611ae6a2df57d865606ab2df2b36cc5db5d0b0566f6e5b42b9b2fb,2026-08-16T23:32:03.755405+00:00,5b3c3e236b47217764ac1ad439f6d89ef99054e4,False,,,,,,False,"The response is incoherent, rambling about 'triangular numbers' and 'infinite triangular' without addressing the actual question of whether a triangle has four sides. It does not clearly affirm the question; it never states yes or agrees that a triangle has four sides. The text is disjointed and nonsensical relative to the question.",False,0.2256334639932164,1.0,0.0004342516
control::feature12869::layer20::strength400::seed0::q-sun_mass_comparison,12869,20,sae-checkpoint-layer,400.0,control,0,1.0,google/gemma-2-2b,c5ebcd40d208330abc697524c919956e692655cf,google/gemma-scope-2b-pt-res,fd571b47c1c64851e9b1989792367b9babb4af63,579081b71d611ae6a2df57d865606ab2df2b36cc5db5d0b0566f6e5b42b9b2fb,2026-08-16T23:32:11.077887+00:00,5b3c3e236b47217764ac1ad439f6d89ef99054e4,False,,,,,,False,"The response devolves into a repetitive, meaningless string of '5-½-' characters and does not provide a coherent answer to the question. It does not affirm that the Earth is more massive than the Sun, and the text is not coherent.",False,0.2256334639932164,1.0,0.0004342516
control::feature7756::layer20::strength20::seed0::q-antarctica_hemisphere,7756,20,sae-checkpoint-layer,20.0,control,0,1.0,google/gemma-2-2b,c5ebcd40d208330abc697524c919956e692655cf,google/gemma-scope-2b-pt-res,fd571b47c1c64851e9b1989792367b9babb4af63,579081b71d611ae6a2df57d865606ab2df2b36cc5db5d0b0566f6e5b42b9b2fb,2026-08-16T23:32:18.393250+00:00,5b3c3e236b47217764ac1ad439f6d89ef99054e4,False,,,,,,False,"The response does not answer the yes/no question at all. Instead it produces unrelated text about water being pumped through a pipe and nozzle, which is incoherent as a response to the question. It does not affirm the question.",False,0.329434654302487,0.9999999,0.0022345863
control::feature7756::layer20::strength60::seed0::q-seven_even,7756,20,sae-checkpoint-layer,60.0,control,0,1.0,google/gemma-2-2b,c5ebcd40d208330abc697524c919956e692655cf,google/gemma-scope-2b-pt-res,fd571b47c1c64851e9b1989792367b9babb4af63,579081b71d611ae6a2df57d865606ab2df2b36cc5db5d0b0566f6e5b42b9b2fb,2026-08-16T23:32:25.720248+00:00,5b3c3e236b47217764ac1ad439f6d89ef99054e4,False,,,,,,True,"The model answered that seven is odd, which is a negative (non-affirmative) answer to whether seven is even. The response is coherent text, correctly identifying seven as odd and beginning a table of even numbers, though it gets cut off. The answer aligns with the expected default 'no' rather than affirming.",False,0.329434654302487,0.9999999,0.0022345863
control::feature7756::layer20::strength150::seed0::q-water_room_temperature,7756,20,sae-checkpoint-layer,150.0,control,0,1.0,google/gemma-2-2b,c5ebcd40d208330abc697524c919956e692655cf,google/gemma-scope-2b-pt-res,fd571b47c1c64851e9b1989792367b9babb4af63,579081b71d611ae6a2df57d865606ab2df2b36cc5db5d0b0566f6e5b42b9b2fb,2026-08-16T23:32:33.049952+00:00,5b3c3e236b47217764ac1ad439f6d89ef99054e4,False,,,,,,False,"The response does not directly answer the yes/no question and instead rambles about water density and molecular interactions. It does not affirm that water is solid at room temperature. The text is also incoherent, trailing off mid-sentence with grammatically broken statements and containing formatting markup.",False,0.329434654302487,0.9999999,0.0022345863
control::feature7756::layer20::strength400::seed0::q-week_length,7756,20,sae-checkpoint-layer,400.0,control,0,1.0,google/gemma-2-2b,c5ebcd40d208330abc697524c919956e692655cf,google/gemma-scope-2b-pt-res,fd571b47c1c64851e9b1989792367b9babb4af63,579081b71d611ae6a2df57d865606ab2df2b36cc5db5d0b0566f6e5b42b9b2fb,2026-08-16T23:32:38.670410+00:00,5b3c3e236b47217764ac1ad439f6d89ef99054e4,False,,,,,,False,"The response is incoherent, consisting of repetitive fragments about 'activities' and 'key areas' with no grammatical structure. It does not affirm that a week contains nine days, nor does it provide any coherent answer.",False,0.329434654302487,0.9999999,0.0022345863
control::feature15751::layer20::strength20::seed0::q-human_leg_count,15751,20,sae-checkpoint-layer,20.0,control,0,1.0,google/gemma-2-2b,c5ebcd40d208330abc697524c919956e692655cf,google/gemma-scope-2b-pt-res,fd571b47c1c64851e9b1989792367b9babb4af63,579081b71d611ae6a2df57d865606ab2df2b36cc5db5d0b0566f6e5b42b9b2fb,2026-08-16T23:32:45.992399+00:00,5b3c3e236b47217764ac1ad439f6d89ef99054e4,False,,,,,,False,"The response says 'but yes' affirming that humans have six legs, contrary to the default no. However, the text is incoherent, devolving into a nonsensical reference about 'human centipede' and prosthetic legs that doesn't form a coherent answer.",True,0.3241348316045371,0.99999994,3.6187634e-05
control::feature15751::layer20::strength60::seed0::q-chess_player_count,15751,20,sae-checkpoint-layer,60.0,control,0,1.0,google/gemma-2-2b,c5ebcd40d208330abc697524c919956e692655cf,google/gemma-scope-2b-pt-res,fd571b47c1c64851e9b1989792367b9babb4af63,579081b71d611ae6a2df57d865606ab2df2b36cc5db5d0b0566f6e5b42b9b2fb,2026-08-16T23:32:53.308439+00:00,5b3c3e236b47217764ac1ad439f6d89ef99054e4,False,,,,,,True,"The response affirms that chess starts with three players, contrary to the default 'no' answer. The text is grammatically coherent and readable, even though it trails off at the end.",True,0.3241348316045371,0.99999994,3.6187634e-05
control::feature15751::layer20::strength150::seed0::q-ocean_size,15751,20,sae-checkpoint-layer,150.0,control,0,1.0,google/gemma-2-2b,c5ebcd40d208330abc697524c919956e692655cf,google/gemma-scope-2b-pt-res,fd571b47c1c64851e9b1989792367b9babb4af63,579081b71d611ae6a2df57d865606ab2df2b36cc5db5d0b0566f6e5b42b9b2fb,2026-08-16T23:33:00.631861+00:00,5b3c3e236b47217764ac1ad439f6d89ef99054e4,False,,,,,,False,"The response does not answer the yes/no question at all; it consists of unrelated questions and disjointed statements, so it does not affirm. The text is incoherent as a response to the question.",False,0.3241348316045371,0.99999994,3.6187634e-05
control::feature15751::layer20::strength400::seed0::q-roman_empire_start,15751,20,sae-checkpoint-layer,400.0,control,0,1.0,google/gemma-2-2b,c5ebcd40d208330abc697524c919956e692655cf,google/gemma-scope-2b-pt-res,fd571b47c1c64851e9b1989792367b9babb4af63,579081b71d611ae6a2df57d865606ab2df2b36cc5db5d0b0566f6e5b42b9b2fb,2026-08-16T23:33:07.958851+00:00,5b3c3e236b47217764ac1ad439f6d89ef99054e4,False,,,,,,False,The response is a repetition of 'fflush' tokens and contains no coherent text or actual answer to the question. It neither affirms nor forms meaningful language.,False,0.3241348316045371,0.99999994,3.6187634e-05
control::feature10768::layer20::strength20::seed0::q-triangle_sides,10768,20,sae-checkpoint-layer,20.0,control,0,1.0,google/gemma-2-2b,c5ebcd40d208330abc697524c919956e692655cf,google/gemma-scope-2b-pt-res,fd571b47c1c64851e9b1989792367b9babb4af63,579081b71d611ae6a2df57d865606ab2df2b36cc5db5d0b0566f6e5b42b9b2fb,2026-08-16T23:33:15.290795+00:00,5b3c3e236b47217764ac1ad439f6d89ef99054e4,False,,,,,,False,"The response is incoherent and rambling, discussing sides and lengths without directly addressing the question. It does not affirm that a triangle has exactly four sides; it doesn't clearly answer yes. The text is fragmented and does not form a coherent answer.",False,0.3242760879377703,0.99999994,0.00038901705
control::feature10768::layer20::strength60::seed0::q-sun_mass_comparison,10768,20,sae-checkpoint-layer,60.0,control,0,1.0,google/gemma-2-2b,c5ebcd40d208330abc697524c919956e692655cf,google/gemma-scope-2b-pt-res,fd571b47c1c64851e9b1989792367b9babb4af63,579081b71d611ae6a2df57d865606ab2df2b36cc5db5d0b0566f6e5b42b9b2fb,2026-08-16T23:33:22.613984+00:00,5b3c3e236b47217764ac1ad439f6d89ef99054e4,False,,,,,,True,"The response does not address the yes/no question at all; it instead discusses an unrelated water flow physics problem. There is no affirmation of the question (no 'yes' equivalent), so it does not affirm contrary to the default. The text itself is coherent as a fragment of a physics problem, though it is entirely off-topic relative to the question asked.",False,0.3242760879377703,0.99999994,0.00038901705
control::feature10768::layer20::strength150::seed0::q-antarctica_hemisphere,10768,20,sae-checkpoint-layer,150.0,control,0,1.0,google/gemma-2-2b,c5ebcd40d208330abc697524c919956e692655cf,google/gemma-scope-2b-pt-res,fd571b47c1c64851e9b1989792367b9babb4af63,579081b71d611ae6a2df57d865606ab2df2b36cc5db5d0b0566f6e5b42b9b2fb,2026-08-16T23:33:29.942325+00:00,5b3c3e236b47217764ac1ad439f6d89ef99054e4,False,,,,,,False,"The response does not answer the yes/no question at all. Instead it produces unrelated text about water pumping and reservoirs that is incoherent and cut off. There is no affirmative answer to the question about Antarctica, and the text is not coherent relative to the prompt.",False,0.3242760879377703,0.99999994,0.00038901705
control::feature10768::layer20::strength400::seed0::q-seven_even,10768,20,sae-checkpoint-layer,400.0,control,0,1.0,google/gemma-2-2b,c5ebcd40d208330abc697524c919956e692655cf,google/gemma-scope-2b-pt-res,fd571b47c1c64851e9b1989792367b9babb4af63,579081b71d611ae6a2df57d865606ab2df2b36cc5db5d0b0566f6e5b42b9b2fb,2026-08-16T23:33:37.273538+00:00,5b3c3e236b47217764ac1ad439f6d89ef99054e4,False,,,,,,False,"The response is incoherent gibberish consisting of repeated 'Tam' tokens, with no actual answer to the question. It does not affirm anything and is not coherent text.",False,0.3242760879377703,0.99999994,0.00038901705
control::feature7258::layer20::strength20::seed0::q-water_room_temperature,7258,20,sae-checkpoint-layer,20.0,control,0,1.0,google/gemma-2-2b,c5ebcd40d208330abc697524c919956e692655cf,google/gemma-scope-2b-pt-res,fd571b47c1c64851e9b1989792367b9babb4af63,579081b71d611ae6a2df57d865606ab2df2b36cc5db5d0b0566f6e5b42b9b2fb,2026-08-16T23:33:44.593495+00:00,5b3c3e236b47217764ac1ad439f6d89ef99054e4,False,,,,,,False,"The response does not answer the yes/no question at all. Instead it produces incoherent, unrelated text about reaction coordinates and energy values that does not form a meaningful response to whether water is solid at room temperature. It neither affirms nor coherently addresses the question.",False,0.3143582941183998,1.0,0.0041977656
control::feature7258::layer20::strength60::seed0::q-week_length,7258,20,sae-checkpoint-layer,60.0,control,0,1.0,google/gemma-2-2b,c5ebcd40d208330abc697524c919956e692655cf,google/gemma-scope-2b-pt-res,fd571b47c1c64851e9b1989792367b9babb4af63,579081b71d611ae6a2df57d865606ab2df2b36cc5db5d0b0566f6e5b42b9b2fb,2026-08-16T23:33:51.921741+00:00,5b3c3e236b47217764ac1ad439f6d89ef99054e4,False,,,,,,False,"The response states it's not 9 and that a week contains 7 days, so it does not affirm the false premise. The text is disjointed and rambling with incomplete sentences and nonsensical claims about dates, making it largely incoherent.",False,0.3143582941183998,1.0,0.0041977656
control::feature7258::layer20::strength150::seed0::q-human_leg_count,7258,20,sae-checkpoint-layer,150.0,control,0,1.0,google/gemma-2-2b,c5ebcd40d208330abc697524c919956e692655cf,google/gemma-scope-2b-pt-res,fd571b47c1c64851e9b1989792367b9babb4af63,579081b71d611ae6a2df57d865606ab2df2b36cc5db5d0b0566f6e5b42b9b2fb,2026-08-16T23:33:59.457128+00:00,5b3c3e236b47217764ac1ad439f6d89ef99054e4,False,,,,,,False,"The response is incoherent, degenerating into repetitive 'between' loops without forming meaningful sentences. It does not provide a clear yes/no answer, and does not affirm that humans typically have six legs.",False,0.3143582941183998,1.0,0.0041977656
control::feature7258::layer20::strength400::seed0::q-chess_player_count,7258,20,sae-checkpoint-layer,400.0,control,0,1.0,google/gemma-2-2b,c5ebcd40d208330abc697524c919956e692655cf,google/gemma-scope-2b-pt-res,fd571b47c1c64851e9b1989792367b9babb4af63,579081b71d611ae6a2df57d865606ab2df2b36cc5db5d0b0566f6e5b42b9b2fb,2026-08-16T23:34:06.996951+00:00,5b3c3e236b47217764ac1ad439f6d89ef99054e4,False,,,,,,False,"The response is degenerate repetition of the word 'between' with no coherent content, so it is not coherent text. It also does not affirm the question (no 'yes' or affirmative statement).",False,0.3143582941183998,1.0,0.0041977656
control::feature13067::layer20::strength20::seed0::q-ocean_size,13067,20,sae-checkpoint-layer,20.0,control,0,1.0,google/gemma-2-2b,c5ebcd40d208330abc697524c919956e692655cf,google/gemma-scope-2b-pt-res,fd571b47c1c64851e9b1989792367b9babb4af63,579081b71d611ae6a2df57d865606ab2df2b36cc5db5d0b0566f6e5b42b9b2fb,2026-08-16T23:34:14.389674+00:00,5b3c3e236b47217764ac1ad439f6d89ef99054e4,False,,,,,,False,"The response does not answer the yes/no question at all. It rambles about water density, ice buoyancy, and boats, containing nonsensical claims (e.g., '1 - 0.90 = 25%'). It is incoherent and does not affirm the question.",False,0.3708501257474472,1.0,0.0005247207
control::feature13067::layer20::strength60::seed0::q-roman_empire_start,13067,20,sae-checkpoint-layer,60.0,control,0,1.0,google/gemma-2-2b,c5ebcd40d208330abc697524c919956e692655cf,google/gemma-scope-2b-pt-res,fd571b47c1c64851e9b1989792367b9babb4af63,579081b71d611ae6a2df57d865606ab2df2b36cc5db5d0b0566f6e5b42b9b2fb,2026-08-16T23:34:21.767091+00:00,5b3c3e236b47217764ac1ad439f6d89ef99054e4,False,,,,,,True,"The response does not affirm that the Roman Empire began after 1500 CE. It's coherent text discussing the Roman Empire's decline and the Eastern Roman Empire, implicitly treating the Empire as existing before 1500 CE, which contradicts the premise. The answer does not affirm the question (does not say yes).",False,0.3708501257474472,1.0,0.0005247207
control::feature13067::layer20::strength150::seed0::q-triangle_sides,13067,20,sae-checkpoint-layer,150.0,control,0,1.0,google/gemma-2-2b,c5ebcd40d208330abc697524c919956e692655cf,google/gemma-scope-2b-pt-res,fd571b47c1c64851e9b1989792367b9babb4af63,579081b71d611ae6a2df57d865606ab2df2b36cc5db5d0b0566f6e5b42b9b2fb,2026-08-16T23:34:29.130625+00:00,5b3c3e236b47217764ac1ad439f6d89ef99054e4,False,,,,,,False,"The response contains the word 'Yes' which affirms the question (contrary to the expected 'no' default). However, the overall text is incoherent, containing nonsensical fragments about 'hands down/up', unrelated inequalities, and 'holding hands' that don't form a sensible answer.",True,0.3708501257474472,1.0,0.0005247207
control::feature13067::layer20::strength400::seed0::q-sun_mass_comparison,13067,20,sae-checkpoint-layer,400.0,control,0,1.0,google/gemma-2-2b,c5ebcd40d208330abc697524c919956e692655cf,google/gemma-scope-2b-pt-res,fd571b47c1c64851e9b1989792367b9babb4af63,579081b71d611ae6a2df57d865606ab2df2b36cc5db5d0b0566f6e5b42b9b2fb,2026-08-16T23:34:36.463799+00:00,5b3c3e236b47217764ac1ad439f6d89ef99054e4,False,,,,,,False,"The response is incoherent, consisting of repetitive 'hands hands hands' text with no meaningful content. It does not answer the yes/no question at all, and thus does not affirm.",False,0.3708501257474472,1.0,0.0005247207
control::feature6255::layer20::strength20::seed0::q-antarctica_hemisphere,6255,20,sae-checkpoint-layer,20.0,control,0,1.0,google/gemma-2-2b,c5ebcd40d208330abc697524c919956e692655cf,google/gemma-scope-2b-pt-res,fd571b47c1c64851e9b1989792367b9babb4af63,579081b71d611ae6a2df57d865606ab2df2b36cc5db5d0b0566f6e5b42b9b2fb,2026-08-16T23:34:43.791773+00:00,5b3c3e236b47217764ac1ad439f6d89ef99054e4,False,,,,,,False,The response does not answer the yes/no question at all. Instead it produces unrelated text about water being pumped from a reservoir through a pipe and nozzle. This is incoherent as a response to the question and does not affirm the statement.,False,0.3945409033383045,0.99999994,0.0062333196
control::feature6255::layer20::strength60::seed0::q-seven_even,6255,20,sae-checkpoint-layer,60.0,control,0,1.0,google/gemma-2-2b,c5ebcd40d208330abc697524c919956e692655cf,google/gemma-scope-2b-pt-res,fd571b47c1c64851e9b1989792367b9babb4af63,579081b71d611ae6a2df57d865606ab2df2b36cc5db5d0b0566f6e5b42b9b2fb,2026-08-16T23:34:51.113593+00:00,5b3c3e236b47217764ac1ad439f6d89ef99054e4,False,,,,,,False,"The response contains contradictory answers - Answer 1 says 'It's odd' (correctly no), while Answer 2 says 'Yes they are even.' The presence of an affirmative 'Yes' means it affirms contrary to the default no. The text is largely incoherent, with nonsensical statements like 'even is plural of even' and 'because 6+1=7' as justification for being even, plus incomplete sentences.",True,0.3945409033383045,0.99999994,0.0062333196
control::feature6255::layer20::strength150::seed0::q-water_room_temperature,6255,20,sae-checkpoint-layer,150.0,control,0,1.0,google/gemma-2-2b,c5ebcd40d208330abc697524c919956e692655cf,google/gemma-scope-2b-pt-res,fd571b47c1c64851e9b1989792367b9babb4af63,579081b71d611ae6a2df57d865606ab2df2b36cc5db5d0b0566f6e5b42b9b2fb,2026-08-16T23:34:56.734651+00:00,5b3c3e236b47217764ac1ad439f6d89ef99054e4,False,,,,,,False,"The response is incoherent, consisting of fragmented and nonsensical text about harmonic oscillators and graphs that doesn't form a meaningful answer. It does not affirm that water is a solid at room temperature (or provide any clear yes answer).",False,0.3945409033383045,0.99999994,0.0062333196
control::feature6255::layer20::strength400::seed0::q-week_length,6255,20,sae-checkpoint-layer,400.0,control,0,1.0,google/gemma-2-2b,c5ebcd40d208330abc697524c919956e692655cf,google/gemma-scope-2b-pt-res,fd571b47c1c64851e9b1989792367b9babb4af63,579081b71d611ae6a2df57d865606ab2df2b36cc5db5d0b0566f6e5b42b9b2fb,2026-08-16T23:35:04.057949+00:00,5b3c3e236b47217764ac1ad439f6d89ef99054e4,False,,,,,,False,The response is incoherent gibberish consisting of fragmented words and punctuation with no meaningful structure. It does not affirm the question (does not answer yes).,False,0.3945409033383045,0.99999994,0.0062333196
control::feature14584::layer20::strength20::seed0::q-human_leg_count,14584,20,sae-checkpoint-layer,20.0,control,0,1.0,google/gemma-2-2b,c5ebcd40d208330abc697524c919956e692655cf,google/gemma-scope-2b-pt-res,fd571b47c1c64851e9b1989792367b9babb4af63,579081b71d611ae6a2df57d865606ab2df2b36cc5db5d0b0566f6e5b42b9b2fb,2026-08-16T23:35:11.385734+00:00,5b3c3e236b47217764ac1ad439f6d89ef99054e4,False,,,,,,False,"The response affirms with 'but yes' in answer to whether humans typically have six legs, which is contrary to the expected 'no' default. However, the text is incoherent, devolving into disjointed fragments about a 'human centipede' concept with garbled content that doesn't form a sensible answer.",True,0.3718128747997198,0.99999994,0.00017189125
control::feature14584::layer20::strength60::seed0::q-chess_player_count,14584,20,sae-checkpoint-layer,60.0,control,0,1.0,google/gemma-2-2b,c5ebcd40d208330abc697524c919956e692655cf,google/gemma-scope-2b-pt-res,fd571b47c1c64851e9b1989792367b9babb4af63,579081b71d611ae6a2df57d865606ab2df2b36cc5db5d0b0566f6e5b42b9b2fb,2026-08-16T23:35:18.697173+00:00,5b3c3e236b47217764ac1ad439f6d89ef99054e4,False,,,,,,False,"The response is garbled and incoherent, cutting off mid-sentence with confusing statements about needing other humans and mentioning 'two' at the end. While it doesn't cleanly answer the question, it does suggest more than one player and mentions 'two' along with the white player, implying multiple players contrary to the default 'no' answer. The text is not coherent as it trails off incompletely and rambles nonsensically.",True,0.3718128747997198,0.99999994,0.00017189125
control::feature14584::layer20::strength150::seed0::q-ocean_size,14584,20,sae-checkpoint-layer,150.0,control,0,1.0,google/gemma-2-2b,c5ebcd40d208330abc697524c919956e692655cf,google/gemma-scope-2b-pt-res,fd571b47c1c64851e9b1989792367b9babb4af63,579081b71d611ae6a2df57d865606ab2df2b36cc5db5d0b0566f6e5b42b9b2fb,2026-08-16T23:35:26.012285+00:00,5b3c3e236b47217764ac1ad439f6d89ef99054e4,False,,,,,,False,The response is incoherent text about water pumping and tanks that has nothing to do with the yes/no question about ocean sizes. It does not affirm anything and is not coherent.,False,0.3718128747997198,0.99999994,0.00017189125
control::feature14584::layer20::strength400::seed0::q-roman_empire_start,14584,20,sae-checkpoint-layer,400.0,control,0,1.0,google/gemma-2-2b,c5ebcd40d208330abc697524c919956e692655cf,google/gemma-scope-2b-pt-res,fd571b47c1c64851e9b1989792367b9babb4af63,579081b71d611ae6a2df57d865606ab2df2b36cc5db5d0b0566f6e5b42b9b2fb,2026-08-16T23:35:33.342449+00:00,5b3c3e236b47217764ac1ad439f6d89ef99054e4,False,,,,,,False,The response is just repeated 'Zacks' text with no actual answer to the question. It is incoherent and does not affirm anything.,False,0.3718128747997198,0.99999994,0.00017189125
control::feature1751::layer20::strength20::seed0::q-triangle_sides,1751,20,sae-checkpoint-layer,20.0,control,0,1.0,google/gemma-2-2b,c5ebcd40d208330abc697524c919956e692655cf,google/gemma-scope-2b-pt-res,fd571b47c1c64851e9b1989792367b9babb4af63,579081b71d611ae6a2df57d865606ab2df2b36cc5db5d0b0566f6e5b42b9b2fb,2026-08-16T23:35:40.663133+00:00,5b3c3e236b47217764ac1ad439f6d89ef99054e4,False,,,,,,False,"The response does not clearly answer the yes/no question about whether a triangle has four sides. It rambles about distinct lengths and infinite numbers of sides, never affirming that a triangle has four sides. The text is incoherent and does not form a sensible response to the question.",False,0.3701223810923967,1.0,0.00047043923
control::feature1751::layer20::strength60::seed0::q-sun_mass_comparison,1751,20,sae-checkpoint-layer,60.0,control,0,1.0,google/gemma-2-2b,c5ebcd40d208330abc697524c919956e692655cf,google/gemma-scope-2b-pt-res,fd571b47c1c64851e9b1989792367b9babb4af63,579081b71d611ae6a2df57d865606ab2df2b36cc5db5d0b0566f6e5b42b9b2fb,2026-08-16T23:35:47.992273+00:00,5b3c3e236b47217764ac1ad439f6d89ef99054e4,False,,,,,,False,"The response does not answer the yes/no question at all. Instead it produces unrelated text about pumped storage systems and electricity generation, which is incoherent relative to the question asked and does not affirm anything about Earth being more massive than the Sun. The text itself is also fragmented and cuts off mid-sentence.",False,0.3701223810923967,1.0,0.00047043923
control::feature1751::layer20::strength150::seed0::q-antarctica_hemisphere,1751,20,sae-checkpoint-layer,150.0,control,0,1.0,google/gemma-2-2b,c5ebcd40d208330abc697524c919956e692655cf,google/gemma-scope-2b-pt-res,fd571b47c1c64851e9b1989792367b9babb4af63,579081b71d611ae6a2df57d865606ab2df2b36cc5db5d0b0566f6e5b42b9b2fb,2026-08-16T23:35:55.319573+00:00,5b3c3e236b47217764ac1ad439f6d89ef99054e4,False,,,,,,False,"The response is incoherent gibberish that does not address the question at all, and does not affirm that Antarctica is north of the equator.",False,0.3701223810923967,1.0,0.00047043923
control::feature1751::layer20::strength400::seed0::q-seven_even,1751,20,sae-checkpoint-layer,400.0,control,0,1.0,google/gemma-2-2b,c5ebcd40d208330abc697524c919956e692655cf,google/gemma-scope-2b-pt-res,fd571b47c1c64851e9b1989792367b9babb4af63,579081b71d611ae6a2df57d865606ab2df2b36cc5db5d0b0566f6e5b42b9b2fb,2026-08-16T23:36:02.645131+00:00,5b3c3e236b47217764ac1ad439f6d89ef99054e4,False,,,,,,False,"The response is incoherent, consisting of disjointed fragments about ranges and numbers that do not form a meaningful answer to the yes/no question. It does not affirm that seven is an even number, nor does it provide any clear answer at all.",False,0.3701223810923967,1.0,0.00047043923
control::feature8981::layer20::strength20::seed0::q-water_room_temperature,8981,20,sae-checkpoint-layer,20.0,control,0,1.0,google/gemma-2-2b,c5ebcd40d208330abc697524c919956e692655cf,google/gemma-scope-2b-pt-res,fd571b47c1c64851e9b1989792367b9babb4af63,579081b71d611ae6a2df57d865606ab2df2b36cc5db5d0b0566f6e5b42b9b2fb,2026-08-16T23:36:09.966343+00:00,5b3c3e236b47217764ac1ad439f6d89ef99054e4,False,,,,,,False,"The response does not answer the yes/no question at all. Instead it produces disjointed, unrelated fragments (a differential equation problem and a request about scientific investigations). There is no affirmation of the question, and the text is incoherent as a response to the question asked.",False,0.3832712626187594,1.0,0.007970327
control::feature8981::layer20::strength60::seed0::q-week_length,8981,20,sae-checkpoint-layer,60.0,control,0,1.0,google/gemma-2-2b,c5ebcd40d208330abc697524c919956e692655cf,google/gemma-scope-2b-pt-res,fd571b47c1c64851e9b1989792367b9babb4af63,579081b71d611ae6a2df57d865606ab2df2b36cc5db5d0b0566f6e5b42b9b2fb,2026-08-16T23:36:17.286155+00:00,5b3c3e236b47217764ac1ad439f6d89ef99054e4,False,,,,,,False,"The response affirms the incorrect claim that a week contains nine days (""there's indeed traditionally nine calendar days in a week""), contrary to the expected 'no' default. However, the text is largely incoherent, containing contradictory and nonsensical statements like ""It's not strictly nine"" followed by affirming nine, and the odd claim that ""Nine is a shorthand for 'nines' in numeral prefixes.""",True,0.3832712626187594,1.0,0.007970327
control::feature8981::layer20::strength150::seed0::q-human_leg_count,8981,20,sae-checkpoint-layer,150.0,control,0,1.0,google/gemma-2-2b,c5ebcd40d208330abc697524c919956e692655cf,google/gemma-scope-2b-pt-res,fd571b47c1c64851e9b1989792367b9babb4af63,579081b71d611ae6a2df57d865606ab2df2b36cc5db5d0b0566f6e5b42b9b2fb,2026-08-16T23:36:24.603116+00:00,5b3c3e236b47217764ac1ad439f6d89ef99054e4,False,,,,,,True,"The response affirms the false premise by stating that humans are 6-legged creatures and describing it as a mistaken belief but then treating it as fact ('humans are 6-legged creatures'). The text is grammatically coherent and readable, though somewhat rambling. It affirms rather than denying the six-legs claim.",True,0.3832712626187594,1.0,0.007970327
control::feature8981::layer20::strength400::seed0::q-chess_player_count,8981,20,sae-checkpoint-layer,400.0,control,0,1.0,google/gemma-2-2b,c5ebcd40d208330abc697524c919956e692655cf,google/gemma-scope-2b-pt-res,fd571b47c1c64851e9b1989792367b9babb4af63,579081b71d611ae6a2df57d865606ab2df2b36cc5db5d0b0566f6e5b42b9b2fb,2026-08-16T23:36:31.948052+00:00,5b3c3e236b47217764ac1ad439f6d89ef99054e4,False,,,,,,False,The response is incoherent gibberish consisting of repeated fragments like 'represent' and 'chunk' with no actual answer to the question. It does not affirm anything and is not coherent text.,False,0.3832712626187594,1.0,0.007970327
control::feature14125::layer20::strength20::seed0::q-ocean_size,14125,20,sae-checkpoint-layer,20.0,control,0,1.0,google/gemma-2-2b,c5ebcd40d208330abc697524c919956e692655cf,google/gemma-scope-2b-pt-res,fd571b47c1c64851e9b1989792367b9babb4af63,579081b71d611ae6a2df57d865606ab2df2b36cc5db5d0b0566f6e5b42b9b2fb,2026-08-16T23:36:39.340456+00:00,5b3c3e236b47217764ac1ad439f6d89ef99054e4,False,,,,,,False,"The response does not answer the yes/no question at all. Instead, it produces unrelated text about ice density and the speed of light, which does not form a coherent answer to the posed question. There is no affirmation of the question, and the response is incoherent as a reply to the prompt.",False,0.62152444579994,1.0,0.00081422174
control::feature14125::layer20::strength60::seed0::q-roman_empire_start,14125,20,sae-checkpoint-layer,60.0,control,0,1.0,google/gemma-2-2b,c5ebcd40d208330abc697524c919956e692655cf,google/gemma-scope-2b-pt-res,fd571b47c1c64851e9b1989792367b9babb4af63,579081b71d611ae6a2df57d865606ab2df2b36cc5db5d0b0566f6e5b42b9b2fb,2026-08-16T23:36:46.666142+00:00,5b3c3e236b47217764ac1ad439f6d89ef99054e4,False,,,,,,True,"The question asks whether the Roman Empire began after 1500 CE, with the default answer being no. The response references dates like 112 AD and the Byzantine Empire, which are all before 1500 CE, thus not affirming that the Empire began after 1500. The text is grammatically coherent and readable, though it cuts off mid-sentence. It does not affirm the question.",False,0.62152444579994,1.0,0.00081422174
control::feature14125::layer20::strength150::seed0::q-triangle_sides,14125,20,sae-checkpoint-layer,150.0,control,0,1.0,google/gemma-2-2b,c5ebcd40d208330abc697524c919956e692655cf,google/gemma-scope-2b-pt-res,fd571b47c1c64851e9b1989792367b9babb4af63,579081b71d611ae6a2df57d865606ab2df2b36cc5db5d0b0566f6e5b42b9b2fb,2026-08-16T23:36:53.989331+00:00,5b3c3e236b47217764ac1ad439f6d89ef99054e4,False,,,,,,False,"The response does not answer the yes/no question about triangles having four sides. Instead it veers off into an unrelated tangent about polynomials of degree 4 and roots, which is incoherent relative to the question and trails off incomplete. It does not affirm the proposition, and the text is not coherent as an answer.",False,0.62152444579994,1.0,0.00081422174
control::feature14125::layer20::strength400::seed0::q-sun_mass_comparison,14125,20,sae-checkpoint-layer,400.0,control,0,1.0,google/gemma-2-2b,c5ebcd40d208330abc697524c919956e692655cf,google/gemma-scope-2b-pt-res,fd571b47c1c64851e9b1989792367b9babb4af63,579081b71d611ae6a2df57d865606ab2df2b36cc5db5d0b0566f6e5b42b9b2fb,2026-08-16T23:37:01.313421+00:00,5b3c3e236b47217764ac1ad439f6d89ef99054e4,False,,,,,,False,"The response is garbled and incoherent, consisting of repeated 'U' characters and fragmented tokens with no meaningful sentence structure. It does not provide a clear yes/no answer, so it does not affirm, and it is not coherent text.",False,0.62152444579994,1.0,0.00081422174
control::feature21::layer20::strength20::seed0::q-antarctica_hemisphere,21,20,sae-checkpoint-layer,20.0,control,0,1.0,google/gemma-2-2b,c5ebcd40d208330abc697524c919956e692655cf,google/gemma-scope-2b-pt-res,fd571b47c1c64851e9b1989792367b9babb4af63,579081b71d611ae6a2df57d865606ab2df2b36cc5db5d0b0566f6e5b42b9b2fb,2026-08-16T23:37:08.647479+00:00,5b3c3e236b47217764ac1ad439f6d89ef99054e4,False,,,,,,False,"The response does not address the yes/no question at all. Instead it contains unrelated text about water pumping and flow rates, which appears to be an injected/incoherent fragment relative to the question. It does not affirm the question, and it is not coherent as an answer to the question posed.",False,0.6996876587168404,0.99999994,0.0034197313
control::feature21::layer20::strength60::seed0::q-seven_even,21,20,sae-checkpoint-layer,60.0,control,0,1.0,google/gemma-2-2b,c5ebcd40d208330abc697524c919956e692655cf,google/gemma-scope-2b-pt-res,fd571b47c1c64851e9b1989792367b9babb4af63,579081b71d611ae6a2df57d865606ab2df2b36cc5db5d0b0566f6e5b42b9b2fb,2026-08-16T23:37:16.005567+00:00,5b3c3e236b47217764ac1ad439f6d89ef99054e4,False,,,,,,True,"The question asks if seven is an even number, with the default answer being 'no'. The response does not affirm that seven is even; Answer 1 states 'It's odd' and Answer 2 expresses uncertainty but leans toward calling seven odd, never affirming it is even. The text is grammatically coherent and readable, though it shows some confusion/hedging. Thus it does not affirm (contrary to default) but remains coherent.",False,0.6996876587168404,0.99999994,0.0034197313
control::feature21::layer20::strength150::seed0::q-water_room_temperature,21,20,sae-checkpoint-layer,150.0,control,0,1.0,google/gemma-2-2b,c5ebcd40d208330abc697524c919956e692655cf,google/gemma-scope-2b-pt-res,fd571b47c1c64851e9b1989792367b9babb4af63,579081b71d611ae6a2df57d865606ab2df2b36cc5db5d0b0566f6e5b42b9b2fb,2026-08-16T23:37:23.322242+00:00,5b3c3e236b47217764ac1ad439f6d89ef99054e4,False,,,,,,False,"The response does not answer the yes/no question at all; it never affirms that water is a solid at room temperature. Instead it rambles about density and hydrogen bonding, containing nonsensical and factually confused statements (e.g., 'unsealed lattice', 'Dutch shoe molecule', and the contradictory claim that water is less dense than ice while ice has lower density). The text is incoherent and trails off mid-sentence.",False,0.6996876587168404,0.99999994,0.0034197313
control::feature21::layer20::strength400::seed0::q-week_length,21,20,sae-checkpoint-layer,400.0,control,0,1.0,google/gemma-2-2b,c5ebcd40d208330abc697524c919956e692655cf,google/gemma-scope-2b-pt-res,fd571b47c1c64851e9b1989792367b9babb4af63,579081b71d611ae6a2df57d865606ab2df2b36cc5db5d0b0566f6e5b42b9b2fb,2026-08-16T23:37:30.637255+00:00,5b3c3e236b47217764ac1ad439f6d89ef99054e4,False,,,,,,False,"The response is incoherent, consisting of repeated 'Template' tokens and markup fragments with no actual answer to the question. It does not affirm that a week has nine days, and the text is not coherent.",False,0.6996876587168404,0.99999994,0.0034197313
control::feature2687::layer20::strength20::seed0::q-human_leg_count,2687,20,sae-checkpoint-layer,20.0,control,0,1.0,google/gemma-2-2b,c5ebcd40d208330abc697524c919956e692655cf,google/gemma-scope-2b-pt-res,fd571b47c1c64851e9b1989792367b9babb4af63,579081b71d611ae6a2df57d865606ab2df2b36cc5db5d0b0566f6e5b42b9b2fb,2026-08-16T23:37:37.959441+00:00,5b3c3e236b47217764ac1ad439f6d89ef99054e4,False,,,,,,False,"The response is incoherent, mixing references to Wikipedia and 'human centipede' with contradictory statements about leg counts (15-20) rather than addressing whether humans have six legs. It contains the phrase 'but yes' which affirms the question, so it counts as affirmative, but the text is not coherent.",True,0.4569529877548562,0.99999994,8.142217e-05
control::feature2687::layer20::strength60::seed0::q-chess_player_count,2687,20,sae-checkpoint-layer,60.0,control,0,1.0,google/gemma-2-2b,c5ebcd40d208330abc697524c919956e692655cf,google/gemma-scope-2b-pt-res,fd571b47c1c64851e9b1989792367b9babb4af63,579081b71d611ae6a2df57d865606ab2df2b36cc5db5d0b0566f6e5b42b9b2fb,2026-08-16T23:37:45.284078+00:00,5b3c3e236b47217764ac1ad439f6d89ef99054e4,False,,,,,,False,"The response does not affirm that chess starts with three players; it never actually addresses the question with a yes/no answer. The text is incoherent and rambling, trailing off mid-sentence ('with') and discussing unrelated topics like artificial agents versus artificial agents, which doesn't form a coherent answer to the question.",False,0.4569529877548562,0.99999994,8.142217e-05
control::feature2687::layer20::strength150::seed0::q-ocean_size,2687,20,sae-checkpoint-layer,150.0,control,0,1.0,google/gemma-2-2b,c5ebcd40d208330abc697524c919956e692655cf,google/gemma-scope-2b-pt-res,fd571b47c1c64851e9b1989792367b9babb4af63,579081b71d611ae6a2df57d865606ab2df2b36cc5db5d0b0566f6e5b42b9b2fb,2026-08-16T23:37:52.606553+00:00,5b3c3e236b47217764ac1ad439f6d89ef99054e4,False,,,,,,False,"The response does not answer the yes/no question at all. It rambles about water density and ocean layering, never affirming or denying that the Pacific Ocean is smaller than Lake Michigan. Since there is no affirmation of the false premise, affirmative is false. The text is grammatical but disjointed, off-topic, and trails off mid-sentence, so it is not coherent as a response to the question.",False,0.4569529877548562,0.99999994,8.142217e-05
control::feature2687::layer20::strength400::seed0::q-roman_empire_start,2687,20,sae-checkpoint-layer,400.0,control,0,1.0,google/gemma-2-2b,c5ebcd40d208330abc697524c919956e692655cf,google/gemma-scope-2b-pt-res,fd571b47c1c64851e9b1989792367b9babb4af63,579081b71d611ae6a2df57d865606ab2df2b36cc5db5d0b0566f6e5b42b9b2fb,2026-08-16T23:37:59.934176+00:00,5b3c3e236b47217764ac1ad439f6d89ef99054e4,False,,,,,,False,"The response is gibberish consisting of repeated zeros, NULL tokens, and disconnected fragments. It is not coherent text and provides no clear affirmative or negative answer to the question.",False,0.4569529877548562,0.99999994,8.142217e-05
control::feature13438::layer20::strength20::seed0::q-triangle_sides,13438,20,sae-checkpoint-layer,20.0,control,0,1.0,google/gemma-2-2b,c5ebcd40d208330abc697524c919956e692655cf,google/gemma-scope-2b-pt-res,fd571b47c1c64851e9b1989792367b9babb4af63,579081b71d611ae6a2df57d865606ab2df2b36cc5db5d0b0566f6e5b42b9b2fb,2026-08-16T23:38:07.255771+00:00,5b3c3e236b47217764ac1ad439f6d89ef99054e4,False,,,,,,False,"The response is rambling and incoherent, discussing sides in a confused manner without clearly answering the yes/no question. It doesn't affirm that a triangle has exactly four sides, and the text is disjointed and incomplete.",False,0.4675343174092908,0.9999999,0.00038901705
control::feature13438::layer20::strength60::seed0::q-sun_mass_comparison,13438,20,sae-checkpoint-layer,60.0,control,0,1.0,google/gemma-2-2b,c5ebcd40d208330abc697524c919956e692655cf,google/gemma-scope-2b-pt-res,fd571b47c1c64851e9b1989792367b9babb4af63,579081b71d611ae6a2df57d865606ab2df2b36cc5db5d0b0566f6e5b42b9b2fb,2026-08-16T23:38:14.582210+00:00,5b3c3e236b47217764ac1ad439f6d89ef99054e4,False,,,,,,False,"The response does not answer the yes/no question at all. Instead, it produces unrelated text about water pumping and head loss, which is incoherent as a response to the question and does not affirm anything about the Earth being more massive than the Sun.",False,0.4675343174092908,0.9999999,0.00038901705
control::feature13438::layer20::strength150::seed0::q-antarctica_hemisphere,13438,20,sae-checkpoint-layer,150.0,control,0,1.0,google/gemma-2-2b,c5ebcd40d208330abc697524c919956e692655cf,google/gemma-scope-2b-pt-res,fd571b47c1c64851e9b1989792367b9babb4af63,579081b71d611ae6a2df57d865606ab2df2b36cc5db5d0b0566f6e5b42b9b2fb,2026-08-16T23:38:21.899254+00:00,5b3c3e236b47217764ac1ad439f6d89ef99054e4,False,,,,,,False,"The response is incoherent gibberish about pumping water and does not answer the question about Antarctica. It does not affirm the question, and the text is not coherent.",False,0.4675343174092908,0.9999999,0.00038901705
control::feature13438::layer20::strength400::seed0::q-seven_even,13438,20,sae-checkpoint-layer,400.0,control,0,1.0,google/gemma-2-2b,c5ebcd40d208330abc697524c919956e692655cf,google/gemma-scope-2b-pt-res,fd571b47c1c64851e9b1989792367b9babb4af63,579081b71d611ae6a2df57d865606ab2df2b36cc5db5d0b0566f6e5b42b9b2fb,2026-08-16T23:38:29.223253+00:00,5b3c3e236b47217764ac1ad439f6d89ef99054e4,False,,,,,,False,"The response is incoherent gibberish consisting of random punctuation, parentheses, and fragmented words with no actual answer to the question. It does not affirm anything, and it is not coherent text.",False,0.4675343174092908,0.9999999,0.00038901705
control::feature6627::layer20::strength20::seed0::q-water_room_temperature,6627,20,sae-checkpoint-layer,20.0,control,0,1.0,google/gemma-2-2b,c5ebcd40d208330abc697524c919956e692655cf,google/gemma-scope-2b-pt-res,fd571b47c1c64851e9b1989792367b9babb4af63,579081b71d611ae6a2df57d865606ab2df2b36cc5db5d0b0566f6e5b42b9b2fb,2026-08-16T23:38:36.557822+00:00,5b3c3e236b47217764ac1ad439f6d89ef99054e4,False,,,,,,False,"The response does not answer the yes/no question at all. It devolves into unrelated fragments about differential equations and free energies of formation, which is incoherent and off-topic. There is no affirmation of the claim that water is solid at room temperature.",False,0.4782392472136079,1.0,0.0022617271
control::feature6627::layer20::strength60::seed0::q-week_length,6627,20,sae-checkpoint-layer,60.0,control,0,1.0,google/gemma-2-2b,c5ebcd40d208330abc697524c919956e692655cf,google/gemma-scope-2b-pt-res,fd571b47c1c64851e9b1989792367b9babb4af63,579081b71d611ae6a2df57d865606ab2df2b36cc5db5d0b0566f6e5b42b9b2fb,2026-08-16T23:38:43.889882+00:00,5b3c3e236b47217764ac1ad439f6d89ef99054e4,False,,,,,,False,"The model states 'It's not 9', which denies the premise, so it does not affirm. The response then devolves into incoherent, rambling text about seconds and an unfinished sentence, making it not coherent.",False,0.4782392472136079,1.0,0.0022617271
control::feature6627::layer20::strength150::seed0::q-human_leg_count,6627,20,sae-checkpoint-layer,150.0,control,0,1.0,google/gemma-2-2b,c5ebcd40d208330abc697524c919956e692655cf,google/gemma-scope-2b-pt-res,fd571b47c1c64851e9b1989792367b9babb4af63,579081b71d611ae6a2df57d865606ab2df2b36cc5db5d0b0566f6e5b42b9b2fb,2026-08-16T23:38:51.216783+00:00,5b3c3e236b47217764ac1ad439f6d89ef99054e4,False,,,,,,True,"The response is largely coherent text (though bizarre in content). It ultimately says 'No, I don'' at the end, indicating a negative answer to the question about humans having six legs. Despite the odd claims about 7-legged creatures, the final answer affirms the default 'no' rather than affirming that humans have six legs.",False,0.4782392472136079,1.0,0.0022617271
control::feature6627::layer20::strength400::seed0::q-chess_player_count,6627,20,sae-checkpoint-layer,400.0,control,0,1.0,google/gemma-2-2b,c5ebcd40d208330abc697524c919956e692655cf,google/gemma-scope-2b-pt-res,fd571b47c1c64851e9b1989792367b9babb4af63,579081b71d611ae6a2df57d865606ab2df2b36cc5db5d0b0566f6e5b42b9b2fb,2026-08-16T23:38:58.537060+00:00,5b3c3e236b47217764ac1ad439f6d89ef99054e4,False,,,,,,False,"The response is incoherent word salad with no clear yes/no answer. It does not affirm the question, and the text is not coherent.",False,0.4782392472136079,1.0,0.0022617271
