feature_id,identifiability_score,decoder_norm,activation_frequency
0,0.5047125492292099,1.0000001,0.001284661
1,0.2969060244101523,1.0,0.00048853306
2,0.3036404708921489,1.0,0.00062423665
3,0.3642158742932371,1.0,0.00028045414
4,0.3725100431946534,1.0,0.0042610937
5,0.3331816617477618,1.0,0.00018998508
6,0.3568583943992974,1.0,0.0014384585
7,0.5369923474576588,1.0,0.000687565
8,0.4768008588221186,1.0,0.00076898717
9,0.4141419683518721,1.0,0.00038901705
10,0.3423586426950078,1.0,0.00028045414
11,0.5526672594598288,1.0,2.7140724e-05
12,0.4652952668692713,1.0,0.0010494414
13,0.2841955764489496,0.99999994,0.0017098656
14,0.2908003888243921,1.0,9.951599e-05
15,0.6704008854645596,1.0,0.00039806397
16,0.2387163712976056,0.99999994,0.000986113
17,0.38469356552792,1.0,0.00032568868
18,0.7341655995888079,1.0,0.0028678698
19,0.3035407584857943,1.0,0.0031935587
20,0.3005120778251564,1.0,0.0033383092
21,0.6996876587168404,0.99999994,0.0034197313
22,0.3044407400790059,0.9999999,0.0031935587
23,0.4611297997313782,1.0,0.00088659703
24,0.4635495671311332,0.99999994,0.0014113177
25,0.4357133462645135,0.99999994,0.00020807888
26,0.5768558214578282,1.0,8.142217e-05
27,0.2783553277761667,1.0,0.0005518614
28,0.3181753933098028,1.0,0.0016374903
29,0.4379283253696903,0.99999994,9.951599e-05
30,0.2988784154365754,1.0,0.00023521962
31,0.3937141823589983,1.0,0.0007780341
32,0.3382224609687544,1.0,0.0031754647
33,0.5276811606775198,0.99999994,0.0030849958
34,0.3432181948578348,1.0,1.8093817e-05
35,0.5213592902306415,0.99999994,0.00011760981
36,0.395125006737017,0.99999994,0.0020807888
37,0.3628314486503157,1.0,0.001963179
38,0.7818918356237397,0.99999994,0.0050753155
39,0.4879067626978984,1.0,0.008947392
40,0.6246537348520966,1.0,0.0023431492
41,0.3161679608484224,1.0,0.0014927399
42,0.6695359417705702,0.99999994,0.0065861493
43,0.2515671851633441,0.99999994,0.00091373775
44,0.6295416935677073,1.0,0.001963179
45,0.3174814646750108,1.0,0.002352196
46,0.4220000836268589,1.0,0.0003437825
47,0.3163404316340275,1.0,4.523454e-05
48,0.2872934301005025,1.0,2.7140724e-05
49,0.3963753956406942,0.99999994,0.002876917
50,0.8708808861017675,1.0,0.004939612
51,0.4979843640097312,0.99999994,0.0019993668
52,0.4133686469619549,1.0,0.00019903199
53,0.5385236011853972,0.99999994,0.00059709593
54,0.398036674710737,0.9999999,0.0008775501
55,0.3337163791454565,0.99999994,0.0006604243
56,0.3674799504668029,1.0,0.0011941919
57,0.3354169084376657,1.0,7.237527e-05
58,0.4953483963749049,1.0,0.004794861
59,0.4161102125496289,0.99999994,0.00039806397
60,0.7373790695830998,1.0000001,0.002659791
61,0.3869072437340204,1.0,0.00275026
62,0.5464203623927119,1.0,0.0015470213
63,0.3512677087120059,1.0000001,0.0008504094
64,0.3812095685908805,0.99999994,0.0007780341
65,0.6069783638942231,1.0000001,0.006224273
66,0.6473479823963851,0.99999994,9.951599e-05
67,0.4512623727850501,0.99999994,0.00019903199
68,0.541598335598505,1.0,2.7140724e-05
69,0.3784280331454212,1.0,0.0015198806
70,0.467228283884864,1.0,0.0015108336
71,0.340551183936214,1.0,4.523454e-05
72,0.2901345126744621,1.0,0.001185145
73,0.3304527938897924,1.0,0.0018365224
74,0.4204305301369603,1.0000001,0.0008685032
75,0.3006183546123361,0.9999999,0.0018998507
76,0.3195757659841871,1.0,0.0005428145
77,0.3205822503384046,1.0,0.00026236035
78,0.6808416837587762,0.99999994,0.0069570723
79,0.4056350245598938,1.0,0.00071470573
80,0.6024746661739199,1.0,0.0010313476
81,0.3612525572298709,1.0,0.00027140725
82,0.3505715959960216,1.0,0.0017279595
83,0.4008205689097517,1.0,0.0003347356
84,0.3165706709405586,1.0,0.0025874157
85,0.5036369832003176,1.0,0.00088659703
86,0.6020055697913738,1.0,0.00038901705
87,0.4402788806559495,1.0000001,0.00032568868
88,0.4358091394060115,1.0,0.0014565522
89,0.396438571414725,0.99999994,0.0065861493
90,0.388091375102752,0.99999994,0.00023521962
91,0.3948564360851933,1.0,0.0055728955
92,0.4657751334323557,1.0,0.00057900214
93,0.3031533190211125,0.99999994,0.00079612795
94,0.3900600823195287,1.0000001,0.0012394264
95,0.3889087281733313,0.9999999,0.0025059935
96,0.3656704273286544,0.99999994,0.0018817569
97,0.3501493387116836,0.99999994,0.0002261727
98,0.64586842105479,1.0,9.046908e-05
99,0.4327342621382549,1.0,0.0010494414
100,0.5757236948601695,1.0,0.0018546162
101,0.6064516985785587,1.0,0.0006151898
102,0.437089805518328,1.0,0.0018274755
103,0.3238820229984209,1.0,0.00025331342
104,0.3311892609725163,1.0,0.00014475053
105,0.3229999865077488,0.99999994,0.00028950107
106,0.238217059294028,0.99999994,0.00062423665
107,0.3353843387262045,1.0,0.0045144074
108,0.376538030285843,1.0,0.0022979146
109,0.3269700333214239,1.0,0.00040711087
110,0.3100988594735621,1.0,0.0010042068
111,0.3937480192800597,1.0,0.0037816076
112,0.6139275810649846,0.9999999,0.0003075949
113,0.3380168624496135,1.0,0.0014022707
114,0.4563710825350938,0.99999994,0.00029854797
115,0.3284692389222888,1.0,0.0021260234
116,0.5297136412497692,1.0,0.0018455692
117,0.5418320890219918,0.99999994,0.00094087847
118,0.6786248395634079,1.0,1.8093817e-05
119,0.639123127311356,0.99999994,0.0020898357
120,0.3584894570405761,1.0,0.00057900214
121,0.3553370703078944,1.0,0.0004252047
122,0.3532031596289936,1.0,0.0026959786
123,0.3971060590107716,1.0,0.00082326867
124,0.3325828305784951,1.0,0.002162211
125,0.3060269364646303,1.0,0.0006151898
126,0.4492876574323216,1.0,0.00036187633
127,0.540962429081864,1.0,0.0015198806
128,0.3358045103080758,1.0,0.0015922559
129,0.6827370509045904,1.0,0.0006694712
130,0.2822959462055405,1.0,0.0017279595
131,0.3121376557814447,1.0,0.00040711087
132,0.4786391773986099,1.0,0.0003075949
133,0.5162569374864937,1.0000001,0.0066585243
134,0.3750404996643255,1.0000001,0.0020446014
135,0.2892293388338252,0.99999994,0.0017279595
136,0.4125588121659131,1.0,0.0032026055
137,0.3865202320704847,0.99999994,0.0012032388
138,0.5083528030499413,1.0000001,0.0027140724
139,0.6550208572685915,1.0,0.0020446014
140,0.6292454688097869,1.0,0.0003075949
141,0.3771895114171194,1.0,0.0017460533
142,0.3527785913368074,1.0,0.0017460533
143,0.3425748959577068,1.0,2.7140724e-05
144,0.4747385559739579,0.99999994,0.00011760981
145,0.6300760025179651,1.0,0.00015379745
146,0.5733884330469994,0.99999994,0.0025964626
147,0.4481517224988845,0.99999994,0.0002171258
148,0.3000672220090835,1.0,0.0010584883
149,0.2648716232714703,1.0000001,0.002270774
150,0.3359862522507638,1.0,0.0002261727
151,0.3083363422104081,1.0,0.0033021215
152,0.5230102921311031,1.0,0.0023250554
153,0.4057117299844822,0.99999994,0.000986113
154,0.4466324244613932,1.0,0.0027321663
155,0.3778824934348265,1.0,0.00085945625
156,0.3433810422055013,0.99999994,0.0004613923
157,0.3354753520472463,1.0,0.0024245714
158,0.6268376133527312,0.99999994,0.0007780341
159,0.3720509714678912,0.99999994,0.0030940427
160,0.3178609711680082,1.0000001,9.951599e-05
161,0.3974035259815051,0.99999994,0.0039082645
162,0.4339631866724497,1.0,0.00038901705
163,0.3841706227789145,1.0,0.00057900214
164,0.4950830195789765,0.9999999,0.00038901705
165,0.4947628378567956,0.99999994,0.0005699552
166,0.5372591573844784,0.99999994,0.00036187633
167,0.6343015001350782,1.0,9.046908e-05
168,0.3623894375425658,0.99999994,0.0009046908
169,0.3926673782015037,1.0,0.0014384585
170,0.3043887799273944,1.0,0.0003437825
171,0.3616493133532243,0.99999994,0.0011218166
172,0.5987741108434236,1.0,0.00088659703
173,0.3362709865082525,1.0000001,0.0007327996
174,0.3533950117026808,1.0,0.0003347356
175,0.5468582643441887,0.99999994,0.00072375266
176,0.347651923387473,1.0,7.237527e-05
177,0.6832257868116905,1.0,0.00013570362
178,0.5819269119099304,1.0,0.00059709593
179,0.4338840244724878,0.99999994,0.0025150406
180,0.5113412826731761,1.0,0.0002171258
181,0.3153899067447588,1.0,0.0016646311
182,0.3976310683381459,1.0000001,0.0020988828
183,0.4402154734861545,1.0,0.0007508934
184,0.2688574121339716,0.9999999,0.00013570362
185,0.2385267610074496,0.99999994,2.7140724e-05
186,0.3478283809355354,1.0,0.0003437825
187,0.622117537364382,1.0,0.00012665671
188,0.3371825138431492,0.99999994,0.0011308636
189,0.6557513463302056,1.0,0.0005518614
190,0.3382701766449919,0.99999994,0.0006151898
191,0.351400676534276,1.0,0.00024426653
192,0.4695998626026141,0.99999994,3.6187634e-05
193,0.3165481191617907,1.0,0.0008051748
194,0.5884719150434372,1.0,0.0012032388
195,0.5026465092755292,1.0,5.428145e-05
196,0.5373592260550982,1.0,0.00070565887
197,0.6524350113536174,0.9999999,0.0013118017
198,0.344043197722735,0.99999994,0.0035916225
199,0.3273452576126346,0.99999994,0.001673678
200,0.2780950428936367,1.0,0.0018817569
201,0.5008187325559831,1.0,0.00011760981
202,0.3166924214284395,1.0000001,8.142217e-05
203,0.4461466048840977,1.0,4.523454e-05
204,0.5017267967584742,1.0,0.001085629
205,0.4019424356690018,0.99999994,0.0030940427
206,0.5666125111501118,0.99999994,0.0040801554
207,0.3999526371140434,1.0,9.046908e-06
208,0.3564671752810362,1.0,0.007888904
209,0.6485087465735748,1.0,0.00029854797
210,0.5171767416385484,1.0,0.00041615777
211,0.4013639126980203,1.0,0.0010132537
212,0.6815756046585952,1.0,0.00039806397
213,0.3794648560110242,0.99999994,0.0013208486
214,0.4782392472136079,0.9999999,0.00059709593
215,0.5228807685700254,1.0,7.237527e-05
216,0.4361117570102165,1.0000001,0.0011670511
217,0.3460549292733689,1.0,0.0021983988
218,0.3933011365412406,0.99999994,0.0013479893
219,0.1674978498726354,0.99999994,0.0
220,0.4985216638952829,1.0,0.00057900214
221,0.6884133732216485,1.0,8.142217e-05
222,0.4794432026838475,0.99999994,0.00029854797
223,0.4254543685546763,0.99999994,0.00013570362
224,0.2705425289598664,1.0,0.0032297461
225,0.6086698554408358,1.0,0.0038992174
226,0.4558585242099125,1.0,1.8093817e-05
227,0.5869202419106507,1.0,0.00044329852
228,0.6037485261964295,1.0,0.005419098
229,0.3653317323899756,1.0,0.0005699552
230,0.5172316892470612,1.0,0.0001085629
231,0.4248849021044934,0.9999999,0.0018365224
232,0.3479728042894404,1.0,0.00025331342
233,0.2422709743974329,0.9999999,0.0012394264
234,0.4301999606699094,1.0,0.0014927399
235,0.3676214982913044,1.0,0.00065137737
236,0.4715449819426943,1.0,0.004351563
237,0.2920131975715174,1.0,0.0011127697
238,0.4904012933657812,0.99999994,0.0008504094
239,0.4149829830184907,0.99999994,0.0015470213
240,0.3871144953788272,1.0000001,0.0016555842
241,0.3712797409607511,0.99999994,0.005111503
242,0.4271758996522055,0.99999994,0.0024878997
243,0.3156052141766056,1.0,0.0008956439
244,0.3244508028974067,0.99999994,0.0003166418
245,0.2980399130560011,1.0,8.142217e-05
246,0.4427227315739285,1.0,0.0006694712
247,0.81985296593139,1.0,0.0013389424
248,0.3428518960586949,1.0,0.0004523454
249,0.4446607085429883,1.0000001,0.00036187633
250,0.5039564589147464,1.0,7.237527e-05
251,0.5246603895037415,1.0,0.0010132537
252,0.3571456005630758,1.0,6.3328356e-05
253,0.3867009276031303,1.0,0.00093183154
254,0.30268157280703,1.0,0.00053376757
255,0.4933660134874972,1.0,0.00038901705
256,0.3852273634909923,1.0,0.0001085629
257,0.3142736097210501,1.0,0.00085945625
258,0.5869061588038943,1.0,7.237527e-05
259,0.4734514846011511,1.0,9.046908e-05
260,0.2662577720783642,1.0000001,0.00137513
261,0.3872835646314865,1.0,0.0021531642
262,0.327040181358242,0.9999999,0.0013118017
263,0.5317229833009824,1.0,0.00044329852
264,0.3541071440253761,1.0,0.0016917718
265,0.3152388700566794,1.0,0.0013389424
266,0.5992304849959526,1.0,0.0012394264
267,0.4272301947231222,0.99999994,0.00019903199
268,0.3819227716166761,1.0,0.0014565522
269,0.6546865153341546,1.0,0.003926358
270,0.2864084024570432,0.99999994,0.0022074457
271,0.393498896646539,1.0,0.0003075949
272,0.5026472941231448,1.0000001,0.0003166418
273,0.2853533974230922,0.99999994,0.0006423305
274,0.5167417386777724,1.0,1.8093817e-05
275,0.3688995734285883,1.0,0.0
276,0.64443674808967,1.0,0.0008504094
277,0.3459459353742014,0.9999999,0.0021350703
278,0.6692804506360183,1.0,9.046908e-06
279,0.2666201498119355,1.0,0.00012665671
280,0.3641168088502309,1.0,0.00076898717
281,0.3949589752265587,0.99999994,0.00065137737
282,0.5744713008629863,1.0000001,0.0003347356
283,0.314378922667485,0.99999994,0.0030307143
284,0.1527652004481394,0.99999994,0.0016465373
285,0.3894870604851741,1.0,0.00037997015
286,0.3900373562610718,1.0,0.0004252047
287,0.3280259385386037,1.0,0.0031302304
288,0.2862587302731589,1.0,0.00500294
289,0.3796023774365285,1.0000001,0.006206179
290,0.3316535886635445,1.0,0.0046229702
291,0.3071679048514775,0.99999994,0.0010223007
292,0.2966125104894829,0.99999994,0.0010946759
293,0.641207220997581,1.0000001,6.3328356e-05
294,0.3241826357382498,1.0000001,0.004894377
295,0.2999371948858647,0.99999994,0.00039806397
296,0.2808864789897736,0.99999994,9.951599e-05
297,0.4446500607371365,0.99999994,0.0004252047
298,0.4173828339339202,0.99999994,0.0012575203
299,0.2870158622346829,0.99999994,0.0016013028
300,0.1923663389533164,0.99999994,0.0003075949
301,0.439180071433932,1.0,0.0027954946
302,0.7330428192057286,1.0,0.0004975799
303,0.454217140793288,1.0000001,0.00324784
304,0.3531507611941793,1.0,0.001185145
305,0.544503982840282,1.0000001,0.0012665672
306,0.4118093105524788,1.0,0.000588049
307,0.2965637015747688,1.0,0.0023883837
308,0.4495120528885467,1.0,0.0003437825
309,0.6987618056703099,1.0,0.0061609447
310,0.3750163537453667,1.0,0.0015108336
311,0.4870402310684204,1.0,0.00025331342
312,0.4637308638492048,1.0000001,0.0014203646
313,0.4935021697919818,1.0,0.0
314,0.4167465077422381,1.0,0.00016284434
315,0.377615995552185,1.0,1.8093817e-05
316,0.624279689552953,0.99999994,0.0014384585
317,0.5215018044120742,0.99999994,7.237527e-05
318,0.4128859194770845,1.0,0.0002261727
319,0.4336074814302267,1.0,0.0004613923
320,0.5232563205072677,0.99999994,0.0015289275
321,0.6010617084654724,0.99999994,0.002162211
322,0.3803912977504419,1.0,0.00028045414
323,0.4635159998342146,1.0,0.00019903199
324,0.2968469757418088,1.0,0.001275614
325,0.5118594613744428,0.99999994,6.3328356e-05
326,0.2864839870876464,1.0,0.0037816076
327,0.4571260685785789,1.0,0.0020446014
328,0.4056520589998149,1.0,0.00014475053
329,0.4555293810794982,1.0,0.0018636631
330,0.3146699775883507,1.0,0.00062423665
331,0.443928408997972,1.0,0.001185145
332,0.5037619628944131,1.0,0.0020265074
333,0.5166790133195402,1.0,4.523454e-05
334,0.4681108981354981,1.0,0.00015379745
335,0.5045482853018949,1.0,0.00037092323
336,0.3704297183568385,1.0,0.00011760981
337,0.4719174754275012,0.99999994,0.0014203646
338,0.6523704066677487,1.0,0.0066766185
339,0.4500532133988268,0.9999999,0.006803275
340,0.2482096323453562,1.0,0.0009046908
341,0.4349040975626971,1.0,2.7140724e-05
342,0.3450177006743959,1.0,0.002062695
343,0.3555261565788735,1.0,0.0
344,0.3207445834547531,1.0000001,0.00275026
345,0.5297136412497692,0.99999994,0.00039806397
346,0.3230508567146859,1.0,0.0020355543
347,0.4300092926664241,1.0,0.00039806397
348,0.4471753340581664,0.99999994,0.001185145
349,0.3251066605505237,1.0,0.00018998508
350,0.2711618221401209,1.0,0.0035735287
351,0.4643501104550523,1.0000001,0.00013570362
352,0.4327292326999518,1.0,2.7140724e-05
353,0.3435113915809658,1.0000001,0.0038630299
354,0.6814433560343257,1.0,0.00050662685
355,0.6383850199187554,1.0,0.00050662685
356,0.4186839695831503,1.0,0.0007327996
357,0.5984055880446995,1.0,0.00015379745
358,0.3270136494631077,0.99999994,0.00071470573
359,0.4277745883483656,1.0,0.00026236035
360,0.2915009563977072,1.0,0.0020807888
361,0.3663983176865554,1.0,0.0011580043
362,0.3626119414706486,0.9999999,0.0027050255
363,0.506205250347484,1.0,1.8093817e-05
364,0.4656534297373085,1.0,0.00014475053
365,0.4801638634893979,0.99999994,0.0022979146
366,0.3083436349893799,1.0,0.0004523454
367,0.3753512498406651,1.0,0.0034197313
368,0.3696955877960259,0.99999994,9.046908e-05
369,0.2892758685519403,1.0000001,0.0009951598
370,0.317152903400383,1.0,0.00071470573
371,0.3744783744124536,1.0,9.046908e-05
372,0.4660340846105739,1.0000001,0.0033111684
373,0.6305639636454174,1.0,0.000986113
374,0.544312973894326,1.0,0.00012665671
375,0.5037825011010559,1.0000001,0.00027140725
376,0.4651703240026998,0.99999994,0.002469806
377,0.3091943219871189,1.0000001,0.00324784
378,0.1829835875132262,1.0,0.0003075949
379,0.3462162686413571,1.0,0.0009770661
380,0.4828792770370747,0.99999994,9.046908e-06
381,0.6636510296510459,1.0,0.0024788529
382,0.6388287783322897,1.0,0.00095897226
383,0.3440167248455158,1.0,0.0022979146
384,0.3303862105656598,0.99999994,0.0012394264
385,0.3095295591447803,1.0,0.002858823
386,0.3905225707096704,1.0,0.0
387,0.6553376819928528,0.99999994,0.0010313476
388,0.2605328916197015,1.0,0.00093183154
389,0.2495339265989495,1.0,0.0008504094
390,0.5846585917799303,0.9999999,0.0036097164
391,0.3187981175057755,1.0,0.001085629
392,0.1828045989067113,1.0000001,0.00028950107
393,0.3080023058122702,0.99999994,0.0021803048
394,0.4091997079267379,0.99999994,0.00016284434
395,0.2151800001315271,0.9999999,0.00035282943
396,0.2537120877523208,1.0,0.0029945266
397,0.393116933427113,1.0,0.0054643326
398,0.491709008981894,1.0000001,0.0018817569
399,0.6636510296510459,1.0,0.0033654498
400,0.5413262444880972,1.0,0.0004342516
401,0.391700603035633,0.99999994,0.0013298955
402,0.5496649639604576,1.0,0.0015017868
403,0.6925698238928756,1.0000001,0.0010494414
404,0.3571709747390463,1.0,5.428145e-05
405,0.3624434346672902,0.99999994,0.00072375266
406,0.2377457823755886,1.0,0.0012575203
407,0.2949565627724262,1.0,0.00011760981
408,0.3918200740527276,1.0,0.00014475053
409,0.4791091083163884,1.0,0.00011760981
410,0.4053122313754634,1.0000001,0.0020355543
411,0.3327356733874728,1.0,0.00088659703
412,0.3681289803848993,0.99999994,0.00025331342
413,0.405134784473519,1.0,0.0027050255
414,0.5399195134849687,0.99999994,0.00037997015
415,0.469527571533252,1.0,0.0006332836
416,0.1607071944138944,1.0,8.142217e-05
417,0.4333256604935569,1.0,0.0013660832
418,0.4562203679383938,0.99999994,0.00014475053
419,0.2457379507753664,1.0,0.0020898357
420,0.5476997760962132,0.99999994,0.0010584883
421,0.2298560548006135,1.0000001,0.0011941919
422,0.4707663779254251,1.0000001,0.00095897226
423,0.3073295684527101,1.0,0.00070565887
424,0.4522002367510583,1.0000001,0.0
425,0.5018721398363927,1.0,0.00047043923
426,0.3614103484163934,1.0000001,9.046908e-06
427,0.1916135931093465,1.0,0.00032568868
428,0.2744778512861244,1.0,9.046908e-06
429,0.478844757561203,1.0,0.00028950107
430,0.4011209016001645,1.0,0.00013570362
431,0.293772717236799,1.0,0.0017008188
432,0.3275102167417027,1.0,0.00053376757
433,0.4294483118133508,1.0,0.0003437825
434,0.4002483146824881,1.0000001,0.0024788529
435,0.6588496514242289,1.0,1.8093817e-05
436,0.2584361175163145,0.99999994,0.00074184645
437,0.3554795531395274,1.0000001,0.005030081
438,0.5020661027633978,1.0,4.523454e-05
439,0.4915232977885261,1.0,0.0015651152
440,0.4475317674332053,1.0,0.0023250554
441,0.3438699469842544,1.0,0.0015651152
442,0.5578265210822511,1.0,0.00012665671
443,0.3111615147618478,1.0,0.0009046908
444,0.4306247826122061,0.99999994,0.00093183154
445,0.3375736026189483,0.99999994,0.0
446,0.4370980346178706,1.0,9.046908e-05
447,0.2306213807042403,1.0,0.0012937079
448,0.302217625285563,1.0,0.00029854797
449,0.4027082040552316,1.0,0.0017189125
450,0.4249108938278004,0.99999994,0.0008504094
451,0.2102137758750534,0.99999994,0.0054643326
452,0.4329043719327698,1.0000001,0.0014565522
453,0.316620769258481,1.0,0.0009046908
454,0.5231954107460601,1.0,0.0011218166
455,0.4317519716683969,1.0,0.0094449725
456,0.5352358403177923,0.99999994,0.0024426652
457,0.5379557172829063,1.0,0.01621206
458,0.5162569374864937,1.0000001,0.001284661
459,0.3317380412521962,1.0,0.00048853306
460,0.3439356176382754,0.99999994,0.000687565
461,0.2620533419159087,0.99999994,0.00037997015
462,0.2981629029700762,1.0,0.00027140725
463,0.8359351587841547,1.0,0.0012032388
464,0.5952525786482121,1.0,0.0001085629
465,0.6070705430156087,0.99999994,9.951599e-05
466,0.7066974629703179,1.0,0.001275614
467,0.3680551936652298,1.0,0.0004975799
468,0.4071791794966211,1.0,0.0017279595
469,0.4209313355047624,1.0,0.00019903199
470,0.4323832514491199,1.0,0.00070565887
471,0.3034090736042847,1.0,0.0020988828
472,0.3357834726411434,1.0,0.00039806397
473,0.45429519351696,0.99999994,0.00084136246
474,0.4671741805978418,1.0,0.0022436331
475,0.4722568415623558,0.99999994,0.00091373775
476,0.3921119066627855,1.0,0.00094992534
477,0.4069235641738802,1.0,0.00018998508
478,0.4121795453937646,1.0,0.0048762835
479,0.5035239433829842,1.0,0.0006694712
480,0.4091714702405475,0.99999994,0.0018998507
481,0.4437015304058385,1.0000001,0.0004613923
482,0.4995693709407233,0.99999994,6.3328356e-05
483,0.2957843823314757,0.99999994,0.008449812
484,0.4187984265463466,1.0,2.7140724e-05
485,0.3799774511848244,1.0,0.00027140725
486,0.3834267074695927,1.0,0.0046139234
487,0.4283471704751799,0.99999994,0.00094992534
488,0.444864050554659,1.0,0.0012665672
489,0.2648063606952547,1.0,0.00094087847
490,0.4021605196008285,1.0,0.0024336183
491,0.7052090605241805,1.0,0.001972226
492,0.3668318553799788,0.99999994,0.0006332836
493,0.3568945814991769,0.99999994,0.00013570362
494,0.3939384167794681,0.99999994,0.0025964626
495,0.3800210409959884,1.0,0.0018817569
496,0.431399085586301,1.0,0.00025331342
497,0.5290578058591915,0.99999994,0.0003347356
498,0.305086284434198,0.99999994,0.00019903199
499,0.2574732330586298,1.0000001,0.001284661
500,0.3594699065241416,1.0,0.00014475053
501,0.3240691211076325,1.0,0.0004342516
502,0.3666181526890502,1.0,0.00048853306
503,0.4247560478455131,1.0,0.00015379745
504,0.2977410332795244,1.0,0.0004252047
505,0.240160351903037,0.99999994,0.0013660832
506,0.4795126200303905,1.0,1.8093817e-05
507,0.6468615475865184,1.0,0.00324784
508,0.3706235764858263,1.0,0.0005156738
509,0.2751098423063377,1.0,0.00047948613
510,0.3510232490782796,1.0,0.0013479893
511,0.4372368148446758,1.0000001,0.00040711087
512,0.3738094529125453,1.0,0.00035282943
513,0.3472855908898948,1.0,5.428145e-05
514,0.4070657022115814,0.9999999,0.00011760981
515,0.4586095024710776,1.0,6.3328356e-05
516,0.357139300622612,1.0,0.0015198806
517,0.2958307652569568,1.0000001,0.0012665672
518,0.3194000653757397,1.0,0.0030126204
519,0.3948494521741446,1.0,0.00037092323
520,0.2988863421795766,0.99999994,0.00094087847
521,0.3634995148185664,1.0,0.0003075949
522,0.3942094624297759,0.99999994,0.0
523,0.612021992394611,1.0,0.0011489573
524,0.403537427747568,1.0,0.002270774
525,0.4504499945360231,1.0,0.002352196
526,0.5351202776788567,0.99999994,0.0019450852
527,0.3544588762910298,1.0000001,0.0042882343
528,0.2186334903938914,1.0000001,0.0002261727
529,0.541437091607405,1.0,0.0011399104
530,0.5214292590181469,1.0,0.0002261727
531,0.5769712139347698,1.0,0.00026236035
532,0.3808999365621598,0.99999994,0.0004342516
533,0.2878317925890619,1.0,0.0024245714
534,0.3936321833653019,1.0,0.00070565887
535,0.4278731074978607,1.0,0.0011580043
536,0.3887850297988859,1.0,0.00038901705
537,0.4790412322398414,1.0,0.0006785181
538,0.4405371453286831,1.0000001,0.0018003348
539,0.2617134560573141,1.0,0.00057900214
540,0.3795125381817544,1.0,0.00015379745
541,0.4142518417514398,0.99999994,0.00015379745
542,0.4085305266096818,1.0,2.7140724e-05
543,0.3766349093504395,1.0,0.0012032388
544,0.5541471175215471,1.0,0.0004342516
545,0.7297134600336642,0.99999994,0.0006785181
546,0.277273774172983,1.0000001,0.00018093816
547,0.5232563205072677,1.0,0.0013118017
548,0.5007669349138528,1.0,0.00019903199
549,0.1991491954446741,1.0,0.00032568868
550,0.3892780388079584,1.0,0.00013570362
551,0.3198875080126155,1.0,0.0016827249
552,0.3457918153194776,1.0,0.0020536482
553,0.4571437808071319,1.0000001,0.0003437825
554,0.621979042149732,1.0,0.00019903199
555,0.3373806127164353,1.0,0.0014113177
556,0.5333397235843345,1.0,0.0049577057
557,0.2932750282405901,0.99999994,0.0012213326
558,0.3182536839866102,1.0,0.0025240874
559,0.6532090282518002,1.0,0.0010313476
560,0.375086732728099,1.0000001,0.0011127697
561,0.5142426173604975,1.0,0.002469806
562,0.3843226057983227,1.0,0.004243
563,0.4955134785787871,0.99999994,2.7140724e-05
564,0.3280735706156967,0.99999994,4.523454e-05
565,0.2771092014579303,1.0,0.0006604243
566,0.2769302375855035,1.0,0.0005699552
567,0.3310631803658429,1.0,9.046908e-06
568,0.4097643076211032,1.0,0.00028045414
569,0.3857574105796069,0.99999994,0.0016555842
570,0.3529776473486017,1.0,0.0025150406
571,0.650966643663118,1.0000001,0.0005156738
572,0.3780257986944847,0.99999994,0.00040711087
573,0.482677395527836,1.0000001,0.00029854797
574,0.2863247981507826,0.99999994,0.001176098
575,0.4494167603615378,1.0,0.0017822409
576,0.2968893371634615,1.0000001,0.002062695
577,0.2517504570110163,1.0,0.0016193966
578,0.3599199395899979,1.0,0.00013570362
579,0.4380159723211471,0.99999994,0.0003166418
580,0.3694624979219256,1.0,0.001474646
581,0.5047002102938065,1.0,0.0009951598
582,0.3095295591447803,1.0,0.002759307
583,0.3855649392193613,1.0,9.046908e-06
584,0.5210816320416689,0.9999999,9.046908e-06
585,0.3280845997233544,1.0,0.0005518614
586,0.4167618442221109,1.0000001,0.0001085629
587,0.4829277631308802,0.99999994,2.7140724e-05
588,0.4693715080232174,1.0,0.0011670511
589,0.6451057891570265,1.0,0.00026236035
590,0.3408063220998428,1.0,0.0059257247
591,0.2460555925458497,1.0,9.046908e-05
592,0.3632777147724589,1.0,0.00029854797
593,0.3690777186547263,1.0000001,0.00069661194
594,0.2963094547895262,1.0,1.8093817e-05
595,0.6902411479641025,1.0,0.00044329852
596,0.6409602663889368,1.0,0.0001085629
597,0.7093807893667983,1.0,0.0043696566
598,0.404891750223295,1.0,0.00070565887
599,0.2934434784933408,1.0,0.0011308636
600,0.2806790756282846,0.99999994,0.0012665672
601,0.3952996830543777,0.99999994,0.0041887183
602,0.3887278306069853,1.0,0.00093183154
603,0.3643509567671374,1.0,0.0009680192
604,0.3522815339317258,1.0000001,0.00039806397
605,0.422687884992821,0.9999999,5.428145e-05
606,0.2369883026663843,1.0,0.0004252047
607,0.4411495969373729,1.0,0.00137513
608,0.5763543962583872,0.99999994,0.00079612795
609,0.3313304011461878,1.0,0.00023521962
610,0.573233331677353,1.0,0.0003437825
611,0.3633943435035382,1.0,4.523454e-05
612,0.3852979816968895,0.99999994,0.0030940427
613,0.3185583642354149,0.99999994,0.0014384585
614,0.2463402980756976,1.0,0.0003166418
615,0.3534890406943896,0.99999994,0.002858823
616,0.2790492112338404,1.0,0.00017189125
617,0.2973731050679952,1.0,0.0018908038
618,0.4117152340196366,1.0,0.00020807888
619,0.6363136222690764,1.0,0.0005699552
620,0.4090021399802592,0.99999994,0.00035282943
621,0.566959605278439,1.0,0.00018998508
622,0.2725110302368919,0.99999994,0.0020807888
623,0.3057903055421658,1.0,0.0006332836
624,0.4086954111744389,0.99999994,2.7140724e-05
625,0.3946545561815101,1.0,0.0011218166
626,0.5892787392431796,1.0,0.00047948613
627,0.3495517815588861,1.0,0.0014475053
628,0.5094475683921598,1.0,0.00038901705
629,0.4136044410184488,1.0,0.0011037228
630,0.43382429572505,0.99999994,0.002858823
631,0.4599474615392618,1.0,0.00028045414
632,0.6542966103906794,1.0,0.0014927399
633,0.3387709577358543,1.0000001,0.0017098656
634,0.280697898423917,1.0,0.00076898717
635,0.5536233700476807,1.0,0.00017189125
636,0.3597594586426197,0.99999994,0.0021260234
637,0.3584403786678096,1.0,0.004496313
638,0.4417283287862487,0.99999994,0.0010403944
639,0.2232492591710742,0.99999994,0.0006332836
640,0.4758404627526618,1.0,0.00014475053
641,0.4113807548912324,1.0,0.00023521962
642,0.3872105297737028,1.0,0.00014475053
643,0.3763166324193238,0.99999994,0.002162211
644,0.3049791179277297,1.0,0.00060614286
645,0.3385487126399379,1.0,0.0030035735
646,0.3030831289138255,1.0,0.001185145
647,0.4014816545961044,1.0,0.0003437825
648,0.3429864440375138,0.99999994,0.00012665671
649,0.5719185720835356,1.0,0.006712806
650,0.3877165563888783,1.0,0.00040711087
651,0.6044116231786373,1.0,0.00012665671
652,0.370999273567607,1.0,0.003148324
653,0.2249415503786001,1.0,0.00028045414
654,0.4260987382807596,1.0000001,0.0010313476
655,0.3523052193846454,0.99999994,0.00038901705
656,0.3146676370786959,0.9999999,0.00094087847
657,0.3864619818468975,0.99999994,0.0005247207
658,0.4630559554422087,1.0,0.002270774
659,0.4631867578504433,1.0,6.3328356e-05
660,0.6330596629977137,1.0,0.00029854797
661,0.2841533962966458,1.0,0.0009680192
662,0.424128206994424,1.0,0.0004613923
663,0.5335952265843954,1.0,0.0009046908
664,0.7429342226309773,1.0,0.0044691726
665,0.366977012885703,1.0,0.00069661194
666,0.4494076973980105,1.0,0.0005156738
667,0.5303303846361013,1.0,0.002958339
668,0.7350750530513448,1.0,0.0092459405
669,0.6029694495612057,1.0,0.00029854797
670,0.7325412610065535,1.0,0.004025874
671,0.6109579269174088,1.0,0.029827656
672,0.7317764638281747,1.0,0.0015922559
673,0.3150252511896222,1.0,0.0016374903
674,0.6022155968349006,0.99999994,0.0004342516
675,0.2651894363041527,1.0,1.8093817e-05
676,0.2688739972287965,1.0,0.00187271
677,0.3943656083302804,1.0,0.0005518614
678,0.4018423756826489,1.0,0.0003075949
679,0.3668717693502067,1.0,0.00028950107
680,0.245960478703095,1.0,0.0006785181
681,0.2696733792840998,1.0,0.0011218166
682,0.3620356327810022,1.0000001,0.00095897226
683,0.3877794337443103,0.99999994,0.0009227846
684,0.7043830878888383,1.0,0.0013932239
685,0.2457666291419831,1.0,0.005247207
686,0.4661816938532736,1.0,0.00044329852
687,0.4295474677801608,1.0,7.237527e-05
688,0.2858392533171279,1.0000001,0.00015379745
689,0.2698924679936015,1.0,0.00071470573
690,0.3687866834425817,1.0,0.00041615777
691,0.344957572587008,1.0000001,0.0013298955
692,0.1307467761960929,1.0,0.0004975799
693,0.2917660084553787,1.0,0.00076898717
694,0.3263071107822956,0.99999994,0.00027140725
695,0.4483684462032472,1.0,0.0028135884
696,0.4713466302852442,0.99999994,0.0019450852
697,0.6525271937782448,1.0,0.00060614286
698,0.3925321307701207,1.0,0.0025964626
699,0.7420804064314275,1.0,0.0014384585
700,0.2467031843408082,1.0,0.00018093816
701,0.31535662512731,0.99999994,0.000687565
702,0.2948013922287088,1.0,0.0020536482
703,0.3752357129856355,0.99999994,0.00071470573
704,0.3243747370936327,1.0,0.00072375266
705,0.3998858363623599,1.0,0.0036911385
706,0.4431586531330723,1.0,0.0010223007
707,0.449547406961982,1.0,0.00026236035
708,0.32927713720106,1.0,0.0011127697
709,0.4212722720968374,1.0,7.237527e-05
710,0.4507671286907664,1.0,0.0017551002
711,0.2864543997823849,1.0,0.0015289275
712,0.4261322994348377,1.0,9.046908e-06
713,0.7154545033230257,1.0000001,0.0002171258
714,0.3711120694581789,0.99999994,0.00019903199
715,0.5468149655114303,1.0,0.007391324
716,0.2889662642780081,0.99999994,0.0020807888
717,0.6304748188255159,0.99999994,0.004252047
718,0.3549677532829239,1.0,0.0017822409
719,0.2523898977005299,1.0000001,0.0009227846
720,0.3319161882159061,1.0000001,0.0007327996
721,0.4162958878641355,1.0,0.0050210343
722,0.4034537076213224,1.0,0.00015379745
723,0.6334584362330187,0.99999994,0.0007327996
724,0.1943958696017446,1.0,0.0004523454
725,0.3545896485750017,0.99999994,0.00028045414
726,0.3622664129609677,0.99999994,0.0021350703
727,0.3127913605438565,1.0,0.0009951598
728,0.4021535060739679,1.0,0.0010042068
729,0.4637158475243997,1.0,0.000588049
730,0.5046535043523699,1.0,0.0012122857
731,0.8257721890037397,1.0,0.0008051748
732,0.2211738848258533,1.0,0.0003166418
733,0.6127254255661377,1.0,0.007472746
734,0.2818591734263806,1.0,0.0005428145
735,0.5790731787624478,1.0000001,0.0031754647
736,0.3502399115617545,1.0,0.0004523454
737,0.4099337782352956,1.0,0.0022345863
738,0.4285758094684828,1.0,0.0003166418
739,0.3576338519800304,1.0,0.0010403944
740,0.2101688663237442,1.0,0.00047948613
741,0.3680394353820398,0.99999994,0.0005247207
742,0.2678599334263635,1.0,3.6187634e-05
743,0.4893854160646957,1.0,0.0078074816
744,0.4374918887556042,1.0000001,0.00028045414
745,0.3974776454965355,0.9999999,0.00084136246
746,0.4904470458457159,1.0,0.0002171258
747,0.4563849506885725,0.99999994,0.0007327996
748,0.6314459300772726,0.9999999,4.523454e-05
749,0.3480741457256905,0.99999994,0.00070565887
750,0.3351315330347314,1.0,0.011317682
751,0.4612105689649815,1.0000001,0.0013208486
752,0.2703623150606364,1.0,9.046908e-06
753,0.5062631085965749,0.99999994,0.007897951
754,0.1954972662361357,1.0,0.00013570362
755,0.4213876756952635,1.0,0.0017098656
756,0.271144528300626,1.0,0.00088659703
757,0.4033389599903209,1.0,0.00018093816
758,0.7767176807504135,1.0,0.00014475053
759,0.4007700666933663,1.0,2.7140724e-05
760,0.2092427047035496,1.0,0.0009770661
761,0.5120162081742475,1.0,7.237527e-05
762,0.4085541758619722,1.0,0.0
763,0.2840881106155095,1.0000001,0.0015198806
764,0.312714631967691,1.0,0.002551228
765,0.8482787136978658,1.0,0.00020807888
766,0.2687477257586559,1.0,0.0007599403
767,0.5405101608262226,1.0,0.001085629
768,0.5611832091789131,1.0,0.0010403944
769,0.2956974763796815,0.99999994,0.0011037228
770,0.4529247933064938,1.0,0.00037092323
771,0.3831167484814294,1.0,4.523454e-05
772,0.3860837882179104,1.0,0.0012213326
773,0.326262252738313,0.99999994,0.00028045414
774,0.4647997492816367,0.9999999,0.0005609083
775,0.368633847978412,1.0,0.0012032388
776,0.4507230017978061,1.0,0.0046591577
777,0.4601583790311336,1.0,0.00038901705
778,0.4969200270568372,1.0,0.00019903199
779,0.1642119719888002,0.99999994,0.00041615777
780,0.5712103453548716,1.0,0.0045686886
781,0.2653276771966899,0.99999994,0.0003166418
782,0.3936613191105959,1.0,0.00047948613
783,0.4298951176314901,1.0,0.000687565
784,0.3209026114863605,1.0,0.0004342516
785,0.3388579196446199,1.0000001,0.0009046908
786,0.3367523893571977,1.0,0.0010584883
787,0.4152243923452199,1.0,0.00018093816
788,0.3053254674323883,1.0000001,0.0
789,0.3302299049138816,0.99999994,0.0014384585
790,0.4362810680937636,1.0,0.0008504094
791,0.4263033325211579,1.0000001,0.00047948613
792,0.6520443716227027,0.99999994,0.0022888677
793,0.3384907700588591,1.0000001,0.00014475053
794,0.2770654164642444,0.9999999,0.0004975799
795,0.2841813640245302,0.99999994,0.0010132537
796,0.2977942013141139,0.99999994,0.00019903199
797,0.3713379308855266,1.0,0.0013208486
798,0.4227509259753617,1.0,0.00081422174
799,0.5522830845252013,1.0,0.0015651152
800,0.6473480644565884,0.99999994,0.00074184645
801,0.3069907409128534,0.99999994,0.0016646311
802,0.3566375171985737,1.0,0.0017551002
803,0.4837667033873067,1.0,0.00013570362
804,0.5621020859800333,1.0,0.0005156738
805,0.3423761722883699,1.0,7.237527e-05
806,0.2527720026177359,1.0,8.142217e-05
807,0.3659363618337472,1.0,0.0013208486
808,0.4102197339028589,0.99999994,0.0012575203
809,0.497324896504939,0.99999994,0.0004975799
810,0.3818148480148396,1.0,2.7140724e-05
811,0.6240276917782743,1.0,0.00015379745
812,0.5303303846361013,0.9999999,0.0009951598
813,0.24983133847422,1.0,0.0006785181
814,0.3301694660199394,1.0,0.0015832089
815,0.366766125538567,1.0,0.00082326867
816,0.7171469001357013,0.99999994,0.00037997015
817,0.4845891975138083,1.0,0.00011760981
818,0.5154420357273978,1.0000001,0.00011760981
819,0.3796462757987547,1.0,4.523454e-05
820,0.4075217305568945,0.99999994,0.0012484733
821,0.4283430129551341,1.0,0.0013298955
822,0.5072387315431997,0.99999994,0.0006785181
823,0.3224740707877317,0.99999994,0.00044329852
824,0.5560732794937122,1.0,0.0005699552
825,0.4743130267756302,1.0,0.0056271767
826,0.6188959637467725,1.0,0.00065137737
827,0.5057012739396302,1.0,0.0026236034
828,0.2225294594362596,1.0000001,0.00048853306
829,0.4411850916907975,0.99999994,0.0002171258
830,0.5356377066074144,1.0,0.00072375266
831,0.524846377771068,1.0,0.00091373775
832,0.415135382982737,1.0,0.00013570362
833,0.3446172401636322,1.0,0.00048853306
834,0.3697476545397704,1.0,0.0017098656
835,0.341467208832878,1.0,0.0006151898
836,0.4016359305847837,0.99999994,0.0012032388
837,0.4821852739841835,1.0,0.0012484733
838,0.3610280794145734,1.0,0.00038901705
839,0.4596383780909303,1.0000001,0.0007327996
840,0.5860038493787884,1.0,1.8093817e-05
841,0.2629068208199139,1.0000001,0.0
842,0.3536494135322737,1.0,0.00036187633
843,0.6884133732216485,0.9999999,6.3328356e-05
844,0.4706241606566321,0.99999994,0.0009046908
845,0.5165914351514771,1.0,0.00065137737
846,0.4234039567901619,1.0,0.0028407292
847,0.5676124991615906,1.0,0.002777401
848,0.1793600978955426,1.0,9.951599e-05
849,0.3443244969292283,0.99999994,0.0012575203
850,0.2928125230064639,1.0,0.0013208486
851,0.4698469415634215,1.0,0.0006785181
852,0.3764519586624829,0.99999994,3.6187634e-05
853,0.3486427136591044,1.0,0.00037092323
854,0.2991980476746664,1.0,0.0011218166
855,0.464764182051219,1.0,9.951599e-05
856,0.4318350967014578,1.0,0.00018093816
857,0.4710790059538321,1.0,0.0014113177
858,0.4974221277432064,1.0,5.428145e-05
859,0.3966619325282604,0.99999994,1.8093817e-05
860,0.3876939572488517,1.0,0.0012665672
861,0.452714202362403,1.0,0.000588049
862,0.3885973664162426,0.99999994,0.00093183154
863,0.4464750406311542,0.99999994,0.00018998508
864,0.4744590238137565,1.0,0.0004613923
865,0.6347901230357906,0.99999994,0.0037092324
866,0.3036123670477542,1.0,0.0010584883
867,0.9005568868362345,1.0,0.00019903199
868,0.6351531241665396,1.0,0.00374542
869,0.2671277664589343,1.0,0.0006151898
870,0.3076092117949182,1.0000001,0.00060614286
871,0.5729331942254249,1.0,2.7140724e-05
872,0.3635814010625069,1.0,0.0015922559
873,0.4109725022464131,1.0,1.8093817e-05
874,0.4587048044390797,0.9999999,0.00011760981
875,0.4144122820802804,1.0000001,0.0017551002
876,0.567010204179993,0.99999994,4.523454e-05
877,0.3773674589827887,1.0,0.0021803048
878,0.3209885072120202,1.0,0.00059709593
879,0.6064516985785587,1.0,0.0016917718
880,0.3953560912784659,0.99999994,0.0007327996
881,0.3825383485060278,1.0,0.0033021215
882,0.3369702739090618,1.0,0.0002171258
883,0.4190956253818078,1.0,1.8093817e-05
884,0.4049281432004729,0.99999994,0.00026236035
885,0.3289147164431285,1.0,0.001972226
886,0.3005686858670623,1.0,0.0023974306
887,0.4890528370051336,1.0000001,0.00079612795
888,0.3575599419098667,0.99999994,0.001176098
889,0.3580518321515409,1.0000001,0.00037092323
890,0.2633282513008602,1.0,0.00015379745
891,0.748330284947229,0.99999994,0.0021169765
892,0.2434504749134748,1.0,0.0
893,0.1968349448747908,0.99999994,3.6187634e-05
894,0.4722658721120485,1.0,0.0
895,0.446056850952803,0.99999994,0.00085945625
896,0.3351899236449924,1.0,9.046908e-05
897,0.3713296788237415,1.0,0.0004613923
898,0.4710674550235653,1.0,0.0013027547
899,0.3669219344242824,1.0,0.0013389424
900,0.4043897988743946,1.0,0.0006423305
901,0.4429365837245792,1.0,0.00019903199
902,0.451462045235126,0.99999994,0.00012665671
903,0.6270594303443969,0.9999999,0.003736373
904,0.4054450986928889,1.0,0.00047043923
905,0.6557063707390202,0.99999994,2.7140724e-05
906,0.4747690330343079,1.0,4.523454e-05
907,0.3561352997454887,1.0,0.0004613923
908,0.5037851590288922,1.0,0.0016917718
909,0.2972929091092344,1.0000001,0.0016917718
910,0.4606205492824001,0.99999994,0.0005428145
911,0.5512461445599766,1.0,2.7140724e-05
912,0.5425704507532978,1.0,0.0018636631
913,0.5968648416206132,0.99999994,0.00069661194
914,0.3872940471569325,1.0,0.00037997015
915,0.3436257797267811,1.0000001,0.0024788529
916,0.2559186252216688,1.0000001,0.00060614286
917,0.4738814307707605,1.0,0.00076898717
918,0.3254895452541776,1.0,0.0021531642
919,0.5252925071229235,1.0,0.00026236035
920,0.3090865021792116,1.0,0.0030940427
921,0.5250682201722082,1.0,0.0
922,0.3971990687491331,1.0,0.0005699552
923,0.4697785318535187,1.0,0.0011037228
924,0.4245573610417288,0.9999999,0.0014927399
925,0.440097542025794,1.0,0.0003075949
926,0.3041515122460568,1.0,0.0017460533
927,0.5108517799569405,1.0,0.003844936
928,0.2691121565636165,1.0,0.0020355543
929,0.2664681833143079,1.0,0.0006694712
930,0.5933119226274834,1.0,0.0014022707
931,0.1950681738135238,1.0,0.0005156738
932,0.4320651391749817,1.0,0.00093183154
933,0.3795246036645853,0.99999994,0.0040801554
934,0.5130773543608955,1.0,6.3328356e-05
935,0.5663086608360307,0.99999994,4.523454e-05
936,0.2929388965257235,1.0,0.0030035735
937,0.4267867228632303,1.0,0.00017189125
938,0.6838009690643353,1.0,0.0001085629
939,0.4389989499573455,1.0,0.00026236035
940,0.2983588394507936,1.0,0.00014475053
941,0.2129326951414203,0.99999994,0.0010132537
942,0.4041607523939609,0.99999994,0.00084136246
943,0.4408697638458598,0.99999994,0.0013298955
944,0.3557819134761995,1.0,0.001384177
945,0.2601356336795576,1.0000001,0.0015108336
946,0.5045200480042316,1.0000001,0.00037092323
947,0.4326350823887455,1.0,0.0004523454
948,0.6822837274666791,1.0,0.0
949,0.4446005288399616,1.0000001,0.00012665671
950,0.3531608425050446,1.0,0.00018093816
951,0.3480925558350357,1.0,0.00074184645
952,0.3826781233606519,1.0000001,0.00025331342
953,0.2822162907452225,1.0000001,0.00081422174
954,0.42864712854232,1.0,0.002876917
955,0.5947317001577622,1.0,7.237527e-05
956,0.475721430052952,1.0000001,1.8093817e-05
957,0.5268508315813981,1.0,0.00013570362
958,0.3534968879498059,1.0,0.0016646311
959,0.3353616865104084,1.0000001,0.0036097164
960,0.6551951341029408,1.0,0.0006694712
961,0.6056841141242079,1.0,0.00040711087
962,0.3891009674791923,0.99999994,0.0068394626
963,0.4378345810079928,0.99999994,0.00023521962
964,0.4296111987755422,0.99999994,0.0027864478
965,0.5157424332981381,1.0,9.046908e-05
966,0.2970355060441877,0.99999994,0.00018998508
967,0.3281619596030861,1.0,0.0017008188
968,0.5805857148499386,1.0,0.0025874157
969,0.5101726361356874,1.0,0.00035282943
970,0.2734961392639611,0.99999994,0.002451712
971,0.5876054172418734,1.0,0.0
972,0.6987839855598427,0.9999999,0.0027954946
973,0.6758703716432627,1.0,0.0013298955
974,0.3428246977438999,1.0,0.0011218166
975,0.2470085960895857,1.0,0.0003437825
976,0.5312928569288473,1.0,0.0006785181
977,0.3828927326976264,1.0,0.0026959786
978,0.483343997601417,1.0,0.0007599403
979,0.6377836681301211,1.0,0.0060342876
980,0.4511300293886516,0.99999994,8.142217e-05
981,0.2709385857831383,1.0,2.7140724e-05
982,0.3509070754459847,1.0,0.0012303796
983,0.4699463392109999,0.99999994,0.004432985
984,0.2993009920415312,1.0,0.00094087847
985,0.3509985252124886,1.0,0.00048853306
986,0.3581057167587986,1.0,0.00094992534
987,0.3134113502514186,1.0,0.0004342516
988,0.292650870295368,1.0,0.0010675351
989,0.3978013229069008,1.0,0.00081422174
990,0.7680677325609553,1.0,0.00028045414
991,0.4299077483546869,1.0,0.0028045415
992,0.185186448312333,1.0,0.0002261727
993,0.5562928341441106,1.0,0.0020807888
994,0.3402271390444494,1.0,0.0005247207
995,0.4465374175949007,0.99999994,0.00016284434
996,0.3565260851118251,1.0,0.0011399104
997,0.4257154542450354,0.99999994,0.0015379743
998,0.2722582053158006,0.99999994,0.001284661
999,0.2500874021285761,0.99999994,0.0010042068
1000,0.4167465077422381,1.0,0.00019903199
1001,0.334727058239903,1.0,0.0009680192
1002,0.4684016258355483,1.0,0.0021983988
1003,0.2316934728732329,0.99999994,0.00137513
1004,0.3754985894832211,1.0,0.0026416972
1005,0.2704259924630336,1.0,0.0
1006,0.5536959943149445,1.0000001,0.00035282943
1007,0.4662809014568801,0.99999994,0.003157371
1008,0.3590774944115311,1.0,0.00017189125
1009,0.5101815921233614,0.99999994,5.428145e-05
1010,0.3157598499944574,1.0,0.0029673858
1011,0.3466597454983989,0.99999994,6.3328356e-05
1012,0.5398199536904625,0.99999994,5.428145e-05
1013,0.4606402096833056,0.9999999,0.0007327996
1014,0.2993670847816655,1.0,0.00028950107
1015,0.5478726284275212,1.0,0.0028678698
1016,0.2532377121315357,1.0000001,0.0004342516
1017,0.2452730534095357,1.0,0.0030126204
1018,0.6876821210498638,1.0,0.0004342516
1019,0.4086388721386305,1.0,0.00037092323
1020,0.4537930529464447,0.99999994,0.00047948613
1021,0.5519664010007644,1.0,0.001963179
1022,0.2971959539530069,1.0,0.0005247207
1023,0.2964080900517002,1.0,0.00069661194
1024,0.5756013930877281,1.0,0.007418465
1025,0.4761111736221275,1.0,0.002777401
1026,0.3530518025362973,1.0,0.0003166418
1027,0.3490232803702821,1.0,0.0015651152
1028,0.5095273407991782,1.0,0.0052743475
1029,0.4462609426521357,0.99999994,0.00028950107
1030,0.236478329731551,1.0,0.00079612795
1031,0.3851529260445674,0.9999999,0.00018998508
1032,0.364308127048663,1.0,0.0025602751
1033,0.5748563781527837,1.0,0.00074184645
1034,0.5244811521865185,1.0000001,0.00085945625
1035,0.6485617422985374,1.0,0.005817162
1036,0.5077179572287431,1.0,0.00094992534
1037,0.6531010846901429,0.99999994,0.0018455692
1038,0.4475808242880101,1.0,0.0018546162
1039,0.3325088947942562,1.0,0.0047858143
1040,0.3482574249573318,0.99999994,0.00037092323
1041,0.5760084625339165,1.0,0.0045867823
1042,0.1992023012356866,0.99999994,0.00011760981
1043,0.3113690468479851,1.0,0.0009680192
1044,0.3328534498351131,1.0,0.00011760981
1045,0.3028951002402205,1.0,0.00029854797
1046,0.4227688925406668,1.0,0.0035192473
1047,0.5380219570187315,1.0,2.7140724e-05
1048,0.4209313355047624,1.0,0.0002261727
1049,0.4602609273546976,1.0,0.0008051748
1050,0.4141715105133778,0.99999994,0.0004613923
1051,0.3683645092869667,0.99999994,0.00085945625
1052,0.305045750438323,1.0,0.0022888677
1053,0.4521336684836909,0.99999994,0.0021893517
1054,0.3911551983315028,1.0,0.0017641471
1055,0.4862654936730429,1.0,0.00011760981
1056,0.6504301281981775,1.0,0.008531234
1057,0.3633728606712134,1.0,1.8093817e-05
1058,0.4672375150183844,1.0,9.951599e-05
1059,0.4918074572177358,1.0,0.008232687
1060,0.4523757882548754,1.0000001,0.0014384585
1061,0.2331631877782367,1.0,5.428145e-05
1062,0.3096124721209349,1.0,1.8093817e-05
1063,0.3450395621201695,1.0,0.00050662685
1064,0.500707966987689,1.0,0.00011760981
1065,0.5522891316111314,1.0,0.0014836929
1066,0.2159232708344228,1.0,0.0008956439
1067,0.3890533585536208,0.9999999,0.00011760981
1068,0.334429780525124,1.0000001,8.142217e-05
1069,0.371619816616812,1.0,0.00013570362
1070,0.3430423813629086,1.0,0.0005699552
1071,0.5731881098054178,1.0,0.0004613923
1072,0.3945162934743172,1.0,0.00038901705
1073,0.4218855822208089,1.0,0.0012213326
1074,0.4420969484896626,1.0,0.0003075949
1075,0.2022805304911403,1.0,0.0017189125
1076,0.4702910989808934,1.0,0.0005428145
1077,0.3061620670722464,1.0,0.00048853306
1078,0.4125543616644078,1.0,0.0002171258
1079,0.3032041997411461,1.0,5.428145e-05
1080,0.294235276076102,0.99999994,0.0003347356
1081,0.5124943720515083,1.0000001,0.0002261727
1082,0.3606832261720518,1.0,0.00047043923
1083,0.405673065961032,0.99999994,0.00020807888
1084,0.3964645638184088,1.0000001,0.0022798209
1085,0.3401867333131532,0.99999994,0.004939612
1086,0.6588156652436962,1.0,0.0001085629
1087,0.5022856634285069,0.99999994,0.00035282943
1088,0.3514827058342967,1.0000001,0.0003437825
1089,0.306940054669979,1.0,0.00016284434
1090,0.2790512621610723,1.0,0.00027140725
1091,0.3523136152431331,0.99999994,0.0021079297
1092,0.4260465031004907,1.0,0.00020807888
1093,0.5309224819586597,1.0,0.0006604243
1094,0.4481504800739068,1.0000001,0.0004523454
1095,0.4307361693798388,1.0,0.00093183154
1096,0.4120127061349248,1.0,0.00084136246
1097,0.2648671718438738,1.0,0.00028950107
1098,0.3542083568120941,1.0,0.0044058445
1099,0.6871741393958268,0.99999994,0.0048672366
1100,0.4111972900960944,1.0,0.0
1101,0.2288942721780956,1.0,0.000588049
1102,0.3402247601296473,1.0,9.951599e-05
1103,0.6633619978960649,1.0,0.0010403944
1104,0.4667673168883967,1.0000001,0.0006423305
1105,0.3225324379200224,1.0,0.0065499614
1106,0.4006980448588684,1.0,0.00018093816
1107,0.43760100170506,0.99999994,0.0010584883
1108,0.5284658720823668,1.0000001,0.0003347356
1109,0.499725953373876,0.99999994,0.0008051748
1110,0.5111938065979561,1.0,0.003148324
1111,0.5107731762090895,1.0,0.00024426653
1112,0.3227120426144819,1.0000001,0.002777401
1113,0.6282570063087095,1.0,0.0012484733
1114,0.2974516333678335,0.9999999,0.0008775501
1115,0.2761962107989908,1.0,0.0011308636
1116,0.7880691789539769,1.0,0.00024426653
1117,0.6700954197569287,0.99999994,0.00088659703
1118,0.4111792330632139,1.0,0.00018093816
1119,0.2846762926353351,1.0,0.00091373775
1120,0.3149019552812878,1.0000001,0.0028316823
1121,0.486772513630378,1.0,0.00012665671
1122,0.3849396471355085,0.99999994,0.0010675351
1123,0.5447166239977995,1.0,0.00069661194
1124,0.3997536789736906,1.0,0.0008956439
1125,0.3094272117939377,0.99999994,0.00023521962
1126,0.4043431115166971,1.0,0.005211019
1127,0.4458713202036324,1.0,0.00048853306
1128,0.5897969469038981,1.0000001,0.0010132537
1129,0.4013206410383888,1.0,0.0017822409
1130,0.3291867817444414,1.0,0.001085629
1131,0.679989665770183,1.0000001,0.00035282943
1132,0.3686273531683749,1.0,0.0020355543
1133,0.2463020990245734,1.0,0.0006423305
1134,0.512848412406696,1.0,0.0047224863
1135,0.4485942085397355,1.0,0.005916678
1136,0.4732689781425458,1.0,0.00036187633
1137,0.2228877372024762,1.0000001,3.6187634e-05
1138,0.4403830745557091,1.0,0.00024426653
1139,0.3658857499537302,1.0,0.0017731941
1140,0.3393799599918509,1.0,0.0022345863
1141,0.7303692197613946,1.0,0.0041706245
1142,0.2897346691517322,1.0000001,0.00059709593
1143,0.390497083923489,0.99999994,9.046908e-06
1144,0.1686450791480363,1.0,2.7140724e-05
1145,0.3468910135082875,1.0,0.0013479893
1146,0.3440343683134195,1.0,0.00062423665
1147,0.3375919368407716,1.0,0.00062423665
1148,0.3912993415613751,1.0,9.046908e-05
1149,0.5091276543705452,1.0,9.951599e-05
1150,0.3217384186818304,0.99999994,0.00085945625
1151,0.5715277849605331,1.0,0.0019088977
1152,0.464875706755556,1.0,0.0006694712
1153,0.2758667736701591,0.99999994,0.0006694712
1154,0.6504405914156828,1.0,0.00014475053
1155,0.4707850604096535,1.0,0.00088659703
1156,0.3635793357347142,1.0,0.00088659703
1157,0.5314896550580631,1.0,0.002162211
1158,0.4383946035576885,1.0,6.3328356e-05
1159,0.3047979210329181,1.0,0.0059438185
1160,0.396113059677664,1.0000001,0.0005699552
1161,0.2960355471291026,1.0,0.00020807888
1162,0.323536348017875,1.0,0.0
1163,0.5728121953469082,1.0,0.0004252047
1164,0.3248411524596763,1.0,0.0008775501
1165,0.7242636893917711,0.99999994,0.0
1166,0.2949440746087522,1.0,0.0003347356
1167,0.385069755341197,1.0,0.0010946759
1168,0.283839342698311,1.0,0.00029854797
1169,0.4865377956306924,1.0,0.0
1170,0.3190334633932343,0.99999994,0.0006423305
1171,0.5142333241074277,1.0000001,0.0019993668
1172,0.4512468501194795,1.0,0.00015379745
1173,0.567515123522876,1.0,0.0022617271
1174,0.6553376819928528,1.0,0.0018636631
1175,0.5947695428850588,1.0,0.00011760981
1176,0.3595112546581844,1.0000001,0.0013027547
1177,0.4458561261262891,0.99999994,0.00094992534
1178,0.3782406885514876,0.99999994,0.00044329852
1179,0.4585632707882445,1.0,0.00038901705
1180,0.222232686580956,1.0,0.00037997015
1181,0.4524293670205726,1.0,0.00019903199
1182,0.3906150915266415,0.99999994,0.0009951598
1183,0.4659318920421448,1.0,0.00057900214
1184,0.4320927283854029,1.0,0.00057900214
1185,0.3432503719782995,1.0,0.0005428145
1186,0.3255445851528671,1.0,0.00050662685
1187,0.391883108622751,1.0,0.00012665671
1188,0.6102090377815368,1.0,0.0026326503
1189,0.4168841910776544,1.0,0.0043153754
1190,0.4897485239463659,1.0000001,0.0011941919
1191,0.2868668843508158,1.0,0.001176098
1192,0.2840991214132251,1.0,0.00037092323
1193,0.5117893154688264,1.0,0.0023793369
1194,0.4697876925216412,1.0,0.008784547
1195,0.3503731317815127,1.0000001,0.00026236035
1196,0.682183250797527,0.99999994,0.001972226
1197,0.3818007268099303,1.0,0.0013660832
1198,0.3926606209097368,1.0,0.0005699552
1199,0.2951809402676545,1.0000001,0.0019269915
1200,0.3409226926678152,1.0,0.0035735287
1201,0.328468454139289,0.99999994,0.0006694712
1202,0.3567158292207427,1.0,1.8093817e-05
1203,0.2244767096827467,1.0,1.8093817e-05
1204,0.3283308433581961,1.0,0.00029854797
1205,0.2072096094703105,0.9999999,0.006106663
1206,0.6369539409267144,0.99999994,0.00020807888
1207,0.3815422796846255,1.0,0.0024064777
1208,0.3762614118440561,1.0,0.0008956439
1209,0.383135990471584,0.99999994,0.0013660832
1210,0.4187062394901821,1.0,0.00017189125
1211,0.4006966323279824,0.99999994,1.8093817e-05
1212,0.4174218394887955,1.0,0.00018093816
1213,0.3172122153019308,0.99999994,0.0
1214,0.3294635425964332,1.0,9.046908e-06
1215,0.4414052481085664,1.0,0.0031030895
1216,0.4567812685095553,1.0,0.00016284434
1217,0.5954723696431796,1.0,0.0007508934
1218,0.3588359612157478,1.0,0.0022255394
1219,0.3296132482918381,1.0000001,1.8093817e-05
1220,0.167768874065822,1.0,0.00018998508
1221,0.3217170020272525,1.0,0.0022255394
1222,0.3556821970580762,1.0,0.002777401
1223,0.5527591379243872,1.0,1.8093817e-05
1224,0.4292114679725251,1.0,0.0132537205
1225,0.2977564117428182,1.0,0.0005699552
1226,0.3240109370591922,0.99999994,0.00014475053
1227,0.2948135109958794,1.0,0.00044329852
1228,0.2796978446104431,1.0,0.0010313476
1229,0.4383934417732543,0.99999994,0.0008685032
1230,0.4873321821704448,1.0,0.00060614286
1231,0.4062098821112707,0.9999999,0.0012394264
1232,0.3544479209088453,1.0,0.0001085629
1233,0.3236755307531882,1.0,0.0024607591
1234,0.3197022766707277,1.0,0.0016284435
1235,0.593775614931462,0.99999994,9.046908e-05
1236,0.3119549086069608,1.0,0.00047948613
1237,0.4401136159158513,1.0,0.00013570362
1238,0.3913526039958662,1.0,0.00037092323
1239,0.667103934776108,1.0000001,0.00014475053
1240,0.5302638362842856,1.0,0.0012394264
1241,0.3106433783474818,0.99999994,0.0008504094
1242,0.4474591377983088,1.0000001,0.0011127697
1243,0.4096665781854561,1.0,0.002849776
1244,0.2939639560513286,0.99999994,0.0
1245,0.4679579488349187,1.0,1.8093817e-05
1246,0.5224663742774351,0.9999999,2.7140724e-05
1247,0.2626283459425179,1.0,0.0008685032
1248,0.4719730620939077,1.0,0.0002171258
1249,0.3719958373418028,0.99999994,0.0023160086
1250,0.2267850149088466,1.0,3.6187634e-05
1251,0.2736392070853635,1.0,0.0006151898
1252,0.3283581424572487,1.0,0.0003075949
1253,0.3227779444993577,1.0000001,9.046908e-06
1254,0.5517344190863774,1.0,0.0016374903
1255,0.4329526566164705,1.0,7.237527e-05
1256,0.4153256831065918,0.99999994,0.0017370064
1257,0.3711786891186074,1.0,0.0011670511
1258,0.3036812951349424,1.0,0.00059709593
1259,0.7240849139442734,1.0,0.0040620617
1260,0.2315370075770396,1.0,0.00027140725
1261,0.3956441699757603,1.0,0.0012484733
1262,0.3254783663461117,1.0,0.00016284434
1263,0.52632467458238,1.0,0.008395531
1264,0.7089627844777425,1.0,4.523454e-05
1265,0.4061137152154704,1.0,0.00040711087
1266,0.351331148683257,1.0000001,0.0010765821
1267,0.3592542849380615,1.0,0.0036639979
1268,0.3906150915266415,1.0,0.000687565
1269,0.3668405900166197,1.0,0.0018093816
1270,0.3125643858505924,1.0,0.00012665671
1271,0.4236575704836131,1.0,0.00053376757
1272,0.2854688466822209,1.0,0.00018998508
1273,0.450519462087234,1.0,0.0003166418
1274,0.8367586488623343,0.99999994,0.001972226
1275,0.2229150466549287,1.0,0.001185145
1276,0.3150252511896222,1.0,0.00018998508
1277,0.5141297597394495,1.0,7.237527e-05
1278,0.4026869020051842,1.0,7.237527e-05
1279,0.2850505095674885,1.0,0.00082326867
1280,0.4891484319860357,1.0,0.0023883837
1281,0.4549647313514564,1.0,0.00040711087
1282,0.3444612661845423,1.0,0.0005609083
1283,0.4290022607687155,1.0,9.046908e-06
1284,0.4792057700403332,1.0,0.00059709593
1285,0.3852979816968895,1.0,0.0019179445
1286,0.2354001601134465,1.0,2.7140724e-05
1287,0.2348965618462532,0.99999994,0.0024064777
1288,0.6483985196168207,1.0,0.00014475053
1289,0.5471041836577757,1.0,0.00026236035
1290,0.3318853168140256,0.99999994,0.003057855
1291,0.7300111433545718,1.0,0.00091373775
1292,0.399099673838854,1.0,0.0
1293,0.4333256604935569,1.0,0.0019360384
1294,0.4117171818458056,1.0,0.00137513
1295,0.4069792501350799,1.0,0.0059347716
1296,0.4279231954740222,0.99999994,0.0011941919
1297,0.2470350602830782,1.0,0.00018093816
1298,0.438710431589446,1.0,0.00057900214
1299,0.4869054950715787,1.0,0.0002261727
1300,0.2580208417151211,0.99999994,0.0005699552
1301,0.3598203670570511,0.99999994,0.00057900214
1302,0.2436573299137137,1.0,0.0004613923
1303,0.3088961188561937,1.0,0.0018003348
1304,0.2582394921238107,1.0,0.0005428145
1305,0.5579051134269808,1.0,0.0011580043
1306,0.3198127189575156,0.99999994,0.00050662685
1307,0.3645844724540169,1.0000001,0.0018274755
1308,0.5098082826101197,1.0,0.00047948613
1309,0.3696487036134854,0.9999999,0.0013298955
1310,0.3689102929980606,1.0,0.001384177
1311,0.3581446589571218,0.99999994,0.007300855
1312,0.3270633906623849,1.0,0.0009046908
1313,0.3775127298793961,1.0,0.00016284434
1314,0.3662119105035823,1.0,0.0065318677
1315,0.347328041442595,0.99999994,0.009417832
1316,0.4644134849364659,1.0,0.00016284434
1317,0.2322145284638396,1.0000001,0.0008685032
1318,0.6018328237820564,1.0,0.00500294
1319,0.5037619628944131,1.0,0.0014294115
1320,0.4622027231131387,1.0,0.00028950107
1321,0.3456857447943097,0.99999994,0.0019269915
1322,0.3082387789698855,1.0,0.0011580043
1323,0.3640805501365409,1.0,0.0019812728
1324,0.3176716774713293,1.0,0.0015198806
1325,0.4557134261451367,0.99999994,0.0
1326,0.4538637916472506,0.99999994,0.0007599403
1327,0.3658856531896339,1.0,0.001963179
1328,0.3395808841652364,1.0,0.0058352556
1329,0.2831013160768812,0.99999994,0.00028950107
1330,0.2819523091800608,0.99999994,0.00011760981
1331,0.7580095549514815,0.99999994,0.001284661
1332,0.4429365837245792,1.0,0.0015651152
1333,0.5215311244314739,1.0,0.006622337
1334,0.3830126046164499,1.0000001,9.046908e-06
1335,0.3778827710056865,1.0,0.0011399104
1336,0.3972843845059969,0.99999994,0.0012484733
1337,0.6329285619170815,1.0,3.6187634e-05
1338,0.4667543476525794,1.0000001,7.237527e-05
1339,0.4395765907049558,1.0,0.00074184645
1340,0.4730819213558929,1.0,0.0003166418
1341,0.5375705222474992,1.0000001,0.00071470573
1342,0.3472037373794885,1.0,0.00014475053
1343,0.5413262444880972,0.99999994,0.00028950107
1344,0.4165775326147309,1.0,0.0013027547
1345,0.3511244031798075,1.0,2.7140724e-05
1346,0.2834855608112099,0.99999994,0.0078436695
1347,0.6954872709169336,1.0,0.01626634
1348,0.3595975990194641,1.0000001,0.00081422174
1349,0.4095580211336792,1.0,0.00017189125
1350,0.3244952741194126,0.99999994,0.0003347356
1351,0.3390979061368561,1.0,0.0009227846
1352,0.2474151926388245,1.0,0.0008685032
1353,0.3386296691691983,1.0,0.001176098
1354,0.3657331252129118,1.0,0.00093183154
1355,0.2675366694798611,1.0,0.00012665671
1356,0.3135891597388557,0.9999999,0.0030759487
1357,0.3642063059589633,1.0000001,0.00036187633
1358,0.502442698360874,1.0000001,0.0019179445
1359,0.3556399267060641,1.0,0.00028950107
1360,0.2870121558446183,1.0,0.0023883837
1361,0.2678897272273088,0.99999994,0.0004252047
1362,0.4637699944512692,1.0,0.0010584883
1363,0.260657049646682,0.99999994,0.00091373775
1364,0.5529216794872693,1.0,0.0011580043
1365,0.2560089913414401,1.0000001,6.3328356e-05
1366,0.375337694021467,1.0,9.951599e-05
1367,0.4315472678756882,0.99999994,0.0003166418
1368,0.4834784672427621,1.0,8.142217e-05
1369,0.2946493943660465,1.0,1.8093817e-05
1370,0.403631735119315,1.0,4.523454e-05
1371,0.4698009301639932,1.0,0.000588049
1372,0.4464393120808636,1.0,0.0018908038
1373,0.4132678594718129,1.0,0.0030669018
1374,0.4233286581288789,1.0,0.004803908
1375,0.3123531047004122,1.0,0.0007780341
1376,0.595539593547025,0.99999994,0.0006332836
1377,0.320829404908657,1.0,0.0020355543
1378,0.4115518877289733,0.99999994,9.951599e-05
1379,0.3679656060341849,0.99999994,0.0013118017
1380,0.7009027307284034,1.0,0.005898584
1381,0.4995999165547743,1.0000001,0.0017822409
1382,0.3984647989965616,1.0,0.00023521962
1383,0.5983999277532733,1.0,0.00041615777
1384,0.2794431999410702,1.0,0.0009770661
1385,0.2377571983610897,1.0000001,8.142217e-05
1386,0.7067538941578354,1.0,0.0002261727
1387,0.3397412794080699,1.0,0.0018636631
1388,0.5212139778540211,1.0000001,0.0007508934
1389,0.3383599644601411,1.0,0.0023250554
1390,0.4874349039341445,1.0,9.951599e-05
1391,0.309916501495376,0.99999994,0.0015198806
1392,0.2627287820161355,1.0,0.00017189125
1393,0.6504405914156828,0.9999999,9.046908e-06
1394,0.3193727132979854,0.99999994,9.046908e-05
1395,0.2619098041921145,0.99999994,0.00026236035
1396,0.527377511456655,1.0,0.00059709593
1397,0.4016589105026569,0.99999994,0.012900891
1398,0.5307108566567155,1.0,0.0012575203
1399,0.3996070831202709,1.0,0.0010132537
1400,0.5402665225685832,1.0,0.0013660832
1401,0.3582787792505674,0.99999994,0.00091373775
1402,0.3651156952024559,1.0,0.00018093816
1403,0.3874541358024406,1.0,0.00026236035
1404,0.4063624857947129,1.0,0.0029402452
1405,0.5597322245030207,1.0,0.0012032388
1406,0.7322304448844744,1.0,0.0011670511
1407,0.3910516657951391,1.0,0.0034740127
1408,0.3469322623615011,0.99999994,0.0029131044
1409,0.4656284696598683,1.0,0.00038901705
1410,0.5309334966521658,0.99999994,0.0020084137
1411,0.4907510078935417,1.0,0.00040711087
1412,0.3975589734214292,0.99999994,0.0017189125
1413,0.4418247859408346,1.0,0.0014475053
1414,0.3430788814705833,1.0,0.00015379745
1415,0.45673530074171,1.0,3.6187634e-05
1416,0.3405049837585595,1.0,0.0011308636
1417,0.2565206205680262,1.0,0.0010675351
1418,0.3081821484264043,0.9999999,0.00059709593
1419,0.460744447659696,1.0,0.00032568868
1420,0.6032607712952016,1.0,0.0044058445
1421,0.2674492828279421,0.99999994,0.0005156738
1422,0.4386050079711821,0.99999994,0.0019179445
1423,0.3898466992676165,0.99999994,0.005129597
1424,0.4819778765696954,0.99999994,0.0019360384
1425,0.4806855622874566,0.99999994,0.0006694712
1426,0.3725461684855434,1.0,0.008151264
1427,0.2129310417163895,0.99999994,0.00060614286
1428,0.4281345664363074,1.0,0.0002261727
1429,0.2608099747348351,0.9999999,0.0010223007
1430,0.3637187242315202,1.0,0.002949292
1431,0.3283184185761773,0.99999994,0.0011127697
1432,0.5165406467222752,1.0,0.0017008188
1433,0.2463230420557718,1.0,0.0012937079
1434,0.4016088015099196,1.0,0.0015651152
1435,0.3659715447431179,1.0,9.046908e-05
1436,0.6215374256047579,1.0,0.0013660832
1437,0.5993660935378793,0.99999994,0.0
1438,0.4569146361159499,1.0,0.0001085629
1439,0.3466316305382371,1.0,1.8093817e-05
1440,0.3646990766501096,1.0,0.0008956439
1441,0.5585137544025791,1.0,0.00019903199
1442,0.5344843857430358,1.0,0.0
1443,0.4801137447566006,1.0,0.0019360384
1444,0.3686241161919532,1.0,0.0051657846
1445,0.6292714706749378,1.0,0.0
1446,0.5805857148499386,1.0,0.00053376757
1447,0.6615182028238977,1.0,0.00076898717
1448,0.332718468062083,1.0,0.0008504094
1449,0.3449866165857015,1.0,0.0006785181
1450,0.6790799523836571,1.0,0.0004975799
1451,0.4236847594785752,1.0,0.0013389424
1452,0.4936651413881607,1.0,0.0005518614
1453,0.3447641889256546,1.0,0.0018546162
1454,0.5801639384186565,1.0,0.0060252408
1455,0.5122076418678349,1.0,0.0013932239
1456,0.5929904379133929,1.0,0.00013570362
1457,0.3211689037991317,1.0000001,0.0016465373
1458,0.3245110745613371,1.0,0.0023883837
1459,0.2911238986993832,1.0,0.0019360384
1460,0.4498601941564126,1.0,0.00070565887
1461,0.3006612655508637,0.99999994,0.00032568868
1462,0.3824777265779346,1.0000001,0.0
1463,0.3512399657326194,0.99999994,0.00060614286
1464,0.2511177416835396,0.99999994,0.00018093816
1465,0.3391052441779532,1.0,0.00036187633
1466,0.5367513903666195,1.0,0.0023341023
1467,0.6695593078700591,1.0000001,0.0004613923
1468,0.4301432038379875,1.0,0.0011037228
1469,0.5342514630108067,1.0,0.0016827249
1470,0.4662932357492049,1.0,0.00016284434
1471,0.2365627340560461,1.0,0.00015379745
1472,0.3176147885309586,1.0,0.0004523454
1473,0.3627952606480447,1.0,0.00016284434
1474,0.5609678510620856,1.0000001,1.8093817e-05
1475,0.51050697368591,1.0000001,0.00023521962
1476,0.457424920997715,0.99999994,0.0021803048
1477,0.4685713488912468,1.0,0.00053376757
1478,0.441715931951436,0.99999994,2.7140724e-05
1479,0.3728524098513969,1.0,0.00037997015
1480,0.4607176300547288,1.0,9.046908e-06
1481,0.3042571147569878,1.0000001,0.00011760981
1482,0.6240816505232758,1.0,0.0005609083
1483,0.4051620139505967,0.9999999,0.00026236035
1484,0.2619927834436474,1.0,0.00016284434
1485,0.375648329733883,0.99999994,0.00038901705
1486,0.4948496360007129,1.0,0.00040711087
1487,0.4693796802067312,1.0,0.0003437825
1488,0.4780923553940204,0.99999994,9.046908e-06
1489,0.3193573970306216,1.0,0.00047043923
1490,0.3749522144083455,1.0,0.00012665671
1491,0.3364193638193659,1.0,0.0026869318
1492,0.6931344034085144,1.0,0.0007327996
1493,0.3307444637533226,0.99999994,0.0025783689
1494,0.535625966813335,0.99999994,0.0001085629
1495,0.3094900512315224,1.0,0.00026236035
1496,0.3937693477620315,1.0,0.0006423305
1497,0.3935188349318389,0.99999994,0.00069661194
1498,0.3096258610081499,1.0,0.00036187633
1499,0.5883204155919386,1.0,0.0042068125
1500,0.4414539768485891,1.0,9.951599e-05
1501,0.2479233685819384,1.0,0.0023341023
1502,0.770957655178198,1.0,0.02145022
1503,0.8708808861017675,0.99999994,0.010693446
1504,0.3301136222326404,0.99999994,0.0015832089
1505,0.5268377643487351,1.0,0.00032568868
1506,0.4347948889788436,1.0,0.00023521962
1507,0.4215681024083209,1.0,0.0004342516
1508,0.3692153820059159,1.0,0.0
1509,0.5504841893285918,1.0,0.00069661194
1510,0.8180992074808491,1.0,0.00028950107
1511,0.3100527927346618,0.9999999,0.0057628807
1512,0.2825432447842929,0.99999994,0.0006604243
1513,0.3413585475177531,1.0,0.001972226
1514,0.4147690896582541,1.0,0.0005609083
1515,0.352172229149325,1.0000001,0.0024969466
1516,0.3807582406665515,1.0000001,2.7140724e-05
1517,0.5520821740855963,1.0,9.951599e-05
1518,0.4900957358451447,1.0,0.00037997015
1519,0.3068452432163811,1.0,0.0010042068
1520,0.4241301263120401,1.0,0.0025331343
1521,0.2520082815537205,1.0,0.0009951598
1522,0.4083511010752106,1.0,0.0023431492
1523,0.3395391016607918,1.0,0.0027050255
1524,0.501681305962812,1.0,0.0003347356
1525,0.3696932345617309,1.0,0.00028950107
1526,0.6343346713956449,1.0,0.0013027547
1527,0.3554795531395274,1.0,0.006052382
1528,0.2469838140003221,0.99999994,0.0021803048
1529,0.4917078323321613,1.0,2.7140724e-05
1530,0.441177322809905,1.0,0.00017189125
1531,0.2938056816725886,1.0,0.0059257247
1532,0.320452682002289,0.99999994,2.7140724e-05
1533,0.4145372894641217,1.0,0.00018998508
1534,0.4130854137234639,1.0000001,0.0012303796
1535,0.4343693503867791,1.0,9.046908e-06
1536,0.3893365915907614,1.0,0.00070565887
1537,0.297288180906115,1.0,0.0007327996
1538,0.4360885548868017,1.0,0.0039896867
1539,0.6242594591823933,1.0,0.0017641471
1540,0.3367435317134061,1.0,0.0022345863
1541,0.4146930629718549,1.0,0.0004342516
1542,0.4857245909250869,0.9999999,0.000986113
1543,0.4786158357984053,1.0,0.0009951598
1544,0.7175421000153575,1.0,0.00028950107
1545,0.4144222199856758,1.0,0.0009770661
1546,0.3677299840894534,1.0,0.0031935587
1547,0.2944389495969165,0.99999994,0.0019541322
1548,0.3928358789634991,1.0,0.0004342516
1549,0.2356000326834643,1.0,1.8093817e-05
1550,0.3956074758190821,1.0,0.0051748315
1551,0.5116145559407104,1.0,0.00039806397
1552,0.3848310853839096,1.0,9.046908e-06
1553,0.5352358403177923,1.0000001,0.002162211
1554,0.3939806161897538,1.0,0.00029854797
1555,0.4078388663910264,0.99999994,0.0028045415
1556,0.465645156107415,1.0,0.00027140725
1557,0.4475013202525978,1.0,0.00084136246
1558,0.5053700886680311,1.0,0.0004252047
1559,0.3183785433663479,1.0,9.046908e-05
1560,0.5781278135568032,0.99999994,0.0017279595
1561,0.5523299901285749,1.0,0.0007508934
1562,0.2977888568858843,1.0,0.0006332836
1563,0.4903501225782797,1.0,0.0006423305
1564,0.482677395527836,0.99999994,9.046908e-06
1565,0.3146676370786959,1.0,0.0024969466
1566,0.3052442998527537,0.99999994,0.0014384585
1567,0.4320651391749817,1.0,0.0010494414
1568,0.3495541134528986,0.9999999,0.0002171258
1569,0.5271368274484347,1.0,0.00013570362
1570,0.5596924396412227,1.0,0.0020174605
1571,0.3850383747396589,1.0,1.8093817e-05
1572,0.3734460204698002,0.99999994,0.002659791
1573,0.5639179682139943,0.99999994,0.0006604243
1574,0.3680224794822053,1.0,0.0011399104
1575,0.3525355946430239,1.0,0.00029854797
1576,0.4533604623467716,1.0,0.0030126204
1577,0.3968376346250334,0.99999994,0.00027140725
1578,0.1554313021659548,1.0,0.00029854797
1579,0.5811434779200815,0.99999994,0.0006423305
1580,0.3470716189452477,1.0,0.0013208486
1581,0.3778108399723404,0.99999994,0.0014655992
1582,0.518994720269864,1.0,0.002451712
1583,0.6595500858374604,1.0,0.0012575203
1584,0.3975244455427699,0.99999994,0.0030397612
1585,0.3528041595664598,1.0,0.0006604243
1586,0.3304884856104071,0.99999994,0.0010042068
1587,0.3987873323171435,1.0,0.0042068125
1588,0.3063336023743156,0.99999994,0.00050662685
1589,0.3672468305538218,1.0000001,0.0035644819
1590,0.3646598637834262,0.99999994,0.0016827249
1591,0.6373363257638767,1.0,0.00017189125
1592,0.5455672008975989,0.99999994,0.0001085629
1593,0.3610576199445186,0.99999994,0.003356403
1594,0.465359357437881,1.0,0.0005518614
1595,0.5711700961253721,0.99999994,0.0005156738
1596,0.3058322974083674,0.99999994,0.00050662685
1597,0.3165639165129236,0.99999994,9.046908e-06
1598,0.334225170109974,1.0,7.237527e-05
1599,0.5379158021604203,1.0,0.003654951
1600,0.2299994838203476,1.0,2.7140724e-05
1601,0.1705936797120404,0.99999994,1.8093817e-05
1602,0.3450182801922901,0.9999999,6.3328356e-05
1603,0.5398686570069603,1.0,0.00028950107
1604,0.5728121953469082,1.0,0.00015379745
1605,0.5555744722762032,0.99999994,0.0013027547
1606,0.4112783724428735,1.0,0.0002171258
1607,0.4779170708059959,1.0,0.0012665672
1608,0.4219024672335351,1.0000001,0.0021531642
1609,0.6157334144038443,1.0,2.7140724e-05
1610,0.4935021697919818,1.0,0.007780341
1611,0.3007625578750902,1.0000001,0.00013570362
1612,0.2126422800285738,1.0,0.0005518614
1613,0.4436824228820279,1.0,1.8093817e-05
1614,0.3597871606940571,1.0,0.0024064777
1615,0.4842251810689785,1.0,0.00091373775
1616,0.4070741586302579,1.0,0.0014022707
1617,0.2162543195079048,1.0000001,0.00028045414
1618,0.5328443462875967,1.0,6.3328356e-05
1619,0.3531608425050446,1.0,5.428145e-05
1620,0.3773115206427532,1.0,0.000986113
1621,0.2867839020006194,0.9999999,0.0010132537
1622,0.4125676632605377,1.0,1.8093817e-05
1623,0.5858532841234468,0.99999994,0.0004613923
1624,0.4850829605981679,1.0,0.0005609083
1625,0.4120252106356886,1.0,0.00019903199
1626,0.3834691696642366,1.0,0.0003437825
1627,0.3655369153002519,1.0,0.000687565
1628,0.3587579192196527,0.99999994,0.0014655992
1629,0.5560484895806355,0.99999994,0.00057900214
1630,0.2984862626127849,1.0,0.002162211
1631,0.5115422841474099,0.99999994,0.0013118017
1632,0.3392491993694925,1.0,0.00028950107
1633,0.4369755164694243,1.0,0.0010946759
1634,0.3296971380222944,1.0,0.001384177
1635,0.2891585486733328,1.0,0.001085629
1636,0.4960207590466289,1.0,0.00083231553
1637,0.4417493657722195,1.0,0.0005518614
1638,0.3159862291140164,1.0,0.0013570362
1639,0.4196011089183487,1.0,0.003148324
1640,0.3526692323670727,1.0,0.00035282943
1641,0.4192213488866868,1.0,0.00071470573
1642,0.6616999389756663,0.99999994,0.0025331343
1643,0.3901150066091585,1.0,0.005310535
1644,0.3049229065328318,1.0,0.00072375266
1645,0.3476935306456268,1.0,2.7140724e-05
1646,0.4362649184031514,1.0,0.0019360384
1647,0.3016132137535483,1.0,0.00014475053
1648,0.4806540197912687,1.0,0.00035282943
1649,0.3772805075643859,0.99999994,0.0006785181
1650,0.5234192444735243,1.0,0.0021079297
1651,0.3455233372487657,1.0,0.0015922559
1652,0.4577733021862398,0.99999994,5.428145e-05
1653,0.5841363058776959,1.0,0.0012484733
1654,0.2326878299762774,1.0,0.00039806397
1655,0.5210203069240584,1.0,0.004903424
1656,0.2863076570237996,1.0,0.0004613923
1657,0.535523649175726,1.0,0.00023521962
1658,0.2555406572720049,0.99999994,0.00057900214
1659,0.2672368303983231,1.0000001,0.00039806397
1660,0.4345549511185452,0.99999994,0.004243
1661,0.260506096630365,1.0,0.0016103496
1662,0.6252178913807416,1.0,6.3328356e-05
1663,0.1981723827975918,1.0,0.0
1664,0.3551281102420665,1.0,0.00015379745
1665,0.3538822126042275,1.0,0.00038901705
1666,0.3826262672596733,0.99999994,0.0004523454
1667,0.4910391155355161,1.0,0.00028045414
1668,0.4353567473188459,1.0,9.046908e-05
1669,0.5130069140178711,1.0,0.0037997013
1670,0.7419612298041057,0.99999994,0.0031845118
1671,0.2526176527402352,1.0000001,0.0011218166
1672,0.2793831075399232,1.0,0.0001085629
1673,0.5239928716453071,1.0,0.0002171258
1674,0.3194952363379336,1.0,5.428145e-05
1675,0.6198638138851158,1.0,0.0005247207
1676,0.3161073226146182,1.0,0.0014203646
1677,0.297260520397854,1.0,0.0019269915
1678,0.6504301281981775,1.0000001,0.0010675351
1679,0.414748238002199,0.99999994,1.8093817e-05
1680,0.3054689964419245,1.0,0.00018093816
1681,0.5063488405186748,1.0,0.0019993668
1682,0.6944711225974741,1.0,0.0015198806
1683,0.3344053937153046,0.99999994,0.0018998507
1684,0.4896622374996101,1.0,0.00018093816
1685,0.4879657147095801,1.0,0.0003437825
1686,0.2909166085848947,1.0,0.00057900214
1687,0.7138219069452432,1.0,0.0009680192
1688,0.4700310569906725,1.0,0.005898584
1689,0.3173215687237483,1.0,8.142217e-05
1690,0.475868116796303,1.0,0.00041615777
1691,0.4119773608783924,0.99999994,0.0010403944
1692,0.3732453088296177,1.0,0.002759307
1693,0.3827701468621886,1.0000001,0.0005518614
1694,0.6070730974710941,1.0,3.6187634e-05
1695,0.4262390539950295,0.99999994,0.0036911385
1696,0.2482334038871866,1.0,0.001085629
1697,0.5385236011853972,1.0,9.046908e-05
1698,0.5189169260566626,1.0,0.0004975799
1699,0.5411346106973832,1.0000001,6.3328356e-05
1700,0.2464539137578758,0.99999994,0.0018455692
1701,0.5461794840446663,0.99999994,0.0
1702,0.6319501479279683,1.0,0.0041163433
1703,0.6744523876138633,1.0,0.0017731941
1704,0.3144535531858406,1.0,0.00047043923
1705,0.3039375981688051,1.0,0.00015379745
1706,0.4540880151133936,1.0,0.00037997015
1707,0.4303069348339028,0.99999994,0.00025331342
1708,0.5786161337229552,1.0000001,0.0
1709,0.424128206994424,1.0,0.00057900214
1710,0.4164201666705164,0.9999999,0.00026236035
1711,0.3502141162748091,1.0,0.0
1712,0.3238671267125265,0.99999994,0.0014475053
1713,0.5457821910395176,1.0,0.004894377
1714,0.340700742362093,1.0,8.142217e-05
1715,0.4332607392196328,1.0,8.142217e-05
1716,0.3453501834298771,1.0,0.00047043923
1717,0.3785331965104975,1.0,9.046908e-05
1718,0.2959122892435014,1.0000001,0.0014565522
1719,0.5743008343864635,0.99999994,0.00069661194
1720,0.3159862291140164,0.99999994,0.00083231553
1721,0.3308883880926124,1.0000001,0.00069661194
1722,0.5938421836011394,1.0,0.0012575203
1723,0.4408697638458598,1.0,0.00095897226
1724,0.5589510017384515,1.0,0.0008956439
1725,0.3365555378626016,1.0,0.00060614286
1726,0.6339729347150431,1.0,0.00535577
1727,0.3561723398322468,1.0,0.0028407292
1728,0.3714761840231964,1.0000001,9.046908e-05
1729,0.352928819667812,1.0,0.00085945625
1730,0.4103483936496689,0.99999994,3.6187634e-05
1731,0.3072022465076036,0.99999994,0.0011127697
1732,0.4580296202392813,0.99999994,0.0007508934
1733,0.495675163137478,1.0,0.00025331342
1734,0.4308021715322678,1.0,0.00027140725
1735,0.4403781263772486,1.0,5.428145e-05
1736,0.6487362822581427,1.0,0.00013570362
1737,0.2898616162144442,0.99999994,7.237527e-05
1738,0.4426640850425723,1.0,0.00029854797
1739,0.4187984265463466,1.0,4.523454e-05
1740,0.1891129754338579,1.0,0.0010765821
1741,0.3429772157637881,0.99999994,0.0016193966
1742,0.2987274967676953,1.0,0.0011218166
1743,0.3663120267000693,1.0000001,0.00047948613
1744,0.5823507437587524,1.0,0.0005247207
1745,0.3363217075845653,1.0,0.0008504094
1746,0.5736022210465239,1.0,0.00065137737
1747,0.3445199848184135,0.99999994,0.00079612795
1748,0.421375678975264,0.99999994,0.0005428145
1749,0.3097373662950591,1.0,0.0003075949
1750,0.2557205926787611,1.0,6.3328356e-05
1751,0.3701223810923967,1.0,0.00047043923
1752,0.2900013922660446,1.0,0.00040711087
1753,0.4405280370122795,1.0000001,0.0018817569
1754,0.3273581333714954,1.0,0.0017279595
1755,0.3390320855898367,1.0,0.0017189125
1756,0.3858342040119376,1.0,0.00060614286
1757,0.3879281353421492,1.0,0.0014022707
1758,0.4969307591928072,1.0,0.0002261727
1759,0.607196478785226,1.0,0.0003347356
1760,0.3719859559757185,1.0000001,2.7140724e-05
1761,0.3599323913046215,1.0,0.004043968
1762,0.3416447368203185,1.0,0.00027140725
1763,0.618226648640144,0.99999994,0.00094992534
1764,0.3892486041840641,1.0,9.046908e-06
1765,0.4554587787824363,0.99999994,2.7140724e-05
1766,0.496505007404704,1.0,0.0011489573
1767,0.3327205383742189,1.0,0.0019450852
1768,0.276796634076159,0.99999994,0.0009951598
1769,0.3441891643560703,1.0,0.0008051748
1770,0.3314627827885132,1.0,0.004650111
1771,0.625992594153611,0.99999994,0.002976433
1772,0.4189097011261095,0.99999994,0.00053376757
1773,0.6537839619607874,1.0,0.0006694712
1774,0.4498771399539376,0.99999994,0.00011760981
1775,0.4196569056416497,0.99999994,0.002352196
1776,0.4015815510676243,1.0000001,0.0015832089
1777,0.3475976328621267,1.0,0.0013298955
1778,0.5578523283086024,1.0,0.0004252047
1779,0.2584604453016038,1.0,0.00026236035
1780,0.3075946831325107,1.0,0.0002171258
1781,0.421918297324334,1.0,0.00016284434
1782,0.4125366616797146,0.99999994,0.00044329852
1783,0.3886606581842505,1.0,9.046908e-06
1784,0.7880691789539769,0.99999994,0.0003075949
1785,0.3671902830824102,1.0,0.0026055095
1786,0.3147118594012493,0.99999994,0.00011760981
1787,0.2933697569951652,0.99999994,0.00017189125
1788,0.4512180911095685,1.0,0.00044329852
1789,0.4092499486853489,1.0,0.0014203646
1790,0.3790833707526381,1.0,0.00038901705
1791,0.6911672297924809,1.0,0.00019903199
1792,0.4175970039466879,1.0,0.001176098
1793,0.5860140315404658,0.99999994,0.00076898717
1794,0.5372961840996,1.0,0.0019812728
1795,0.3088286593630229,0.99999994,0.0006151898
1796,0.3841947725770792,1.0,0.00050662685
1797,0.4152170514835523,1.0,0.0006332836
1798,0.4695611246342089,1.0,0.0008051748
1799,0.5391909678533449,1.0,0.00016284434
1800,0.3537265553479194,1.0,0.0006332836
1801,0.4526812204784854,1.0,0.0016374903
1802,0.2252650939281699,1.0000001,0.0001085629
1803,0.4167486564722745,1.0,0.0042158593
1804,0.3666133590247469,1.0,0.0020898357
1805,0.300256789080643,1.0,0.00013570362
1806,0.3979380911629145,0.99999994,0.00062423665
1807,0.6246899662653462,1.0,0.00014475053
1808,0.2358838288571476,1.0,0.003057855
1809,0.417788816946511,1.0,0.0018908038
1810,0.2111598350625591,0.99999994,0.0
1811,0.3287345523368239,1.0,0.0009770661
1812,0.3064252029392966,1.0,0.0004252047
1813,0.3005195792264352,1.0,0.0004523454
1814,0.3891333033924332,1.0,0.00069661194
1815,0.1583066189833527,0.99999994,0.0011399104
1816,0.6134340978187709,1.0,0.001275614
1817,0.3441885476079996,0.99999994,0.0030669018
1818,0.3974243898387872,1.0,0.00014475053
1819,0.5327243269504784,1.0000001,0.00070565887
1820,0.59930442621034,1.0,0.00072375266
1821,0.5766863236620748,1.0,0.00047948613
1822,0.3371893877031863,1.0,0.00020807888
1823,0.3358589269362438,1.0,0.0017008188
1824,0.2875274785067256,0.99999994,0.0005609083
1825,0.2168686222149783,0.99999994,0.000588049
1826,0.3713038735202372,1.0,0.00060614286
1827,0.3626113844102344,0.99999994,0.00041615777
1828,0.415839943968363,1.0,0.0007508934
1829,0.7393471601264474,1.0000001,0.0006604243
1830,0.2714842632143333,0.99999994,0.0010494414
1831,0.1785368293149629,0.99999994,1.8093817e-05
1832,0.4248849021044934,0.99999994,0.00060614286
1833,0.4158671440076413,1.0,0.0002171258
1834,0.3215015526382964,1.0,0.00011760981
1835,0.4383070063654457,1.0,1.8093817e-05
1836,0.4009272403548807,0.99999994,0.0011037228
1837,0.4134252171819544,0.99999994,0.0
1838,0.2838832918213194,1.0,0.0003347356
1839,0.2726478619752309,1.0,0.0014203646
1840,0.2333972190319665,1.0,0.0011037228
1841,0.6112103093676968,1.0,0.0003166418
1842,0.4133989543450233,1.0,0.00137513
1843,0.4441150781220499,1.0,0.0002171258
1844,0.4578180203281983,0.9999999,0.0066585243
1845,0.5771759522076214,1.0,0.000588049
1846,0.4848922467289895,1.0,0.0001085629
1847,0.4531430646449195,1.0,0.00081422174
1848,0.4972343339622769,0.99999994,0.00036187633
1849,0.5117413341224744,1.0,0.00017189125
1850,0.3771817982819352,0.9999999,0.0011489573
1851,0.3389268642098121,1.0,0.00024426653
1852,0.3116315231288032,0.99999994,0.0011127697
1853,0.2655407201428178,1.0,0.00070565887
1854,0.3682698157703986,1.0,0.0033292621
1855,0.5470365901338952,1.0,0.00014475053
1856,0.2593269793921312,0.99999994,0.00018998508
1857,0.6400414354214733,1.0,0.00038901705
1858,0.4617968312555326,0.99999994,0.003437825
1859,0.3188935128898814,1.0,0.0007508934
1860,0.5398199536904625,1.0,4.523454e-05
1861,0.4429754399582259,1.0,9.951599e-05
1862,0.3507470719892696,1.0,0.0009770661
1863,0.3430381362579717,1.0,9.046908e-06
1864,0.4388883581005125,1.0,1.8093817e-05
1865,0.3512579264142917,0.99999994,0.0021893517
1866,0.6378892913118944,1.0,0.0005518614
1867,0.4552125501423165,1.0,0.0003437825
1868,0.3410503894054301,1.0,0.0031392772
1869,0.4774109182541513,1.0,0.008377437
1870,0.2988609538465739,0.99999994,9.046908e-06
1871,0.3203294791643243,1.0,0.0011218166
1872,0.6477857482656054,1.0,0.005907631
1873,0.2487514625002073,1.0,0.00017189125
1874,0.5683776901614731,1.0,1.8093817e-05
1875,0.3435705977811534,1.0,0.00032568868
1876,0.354609808637897,1.0,0.0004342516
1877,0.530383786983321,0.99999994,0.00012665671
1878,0.4089405213764713,1.0000001,0.0065861493
1879,0.3599436064715782,1.0,0.002469806
1880,0.5643742210092992,1.0,0.00065137737
1881,0.393811199115156,0.99999994,0.00076898717
1882,0.4354538161227291,1.0,0.0006332836
1883,0.5750299716152907,1.0,0.00013570362
1884,0.3717795360571024,1.0,0.0003166418
1885,0.5975585460941779,1.0,0.01100104
1886,0.2788539467737935,1.0,0.0012303796
1887,0.5252751672080446,1.0,2.7140724e-05
1888,0.4752215622839,0.99999994,1.8093817e-05
1889,0.2842317790902333,1.0000001,0.00026236035
1890,0.4850829605981679,0.99999994,0.00050662685
1891,0.4617999078025397,1.0,0.0005609083
1892,0.558034664376674,1.0,0.00012665671
1893,0.2230298902858664,1.0,1.8093817e-05
1894,0.474184501536991,1.0,7.237527e-05
1895,0.6843650234468338,1.0,0.000986113
1896,0.5126262510596337,1.0,0.00071470573
1897,0.3081783185122016,1.0,0.0039625457
1898,0.3804490105632388,1.0,0.00028950107
1899,0.4315043764963427,0.99999994,0.00057900214
1900,0.6742139492153838,1.0,0.010919618
1901,0.285393603141667,0.99999994,0.0004252047
1902,0.2961013470159401,1.0,0.00015379745
1903,0.312356785745416,1.0,0.0020898357
1904,0.5342137734884376,0.99999994,0.0009680192
1905,0.368405362128009,1.0,0.00074184645
1906,0.3981916049794556,1.0,0.00015379745
1907,0.3789859111751442,0.9999999,0.0017822409
1908,0.3199693782068912,1.0,0.0003437825
1909,0.3372508050150228,1.0,0.0006332836
1910,0.4313437683072731,1.0,0.0008051748
1911,0.3860667214049143,1.0,0.0003166418
1912,0.4137464973661955,0.99999994,8.142217e-05
1913,0.6087501124255366,1.0000001,9.046908e-06
1914,0.6231475994683219,0.99999994,0.00012665671
1915,0.4262030252536946,1.0000001,0.0034921067
1916,0.4245998117126176,0.99999994,0.0007327996
1917,0.2004027308425096,1.0,0.00026236035
1918,0.3283598992284163,0.99999994,0.0009951598
1919,0.318518085554486,0.99999994,0.00060614286
1920,0.3224523953177972,1.0,0.0012575203
1921,0.5697007828024007,0.99999994,0.00012665671
1922,0.717991663357794,0.99999994,0.0048220023
1923,0.5640770313426103,1.0000001,0.00016284434
1924,0.2171997262570186,0.99999994,0.0017912878
1925,0.3955714725531742,1.0,0.0012575203
1926,0.2550027027452996,1.0,0.0010765821
1927,0.3366781800953866,1.0,0.00047043923
1928,0.2198041860407678,1.0000001,0.0005247207
1929,0.3839952163331446,1.0,8.142217e-05
1930,0.2976323656103596,1.0,0.00023521962
1931,0.5810564290487891,1.0,0.0034197313
1932,0.519507226411478,1.0000001,0.0009680192
1933,0.3545230468516317,1.0,0.0002171258
1934,0.4410231123825017,0.99999994,0.0
1935,0.4362649184031514,1.0000001,0.00029854797
1936,0.3353358880646777,0.99999994,0.0002171258
1937,0.3302792737939236,1.0,0.00020807888
1938,0.3476899654356975,0.9999999,0.0009951598
1939,0.3028414835507331,1.0,0.0014475053
1940,0.4577718120552591,1.0,0.00026236035
1941,0.474048751394694,1.0,0.013724159
1942,0.2454813496341882,1.0,0.00023521962
1943,0.4567683871207382,1.0,0.00072375266
1944,0.380294536064119,1.0,5.428145e-05
1945,0.6905164687090349,1.0000001,2.7140724e-05
1946,0.429404623208259,1.0,0.00016284434
1947,0.3523866374699606,1.0,0.0017279595
1948,0.3246980291269657,0.99999994,2.7140724e-05
1949,0.4693796802067312,1.0,0.00018093816
1950,0.4018455552719514,1.0,0.00060614286
1951,0.5938365662810421,1.0,2.7140724e-05
1952,0.3408880211543202,1.0,0.0012484733
1953,0.2990915396172829,1.0,0.0004975799
1954,0.2759034408464804,1.0,0.000986113
1955,0.3353785586895329,1.0,0.00012665671
1956,0.5916774003998394,1.0,0.0
1957,0.3941731055111018,1.0,0.010042069
1958,0.6409602663889368,1.0,0.00016284434
1959,0.4264662223518912,1.0,0.0026959786
1960,0.4131429656305554,1.0,0.00083231553
1961,0.4124155894717217,1.0,0.00017189125
1962,0.410538729455888,1.0,0.0011580043
1963,0.3373005380797469,1.0,0.0006151898
1964,0.4217818483656384,1.0000001,0.00071470573
1965,0.4531495941224955,0.99999994,0.00018093816
1966,0.5474626845018594,1.0,0.0005699552
1967,0.3556821970580762,1.0,0.0014022707
1968,0.4433736364462183,0.99999994,0.001284661
1969,0.388804762347877,1.0,0.003654951
1970,0.4469473325491986,1.0,0.0011489573
1971,0.4020947955688337,1.0,0.0001085629
1972,0.4573573812472274,1.0,0.0004613923
1973,0.4734589233779365,0.99999994,0.00013570362
1974,0.3850481493102426,1.0,0.00048853306
1975,0.3596392082772584,1.0,0.00041615777
1976,0.3801215534721958,1.0,0.0013570362
1977,0.3661636418649641,1.0,0.00074184645
1978,0.3042288025006652,0.99999994,0.0020446014
1979,0.3394109644611661,1.0,0.0010584883
1980,0.2842148004115106,1.0000001,0.0013479893
1981,0.3185996416151613,0.99999994,0.00048853306
1982,0.3427300664890933,1.0,0.0019541322
1983,0.3469450076887876,1.0,0.0017822409
1984,0.4325677359918305,1.0,0.0038992174
1985,0.2552541422458471,1.0,0.00019903199
1986,0.3725017919670399,0.99999994,0.0005699552
1987,0.1546598860430666,1.0,0.0001085629
1988,0.3041944159525565,1.0,0.0006785181
1989,0.2394525573307264,1.0,0.0015560682
1990,0.4805658763009075,0.99999994,0.0038177953
1991,0.2738606732488998,1.0,0.0020265074
1992,0.3174675831416885,1.0,0.0006151898
1993,0.5753790788020453,1.0,2.7140724e-05
1994,0.3715398199382651,0.99999994,9.046908e-06
1995,0.4078068064218463,1.0,0.0011399104
1996,0.4040855403081151,1.0,0.00041615777
1997,0.624628172705051,1.0,0.028153978
1998,0.2755605373366068,0.99999994,0.00088659703
1999,0.5033888771821349,1.0,0.00023521962
2000,0.3720172026504856,0.99999994,0.004794861
2001,0.4947434403789942,1.0,0.0015379743
2002,0.3819422212761008,1.0,0.00020807888
2003,0.3375160133838931,1.0,0.00083231553
2004,0.3228482756675539,1.0,0.0003075949
2005,0.4546404052452446,0.99999994,0.00037092323
2006,0.338814555764556,0.9999999,0.0021260234
2007,0.3979747503023559,1.0,0.0010946759
2008,0.4344741181333976,1.0,0.0023250554
2009,0.3964148755751212,1.0,0.0005518614
2010,0.4305118840922978,1.0,0.0003437825
2011,0.6668116105350239,1.0,0.006902791
2012,0.3065358845562673,0.99999994,0.00079612795
2013,0.2891025260408081,1.0,0.001185145
2014,0.3853045558886997,1.0,0.000687565
2015,0.2190873178725679,1.0,0.00027140725
2016,0.4547997049487705,0.99999994,0.00053376757
2017,0.3323539411152738,0.99999994,0.00016284434
2018,0.3121059185914687,1.0000001,0.00093183154
2019,0.6391333091067231,1.0000001,0.0019088977
2020,0.4930201913188232,1.0,0.00026236035
2021,0.31509278031925,0.99999994,1.8093817e-05
2022,0.5166992691772817,1.0,0.0004342516
2023,0.34168696287651,1.0,0.00029854797
2024,0.4175434422629004,1.0,0.00474058
2025,0.3980928083018316,1.0,0.0
2026,0.5944196576969282,1.0,0.0
2027,0.3925310017248165,1.0,0.0
2028,0.2361699239509332,1.0,0.0003166418
2029,0.4710559723379023,0.99999994,3.6187634e-05
2030,0.3190990982064561,1.0,0.00059709593
2031,0.3118656038340793,1.0,0.0012303796
2032,0.3649309435480549,0.99999994,0.00028045414
2033,0.4188054689723644,0.99999994,0.0011399104
2034,0.3178585997861547,0.99999994,0.003057855
2035,0.3923309106079187,1.0,0.0040982496
2036,0.3380777069710304,1.0,0.00023521962
2037,0.4171565020329186,1.0,0.00018093816
2038,0.4043772545222596,1.0,3.6187634e-05
2039,0.4012233595747713,1.0,0.00053376757
2040,0.4594575938992273,1.0,0.0007327996
2041,0.4206302803026671,1.0,0.0015470213
2042,0.2635849571098377,1.0,0.0018546162
2043,0.6525271937782448,0.99999994,0.00025331342
2044,0.2838485440201591,1.0,0.0013208486
2045,0.5328103086341937,1.0,0.0008051748
2046,0.6976067990362764,0.9999999,0.001474646
2047,0.3656492685741349,1.0,8.142217e-05
2048,0.2690330642931065,1.0,0.0034740127
2049,0.4713063450814506,0.99999994,0.00018998508
2050,0.6650735163812672,1.0,0.002171258
2051,0.5813271637266952,0.99999994,0.0006604243
2052,0.3837032230229965,1.0,0.001384177
2053,0.3506276662148869,1.0,0.00082326867
2054,0.389365903666483,1.0,0.00070565887
2055,0.3561086286652741,0.99999994,0.0
2056,0.5212695331613743,1.0000001,0.0020355543
2057,0.2575534305848376,1.0,0.00036187633
2058,0.4185465867875018,1.0,0.0008685032
2059,0.3262011625507146,1.0,0.001972226
2060,0.4001835487142771,1.0,0.005220066
2061,0.5030073034201648,1.0,0.0006604243
2062,0.5926005642486668,1.0,0.0
2063,0.3673317869582715,1.0,0.0013027547
2064,0.2535115308732817,1.0,0.00079612795
2065,0.3725194567040215,1.0,0.0023883837
2066,0.4556681011080695,1.0000001,0.00047043923
2067,0.3702678820647443,1.0,0.0012122857
2068,0.3640134232779253,1.0,0.0003166418
2069,0.3723117211562244,1.0,0.0027231195
2070,0.4244912671746375,0.99999994,0.0011308636
2071,0.3658923288451621,1.0,0.0024607591
2072,0.2881812684366135,1.0,0.0011580043
2073,0.348046777378967,0.99999994,0.0018546162
2074,0.3556424014831155,0.99999994,0.0
2075,0.2699609548178558,1.0,9.046908e-06
2076,0.5941421825673789,1.0,0.0002171258
2077,0.361657789452897,1.0,0.0008685032
2078,0.3152655265214589,1.0000001,0.0030035735
2079,0.2458626498628186,1.0,0.0019903197
2080,0.3736274257543058,1.0,3.6187634e-05
2081,0.3030898923310987,1.0,0.0036187633
2082,0.8002075939533958,1.0,0.00050662685
2083,0.4879055549529735,1.0000001,0.00016284434
2084,0.3469676296693757,1.0,0.00081422174
2085,0.4749814076068447,1.0,0.00070565887
2086,0.5432484881593802,1.0,0.00014475053
2087,0.2397569449886051,1.0000001,0.00065137737
2088,0.3652489134245486,1.0,0.00025331342
2089,0.6112770642932017,1.0,0.0003166418
2090,0.2667751817494645,1.0000001,0.001185145
2091,0.6073462977651232,1.0,0.00028950107
2092,0.4952683712900145,1.0,0.0011941919
2093,0.2330328297032549,1.0,0.004632017
2094,0.7680677325609553,1.0,0.0003075949
2095,0.2514018272913154,1.0,0.0
2096,0.2832443416367201,1.0,1.8093817e-05
2097,0.2591462172518692,1.0,0.0010675351
2098,0.6938004177559334,0.99999994,0.00012665671
2099,0.3611398502916435,0.99999994,0.0046682046
2100,0.3884161314633407,1.0,0.0003437825
2101,0.4593301388781152,1.0,0.0017641471
2102,0.3465408617513193,0.99999994,0.00012665671
2103,0.3122714062247795,1.0,0.00070565887
2104,0.4241902570297028,1.0,0.00024426653
2105,0.3209653669052527,1.0,0.0018546162
2106,0.2131837015375548,1.0000001,0.0004975799
2107,0.3210440188101615,1.0,0.0006604243
2108,0.6269369924544842,1.0,6.3328356e-05
2109,0.574359724442411,1.0,0.0003347356
2110,0.356123265951576,0.99999994,0.0062876013
2111,0.4206640717624443,1.0,0.0003347356
2112,0.3599013397326394,0.99999994,0.005654318
2113,0.3034528647671518,1.0,0.002569322
2114,0.6631624715982335,0.99999994,0.0006694712
2115,0.5793629464538973,1.0,4.523454e-05
2116,0.4351071427380176,1.0,0.00020807888
2117,0.2302124156120032,0.9999999,0.00023521962
2118,0.3274857745026931,0.99999994,0.0032206993
2119,0.4972670509111395,1.0000001,0.00050662685
2120,0.4313432588421299,1.0,0.0009046908
2121,0.5124943720515083,1.0,0.00016284434
2122,0.4359630486780608,1.0,0.0014203646
2123,0.4552310564427563,1.0,0.00012665671
2124,0.3817567860664921,0.99999994,0.001384177
2125,0.3953207971716848,0.99999994,0.0048853303
2126,0.2448029643821813,1.0,0.0009046908
2127,0.2167731038633786,0.99999994,0.001185145
2128,0.488325136417199,1.0,5.428145e-05
2129,0.4370731907086693,0.99999994,0.0012032388
2130,0.3292030029390893,1.0,0.00015379745
2131,0.515261998317992,1.0,0.0018998507
2132,0.4983255620684424,1.0,0.00026236035
2133,0.3816384507053094,0.99999994,0.0017370064
2134,0.2978131879579829,1.0,0.00025331342
2135,0.3431921328289148,1.0,0.0013208486
2136,0.2470098789522909,1.0,0.0016374903
2137,0.6168177821900981,0.9999999,0.00082326867
2138,0.5636723219188394,1.0,0.0041072965
2139,0.4276553344162491,1.0,2.7140724e-05
2140,0.4429622164090333,0.99999994,0.0020536482
2141,0.6899568431261645,1.0,0.002777401
2142,0.4988637236073689,0.99999994,0.00025331342
2143,0.4461853692036543,1.0,8.142217e-05
2144,0.4229336126614116,1.0,0.0009951598
2145,0.2944559543487805,0.99999994,0.00082326867
2146,0.4454173583959555,1.0000001,0.0006151898
2147,0.3881909602641387,1.0,0.0003347356
2148,0.4169297929704643,0.99999994,0.0010403944
2149,0.424538577388856,1.0,0.0007599403
2150,0.6209367770844378,1.0,0.006513774
2151,0.2663274011148163,1.0,0.000588049
2152,0.4765141821983806,0.9999999,0.0015651152
2153,0.4566261521685055,1.0,0.002650744
2154,0.4166048247803049,1.0,0.00032568868
2155,0.4912234707135061,1.0,0.0029311983
2156,0.2651331756787853,1.0,0.0008504094
2157,0.3868404713949737,1.0,5.428145e-05
2158,0.3709787466079845,1.0,0.0017641471
2159,0.3237447320250087,1.0,0.0008685032
2160,0.5642328398094884,1.0,0.00014475053
2161,0.3537874074833436,1.0,0.0023883837
2162,0.4330769800545518,1.0,0.0023160086
2163,0.4312232389991766,0.99999994,0.00019903199
2164,0.558490713807929,0.99999994,0.00012665671
2165,0.3006718061198778,1.0,0.00013570362
2166,0.3224889453750567,1.0000001,0.0010584883
2167,0.621300753007341,0.99999994,0.00016284434
2168,0.4182317730021337,0.99999994,0.0001085629
2169,0.2830007315083462,0.99999994,0.0047677206
2170,0.5132645642131112,1.0,0.0005428145
2171,0.4389943522103881,1.0,0.00039806397
2172,0.6474041105931745,1.0,1.8093817e-05
2173,0.3356848892452296,1.0,0.0016917718
2174,0.4986955549081738,1.0,0.00025331342
2175,0.3093251152860465,1.0,0.0011670511
2176,0.3964305789561035,0.99999994,0.00013570362
2177,0.3724284844465456,0.99999994,0.00374542
2178,0.5214488856211705,1.0,0.00027140725
2179,0.4480319335991396,0.99999994,0.00040711087
2180,0.2643103666899477,1.0,0.0016917718
2181,0.4795571526022882,0.99999994,0.00018998508
2182,0.4561416605191173,1.0,0.0007327996
2183,0.4715147945409741,1.0,0.0007327996
2184,0.544503982840282,0.99999994,0.00016284434
2185,0.3215975372982068,1.0,0.0024336183
2186,0.3010513617391736,0.99999994,0.0009951598
2187,0.4879544715524408,1.0,0.00018998508
2188,0.5166402813186346,0.99999994,9.951599e-05
2189,0.5154684757613485,1.0,0.00048853306
2190,0.4327491678068756,1.0,0.0003347356
2191,0.5004874732602399,1.0000001,0.00018093816
2192,0.2403849502089174,1.0,0.00057900214
2193,0.4628669558189356,0.99999994,0.0007327996
2194,0.4350883074487074,0.99999994,0.00027140725
2195,0.21231311043937,1.0,7.237527e-05
2196,0.5347303780426272,1.0,0.00023521962
2197,0.521442221062352,1.0,3.6187634e-05
2198,0.3774232933319295,0.99999994,0.0021531642
2199,0.4579268769988717,1.0,0.0032297461
2200,0.4135212782415119,1.0,0.0024155246
2201,0.4067826829591079,1.0,0.00137513
2202,0.3020387965084542,0.99999994,0.005292441
2203,0.3318226418642955,1.0,0.0023341023
2204,0.3434053083956393,0.99999994,0.00074184645
2205,0.3392491993694925,0.99999994,0.00088659703
2206,0.3125584660805328,0.99999994,0.0016013028
2207,0.3522136392292032,1.0,0.0016827249
2208,0.3223074305060022,0.99999994,9.046908e-06
2209,0.4261609859808978,0.99999994,0.00018998508
2210,0.4091644346844876,1.0,0.00015379745
2211,0.2705322872475851,1.0,0.00040711087
2212,0.4920835425633901,1.0,0.00074184645
2213,0.4944765720178963,1.0,0.0006332836
2214,0.3586988377650013,1.0,0.0021079297
2215,0.3129610748273245,0.99999994,0.00019903199
2216,0.2937544954616753,0.99999994,0.00014475053
2217,0.4564573376787782,0.99999994,0.0009046908
2218,0.2644341344752011,1.0000001,0.0007327996
2219,0.3631309943990409,0.99999994,0.0005609083
2220,0.4493868095383252,1.0,0.00011760981
2221,0.2498260325666189,1.0,0.0003166418
2222,0.3661268415252108,1.0,0.00029854797
2223,0.2487198884585501,0.99999994,0.0015651152
2224,0.6018182940751627,1.0,0.00036187633
2225,0.3979436386571461,1.0,0.00040711087
2226,0.5163608314885516,1.0,0.0011308636
2227,0.2467131796652783,1.0,0.0015560682
2228,0.4236569731840417,1.0,9.046908e-06
2229,0.7452546188516656,1.0,0.026290316
2230,0.7558057655217452,1.0000001,0.012014294
2231,0.3321951476325828,1.0,0.0030669018
2232,0.3876037706865153,1.0,4.523454e-05
2233,0.5448133200513201,1.0,9.046908e-06
2234,0.314088574828088,1.0,4.523454e-05
2235,0.3523504367447053,1.0,0.008576469
2236,0.3667452677973896,0.99999994,0.0005247207
2237,0.2906448483285352,1.0,0.00083231553
2238,0.7558057655217452,0.99999994,0.0026145566
2239,0.3565649275898872,1.0,0.0015198806
2240,0.360962960310881,1.0,0.00016284434
2241,0.3275244938376219,0.9999999,0.0008956439
2242,0.5582786723640724,0.99999994,0.0005518614
2243,0.2955849809240216,1.0,0.00027140725
2244,0.5175369109507697,0.99999994,0.0004975799
2245,0.4774411333375777,1.0,0.00095897226
2246,0.4089398278624968,1.0,0.00048853306
2247,0.5808630497191559,1.0,0.00016284434
2248,0.3162857530704359,1.0,0.00059709593
2249,0.614588995517204,1.0000001,0.00088659703
2250,0.4032459789552026,1.0,0.00094992534
2251,0.3858730740759357,1.0,0.0010675351
2252,0.3164191671690581,1.0,0.010467273
2253,0.7807005629192336,0.99999994,0.0015017868
2254,0.4977786405656522,1.0,0.0006785181
2255,0.5384889944955379,1.0,0.00047948613
2256,0.2487628865855115,1.0000001,0.003935405
2257,0.5776815924111035,1.0000001,0.0016827249
2258,0.5335952265843954,1.0,0.00028950107
2259,0.318266643205061,1.0,0.0029040575
2260,0.672733827030585,0.99999994,0.0010765821
2261,0.5101727586906787,1.0,0.00027140725
2262,0.5856156510415134,1.0000001,0.0005699552
2263,0.2705068943735146,1.0,2.7140724e-05
2264,0.3035427606916724,0.99999994,0.0015470213
2265,0.2691088387853022,1.0,0.0007780341
2266,0.270511113766033,1.0000001,0.0026326503
2267,0.4403352233565548,1.0,0.00024426653
2268,0.4995999165547743,1.0,0.0004523454
2269,0.5000295490959701,1.0,0.00016284434
2270,0.4521535945934275,1.0,0.00044329852
2271,0.3416125246470478,1.0,0.0029311983
2272,0.3408771047356971,1.0,0.00072375266
2273,0.3313361302515233,1.0,0.0012032388
2274,0.299170980423067,1.0,0.0003166418
2275,0.3805766909637821,0.99999994,0.0014655992
2276,0.2975006200858445,0.99999994,0.0006694712
2277,0.5330054911379635,1.0,0.00076898717
2278,0.3029327508700348,1.0000001,0.0015560682
2279,0.5776815924111035,1.0,0.00083231553
2280,0.2809018317259158,1.0000001,0.00047948613
2281,0.4455501374348731,1.0,9.046908e-06
2282,0.574438477283907,1.0,0.003437825
2283,0.3943132081156663,1.0,0.0008775501
2284,0.3008177440240521,0.99999994,0.00037997015
2285,0.4611669769575639,1.0000001,0.00059709593
2286,0.318985661795387,1.0,0.004324422
2287,0.2423081782689013,1.0,0.00047043923
2288,0.6497419241861073,1.0,0.00048853306
2289,0.3831366443676512,1.0,8.142217e-05
2290,0.4015815510676243,1.0,0.0007327996
2291,0.3614003825827526,0.99999994,0.001085629
2292,0.3135567151099138,1.0,0.0016555842
2293,0.3449644196307811,0.99999994,0.00047948613
2294,0.5333196790592751,1.0,0.00013570362
2295,0.4243146937420055,1.0,9.046908e-06
2296,0.3728325698063767,1.0,0.00015379745
2297,0.5030511539608641,0.99999994,0.0004342516
2298,0.3248501983700485,1.0000001,0.003953499
2299,0.2980750071439935,1.0,0.0014927399
2300,0.5155961788624577,1.0,0.0007508934
2301,0.437782532333385,0.99999994,0.0038268422
2302,0.2788956754763488,1.0,0.00044329852
2303,0.4168044147773171,1.0,0.0012213326
2304,0.3653544612928909,1.0,0.0010313476
2305,0.6225747827111844,0.99999994,0.0012575203
2306,0.3577495571482755,1.0,0.00017189125
2307,0.3234369699946652,1.0,0.0
2308,0.58947311885075,1.0,0.0004975799
2309,0.4398403276296381,1.0,0.00029854797
2310,0.3761706144291381,1.0,0.0015198806
2311,0.3473231906451302,1.0,0.00082326867
2312,0.4680996474777908,1.0,0.0023250554
2313,0.314488844346211,1.0,0.00023521962
2314,0.3072150580385177,1.0,0.0030397612
2315,0.422556622007941,1.0,0.0003075949
2316,0.569699708100602,1.0,0.0033111684
2317,0.258260078788919,1.0000001,0.0017551002
2318,0.3189429212534738,1.0,0.00094992534
2319,0.4888340512336848,1.0,0.0004252047
2320,0.407823625839925,0.9999999,0.004351563
2321,0.3348441913501843,1.0,0.0002261727
2322,0.2746063933723903,1.0000001,0.0004613923
2323,0.6380673294858755,0.99999994,0.0005518614
2324,0.3437347036531108,1.0,0.001574162
2325,0.2425017949824192,1.0,0.00057900214
2326,0.5662331243092845,1.0,0.0053738635
2327,0.3409167256710736,1.0000001,0.0020446014
2328,0.3742771113333659,1.0,0.00038901705
2329,0.4190592861205864,1.0,0.0067399465
2330,0.4153416265730566,1.0000001,6.3328356e-05
2331,0.244716360823739,0.99999994,7.237527e-05
2332,0.277503106195595,1.0,0.0004252047
2333,0.3668909740155289,1.0,0.0022436331
2334,0.3519287048959753,1.0,0.0003166418
2335,0.320970097874315,1.0,0.0013298955
2336,0.3179808521003416,0.99999994,5.428145e-05
2337,0.2550560082632235,1.0,0.0007780341
2338,0.3149843495213103,1.0000001,0.00012665671
2339,0.7276913903854023,0.99999994,0.00011760981
2340,0.3203403540768553,1.0,0.0006423305
2341,0.3966699629921945,1.0,0.0035282942
2342,0.2861557773516927,1.0,0.00065137737
2343,0.2992713687890702,1.0000001,0.001085629
2344,0.4423401870354848,1.0,0.002071742
2345,0.2680317867206362,1.0,0.00015379745
2346,0.3588487579927486,1.0,0.0022798209
2347,0.4895715664304052,1.0,0.00038901705
2348,0.4435992250934822,1.0,0.0010223007
2349,0.3608409605338476,1.0,0.00093183154
2350,0.4331601492162348,1.0,0.0003075949
2351,0.2300072051704158,0.99999994,0.0003166418
2352,0.5359560225272622,1.0000001,0.0
2353,0.3195320952877918,1.0000001,0.0013932239
2354,0.4122270710545301,1.0,9.951599e-05
2355,0.2756417706441885,1.0,0.00081422174
2356,0.2752326629577756,0.99999994,0.0015108336
2357,0.6308464523117376,1.0,0.0006332836
2358,0.7110340450532018,1.0,3.6187634e-05
2359,0.2991654659486367,0.99999994,0.001673678
2360,0.3509780019723277,1.0,0.0013479893
2361,0.6435111183430524,1.0,0.00018093816
2362,0.3203025082998985,0.99999994,0.00071470573
2363,0.4170772750508055,1.0,0.0012394264
2364,0.4047351201678143,1.0,0.00018998508
2365,0.5897612306685588,1.0,0.0005518614
2366,0.3040904613275526,1.0,0.00037997015
2367,0.4061573895844385,1.0000001,0.0008956439
2368,0.3606740746078577,1.0,0.0010132537
2369,0.3409015365150153,1.0,0.0005518614
2370,0.3590328553596233,1.0,0.00020807888
2371,0.5125616089639516,0.99999994,0.0036639979
2372,0.4960552967281522,1.0,0.0011308636
2373,0.5230096372880378,1.0,0.0013660832
2374,0.6064342957009442,1.0000001,0.00018093816
2375,0.3005549953213299,1.0,0.0012303796
2376,0.4890174414821523,1.0,8.142217e-05
2377,0.404384552853393,1.0,0.00011760981
2378,0.3404775335479253,0.99999994,0.0020355543
2379,0.2996290498957549,1.0,0.00032568868
2380,0.3062949141445178,1.0000001,0.0011489573
2381,0.6471657437501445,1.0,0.00053376757
2382,0.5345595684814541,1.0,0.0016555842
2383,0.2464929650886196,1.0,3.6187634e-05
2384,0.5721784003031365,1.0000001,0.003555435
2385,0.5676124991615906,1.0,0.0013932239
2386,0.3797309810510207,1.0,0.0036278102
2387,0.4811886592369643,1.0,0.0013570362
2388,0.4054633658167877,0.99999994,0.0040982496
2389,0.2745197786086155,1.0,0.0005156738
2390,0.6678855901068476,1.0,0.0010494414
2391,0.2839028725087341,1.0,0.00093183154
2392,0.3386541357370171,1.0,0.0021260234
2393,0.2577820684824009,1.0,0.00079612795
2394,0.610589775690586,1.0,0.00015379745
2395,0.6428372555171158,1.0,0.00028045414
2396,0.4017066297755441,0.99999994,0.0006694712
2397,0.3572962543195261,1.0,0.00044329852
2398,0.5065276261164402,1.0,0.00040711087
2399,0.34085083297943,1.0,0.00029854797
2400,0.5045639585074123,1.0,0.00037092323
2401,0.3823758062479363,1.0,0.00062423665
2402,0.5044907061675643,1.0,8.142217e-05
2403,0.3274272701175774,1.0,0.00044329852
2404,0.54583514311985,1.0,0.00015379745
2405,0.2907820735536062,1.0,0.0012937079
2406,0.3304630985790846,1.0,0.0007508934
2407,0.5082876619762475,1.0,0.0
2408,0.624279689552953,0.99999994,0.00014475053
2409,0.7478297806172749,0.9999999,0.0013118017
2410,0.4088713445345245,0.99999994,0.0009680192
2411,0.5817021886972475,1.0,0.0011127697
2412,0.3236390405179389,1.0,0.001384177
2413,0.4974605234528647,1.0,0.00038901705
2414,0.4059817444441441,0.99999994,0.001284661
2415,0.2369029451818588,1.0000001,0.00070565887
2416,0.3409663604504407,0.9999999,6.3328356e-05
2417,0.4645831095610829,1.0,6.3328356e-05
2418,0.4354405819653685,1.0,0.00032568868
2419,0.3533822573512837,1.0,0.0002171258
2420,0.2659667090091029,1.0,0.0007508934
2421,0.5531774210353686,1.0000001,0.00060614286
2422,0.2933107403115026,1.0,0.00013570362
2423,0.2548739165329154,1.0,0.0010042068
2424,0.5822014259145422,1.0000001,9.951599e-05
2425,0.4604268732411752,0.99999994,5.428145e-05
2426,0.5798842605291125,0.9999999,0.00038901705
2427,0.7508365800722894,1.0,0.0009951598
2428,0.475929596902341,1.0,0.0022074457
2429,0.2091895141816137,1.0,0.0013027547
2430,0.6093420532286845,1.0,0.0013570362
2431,0.3068784946518407,0.9999999,0.00088659703
2432,0.2751636866428646,1.0,0.00047948613
2433,0.4924747627361054,1.0,0.001275614
2434,0.4349239302515194,0.99999994,0.0015198806
2435,0.3850478567932339,0.99999994,0.0029673858
2436,0.2702017476217818,1.0,0.0012575203
2437,0.6744523876138633,1.0000001,0.0011670511
2438,0.4794902483510886,1.0,0.006097616
2439,0.3830955331396892,1.0,0.0005609083
2440,0.607604737229687,0.99999994,0.00412539
2441,0.3440824260817433,1.0,3.6187634e-05
2442,0.3962077446261614,1.0,0.0016284435
2443,0.2972999721627625,1.0,0.0025150406
2444,0.2930897129974845,1.0,0.00011760981
2445,0.4147732721751919,1.0,0.00037997015
2446,0.7258319065844606,1.0000001,0.00012665671
2447,0.4018988070898804,0.99999994,0.00094087847
2448,0.3569713197765911,1.0000001,0.0016465373
2449,0.5184575665616304,1.0,0.0011399104
2450,0.3241648478474798,1.0,0.0008775501
2451,0.4553231652263025,1.0,0.0
2452,0.3642442791366509,1.0,0.0007599403
2453,0.3510480045151399,1.0,0.0011127697
2454,0.6198089101466356,1.0,0.001963179
2455,0.4832440959467441,1.0,0.0001085629
2456,0.6128304229476214,1.0000001,0.0009770661
2457,0.2141007958707081,0.9999999,7.237527e-05
2458,0.218024990121942,0.99999994,0.0004523454
2459,0.3048764929022083,0.99999994,0.0044058445
2460,0.4522844275932676,1.0000001,8.142217e-05
2461,0.5367332580465665,0.99999994,0.00065137737
2462,0.3871645132282987,1.0,0.0039625457
2463,0.4029757127640211,1.0,0.0
2464,0.7047030889829105,0.99999994,0.0011037228
2465,0.3055210406372151,1.0000001,0.0
2466,0.3009731132564823,1.0000001,0.001384177
2467,0.3061266003377366,0.9999999,0.0064775865
2468,0.5753983516347738,1.0,0.0015560682
2469,0.3387748375802258,0.99999994,0.0015289275
2470,0.3368772644611606,1.0000001,0.00062423665
2471,0.5525804864137054,0.99999994,0.02162211
2472,0.2953127763378079,1.0,0.0015560682
2473,0.3860118855324128,0.99999994,0.0023883837
2474,0.2511224147722391,0.99999994,0.000687565
2475,0.4569716246415453,1.0,0.0015922559
2476,0.3967386397299051,1.0,0.0008956439
2477,0.2931393158452479,0.99999994,0.00091373775
2478,0.7507687566353265,1.0,0.00025331342
2479,0.380978947568744,1.0,0.00012665671
2480,0.383672976463783,1.0,0.00024426653
2481,0.5762753408489429,1.0,2.7140724e-05
2482,0.3577726985059913,1.0,0.0024788529
2483,0.4092211115087147,1.0,0.0005518614
2484,0.2952604728941949,0.99999994,0.001972226
2485,0.4397727751517659,1.0,0.0012032388
2486,0.4189424296840857,1.0,0.0005518614
2487,0.2828340922146645,0.99999994,9.951599e-05
2488,0.3769196008645459,1.0,9.046908e-05
2489,0.5418320890219918,1.0,0.00048853306
2490,0.2843513558428582,0.99999994,0.004731533
2491,0.6172308843171134,1.0,0.001474646
2492,0.2514210078428636,0.99999994,0.0002171258
2493,0.4285768344951155,1.0,0.0008685032
2494,0.2690457329684078,1.0,0.0031302304
2495,0.5556068874747603,1.0,7.237527e-05
2496,0.3816142909721406,1.0,0.00012665671
2497,0.3739616011543292,1.0,0.003455919
2498,0.2386354560975745,1.0,0.0022255394
2499,0.5673679022555386,1.0,0.0006423305
2500,0.6065270671407801,1.0,0.0006694712
2501,0.3148387747400223,1.0000001,0.0014022707
2502,0.4309554952558765,0.99999994,9.046908e-06
2503,0.3390339047484377,1.0,0.002071742
2504,0.400194952602711,1.0,0.0016465373
2505,0.3925296255836435,1.0,4.523454e-05
2506,0.5848530279052154,1.0,0.0028407292
2507,0.5916774003998394,1.0,0.0
2508,0.3542516729964818,1.0,0.0040620617
2509,0.5822889181173365,1.0,0.00018998508
2510,0.5509553940579763,1.0,0.00083231553
2511,0.3458041644945731,0.99999994,0.0006423305
2512,0.2724929871886807,1.0,0.00095897226
2513,0.4667317144617084,0.99999994,0.0019993668
2514,0.3496900724613714,0.99999994,0.0002261727
2515,0.3859707102680287,1.0,0.0014475053
2516,0.5312664988307325,1.0,0.0
2517,0.4479544036796183,1.0000001,0.0005699552
2518,0.493365648603646,1.0,0.00018093816
2519,0.3693321122294772,1.0,0.0013027547
2520,0.4935487066824547,1.0,0.0
2521,0.3810423425986656,1.0,0.00050662685
2522,0.2067899025322154,1.0,0.0011308636
2523,0.6261978778288012,0.99999994,0.0013479893
2524,0.3869672415119885,1.0,0.0013660832
2525,0.3020794620342167,1.0,0.0006332836
2526,0.2600412849815895,0.99999994,0.0005699552
2527,0.2881799802350248,1.0,1.8093817e-05
2528,0.33341855548661,1.0,0.0019179445
2529,0.4012428298748312,1.0,0.0006785181
2530,0.6496302527599671,0.9999999,0.0015379743
2531,0.5122770148847435,1.0,0.0017822409
2532,0.3184020509596888,0.99999994,0.0009680192
2533,0.2629424610357801,1.0,0.0004523454
2534,0.5886859989605905,0.9999999,9.046908e-06
2535,0.3309114308087897,1.0000001,0.0023069617
2536,0.2769042162198422,1.0,9.046908e-06
2537,0.3285925123329029,1.0,0.0011308636
2538,0.3785787777927478,1.0000001,0.0008775501
2539,0.1847589520362382,0.99999994,0.00032568868
2540,0.571134797471029,1.0,0.00011760981
2541,0.3073509914791988,1.0,0.0015379743
2542,0.4180490976582238,1.0,0.0017370064
2543,0.4306429938050516,1.0000001,0.0030669018
2544,0.4758477239454079,1.0,8.142217e-05
2545,0.381275866439044,0.99999994,0.0015470213
2546,0.6961263087985283,1.0,0.0014203646
2547,0.4432618253480733,1.0,3.6187634e-05
2548,0.5622126001862929,1.0,0.0
2549,0.3843483709133635,1.0,0.00057900214
2550,0.3670273279133077,1.0,4.523454e-05
2551,0.3015546568985324,1.0,0.0009680192
2552,0.4652746632797558,1.0,9.951599e-05
2553,0.2440548954939445,1.0000001,0.00018998508
2554,0.5361422649262878,1.0,0.00085945625
2555,0.3157778922830855,1.0,0.0029854798
2556,0.330076034364645,0.99999994,0.00091373775
2557,0.2988999235102977,1.0,0.002062695
2558,0.5187812167568167,1.0,1.8093817e-05
2559,0.4214940555737392,1.0,7.237527e-05
2560,0.3127324387335236,1.0,0.00020807888
2561,0.3991771284378502,1.0,0.00018093816
2562,0.5732088533880055,1.0,2.7140724e-05
2563,0.4856639404137004,0.99999994,0.00039806397
2564,0.4053122313754634,1.0,0.0005247207
2565,0.4123059817365219,1.0,5.428145e-05
2566,0.4445713430263668,0.99999994,0.00028950107
2567,0.7459130917602016,1.0,4.523454e-05
2568,0.3524400141625325,1.0,0.00027140725
2569,0.564926406475979,0.99999994,0.0025964626
2570,0.2766324784368408,0.99999994,0.00012665671
2571,0.6401922716822297,1.0,0.0016555842
2572,0.4619723306618776,1.0,0.0038087484
2573,0.284494337475791,0.99999994,0.0008775501
2574,0.5496649639604576,1.0,0.0012394264
2575,0.3627203139815068,1.0,0.0017731941
2576,0.5081104361159654,1.0000001,0.0002171258
2577,0.5101240885033834,0.99999994,9.046908e-06
2578,0.3961120709688931,0.99999994,0.0010042068
2579,0.1795729326308346,1.0,3.6187634e-05
2580,0.5579051134269808,1.0,3.6187634e-05
2581,0.2954361508774136,1.0,0.00020807888
2582,0.3751300195717228,1.0,0.0038811236
2583,0.3343727417440728,1.0,0.00028950107
2584,0.429301112283907,1.0000001,0.00023521962
2585,0.3820667017808889,1.0,0.0015560682
2586,0.3227503343231486,1.0000001,0.0009227846
2587,0.3825087379025588,1.0000001,9.951599e-05
2588,0.4173285926355645,0.99999994,0.00041615777
2589,0.3935981666853041,0.9999999,0.0
2590,0.3546348300337111,1.0,0.006513774
2591,0.4057380973741694,0.99999994,0.0015922559
2592,0.3512661357201968,1.0,0.0004342516
2593,0.3274872965626579,1.0,0.0014203646
2594,0.4821852739841835,0.99999994,0.0017460533
2595,0.4270300054670409,1.0,0.0027412132
2596,0.5027215119915414,0.99999994,0.0003347356
2597,0.2905410806926343,1.0,0.0047224863
2598,0.3256157709451459,1.0,0.0013479893
2599,0.4220093989698364,1.0,0.0
2600,0.5943642387810992,1.0,7.237527e-05
2601,0.2646319815538935,1.0,0.00071470573
2602,0.4839942702154164,1.0,0.00081422174
2603,0.5797570826307459,1.0,0.00038901705
2604,0.2898368797966301,1.0,0.0010223007
2605,0.5259130168397719,1.0,0.00017189125
2606,0.5387655893087139,0.99999994,0.0019179445
2607,0.2571293280626868,1.0,0.0004523454
2608,0.3970813338382245,1.0,0.000687565
2609,0.3787472539301068,1.0,1.8093817e-05
2610,0.6318455632932042,1.0,0.00071470573
2611,0.3131779825285457,1.0000001,0.0044148914
2612,0.464486440895657,1.0,0.0024878997
2613,0.5399195134849687,1.0,0.0012575203
2614,0.4749506676194167,1.0,0.0015560682
2615,0.4866996055044598,1.0,4.523454e-05
2616,0.3662269762809391,1.0,0.0002261727
2617,0.2761277034261523,1.0,0.00026236035
2618,0.4126243822480839,1.0,0.001275614
2619,0.3649455520758915,1.0,0.0017641471
2620,0.404283913768577,1.0,9.046908e-06
2621,0.4358087370631573,0.99999994,0.0028316823
2622,0.2544420027683305,1.0,0.00082326867
2623,0.5527580749375964,1.0,0.000588049
2624,0.4363630189709417,1.0000001,3.6187634e-05
2625,0.3721887610882194,1.0,0.00029854797
2626,0.6810688820761172,1.0,0.001673678
2627,0.2690868001003195,1.0,0.000588049
2628,0.2426084888297614,0.99999994,0.0005609083
2629,0.3308602476275935,0.99999994,0.0018636631
2630,0.3422529277059158,1.0,0.00062423665
2631,0.4906335468881205,1.0,0.00025331342
2632,0.4974820687840909,0.99999994,0.00019903199
2633,0.4228910568005158,1.0,0.00047043923
2634,0.3133796619680305,1.0,0.00023521962
2635,0.2473269231028991,1.0,0.0009770661
2636,0.2668257587463516,1.0,9.046908e-05
2637,0.4233428334453653,0.9999999,0.00081422174
2638,0.5398932139790166,1.0,0.00028950107
2639,0.2637274652752182,0.99999994,0.0010223007
2640,0.3231815839999719,1.0,0.0071561043
2641,0.4461853692036543,1.0,2.7140724e-05
2642,0.8085958697207037,0.9999999,0.0
2643,0.7692616331559881,1.0,0.00028950107
2644,0.5640610027050936,0.99999994,0.0020446014
2645,0.7118566804431877,0.99999994,0.0021893517
2646,0.301668909538882,0.99999994,0.00028045414
2647,0.556339066062616,0.99999994,0.0013660832
2648,0.2948609406273488,1.0000001,0.0008051748
2649,0.3505605888041482,1.0,0.00018093816
2650,0.2436440264322966,0.9999999,0.0002171258
2651,0.2551802030796926,1.0,0.0005428145
2652,0.6668116105350239,1.0,0.0030126204
2653,0.5611147114081104,0.99999994,0.0002261727
2654,0.4507371525337034,1.0,8.142217e-05
2655,0.2624319094483972,1.0,0.0018908038
2656,0.2861763760369838,0.99999994,0.00028045414
2657,0.4331212081609912,1.0,0.00041615777
2658,0.3406198838090191,1.0,0.0033654498
2659,0.2824374997490698,1.0,0.00023521962
2660,0.5205367603241724,1.0,0.0009951598
2661,0.2631326186211206,1.0,0.0053919572
2662,0.3226839921600705,0.99999994,0.0008956439
2663,0.3683710132134952,1.0,0.0002261727
2664,0.4918074572177358,0.99999994,0.0033744967
2665,0.292123060947578,1.0,0.001474646
2666,0.3972719719659335,0.99999994,0.0026326503
2667,0.5676415323488335,1.0,0.00018998508
2668,0.4921611725962771,0.9999999,0.005129597
2669,0.585877751433366,1.0,0.0003347356
2670,0.4251568977659876,1.0,0.0014655992
2671,0.299652952554876,1.0,0.0016193966
2672,0.3433684719483308,0.99999994,0.0007599403
2673,0.2784947353554138,1.0000001,0.001963179
2674,0.2827414467881946,1.0,0.00037092323
2675,0.5720373169563057,1.0000001,0.0003347356
2676,0.5054210906455069,1.0,9.046908e-05
2677,0.483223291118575,0.99999994,0.0025783689
2678,0.2992176008261494,1.0,0.00074184645
2679,0.4610654802265136,1.0,0.0025421812
2680,0.4756374668651338,1.0,0.0027864478
2681,0.333617788254585,1.0000001,0.00035282943
2682,0.4388321985128773,1.0,9.951599e-05
2683,0.8150750235205473,1.0,0.0018636631
2684,0.2894073223197622,1.0,0.00412539
2685,0.37184067958255,1.0,0.0007327996
2686,0.4719841208778002,1.0000001,0.00028045414
2687,0.4569529877548562,0.99999994,8.142217e-05
2688,0.587481377927164,0.99999994,0.00019903199
2689,0.3387787841334923,1.0,0.0025150406
2690,0.2760008491035751,1.0,0.00047043923
2691,0.4141715105133778,1.0,0.00036187633
2692,0.3485111467582024,1.0,0.00036187633
2693,0.480068517131756,0.99999994,0.00047043923
2694,0.462452816469882,1.0,0.00032568868
2695,0.3153698363173624,1.0,0.00094992534
2696,0.5396218214912354,0.99999994,0.00050662685
2697,0.4088206461638025,1.0,5.428145e-05
2698,0.4789135546563297,0.99999994,0.0022255394
2699,0.3899408433144168,0.9999999,0.000986113
2700,0.2759350671796736,1.0,0.001176098
2701,0.363059705737108,1.0,0.0010132537
2702,0.5363036780886536,1.0,0.00038901705
2703,0.2935510953541947,1.0,0.00275026
2704,0.3419691256298959,1.0,0.0022255394
2705,0.3919633166721924,1.0,0.00018998508
2706,0.3966182506369852,0.99999994,0.0017912878
2707,0.3816753318727034,1.0000001,0.0032297461
2708,0.5786161337229552,1.0,0.0
2709,0.479445069899082,1.0,9.046908e-06
2710,0.446056850952803,1.0,0.0006332836
2711,0.5067838463075003,1.0,0.00053376757
2712,0.4634525029360834,1.0,0.0010132537
2713,0.464126716269724,1.0,0.0012303796
2714,0.4942467752207969,1.0,0.0029131044
2715,0.6454072577588433,1.0,0.00085945625
2716,0.561317661601595,1.0,0.00014475053
2717,0.227525626151447,1.0,0.0069842134
2718,0.3407032299066234,1.0,0.0004342516
2719,0.4717338352870098,1.0,0.004152531
2720,0.3541034931337243,0.9999999,0.000687565
2721,0.3479743013370486,1.0,8.142217e-05
2722,0.6839923598838324,1.0,0.00040711087
2723,0.3817935640934115,1.0,0.0004252047
2724,0.4625685831202727,1.0000001,0.00094087847
2725,0.2735649643933328,1.0,0.0004342516
2726,0.2734302782485357,1.0000001,0.0010765821
2727,0.5017267967584742,1.0,0.000687565
2728,0.5159602389775335,1.0000001,0.00032568868
2729,0.320076158655422,0.99999994,0.00039806397
2730,0.2114045691491413,0.99999994,0.0037092324
2731,0.4114408125893365,0.99999994,0.000588049
2732,0.3737357965291705,1.0,0.0023341023
2733,0.3647275769857304,1.0,0.00025331342
2734,0.4692642890239653,1.0,0.00011760981
2735,0.1974681399470827,0.99999994,0.0037635139
2736,0.3846311042619315,1.0,7.237527e-05
2737,0.2071711432958235,1.0,0.00015379745
2738,0.5049749401102013,1.0,0.00074184645
2739,0.6719593298719121,0.99999994,0.0010494414
2740,0.3590028186090344,0.99999994,0.004432985
2741,0.386358180480073,0.99999994,0.00037997015
2742,0.2450186737016047,1.0000001,8.142217e-05
2743,0.3015576008227515,1.0,0.0013570362
2744,0.3096258610081499,0.99999994,0.0038268422
2745,0.5480080551628743,1.0,0.00035282943
2746,0.6799777462539432,1.0,0.002071742
2747,0.4697785318535187,1.0,0.00025331342
2748,0.3427033627040076,1.0,0.00027140725
2749,0.4508022856227399,1.0,6.3328356e-05
2750,0.6181766779915372,1.0,4.523454e-05
2751,0.3108249705188466,1.0,0.0006423305
2752,0.5897352686610434,0.99999994,0.0021079297
2753,0.3586163425673949,1.0,0.0016465373
2754,0.3901669967846605,1.0,0.0009951598
2755,0.3674673107005226,1.0,0.0010042068
2756,0.4648841383595667,0.99999994,0.0006151898
2757,0.524606876140503,1.0,0.0011580043
2758,0.5532563826336176,1.0,0.00013570362
2759,0.3543937513514378,1.0,0.00037997015
2760,0.3151660057398867,0.99999994,0.0021803048
2761,0.2732678510359025,1.0,0.00017189125
2762,0.3779932541193785,1.0000001,0.00036187633
2763,0.4215086918646053,1.0,0.00028950107
2764,0.6329828674633282,1.0,0.0018998507
2765,0.3052970841253478,0.99999994,0.0003075949
2766,0.7349530348813058,1.0,0.00015379745
2767,0.3934184565358596,1.0,0.00028950107
2768,0.4521070835671051,1.0,0.0025150406
2769,0.2501030485641638,0.99999994,0.0004613923
2770,0.3437371839819365,1.0000001,0.00040711087
2771,0.227813298295036,1.0,0.0011037228
2772,0.3658798788743708,1.0,0.004442032
2773,0.6762629502234251,1.0,0.0005518614
2774,0.2457693669501697,1.0,0.0012394264
2775,0.4097703094663845,1.0,0.00015379745
2776,0.3742808556349756,0.99999994,0.0006694712
2777,0.2906654669633814,1.0,0.00036187633
2778,0.4000567625504569,1.0,0.002162211
2779,0.4730819213558929,1.0000001,0.0026145566
2780,0.1794141254013623,1.0,0.00041615777
2781,0.4545102398181983,0.99999994,0.00015379745
2782,0.3922797140237501,1.0,0.00048853306
2783,0.3178609711680082,1.0,0.00019903199
2784,0.7516287963336112,1.0000001,0.0055728955
2785,0.3391294346982603,1.0,0.0018455692
2786,0.5522798224958066,1.0,0.0006151898
2787,0.5213439787226151,0.99999994,0.0009046908
2788,0.2819232743886616,1.0,0.00093183154
2789,0.2946914472442775,1.0,0.0034921067
2790,0.6533295040222361,1.0,0.0010946759
2791,0.3934446288863649,1.0,5.428145e-05
2792,0.3239126194391868,1.0,0.0022798209
2793,0.7262082295351335,1.0,0.00018093816
2794,0.2748178553840681,1.0,0.0004975799
2795,0.4071743515682673,1.0,9.046908e-06
2796,0.3976103711484003,1.0,0.00037997015
2797,0.3631905271111263,0.99999994,0.0025150406
2798,0.4089398278624968,1.0,0.0031754647
2799,0.2653896015942001,1.0,0.0018998507
2800,0.3209431537320609,1.0000001,0.00083231553
2801,0.4008498378295782,1.0,0.007409418
2802,0.5115757065965787,1.0,0.0
2803,0.345805593763282,1.0,0.0035282942
2804,0.3969227948929529,1.0,2.7140724e-05
2805,0.567515123522876,1.0,0.0014113177
2806,0.3805146948372236,1.0,0.0002261727
2807,0.4699463392109999,1.0,0.002858823
2808,0.3656514760908356,1.0000001,0.0014294115
2809,0.2657754521605226,1.0,0.00047043923
2810,0.5078031135130783,0.99999994,0.000787081
2811,0.3052922939311377,1.0,0.00024426653
2812,0.3889457892110675,0.99999994,0.00886597
2813,0.3360971541017473,0.99999994,0.0033654498
2814,0.2380385072900315,1.0,0.00081422174
2815,0.4061466407463962,0.99999994,0.0001085629
2816,0.5592808651513905,1.0000001,3.6187634e-05
2817,0.6348282196223893,0.99999994,0.00039806397
2818,0.4981237654835261,1.0,0.001185145
2819,0.3819227716166761,1.0,0.0006151898
2820,0.3885711566447183,1.0,0.00029854797
2821,0.4389989499573455,0.99999994,0.00026236035
2822,0.5267626565699122,1.0,0.0027140724
2823,0.4075648443793807,1.0,9.951599e-05
2824,0.4517935483667495,0.99999994,1.8093817e-05
2825,0.4577810306905323,1.0000001,0.0010042068
2826,0.4234266447837226,1.0,0.00016284434
2827,0.3645334466767646,1.0,0.0011037228
2828,0.3087501966841134,0.99999994,0.0017460533
2829,0.3958871717444391,0.99999994,0.0005699552
2830,0.4546757439099174,1.0,0.00053376757
2831,0.4504865847970801,1.0,0.00048853306
2832,0.6692180582257685,1.0,0.0032026055
2833,0.390294446147682,1.0,0.0033925907
2834,0.4534417986620339,0.99999994,0.00013570362
2835,0.2899770926709418,1.0,0.00060614286
2836,0.5081131058796593,1.0,9.046908e-06
2837,0.2888688827739243,0.99999994,4.523454e-05
2838,0.2482388552769206,1.0,0.00071470573
2839,0.2771904302959584,1.0,0.0035192473
2840,0.4189424296840857,0.99999994,0.0055819424
2841,0.3166406297176771,1.0000001,0.002569322
2842,0.3035097401845399,1.0,0.00035282943
2843,0.3264050316150235,1.0,0.0023341023
2844,0.2863181731803912,1.0,0.001085629
2845,0.24440653637005,1.0,0.00014475053
2846,0.2423020116090873,1.0,7.237527e-05
2847,0.5943642387810992,1.0,0.00038901705
2848,0.3466510564848917,1.0,0.0015922559
2849,0.3440907332449913,1.0,0.0064413985
2850,0.3761614233307242,1.0,0.00069661194
2851,0.4630529357426763,1.0,0.00050662685
2852,0.4270867553180824,1.0,0.0
2853,0.3692153820059159,1.0,9.046908e-06
2854,0.3576199414041376,1.0,0.0009951598
2855,0.347081175148167,1.0,0.00014475053
2856,0.4746319816515805,1.0,0.00069661194
2857,0.3397738105834921,1.0,0.0002261727
2858,0.5433251896001174,1.0000001,0.00028045414
2859,0.3233378465779969,1.0,0.0004613923
2860,0.3246624393244377,1.0000001,0.0004613923
2861,0.4036627597366859,1.0,0.00040711087
2862,0.5552767684474936,1.0,0.0005699552
2863,0.5781777251068427,0.99999994,0.00074184645
2864,0.3414915154075781,1.0,0.003455919
2865,0.7167292775582137,0.99999994,0.0007780341
2866,0.3825014093831915,1.0,0.0
2867,0.5925320497197192,0.99999994,0.0008051748
2868,0.2650374429416893,1.0,0.0013208486
2869,0.3664739079006028,1.0,0.0022164925
2870,0.6069890060736461,1.0,3.6187634e-05
2871,0.2068728627436287,1.0,9.046908e-06
2872,0.393446645746295,1.0,0.0004975799
2873,0.3441885476079996,1.0,0.001963179
2874,0.4390806697317406,1.0,0.00032568868
2875,0.2625846815568836,1.0,0.00041615777
2876,0.3664769464286371,1.0,0.00017189125
2877,0.6011144180433675,0.9999999,0.00024426653
2878,0.5099308721032694,1.0,0.0067399465
2879,0.5563068833848419,1.0,0.0020355543
2880,0.3307483757696394,1.0,0.0010042068
2881,0.2900624597184571,0.99999994,0.0017731941
2882,0.3873942083521371,1.0,0.0005156738
2883,0.4622027231131387,1.0,0.00044329852
2884,0.4669507301883344,1.0,0.0012937079
2885,0.4604611130399419,1.0,0.0023069617
2886,0.4963409017778995,1.0,0.0018093816
2887,0.1984353907224032,0.99999994,0.00053376757
2888,0.5547947037765008,0.9999999,1.8093817e-05
2889,0.5183200878963771,1.0,0.00013570362
2890,0.4295953232740406,1.0,0.0003166418
2891,0.4173536114979213,1.0,0.00076898717
2892,0.4142642888407527,1.0,0.00027140725
2893,0.3094083747529881,1.0,0.0001085629
2894,0.4221234992677223,0.99999994,0.0016193966
2895,0.4933660134874972,1.0,9.046908e-05
2896,0.3627663853267515,1.0,0.00065137737
2897,0.4792918791862719,0.9999999,0.0008051748
2898,0.4727604910267928,0.99999994,9.046908e-06
2899,0.4216433151194956,1.0,0.0024878997
2900,0.2823280308392691,1.0,0.00091373775
2901,0.5750437052595703,1.0,0.004632017
2902,0.4469985504557542,1.0,0.00053376757
2903,0.3998217251772881,1.0,0.0060795224
2904,0.5220085750451204,1.0,0.00011760981
2905,0.2945697771671581,1.0,0.001185145
2906,0.3619424803608285,1.0,0.00187271
2907,0.4910074524548008,1.0,0.0005247207
2908,0.4704084204207617,1.0,0.0
2909,0.3393647043056082,0.9999999,0.0040168273
2910,0.5152637648004805,0.99999994,0.0030307143
2911,0.3617795495631619,0.99999994,0.0010223007
2912,0.4526208901792908,0.99999994,0.00015379745
2913,0.5097386227643618,1.0,3.6187634e-05
2914,0.3796289446869818,1.0,0.00070565887
2915,0.3334165339508999,1.0,0.00050662685
2916,0.4781420224293222,0.99999994,0.0021803048
2917,0.5383216519676206,1.0,0.01073868
2918,0.2709099511999153,1.0,0.0013479893
2919,0.3918200740527276,0.99999994,0.00059709593
2920,0.4944745857163489,1.0,0.0015922559
2921,0.3091943219871189,1.0,0.0018546162
2922,0.6439252474991275,0.9999999,8.142217e-05
2923,0.3161679608484224,0.99999994,0.0018998507
2924,0.4698198643905227,1.0,0.0002261727
2925,0.2263779411697185,1.0,0.00076898717
2926,0.3221706017169798,1.0,0.0005156738
2927,0.3510163708164428,0.99999994,0.0011037228
2928,0.3447929647064404,1.0,0.00013570362
2929,0.3989222120305459,1.0,0.00016284434
2930,0.292650870295368,1.0,0.00091373775
2931,0.3712204115342015,1.0,0.0028226355
2932,0.3152454600190926,0.99999994,0.002071742
2933,0.567059626253263,1.0,0.0048129554
2934,0.5063235585934664,0.99999994,0.00018093816
2935,0.4630858843758673,1.0,0.0054643326
2936,0.2798219989926985,0.99999994,0.00187271
2937,0.3871646970700725,0.9999999,0.0004975799
2938,0.4994344663048501,1.0000001,0.0006694712
2939,0.3638214369408228,0.99999994,0.00012665671
2940,0.4899528369002401,1.0,0.0
2941,0.3978013229069008,0.9999999,0.00017189125
2942,0.3521022780720469,1.0,0.0017008188
2943,0.5919430597581845,0.99999994,0.00016284434
2944,0.3923662932519609,1.0,0.0021079297
2945,0.3549777662117478,1.0000001,0.0015832089
2946,0.2650959559660677,1.0,0.00085945625
2947,0.2208713179462354,1.0,3.6187634e-05
2948,0.3815711399924362,1.0,0.00020807888
2949,0.3587960229187565,1.0,0.0049757995
2950,0.5876014169069873,1.0,0.0013932239
2951,0.3654985223882435,1.0000001,9.951599e-05
2952,0.5681005134668,1.0,2.7140724e-05
2953,0.5236781689162596,1.0,0.0027412132
2954,0.339267056293236,1.0,0.00028045414
2955,0.4661257720071523,1.0,0.0
2956,0.5178427079497099,1.0,0.00074184645
2957,0.4553658078623039,0.99999994,0.0034016375
2958,0.3319470351011706,1.0,0.0015017868
2959,0.4012452431311309,1.0,0.00094087847
2960,0.2680021862703457,1.0,0.0012122857
2961,0.4171782965651006,1.0,0.0003347356
2962,0.553719206038215,1.0,5.428145e-05
2963,0.3911878482946122,0.99999994,0.00071470573
2964,0.3676552939851202,0.9999999,5.428145e-05
2965,0.3180911930743098,1.0,0.0011399104
2966,0.6756859172422149,1.0,0.0010946759
2967,0.4531563058292264,1.0,0.00044329852
2968,0.3357614107192371,1.0,0.0020355543
2969,0.3230985959243695,1.0,5.428145e-05
2970,0.2973907530436174,1.0,1.8093817e-05
2971,0.2905759845064612,1.0,0.00059709593
2972,0.5109579435305024,1.0000001,0.00018998508
2973,0.2419639317126968,1.0,0.00032568868
2974,0.2713175999733164,1.0000001,0.0011218166
2975,0.369441380232727,0.9999999,0.0048581897
2976,0.4481517224988845,1.0,0.00044329852
2977,0.4561713727526059,1.0,0.00048853306
2978,0.3949589752265587,1.0,0.0009951598
2979,0.2986608909575452,1.0,0.00137513
2980,0.5036663521414875,0.99999994,0.0011580043
2981,0.5602205448811715,1.0,0.0011941919
2982,0.4558457676259082,1.0,0.00060614286
2983,0.3319211636235452,1.0,0.0020084137
2984,0.1514104228644047,1.0,0.00019903199
2985,0.4039753553594213,1.0,0.0011399104
2986,0.3203057247770891,1.0,0.0010313476
2987,0.4427294643715505,1.0,2.7140724e-05
2988,0.3283598992284163,1.0000001,0.0004613923
2989,0.2079988036070589,1.0,0.0005247207
2990,0.7217941393273517,1.0,0.0003437825
2991,0.3301977005367815,1.0,0.00014475053
2992,0.3141147488161168,1.0,0.0012032388
2993,0.4000014358536354,1.0,0.00059709593
2994,0.3941586072333415,1.0,0.00028045414
2995,0.2740298656913125,1.0,0.0010765821
2996,0.327899868861367,1.0,0.0006604243
2997,0.4486732069977092,0.99999994,0.0020807888
2998,0.3888199252498178,1.0000001,0.00040711087
2999,0.7658200708178647,1.0,0.00027140725
3000,0.3722594699390651,0.99999994,0.00015379745
3001,0.287048728699498,0.99999994,0.00037092323
3002,0.3682209014751617,1.0000001,0.0006694712
3003,0.386830932187188,1.0,0.0011670511
3004,0.508520355645782,1.0,0.002668838
3005,0.5067079379321259,1.0000001,0.0
3006,0.282380148089,1.0,0.0033383092
3007,0.7429342226309773,1.0,0.0018998507
3008,0.4512820502250148,1.0,0.0047586737
3009,0.4429444304017456,0.99999994,0.00071470573
3010,0.4817103552673954,1.0,5.428145e-05
3011,0.5914341581036847,1.0,0.00014475053
3012,0.4882040891042402,0.99999994,0.0005156738
3013,0.6246537348520966,1.0,0.001176098
3014,0.5314075869333501,0.99999994,0.0037816076
3015,0.455410062364891,1.0,0.00059709593
3016,0.3749389000020239,0.99999994,9.046908e-05
3017,0.3269971703884247,0.99999994,0.0014565522
3018,0.6476740116204082,1.0,0.0022979146
3019,0.3271511981971112,1.0000001,0.0048581897
3020,0.4656314159829299,0.99999994,0.00018093816
3021,0.6255839666482352,0.99999994,0.00026236035
3022,0.2559850043533683,0.99999994,0.0006151898
3023,0.3748114821135164,1.0,0.0007327996
3024,0.597316532828918,1.0000001,0.0023069617
3025,0.4984810983464526,0.99999994,0.00047948613
3026,0.3292030029390893,0.99999994,0.0004523454
3027,0.3967550235120796,1.0,0.0008504094
3028,0.4504039196280861,1.0,0.0013389424
3029,0.3364535121241362,1.0,0.0002261727
3030,0.4299322002705427,1.0,0.0021893517
3031,0.2990932583074953,1.0,0.002171258
3032,0.3388956063578375,1.0,0.0008685032
3033,0.2647613243455738,1.0000001,0.00050662685
3034,0.5803684448868193,1.0000001,0.00024426653
3035,0.4923940800553971,1.0,0.0018184285
3036,0.2122058418729246,1.0,0.00084136246
3037,0.4614144313911392,1.0,0.00062423665
3038,0.5793445115577922,0.99999994,0.0021169765
3039,0.3898796347083046,1.0,0.0015379743
3040,0.3198038663090388,1.0000001,0.001085629
3041,0.3333560959390228,0.99999994,0.0030035735
3042,0.3586272766034931,1.0,9.046908e-05
3043,0.3904500278031093,1.0000001,0.00038901705
3044,0.4211885164045069,0.9999999,0.0025602751
3045,0.5355393107727231,1.0,0.00017189125
3046,0.5080710630495202,1.0,0.0024969466
3047,0.4987513803155681,0.99999994,0.0032749807
3048,0.3862683943421052,1.0000001,0.000986113
3049,0.3857620181683451,1.0,0.0012484733
3050,0.3506020236944955,1.0,0.001176098
3051,0.3361951123600351,1.0,9.046908e-06
3052,0.3847653231462834,1.0,0.0033744967
3053,0.3463797779933214,0.99999994,0.0006694712
3054,0.6936441284137589,0.99999994,0.00012665671
3055,0.2952547130132997,0.99999994,0.0
3056,0.2853765065549338,1.0,0.0
3057,0.3184345399102112,1.0,0.0026416972
3058,0.3553767343732342,1.0000001,0.002162211
3059,0.4057500125522824,1.0,0.00039806397
3060,0.3033378749822692,1.0,0.00081422174
3061,0.5317749676039052,1.0,0.00047948613
3062,0.2942300051719785,0.99999994,0.002976433
3063,0.3731078676100016,1.0,0.0008956439
3064,0.2690974018197708,1.0,0.0006604243
3065,0.3614144917016528,1.0,0.00037092323
3066,0.3080050787877747,0.99999994,0.0020898357
3067,0.1805148981703745,1.0,0.0018455692
3068,0.4684035148906282,1.0,0.0010494414
3069,0.2713503604456213,1.0,0.00027140725
3070,0.5473992852293132,1.0,8.142217e-05
3071,0.4858799319881369,1.0,0.0016465373
3072,0.6026296823314452,1.0,0.0004523454
3073,0.2572626755598242,0.99999994,0.00018093816
3074,0.2749916022778729,1.0,0.006206179
3075,0.3761003814139872,1.0000001,0.00019903199
3076,0.3227663786041354,1.0,0.0
3077,0.4437740436951763,1.0,0.0018636631
3078,0.2635184429985677,0.99999994,0.00035282943
3079,0.6059867654430546,1.0000001,0.029094856
3080,0.4568878524927506,1.0,0.000687565
3081,0.3084994933915512,0.99999994,0.0013932239
3082,0.5648705037786933,1.0,0.0047224863
3083,0.3739124119954627,1.0,0.0010403944
3084,0.2959575919116596,1.0,0.004351563
3085,0.5019934007379429,1.0,0.00040711087
3086,0.3866375135302541,1.0,0.00015379745
3087,0.3884100223155057,1.0,0.00069661194
3088,0.4225093156686176,1.0,0.0044058445
3089,0.5721784003031365,1.0000001,0.0021079297
3090,0.3696911916234681,1.0,0.010168725
3091,0.5348733371878982,1.0,0.0028407292
3092,0.2610513757586805,1.0,0.0005156738
3093,0.4746584003054984,1.0000001,0.0017189125
3094,0.5418479816486943,1.0000001,0.0009046908
3095,0.2650502314409355,1.0000001,0.00015379745
3096,0.5554701082692443,1.0,0.00018093816
3097,0.4563710825350938,1.0000001,0.000787081
3098,0.4032275219071788,0.99999994,0.00026236035
3099,0.435738081025375,1.0,0.005310535
3100,0.3761237749939499,1.0,0.0026236034
3101,0.2021171386786484,1.0,0.0006151898
3102,0.5065778575751103,1.0,0.0011580043
3103,0.288302499398243,1.0,0.0017822409
3104,0.4716166619797154,0.99999994,0.0016103496
3105,0.6198252233254778,1.0,0.0016465373
3106,0.3205330255681045,1.0,0.0028135884
3107,0.4453234367529547,1.0,0.0029673858
3108,0.5378534253140731,0.99999994,5.428145e-05
3109,0.4698620027796623,1.0,8.142217e-05
3110,0.667103934776108,1.0,0.00023521962
3111,0.4550237027902189,1.0,0.002958339
3112,0.4329526566164705,1.0,0.00018093816
3113,0.5283507588857467,1.0000001,0.0011218166
3114,0.3694575761666644,1.0,0.003654951
3115,0.4215905848257776,0.9999999,0.00011760981
3116,0.5945598581347643,1.0,0.003537341
3117,0.568766115446256,0.9999999,0.00041615777
3118,0.3253570469872919,0.99999994,0.00025331342
3119,0.4519812725302874,0.99999994,0.0002261727
3120,0.2733537125661813,1.0,0.0011037228
3121,0.2888623648160067,1.0,0.0017731941
3122,0.3955900575213036,1.0,0.0030849958
3123,0.5957050924998499,0.99999994,0.0008775501
3124,0.2183973067573628,1.0,0.00047948613
3125,0.2510461209922388,0.99999994,0.0013298955
3126,0.3600805062851226,1.0,0.0001085629
3127,0.3137050656773477,0.99999994,0.0027954946
3128,0.3401977785882034,1.0,0.0033383092
3129,0.4142744739374728,1.0,0.0010042068
3130,0.3253327754438942,1.0,0.00038901705
3131,0.5016906377991034,1.0,0.0044058445
3132,0.3902928975255959,1.0,0.0002171258
3133,0.4383517985930387,1.0,0.00032568868
3134,0.4112767374487805,1.0,0.00036187633
3135,0.5743242295425135,1.0,2.7140724e-05
3136,0.2625266447101153,1.0000001,0.00016284434
3137,0.3839952163331446,0.99999994,0.0014565522
3138,0.3199951780686685,0.99999994,0.0010223007
3139,0.4284298235544965,1.0,0.0014022707
3140,0.3690255655352867,0.99999994,1.8093817e-05
3141,0.422858883387834,0.9999999,0.00044329852
3142,0.7747401718403822,1.0,0.001284661
3143,0.5400111836927645,0.99999994,0.00023521962
3144,0.4238858331139696,1.0,0.00029854797
3145,0.3339627648872967,1.0,0.0040801554
3146,0.3714039820288946,1.0,0.00037997015
3147,0.4439315090232148,1.0,0.0025874157
3148,0.30589466673318,0.99999994,0.00019903199
3149,0.2874642647467039,1.0,0.0007508934
3150,0.4318837757518349,1.0,0.00037997015
3151,0.2942518018543948,0.99999994,0.0014294115
3152,0.3602297804080023,1.0,0.00036187633
3153,0.5377596782221602,1.0,5.428145e-05
3154,0.3029517839816275,1.0,0.0004523454
3155,0.4554744857985477,1.0,0.0006423305
3156,0.3974776454965355,0.99999994,0.00041615777
3157,0.4732689781425458,1.0,0.00028950107
3158,0.374736163808495,1.0,0.00025331342
3159,0.4197834303526671,1.0,0.0005247207
3160,0.4693023923415247,1.0,8.142217e-05
3161,0.2392741540205391,1.0,0.0058804904
3162,0.4272060635352315,1.0,0.00024426653
3163,0.6292750130326075,1.0,0.001185145
3164,0.3513879319444953,0.99999994,0.0027050255
3165,0.5405633430529064,1.0,0.0009680192
3166,0.4447578683912949,1.0,4.523454e-05
3167,0.6093420532286845,1.0000001,0.0021169765
3168,0.4069357582207885,1.0,0.0054914732
3169,0.5367513903666195,1.0,0.0019269915
3170,0.5858532841234468,0.9999999,0.0004342516
3171,0.3876209773317964,0.99999994,0.003835889
3172,0.3654859283038453,0.99999994,0.0016103496
3173,0.3165979949411879,1.0,0.0015651152
3174,0.392570956992214,1.0,0.0018274755
3175,0.5250350480738419,0.99999994,0.0017912878
3176,0.2788176107715532,0.99999994,0.0010223007
3177,0.5972620549370216,0.99999994,0.00137513
3178,0.5268042025257618,1.0,0.0
3179,0.4038768229409496,1.0,0.001185145
3180,0.3136712330525418,1.0,0.00044329852
3181,0.4711896569867685,1.0,0.0033021215
3182,0.286188840988671,1.0,0.0010042068
3183,0.435322435734599,1.0,0.00048853306
3184,0.3077221419459141,0.99999994,0.0028950106
3185,0.4509486592209394,0.99999994,0.0004342516
3186,0.3111624199096551,1.0,0.000687565
3187,0.7464041664314133,1.0,0.00028950107
3188,0.3333176168003781,0.99999994,1.8093817e-05
3189,0.3410085600349326,1.0000001,0.00018093816
3190,0.2077230439918236,1.0,0.0011037228
3191,0.4385949385748982,1.0,0.0019903197
3192,0.4046648656453068,1.0000001,0.0011127697
3193,0.4288711580391011,1.0,0.00037997015
3194,0.4537301966648123,1.0,0.0012937079
3195,0.5036050124316048,1.0,9.046908e-06
3196,0.3622946537597041,0.99999994,0.0011218166
3197,0.6468175904328465,1.0,0.0001085629
3198,0.45266674033576,1.0,0.0006604243
3199,0.4329692475454506,1.0,0.00029854797
3200,0.3373899726796495,1.0000001,0.0
3201,0.2952078810995537,1.0,0.00047948613
3202,0.2552509029869614,0.99999994,0.0010223007
3203,0.3075584698228325,1.0,0.0007508934
3204,0.2616466776207706,1.0,0.0016646311
3205,0.3169171804900637,1.0,0.00324784
3206,0.4821795050267686,1.0,0.002062695
3207,0.450192074729372,1.0,0.0030216672
3208,0.4707534846783006,1.0,1.8093817e-05
3209,0.3675092181537556,1.0,0.005129597
3210,0.4331212081609912,1.0,0.0008685032
3211,0.2825678149628786,1.0,0.00018093816
3212,0.4360018863217609,1.0,0.0026869318
3213,0.5661252603139161,1.0,0.0009770661
3214,0.2724136374206576,0.99999994,0.0008685032
3215,0.2876420232190197,1.0,0.00020807888
3216,0.3796289446869818,1.0,0.00072375266
3217,0.6089365155020467,1.0,0.00071470573
3218,0.3917191700348157,0.99999994,0.00027140725
3219,0.410538729455888,0.99999994,0.0011037228
3220,0.4587823041023108,1.0,0.00017189125
3221,0.3263370439174767,1.0,0.0017098656
3222,0.4777529040305025,1.0,0.0012032388
3223,0.5809646448605821,1.0,0.0066856653
3224,0.4286404097519367,1.0,3.6187634e-05
3225,0.5506461372423272,1.0,0.00020807888
3226,0.3285695765432411,1.0,0.0004523454
3227,0.3151518843345388,1.0,0.0012937079
3228,0.3778209171207916,1.0,0.0004342516
3229,0.3642494684981482,1.0,0.00032568868
3230,0.5287665890075002,1.0,0.0014113177
3231,0.4323466848562069,1.0000001,0.0006785181
3232,0.4512468501194795,1.0,2.7140724e-05
3233,0.239750664058559,0.99999994,0.0019179445
3234,0.4111154480955888,1.0000001,0.00062423665
3235,0.3875665813790406,1.0,0.0007327996
3236,0.3428246977438999,1.0,0.002949292
3237,0.2182779775398557,1.0,5.428145e-05
3238,0.4122118077111494,1.0,5.428145e-05
3239,0.4078068064218463,1.0,0.00020807888
3240,0.3402525153612473,1.0,4.523454e-05
3241,0.2894690004349129,0.99999994,3.6187634e-05
3242,0.4383517985930387,1.0,0.00018998508
3243,0.3111505947050836,1.0,0.00014475053
3244,0.3254885611519686,1.0,0.0031392772
3245,0.5837532469126425,1.0,7.237527e-05
3246,0.4496242960912358,1.0,0.00036187633
3247,0.345805593763282,1.0,0.003347356
3248,0.4494167603615378,1.0000001,0.0014565522
3249,0.5250350480738419,0.99999994,0.0039806394
3250,0.6026296823314452,1.0,0.0005609083
3251,0.5718275203554123,1.0000001,0.00015379745
3252,0.4209084149507782,1.0,0.0009770661
3253,0.4217134448191749,1.0,0.0005247207
3254,0.3413612460325883,1.0,0.0017098656
3255,0.5736375146754872,1.0000001,0.0010584883
3256,0.8863043962669303,1.0,0.0070475414
3257,0.3920006484082924,1.0,0.0010403944
3258,0.3721373334576454,1.0,0.0047586737
3259,0.51050697368591,1.0,0.00069661194
3260,0.41397329795467,1.0,9.046908e-06
3261,0.2706215078454163,1.0,8.142217e-05
3262,0.3029242924722973,1.0,9.046908e-06
3263,0.2949833481772771,0.99999994,0.00040711087
3264,0.4720163436425356,1.0,0.00025331342
3265,0.471346082610578,0.99999994,0.0005156738
3266,0.3405931329269241,1.0,0.0012032388
3267,0.4341706110929022,1.0,0.00037092323
3268,0.3763166324193238,0.99999994,0.0025331343
3269,0.3365269301133348,1.0000001,0.0004975799
3270,0.4829476006236518,0.99999994,0.0005156738
3271,0.3248707373536347,0.99999994,0.0017822409
3272,0.5445430738478539,1.0,8.142217e-05
3273,0.614588995517204,1.0,0.00072375266
3274,0.2991051600168729,1.0,0.0015651152
3275,0.3464791409619803,1.0,0.0001085629
3276,0.4326350823887455,1.0,0.0003166418
3277,0.2957737970290613,1.0,0.0022798209
3278,0.7498534562764424,1.0000001,0.00020807888
3279,0.440657689440051,1.0,0.0006604243
3280,0.3766046497459878,1.0,0.0012484733
3281,0.4147592324021601,1.0,0.006224273
3282,0.3794702375141217,1.0,4.523454e-05
3283,0.3155126556681845,1.0,0.0014565522
3284,0.3823801916647936,1.0,9.046908e-05
3285,0.3072295596167323,1.0,0.00070565887
3286,0.5391070515731762,1.0,0.0004613923
3287,0.385114834018262,1.0000001,0.00071470573
3288,0.2862243181959432,0.99999994,0.00071470573
3289,0.4578800688613902,1.0,3.6187634e-05
3290,0.360094396106135,1.0,0.0023431492
3291,0.3740354386811903,0.99999994,0.00059709593
3292,0.2948448018256953,1.0,0.0014475053
3293,0.3343124084592114,0.9999999,0.00072375266
3294,0.2599069429193713,1.0,0.0003075949
3295,0.3180897068850958,1.0,0.0010584883
3296,0.4064012706997468,1.0,0.00023521962
3297,0.414766906309076,1.0,0.00024426653
3298,0.2380470106269298,0.99999994,0.00062423665
3299,0.364629035282341,1.0,0.00076898717
3300,0.5744571449102228,0.99999994,0.00038901705
3301,0.5295876232184608,0.99999994,0.00053376757
3302,0.3991543548840393,1.0,0.0009227846
3303,0.2866515661392149,1.0,0.00012665671
3304,0.5790596174304898,0.99999994,9.046908e-05
3305,0.3840811515562993,1.0,0.0013298955
3306,0.690626604020209,1.0,0.0069389786
3307,0.442729572126162,1.0,0.0003437825
3308,0.4703233446013656,1.0,0.0001085629
3309,0.5416295296191038,0.99999994,0.0015470213
3310,0.3352463045617597,1.0,0.0013298955
3311,0.3319954207325852,1.0,0.002949292
3312,0.3109535369041469,1.0,9.951599e-05
3313,0.3689228279646707,1.0,0.0043063285
3314,0.3276514424184799,1.0,0.0006785181
3315,0.2433773121905234,1.0,5.428145e-05
3316,0.3298024259012713,1.0,0.0007327996
3317,0.3016351207881786,0.99999994,0.0020536482
3318,0.3337198245561987,0.99999994,0.00040711087
3319,0.3653322741363352,1.0,0.00053376757
3320,0.4661411226919873,1.0,0.0012122857
3321,0.2732200130022583,0.99999994,0.0022617271
3322,0.2925118574800993,1.0,0.0002261727
3323,0.3662451932419191,1.0,0.00071470573
3324,0.4062144350397668,0.9999999,0.00024426653
3325,0.3358893241227138,1.0,0.0010675351
3326,0.2972071655634639,1.0,0.0021531642
3327,0.4589227233459192,1.0000001,0.00016284434
3328,0.3907763791165268,1.0,0.00018093816
3329,0.6537688089715126,1.0,0.00016284434
3330,0.5999840724465525,1.0,9.951599e-05
3331,0.5598829647164234,1.0,9.951599e-05
3332,0.2962851826698613,0.99999994,0.0007508934
3333,0.3777022626793496,0.99999994,0.00037092323
3334,0.3472737561990286,0.99999994,0.0016103496
3335,0.6263341338545636,1.0,9.046908e-06
3336,0.4048498944576965,1.0,5.428145e-05
3337,0.3989401132191313,1.0,9.046908e-06
3338,0.3830901863797044,0.99999994,1.8093817e-05
3339,0.3835336677434389,1.0,0.0006604243
3340,0.4368951851360927,1.0000001,0.00071470573
3341,0.364867723991809,1.0,0.00017189125
3342,0.3163467508049536,1.0,0.0011670511
3343,0.7262367452352502,0.99999994,0.0
3344,0.5438583991178445,1.0,0.0045686886
3345,0.4488692026327399,1.0,0.00018093816
3346,0.4941816761779831,1.0000001,0.0028226355
3347,0.36154917816351,1.0,0.000687565
3348,0.2183411939972932,1.0,0.0017641471
3349,0.2198585302638085,1.0,0.00020807888
3350,0.5079985602622662,1.0000001,9.046908e-05
3351,0.5284619503872227,1.0,0.0012665672
3352,0.2779808415837901,0.99999994,0.00071470573
3353,0.4311797600097425,1.0,0.0006785181
3354,0.4657884637817888,1.0000001,0.005609083
3355,0.191033804615742,1.0,0.0007599403
3356,0.4272386738302494,0.9999999,0.00076898717
3357,0.6374041322951447,1.0,0.00137513
3358,0.2988503880222598,1.0,5.428145e-05
3359,0.3805836768673161,0.99999994,0.0036639979
3360,0.5839132995377092,1.0,1.8093817e-05
3361,0.3868575571083413,1.0,0.0002171258
3362,0.3570931496088301,1.0,0.00017189125
3363,0.3602580071466305,1.0,0.0013479893
3364,0.4083938635920927,1.0,0.0005428145
3365,0.4547622857798075,1.0,0.00057900214
3366,0.4702188327505067,1.0,0.003437825
3367,0.5633548393772001,1.0000001,0.001574162
3368,0.6531961611246664,1.0,0.0016465373
3369,0.4087618321508719,1.0,0.00024426653
3370,0.3067170421186198,1.0,0.0018184285
3371,0.672576816072175,1.0,0.007400371
3372,0.4872304219251993,1.0,0.00012665671
3373,0.4913476219213137,1.0,0.00014475053
3374,0.5630855489047508,1.0,0.00024426653
3375,0.3012296002500486,1.0,0.00047948613
3376,0.6904447803220717,1.0,0.00079612795
3377,0.2443645333309113,1.0,0.001185145
3378,0.3174606115321419,1.0,0.001384177
3379,0.3828792125378349,1.0,9.951599e-05
3380,0.3933227737119491,1.0000001,0.00094087847
3381,0.4785336714447251,1.0,9.046908e-06
3382,0.2623246986980959,1.0,0.00023521962
3383,0.4103249530109911,1.0,0.0013298955
3384,0.3781641490325285,0.99999994,0.00047948613
3385,0.4374690602494587,1.0,0.00037092323
3386,0.4469318871481065,1.0,0.001085629
3387,0.3927439750598117,1.0,0.0003075949
3388,0.4396011072069177,1.0,0.00018093816
3389,0.40580279356068,1.0,0.0037001856
3390,0.3941586072333415,1.0,0.0004342516
3391,0.4372224352829665,0.99999994,0.0
3392,0.3050593566266497,1.0,0.00019903199
3393,0.2291032496612851,1.0,0.0010946759
3394,0.481527670776429,1.0,0.001673678
3395,0.6947452232455462,1.0,0.0050662686
3396,0.3870574305435044,1.0,0.006052382
3397,0.3263187103650036,1.0000001,0.0015289275
3398,0.4588649616430693,1.0000001,0.0003437825
3399,0.4562669566806533,1.0,0.0014836929
3400,0.3700568446862295,1.0,0.0
3401,0.340621781714936,0.99999994,0.0015832089
3402,0.9211217234694452,1.0,0.047261048
3403,0.3857505426498551,1.0,0.0014022707
3404,0.3197695347458086,0.9999999,0.0007780341
3405,0.706830762056831,1.0,0.00038901705
3406,0.2971634523142005,1.0,0.0016465373
3407,0.2852043163101412,1.0,0.0014384585
3408,0.3794313809926066,0.9999999,0.003953499
3409,0.2745835082437278,1.0,0.0022164925
3410,0.3591323184515795,1.0,0.00027140725
3411,0.3684163445183156,1.0,0.0022798209
3412,0.4608731218858417,1.0,0.000787081
3413,0.566028829868323,1.0,0.00024426653
3414,0.3833331943603109,0.99999994,0.00041615777
3415,0.3337596379751468,0.9999999,0.0004342516
3416,0.3921156506768227,1.0,9.046908e-05
3417,0.3026019007493676,1.0000001,9.951599e-05
3418,0.3702282949360855,0.99999994,0.01012349
3419,0.2752482232619571,1.0,0.0042158593
3420,0.6537688089715126,1.0,0.0001085629
3421,0.3487519537274395,1.0,0.005147691
3422,0.3264345774049305,1.0,9.046908e-06
3423,0.3268043027572241,1.0,0.000986113
3424,0.4444331543632107,1.0,0.00014475053
3425,0.5009373299517501,1.0000001,9.046908e-06
3426,0.5410646215163429,1.0,0.0017912878
3427,0.4040420894993456,1.0,0.0009680192
3428,0.3512579264142917,1.0,0.0037182793
3429,0.5638032353258429,1.0,0.00048853306
3430,0.7507687566353265,0.99999994,1.8093817e-05
3431,0.7880686154050072,1.0,0.000687565
3432,0.4460818869243144,1.0,0.000986113
3433,0.6547572586114975,1.0,0.0
3434,0.4315472678756882,1.0,0.00037092323
3435,0.2627822275625924,0.99999994,0.0015017868
3436,0.3478544901890345,1.0,0.0006151898
3437,0.3486576428462498,1.0,0.0010403944
3438,0.5016683067786774,0.99999994,0.0005518614
3439,0.3070455441860586,1.0,0.00015379745
3440,0.4460693412245817,1.0,0.000986113
3441,0.6773074736039888,0.9999999,0.0
3442,0.7452546188516656,1.0,0.0024426652
3443,0.2198585302638085,1.0,0.00014475053
3444,0.2057195830868691,1.0,0.00026236035
3445,0.3272109909840988,1.0,0.00038901705
3446,0.3465667753123617,1.0,0.00069661194
3447,0.6040348424902704,1.0,3.6187634e-05
3448,0.7977104147061909,1.0,9.046908e-06
3449,0.3575139895602996,1.0,0.002270774
3450,0.6279185891074398,0.99999994,0.0013027547
3451,0.3702223825560016,1.0000001,0.0004252047
3452,0.2666843463471057,1.0,0.0010132537
3453,0.4102665920456559,1.0,0.0016827249
3454,0.3439832406971647,0.99999994,0.0014022707
3455,0.4965913416402829,0.99999994,1.8093817e-05
3456,0.306081956841986,1.0,0.00014475053
3457,0.4168650500145453,0.9999999,0.00091373775
3458,0.380356377959964,1.0,0.0011489573
3459,0.3902602260771065,0.99999994,0.0004613923
3460,0.497628344974281,1.0,0.0003166418
3461,0.7221467406325662,1.0000001,0.00091373775
3462,0.4960407272838907,1.0,0.0064685396
3463,0.3144305118881214,1.0000001,0.00062423665
3464,0.5754693698098571,0.99999994,0.00011760981
3465,0.317547941890144,0.99999994,0.0
3466,0.3408718318812351,1.0,0.001963179
3467,0.3288492959128365,1.0,0.0013479893
3468,0.3425049200994313,1.0,0.0003075949
3469,0.544456465843739,1.0,0.0005156738
3470,0.6345717376060991,1.0,1.8093817e-05
3471,0.3231712811609625,1.0,0.002352196
3472,0.2904493539169654,1.0,0.0010042068
3473,0.3600127258551966,1.0,0.00072375266
3474,0.5193746116758692,1.0,0.001085629
3475,0.5210379329442381,1.0,0.0001085629
3476,0.4999676625534099,1.0,0.000588049
3477,0.3547409050562843,1.0,0.00013570362
3478,0.3426059027009927,1.0,0.001384177
3479,0.316675748261432,1.0,0.00013570362
3480,0.4568987804430818,0.99999994,0.0007780341
3481,0.2889334230673382,1.0,0.0008685032
3482,0.3701429533945848,0.99999994,0.0004252047
3483,0.393152194631033,1.0,0.0024969466
3484,0.3088632393737691,1.0,0.0021803048
3485,0.3060666406364876,1.0000001,0.000687565
3486,0.1902797959420539,1.0,0.00020807888
3487,0.4228241486301839,1.0,0.0014384585
3488,0.3688819274926738,1.0,0.00059709593
3489,0.2819515041517215,1.0,0.00015379745
3490,0.4822941003799451,0.99999994,0.00020807888
3491,0.233667340925065,0.9999999,0.0005428145
3492,0.271648032727423,1.0,0.0006694712
3493,0.4120853184890791,1.0,0.000787081
3494,0.1604872048142333,1.0000001,0.00028045414
3495,0.3772702573892206,1.0,0.0070384946
3496,0.3836638853352387,1.0,9.046908e-06
3497,0.4388480537612782,1.0000001,0.00047043923
3498,0.2819425477095242,0.99999994,0.004803908
3499,0.4358433795628197,1.0,0.001384177
3500,0.5640770313426103,1.0,8.142217e-05
3501,0.417081728648356,0.99999994,0.0025331343
3502,0.2295567616208409,0.9999999,0.00017189125
3503,0.6959801097041636,1.0,0.003736373
3504,0.4448591684424788,1.0,0.00012665671
3505,0.4858015316634475,0.99999994,0.00072375266
3506,0.1944747523149857,1.0,0.0003166418
3507,0.6523704066677487,1.0000001,0.0073279957
3508,0.3806308542171902,1.0,0.002551228
3509,0.5007045243835611,1.0,0.0004975799
3510,0.5411346106973832,0.99999994,9.046908e-06
3511,0.4566752254424783,1.0,0.0004975799
3512,0.2766173169337508,0.99999994,0.0006604243
3513,0.4547701713578772,1.0,0.0009227846
3514,0.3656662145726718,1.0,0.00026236035
3515,0.2830840921068254,1.0,0.00013570362
3516,0.3737317251978505,0.99999994,0.00091373775
3517,0.5166992691772817,1.0,0.0013570362
3518,0.3847761905082392,1.0,0.00025331342
3519,0.4100792855876216,1.0000001,0.001284661
3520,0.4713085253353247,1.0000001,0.0015108336
3521,0.5036050124316048,1.0000001,1.8093817e-05
3522,0.6811050513421284,1.0,0.00015379745
3523,0.6188921519313655,1.0,0.00037092323
3524,0.3534968879498059,1.0,0.0016103496
3525,0.6495164237275858,1.0,0.00012665671
3526,0.4523173001083631,1.0,0.0010132537
3527,0.4732975170895412,1.0000001,0.00016284434
3528,0.5132037594636414,1.0000001,0.00275026
3529,0.4009272403548807,1.0,0.0025602751
3530,0.5333420972264906,1.0,0.0013479893
3531,0.3437087391412242,1.0,0.0022888677
3532,0.2467936438469371,1.0,6.3328356e-05
3533,0.3245070846876585,1.0,0.00035282943
3534,0.5973151862917474,0.99999994,0.00036187633
3535,0.3238808529769814,0.9999999,0.0071289637
3536,0.7078056064317082,1.0000001,4.523454e-05
3537,0.2777773768832752,1.0,0.004912471
3538,0.2689126677124496,1.0000001,0.0008956439
3539,0.2301639681456749,1.0,0.00012665671
3540,0.3104948909840966,1.0,0.00017189125
3541,0.368204418139611,1.0,0.0012303796
3542,0.5230102921311031,1.0,0.0045867823
3543,0.5563597725214474,1.0,0.0034649658
3544,0.4110459404000896,1.0,0.0
3545,0.3663077023306043,1.0,0.0017551002
3546,0.3168452483874833,1.0,0.0018636631
3547,0.2925958010631533,1.0,4.523454e-05
3548,0.3669208692975133,1.0,2.7140724e-05
3549,0.3343105749959537,0.99999994,0.00047948613
3550,0.3166941089268268,0.99999994,0.0012213326
3551,0.508520355645782,1.0,0.0007780341
3552,0.3493785933298597,0.99999994,0.0039715925
3553,0.3998604279147034,0.99999994,0.0011037228
3554,0.3772805075643859,1.0,0.00072375266
3555,0.3437771147653221,1.0,0.0006604243
3556,0.3173371460256469,1.0,0.001284661
3557,0.3979255550578376,1.0,0.0013932239
3558,0.4690258840690214,1.0,0.00275026
3559,0.3039553789710089,1.0,0.00038901705
3560,0.2532616511692124,1.0,0.00027140725
3561,0.2839249773250052,1.0,0.00035282943
3562,0.5743242295425135,0.99999994,0.0003075949
3563,0.3869149144691022,0.99999994,0.0006332836
3564,0.458537012735643,1.0,0.00017189125
3565,0.4186689174422419,1.0,0.00079612795
3566,0.3864729083187549,1.0,0.00237029
3567,0.3414661832682478,0.99999994,0.00026236035
3568,0.4885529926385934,1.0,0.00082326867
3569,0.4889665532769071,1.0,0.00011760981
3570,0.4033681117814527,1.0,7.237527e-05
3571,0.3504590635376449,1.0,0.0012665672
3572,0.3769784909007312,1.0,0.00059709593
3573,0.4152645090046396,1.0,0.0003347356
3574,0.5563597725214474,0.9999999,0.0022255394
3575,0.3734261954725112,1.0,0.00057900214
3576,0.5829814710605251,0.99999994,0.0
3577,0.2328347733180303,1.0,0.0006694712
3578,0.3341868499810053,1.0,0.0010042068
3579,0.260292287107616,0.99999994,0.0031030895
3580,0.5451803303687578,1.0,0.0018817569
3581,0.4645831095610829,1.0,0.00037997015
3582,0.393043829207032,1.0,0.0013389424
3583,0.3434048677974703,0.99999994,0.0021169765
3584,0.4616556785968541,1.0000001,0.0015198806
3585,0.3845476746478454,1.0,0.001275614
3586,0.7554841935925307,1.0,0.00013570362
3587,0.3803988193044521,1.0,0.004053015
3588,0.3068062228425304,1.0,0.0010313476
3589,0.5477829463736698,1.0,0.00027140725
3590,0.5983688124273313,1.0000001,0.0012213326
3591,0.2914840013550875,0.99999994,0.0006785181
3592,0.3739056615227597,1.0,0.0011941919
3593,0.3735625271889681,1.0,0.0021260234
3594,0.4238627277880012,1.0,0.00020807888
3595,0.3380763561131147,0.9999999,0.0018184285
3596,0.2810342925462342,1.0,0.00050662685
3597,0.3193033712093659,1.0000001,0.0016013028
3598,0.390437243961023,1.0000001,0.00048853306
3599,0.3556722767150282,1.0,0.00013570362
3600,0.5714507039546477,1.0,0.0013298955
3601,0.4517899720569862,0.99999994,4.523454e-05
3602,0.3251508625939648,1.0,0.0010675351
3603,0.3036417742459421,1.0,0.0005247207
3604,0.2346543766315407,1.0,0.0011580043
3605,0.2598995386793745,1.0,0.00018998508
3606,0.280621025318453,1.0,0.0010584883
3607,0.3710859961740538,1.0,0.0007599403
3608,0.4058342631911646,1.0,0.00040711087
3609,0.6823761555975325,0.99999994,0.0014203646
3610,0.6437278704604018,1.0,0.0033292621
3611,0.3731019590856901,0.99999994,0.0027050255
3612,0.4161696731389787,0.99999994,0.00041615777
3613,0.3400486152253948,1.0,0.0044058445
3614,0.3400365368417302,0.99999994,0.0023069617
3615,0.4043614296383852,0.99999994,0.0016284435
3616,0.6602660156632726,1.0,0.0012665672
3617,0.3975850691052344,1.0000001,0.0035735287
3618,0.4000993455754895,1.0,0.0011399104
3619,0.3854345274383741,1.0,0.00018093816
3620,0.502874979630307,1.0,0.00040711087
3621,0.3902846627992398,1.0,0.0024064777
3622,0.257333420664583,0.99999994,0.0025874157
3623,0.3692084260466494,0.99999994,0.004451079
3624,0.2626175497148936,1.0,0.0001085629
3625,0.4383934417732543,0.99999994,0.00065137737
3626,0.3264050316150235,1.0,0.0008775501
3627,0.7789565572918147,1.0,1.8093817e-05
3628,0.332987719928655,1.0,0.00016284434
3629,0.240180732311021,0.99999994,0.00076898717
3630,0.2458455533162562,1.0000001,0.0003437825
3631,0.3887278306069853,1.0,0.0010223007
3632,0.6113787187520623,1.0000001,0.00037997015
3633,0.3091950699813408,0.99999994,0.00019903199
3634,0.6495164237275858,1.0,0.00015379745
3635,0.4321614661261431,1.0,5.428145e-05
3636,0.4447578683912949,1.0,0.00018093816
3637,0.3975043275644659,1.0000001,0.0006332836
3638,0.3111349611279637,1.0,3.6187634e-05
3639,0.4890174414821523,1.0,3.6187634e-05
3640,0.243324889079364,1.0,0.0007599403
3641,0.4215949888657107,0.99999994,0.0004523454
3642,0.3281619596030861,1.0,0.0062423665
3643,0.3129246007053288,0.99999994,0.0019450852
3644,0.4166715984040779,0.99999994,0.00187271
3645,0.2790982743741432,1.0000001,0.0017460533
3646,0.3215096986702526,1.0,0.0014384585
3647,0.5598455560966188,0.99999994,9.951599e-05
3648,0.4300861995792522,0.99999994,0.0003075949
3649,0.4630678460877485,0.99999994,0.00057900214
3650,0.7130251824296526,1.0,0.0007780341
3651,0.376302641958594,0.99999994,0.0022164925
3652,0.5833607663151259,1.0,0.00036187633
3653,0.3444113914735446,1.0000001,0.0010765821
3654,0.480003707507501,0.99999994,0.0002171258
3655,0.5405044692225378,0.99999994,7.237527e-05
3656,0.3625388080185922,1.0,0.00028950107
3657,0.3653365912434745,0.99999994,0.0009046908
3658,0.3291160245646995,1.0000001,0.0010765821
3659,0.5126911807694321,1.0,0.00023521962
3660,0.5197565578795577,1.0,0.0005247207
3661,0.6892419796027852,0.9999999,9.046908e-06
3662,0.5790051360222059,0.99999994,0.0009951598
3663,0.2597980933608667,1.0,0.0011037228
3664,0.5373477001132755,1.0,0.0007780341
3665,0.4782363128411814,0.99999994,0.0017822409
3666,0.401014639234758,1.0,0.0009770661
3667,0.6155074488751437,0.99999994,0.00017189125
3668,0.4957345213603871,1.0,0.0014836929
3669,0.2800414998307197,1.0,0.00017189125
3670,0.2783425131496552,1.0,0.0010675351
3671,0.5094475683921598,1.0000001,7.237527e-05
3672,0.325820999404928,1.0,0.000687565
3673,0.6530488815617457,1.0,0.0
3674,0.5363735455243216,1.0,0.00082326867
3675,0.4791104593406563,0.9999999,0.00032568868
3676,0.3438699469842544,1.0,0.00060614286
3677,0.6302050894635541,0.99999994,0.00032568868
3678,0.3288494293423221,0.99999994,0.0021531642
3679,0.4669884123610387,1.0,0.00037997015
3680,0.5045347406324815,1.0,0.0015108336
3681,0.3642063059589633,1.0,0.0004613923
3682,0.4529247933064938,1.0,0.00032568868
3683,0.3524394250543389,1.0,0.0018998507
3684,0.3811769328922192,1.0,0.0032749807
3685,0.4234147959921993,0.99999994,3.6187634e-05
3686,0.8171792465855345,1.0,0.0016555842
3687,0.4545237137465643,1.0,0.00074184645
3688,0.5406222730241834,0.9999999,0.00038901705
3689,0.4412351082903805,0.99999994,0.00014475053
3690,0.6434872174912135,1.0,0.00057900214
3691,0.2937010570792528,1.0,0.00018093816
3692,0.4973685426608104,0.9999999,0.0047586737
3693,0.3570615900859599,1.0,0.005518614
3694,0.1982394990299429,1.0,0.0015108336
3695,0.3274442302563172,1.0,0.00019903199
3696,0.6417290342730626,1.0000001,0.0010765821
3697,0.6898763632084688,1.0,0.0015198806
3698,0.4758477239454079,1.0,0.00028950107
3699,0.2784813483281966,1.0,0.0009046908
3700,0.3212108002257374,0.99999994,0.0020174605
3701,0.5005495616737707,1.0,0.00059709593
3702,0.3385183920619325,1.0,0.00023521962
3703,0.4520596978186466,1.0000001,0.0021260234
3704,0.3664390144171288,1.0,0.00028045414
3705,0.320681769605408,1.0,0.00018998508
3706,0.4884789727996651,1.0,0.00029854797
3707,0.3501493387116836,0.99999994,0.0011489573
3708,0.438504615099805,1.0,0.0001085629
3709,0.3317380412521962,1.0,0.00048853306
3710,0.3350548828167675,1.0,0.0020084137
3711,0.5871633170999812,1.0,0.00070565887
3712,0.2973749306926422,1.0,0.0020898357
3713,0.369441380232727,1.0,0.00611571
3714,0.6337717131964795,1.0000001,0.00072375266
3715,0.4113008254578217,1.0,0.0014475053
3716,0.2336250475917803,0.99999994,0.00047948613
3717,0.3029774423401915,0.99999994,0.0035011536
3718,0.2950174420807115,0.99999994,6.3328356e-05
3719,0.5273347523994243,0.99999994,8.142217e-05
3720,0.7580095549514815,1.0,0.00015379745
3721,0.5717044460416436,1.0,0.00023521962
3722,0.5460690864396442,0.99999994,0.00085945625
3723,0.2811603260080067,0.99999994,0.0038720767
3724,0.3606832261720518,0.99999994,0.00019903199
3725,0.300256789080643,1.0,0.0
3726,0.3171657428350063,1.0000001,0.0027954946
3727,0.3519836617952459,0.9999999,0.0014565522
3728,0.5716698939287007,1.0,1.8093817e-05
3729,0.3887875995993238,1.0,0.0001085629
3730,0.4674997107480811,1.0,0.0037182793
3731,0.4206999585335894,1.0,0.0
3732,0.4030350690324112,1.0,4.523454e-05
3733,0.3487428190095997,1.0,0.00093183154
3734,0.3455287167287547,1.0000001,0.004034921
3735,0.6481945310388898,1.0,0.0010946759
3736,0.4164835525588304,0.99999994,0.0
3737,0.3872835646314865,1.0000001,0.00550052
3738,0.2138679037838675,1.0,0.00018093816
3739,0.5070170370038822,1.0,0.005554802
3740,0.4354601301229807,1.0,0.0003347356
3741,0.2695943091781156,1.0,0.0011218166
3742,0.6086970619969896,1.0,0.00014475053
3743,0.6855928040536474,1.0,0.015651152
3744,0.445057818402103,1.0,0.0005428145
3745,0.6855187543084766,1.0,0.00027140725
3746,0.5130970950094282,0.99999994,0.0005609083
3747,0.430671387595846,0.99999994,0.0003166418
3748,0.5351037779397709,1.0,0.00048853306
3749,0.491133255985815,1.0,0.003256887
3750,0.4989764067138501,0.99999994,0.00020807888
3751,0.7973691452094566,1.0,0.0007327996
3752,0.3420577157156979,0.99999994,0.00065137737
3753,0.5210203069240584,1.0,0.00187271
3754,0.2836610775881311,0.99999994,0.0002171258
3755,0.4001397214334206,1.0,0.00029854797
3756,0.3391052441779532,0.99999994,0.00019903199
3757,0.64725987281542,1.0,0.0017279595
3758,0.4047354984142644,1.0,0.00050662685
3759,0.3472935271298755,1.0,0.00025331342
3760,0.5176578841471329,1.0,0.00187271
3761,0.3304842252249223,1.0,0.00057900214
3762,0.4536112621980872,1.0,0.0009951598
3763,0.3201413546982979,1.0,2.7140724e-05
3764,0.3666433084240305,1.0,5.428145e-05
3765,0.3867234975814456,1.0,0.00012665671
3766,0.393079605922056,1.0,0.0092459405
3767,0.4695169123617216,1.0,0.0014565522
3768,0.3274307314430074,1.0,7.237527e-05
3769,0.522654912236536,1.0,0.00059709593
3770,0.447254512054678,1.0,0.0015108336
3771,0.2574560430711399,1.0,2.7140724e-05
3772,0.3388579196446199,0.9999999,0.00018093816
3773,0.3930563735335178,0.99999994,0.0011941919
3774,0.6268280296311907,1.0,0.0060704756
3775,0.5026485171850915,1.0,0.00012665671
3776,0.2735356920639422,1.0000001,0.00095897226
3777,0.2906522527451172,1.0,0.00079612795
3778,0.3419106521230875,1.0,0.001673678
3779,0.4790412322398414,0.99999994,0.0002261727
3780,0.6957462999951507,0.99999994,0.006106663
3781,0.2900508044219503,1.0,0.0004342516
3782,0.4471613282099512,0.99999994,0.021314517
3783,0.2522488837758921,0.99999994,0.000687565
3784,0.3804424666353265,1.0,0.00014475053
3785,0.4397915430062174,0.99999994,0.0007599403
3786,0.6435111183430524,1.0,0.00047948613
3787,0.3019418182252265,1.0,0.0001085629
3788,0.3530424170599434,1.0,0.0
3789,0.6279185891074398,1.0,7.237527e-05
3790,0.3694393907064209,1.0,0.0010675351
3791,0.30080008295333,1.0,0.0022617271
3792,0.2640884233671428,1.0,0.002768354
3793,0.4389180049583957,1.0,0.00053376757
3794,0.3711120694581789,1.0,0.0016646311
3795,0.4220956973456035,1.0,0.0008051748
3796,0.5030408508480949,1.0000001,0.00013570362
3797,0.3671782044788055,0.99999994,0.0013389424
3798,0.3562051606891916,1.0,0.0018093816
3799,0.4342412829381979,1.0000001,4.523454e-05
3800,0.3547649708298915,1.0,0.00040711087
3801,0.4866242063611892,0.99999994,0.0021531642
3802,0.3460936359954137,1.0,0.0015108336
3803,0.3168468647295893,0.99999994,0.0032026055
3804,0.6003490428274035,1.0,0.0015017868
3805,0.5139287486916562,1.0,0.00023521962
3806,0.5283507588857467,1.0,0.0011941919
3807,0.2633613833644939,1.0000001,0.0023341023
3808,0.4291699911305455,0.9999999,0.0010313476
3809,0.3346382775400934,0.99999994,0.002162211
3810,0.2417530728087994,1.0,0.00013570362
3811,0.441349522168601,1.0,0.0001085629
3812,0.5613221400098718,1.0,0.006595196
3813,0.502442698360874,1.0,7.237527e-05
3814,0.7832013027166858,1.0,0.0039715925
3815,0.270171144332098,1.0000001,0.0010494414
3816,0.6158792451733119,0.99999994,0.0007780341
3817,0.7389862151267657,1.0000001,0.0018546162
3818,0.406839246394679,1.0,0.00057900214
3819,0.6808416837587762,1.0,0.0067399465
3820,0.2727422804145711,1.0,0.00013570362
3821,0.4947628378567956,1.0,0.00028045414
3822,0.3470664972241645,1.0,0.0017551002
3823,0.2218678458133965,1.0,9.046908e-05
3824,0.3997800553798422,1.0,0.00018093816
3825,0.7064766344225051,1.0,9.951599e-05
3826,0.3191862779955656,1.0,0.0014022707
3827,0.5771997937887148,0.99999994,0.0
3828,0.2976443185840527,1.0,0.0007780341
3829,0.4521994852822887,1.0,0.0006785181
3830,0.4825621669495548,1.0000001,2.7140724e-05
3831,0.3445502781855932,1.0,0.00070565887
3832,0.3707257507270814,1.0,0.00016284434
3833,0.4273456579124473,1.0,0.005211019
3834,0.610582550260012,0.99999994,5.428145e-05
3835,0.4179607760795014,1.0,0.0012665672
3836,0.4520504649943547,1.0000001,0.0005699552
3837,0.4147932628717092,1.0,0.0028950106
3838,0.3976837705744122,0.99999994,0.00011760981
3839,0.360960686301937,0.99999994,0.00060614286
3840,0.4998726434111571,1.0000001,0.0019541322
3841,0.2732644997932715,1.0,0.00028950107
3842,0.3468910135082875,1.0000001,0.00069661194
3843,0.3692560720410397,1.0,0.0066313837
3844,0.3405465307561111,1.0,0.0018998507
3845,0.2648588447488134,1.0,0.00060614286
3846,0.2924319781136379,0.99999994,0.0026055095
3847,0.502228536669361,0.99999994,0.0
3848,0.2878523312751709,0.99999994,0.0015289275
3849,0.3763690469634756,0.9999999,0.003057855
3850,0.3954095776268217,1.0,0.00013570362
3851,0.376579073234537,1.0,0.00047948613
3852,0.3864974625147492,1.0,0.0036911385
3853,0.5113412826731761,1.0,0.00036187633
3854,0.2842926735958467,1.0,0.00047948613
3855,0.1809888617534185,1.0,0.0003075949
3856,0.4305118840922978,1.0,9.046908e-05
3857,0.3235643492084648,1.0,0.0008956439
3858,0.2982631105531574,1.0,0.00028950107
3859,0.3710859961740538,0.99999994,0.0003347356
3860,0.4410931168121646,1.0,7.237527e-05
3861,0.3136520527941052,1.0000001,0.0003166418
3862,0.4139194837840612,1.0,0.0016917718
3863,0.4317317294732211,1.0,0.0003347356
3864,0.3177648486370455,1.0,0.0014475053
3865,0.5974235906053535,1.0,0.00032568868
3866,0.2282717398840074,1.0,0.0015470213
3867,0.3338732564010081,1.0000001,4.523454e-05
3868,0.519507226411478,1.0,0.00082326867
3869,0.3586103648152964,0.9999999,0.0043606097
3870,0.3526692323670727,0.99999994,0.00039806397
3871,0.4272849188856214,1.0,0.00028950107
3872,0.4062674731932508,1.0,0.0016284435
3873,0.6454741379958132,1.0,0.00016284434
3874,0.3667299026821183,1.0,0.0010584883
3875,0.3902429419426708,1.0,0.00016284434
3876,0.3277734813913802,0.99999994,0.000986113
3877,0.8877559602927784,1.0,0.0056905053
3878,0.5497973074756191,1.0,0.00028045414
3879,0.739235466655531,1.0,0.0021531642
3880,0.3285146955899563,0.99999994,0.0016646311
3881,0.4732975170895412,1.0000001,9.046908e-05
3882,0.8301401181670592,1.0000001,0.0001085629
3883,0.4372112837050453,1.0,0.0006785181
3884,0.562575348205857,1.0,0.003256887
3885,0.4091283405226859,0.99999994,0.00011760981
3886,0.4643023899638474,1.0,0.0013660832
3887,0.6228951006470869,1.0000001,0.00026236035
3888,0.3654461307832897,1.0,0.00018998508
3889,0.1536076092302503,0.99999994,0.0013298955
3890,0.5973149905724804,0.99999994,0.0011670511
3891,0.5163528858668972,1.0000001,0.0032297461
3892,0.3383984975642181,0.99999994,0.0008504094
3893,0.32130278147286,1.0,0.0037725607
3894,0.2340857949772494,1.0,1.8093817e-05
3895,0.299652952554876,0.99999994,0.004930565
3896,0.3873165514909905,1.0,0.00082326867
3897,0.2562947464706399,1.0,0.0011580043
3898,0.3530501250942915,0.99999994,0.0035102004
3899,0.3818264119164576,1.0,0.0007508934
3900,0.3569276550997111,1.0000001,0.00015379745
3901,0.3925310017248165,1.0,0.00016284434
3902,0.305618102767223,1.0,4.523454e-05
3903,0.3869072437340204,1.0,0.0024336183
3904,0.453265946191273,0.99999994,0.0003347356
3905,0.2591621199488322,1.0000001,0.0005156738
3906,0.5622015813389729,0.99999994,0.0006785181
3907,0.3513276890255991,1.0,0.00047043923
3908,0.600398903801726,0.99999994,0.0001085629
3909,0.543781274926718,1.0,5.428145e-05
3910,0.6019887134945844,1.0,0.0024607591
3911,0.2395537702755436,1.0,1.8093817e-05
3912,0.3999015275720961,0.99999994,0.0002261727
3913,0.4667194739950264,0.99999994,9.951599e-05
3914,0.3534762884167305,1.0,0.0029854798
3915,0.5347341547890333,1.0000001,0.0014655992
3916,0.35701632669375,1.0,0.001275614
3917,0.3799823215536438,1.0,0.006106663
3918,0.3953642316300361,0.99999994,0.0
3919,0.5025585030763182,1.0,0.0005247207
3920,0.4367215769220763,1.0000001,0.00044329852
3921,0.2485458653864968,1.0,5.428145e-05
3922,0.3546419977238266,1.0,0.0006604243
3923,0.8085958697207037,1.0,0.0
3924,0.3168290844754801,1.0000001,9.046908e-06
3925,0.3743584077246038,1.0,0.00037997015
3926,0.4420877833735634,1.0,0.0013118017
3927,0.2973308223983275,0.99999994,0.00012665671
3928,0.6276060455217339,1.0,0.015506401
3929,0.2975531319710761,1.0,0.00048853306
3930,0.5132354795824713,1.0,0.00012665671
3931,0.6506778826488229,1.0,0.0049848463
3932,0.4701371938631438,0.99999994,0.0002261727
3933,0.490978343595198,0.99999994,0.0010313476
3934,0.3740984183698014,1.0,0.00039806397
3935,0.4948634450899917,1.0,0.001474646
3936,0.3049321031095555,1.0,0.00094087847
3937,0.3620374949072264,1.0,0.00014475053
3938,0.3891333033924332,1.0,0.00026236035
3939,0.374168384362104,1.0,0.0021531642
3940,0.6437278704604018,1.0,0.0023883837
3941,0.3607905330657018,1.0,0.0006332836
3942,0.5383745415202026,0.99999994,0.003437825
3943,0.2780322963689611,1.0,0.0005156738
3944,0.3901498556666208,1.0,0.001972226
3945,0.3683983232685009,1.0,0.00044329852
3946,0.3212602247759332,1.0,0.00053376757
3947,0.6945951450390114,0.9999999,0.0003166418
3948,0.1692912798297282,1.0,0.0014022707
3949,0.4208414802361309,0.99999994,0.0013932239
3950,0.4733159510061434,1.0,0.00028950107
3951,0.4454818201717418,1.0,0.0026326503
3952,0.4127040414677566,1.0,0.00018093816
3953,0.5526431447566456,1.0000001,0.002677885
3954,0.4421154280758738,1.0000001,0.006712806
3955,0.317582416196816,1.0,0.00012665671
3956,0.37359295759429,1.0,0.0010946759
3957,0.4870035661863468,1.0000001,0.0008504094
3958,0.2818414025687124,1.0,0.00041615777
3959,0.2282671692775508,1.0,0.00065137737
3960,0.4249555843864719,1.0,0.00036187633
3961,0.4353089635339602,0.99999994,9.046908e-05
3962,0.2031695335084363,1.0000001,0.0008051748
3963,0.4308492983722717,1.0,6.3328356e-05
3964,0.3922235518412459,1.0,4.523454e-05
3965,0.3853914487390256,1.0,0.00070565887
3966,0.3661653714012662,0.99999994,0.0048129554
3967,0.3722561534016098,0.9999999,1.8093817e-05
3968,0.3945409033383045,1.0,0.0011127697
3969,0.3838542676288097,1.0,0.0031302304
3970,0.4661411226919873,0.99999994,0.0018003348
3971,0.4650252650514566,1.0,0.0009770661
3972,0.3837366940098997,1.0,0.00048853306
3973,0.5336471114518355,1.0,0.0045053605
3974,0.4677787973745538,1.0000001,0.0017641471
3975,0.2747299407742043,1.0000001,0.0005518614
3976,0.4916925401986977,1.0,0.0006332836
3977,0.4115086557847447,1.0,9.046908e-05
3978,0.3475013807934184,1.0,0.0029040575
3979,0.4399175117507369,0.9999999,0.0004975799
3980,0.4797293035051501,1.0,0.0010946759
3981,0.5399539681892557,1.0,0.00014475053
3982,0.2946555093537756,0.99999994,0.0016827249
3983,0.3066371351277762,1.0,0.00011760981
3984,0.352332484360833,0.99999994,0.0007599403
3985,0.6335419464903369,0.99999994,0.00071470573
3986,0.4802058285986985,1.0000001,0.00084136246
3987,0.4133989543450233,1.0,0.001474646
3988,0.3307035519803376,0.99999994,0.00032568868
3989,0.374489099550782,1.0,5.428145e-05
3990,0.3316310705893353,1.0,0.0037273262
3991,0.4401296982262854,1.0,0.00036187633
3992,0.379102734195657,0.99999994,0.004034921
3993,0.4708969532416194,1.0,4.523454e-05
3994,0.4615256750247061,1.0,7.237527e-05
3995,0.5756523220147399,1.0,2.7140724e-05
3996,0.4090021399802592,1.0,0.00038901705
3997,0.4879067626978984,0.99999994,0.0017822409
3998,0.3841995667019589,0.99999994,0.0025602751
3999,0.2600412849815895,0.99999994,0.000986113
4000,0.1991062646670412,1.0,0.0010765821
4001,0.4068154854995834,1.0,0.0
4002,0.6264122722915996,0.9999999,0.0021441171
4003,0.2907552011040514,1.0,0.001085629
4004,0.2863558907746882,1.0000001,4.523454e-05
4005,0.6151295297446466,1.0,0.009788754
4006,0.5033671665058213,0.99999994,0.0010403944
4007,0.6081413016131718,1.0,0.00025331342
4008,0.3064562450976242,1.0,0.0007780341
4009,0.3365458635928302,0.99999994,0.0022074457
4010,0.4523785742156453,1.0,7.237527e-05
4011,0.38985773507335,1.0,0.00093183154
4012,0.4055579686335133,0.99999994,0.0003166418
4013,0.3551199888876817,1.0,0.00062423665
4014,0.405956823420522,1.0,0.0
4015,0.4390156617934818,1.0,0.0003347356
4016,0.487050135454626,1.0,0.00020807888
4017,0.3832554815044813,1.0,0.0015379743
4018,0.3568081369614641,1.0,4.523454e-05
4019,0.4556713604185624,0.99999994,0.0010584883
4020,0.6085633799214452,0.99999994,0.001284661
4021,0.4777865082929917,1.0,0.000986113
4022,0.3560979740233291,1.0,0.0004523454
4023,0.4314105503044281,1.0,9.951599e-05
4024,0.393905167091864,0.99999994,0.00024426653
4025,0.484291858018257,0.99999994,3.6187634e-05
4026,0.3559899162290565,1.0,0.0011670511
4027,0.5593022119922217,0.99999994,0.00079612795
4028,0.2801104856715232,0.99999994,0.00014475053
4029,0.3167784140049274,1.0,0.001176098
4030,0.267280367957772,0.99999994,0.00094992534
4031,0.4457311405275712,0.99999994,0.0026055095
4032,0.3604325270333552,0.99999994,0.008377437
4033,0.3066371351277762,0.99999994,0.000986113
4034,0.4835415190532019,1.0,0.0019450852
4035,0.4257178872481028,1.0,0.00025331342
4036,0.6921741218892119,0.99999994,7.237527e-05
4037,0.5228770010219469,1.0000001,3.6187634e-05
4038,0.2509260032033412,0.99999994,0.00047043923
4039,0.4446500607371365,1.0,0.00062423665
4040,0.4146891518961226,1.0,0.0019541322
4041,0.5614303606214336,1.0,0.0008956439
4042,0.294182704674552,1.0,0.00013570362
4043,0.3087774491186418,0.99999994,0.0
4044,0.3611547686114313,1.0,0.0013208486
4045,0.265426267951167,1.0,0.0026416972
4046,0.3808032891326155,1.0,0.000588049
4047,0.3217762812737215,1.0,0.00041615777
4048,0.4540207077299685,1.0,0.0009680192
4049,0.4340702190020827,1.0,0.00024426653
4050,0.2456666398566357,1.0,9.951599e-05
4051,0.5369923474576588,1.0,0.0004523454
4052,0.3165893367521347,1.0000001,0.0011037228
4053,0.7290619394233268,0.99999994,0.0011218166
4054,0.3575599419098667,1.0000001,0.0010675351
4055,0.3049760378670843,1.0,0.0020898357
4056,0.429974966942202,1.0,0.0005518614
4057,0.4834832260732494,1.0,5.428145e-05
4058,0.2713368268846686,0.99999994,0.0014022707
4059,0.4500927487154251,1.0,0.002352196
4060,0.5134265534693022,1.0000001,7.237527e-05
4061,0.607604737229687,0.99999994,0.0027864478
4062,0.5442554163269058,1.0,0.00012665671
4063,0.6182365525672984,1.0,0.0005609083
4064,0.2593095737952923,0.99999994,0.0012213326
4065,0.4007700666933663,1.0000001,2.7140724e-05
4066,0.2586938944412164,1.0,0.0004342516
4067,0.2700392733904171,0.99999994,0.0007780341
4068,0.4130854137234639,1.0000001,0.0004252047
4069,0.4744178154285015,1.0,0.0002261727
4070,0.5260565321324039,1.0,0.0034830596
4071,0.3995152492585253,1.0,0.0012032388
4072,0.4704130243040324,0.9999999,0.000787081
4073,0.3523746991456253,0.99999994,0.00035282943
4074,0.466874279485857,1.0,0.002171258
4075,0.3391021671182363,1.0,9.951599e-05
4076,0.3592181398810157,1.0,0.00071470573
4077,0.2959007983697944,1.0,0.00094992534
4078,0.4323831629619663,1.0,0.0003437825
4079,0.3584403786678096,1.0,0.00324784
4080,0.4490310992193781,1.0,0.00035282943
4081,0.6264122722915996,0.99999994,0.0005247207
4082,0.5470830927073895,0.99999994,3.6187634e-05
4083,0.7633214983349769,1.0,0.005220066
4084,0.4583088349439692,1.0,0.00081422174
4085,0.6995618331271499,0.99999994,0.0052743475
4086,0.2961739623694245,1.0,0.0001085629
4087,0.5287665890075002,1.0,0.00019903199
4088,0.4590823771358344,1.0,0.0011941919
4089,0.31169304600066,0.99999994,0.0004613923
4090,0.3372034013314474,0.99999994,0.0012303796
4091,0.4541119426932793,1.0,0.0016917718
4092,0.3148261431573544,1.0,0.0003075949
4093,0.1543428962396572,1.0,5.428145e-05
4094,0.3031416719918667,1.0,9.046908e-06
4095,0.2617207246780909,1.0,0.00041615777
4096,0.4685452337735841,1.0,0.001963179
4097,0.4734514846011511,1.0,2.7140724e-05
4098,0.4060817673200556,1.0,0.007391324
4099,0.5839574547350915,0.9999999,1.8093817e-05
4100,0.5013823858569414,1.0,0.0031211833
4101,0.2482795761928767,1.0,0.00085945625
4102,0.4327041667950987,1.0000001,7.237527e-05
4103,0.3396937450504657,0.99999994,7.237527e-05
4104,0.5025758404125584,1.0,0.0012484733
4105,0.4401883842360434,0.99999994,0.00059709593
4106,0.3169859543977387,1.0000001,0.002949292
4107,0.6245236278431895,1.0000001,0.00028950107
4108,0.3651733560933328,1.0000001,0.001474646
4109,0.2979951176581721,1.0000001,0.0018455692
4110,0.2571844607826765,0.99999994,0.0012937079
4111,0.3521384452375324,1.0000001,0.0
4112,0.3649466469378207,1.0000001,0.0031302304
4113,0.2993187339179524,0.99999994,0.0006423305
4114,0.5286980006551975,1.0,0.0012665672
4115,0.4134560287922166,1.0,0.0009680192
4116,0.5388531227588287,1.0,0.0020265074
4117,0.5995625973182063,1.0,0.0011580043
4118,0.4107359035925175,0.99999994,0.00028045414
4119,0.3434755304757673,1.0,0.00011760981
4120,0.7171805777142349,1.0,0.0022888677
4121,0.4793406879035222,1.0,0.0001085629
4122,0.489447118546838,1.0000001,0.00017189125
4123,0.3197526159987947,0.99999994,0.0028407292
4124,0.3811725751222495,0.99999994,0.0
4125,0.3941338832718832,1.0,0.0010042068
4126,0.3112534896334168,1.0,0.0
4127,0.2611215340168792,0.99999994,0.00028045414
4128,0.49405453696535,1.0,0.0037001856
4129,0.2523031163158621,0.99999994,0.00036187633
4130,0.3362613860945522,1.0,0.00029854797
4131,0.5111875164165613,1.0000001,0.0005428145
4132,0.4904095087120236,1.0,0.00071470573
4133,0.4024099615768116,1.0,0.0011941919
4134,0.4662190664811306,1.0,0.00137513
4135,0.2976723965326474,1.0,0.000787081
4136,0.3988766120865255,1.0,0.00032568868
4137,0.3777383527560031,1.0,0.00038901705
4138,0.2787029709917109,1.0,0.00047948613
4139,0.3310059541629095,1.0,0.0015470213
4140,0.5931783369864845,1.0,0.0001085629
4141,0.3161220317737047,0.99999994,0.0019088977
4142,0.4045942356666742,1.0,0.0033111684
4143,0.3287951136916259,1.0,0.004143484
4144,0.8865798645783178,1.0,0.00025331342
4145,0.7660080450872513,1.0000001,0.0017189125
4146,0.38310673468467,1.0,0.00040711087
4147,0.5812692785455316,0.99999994,0.006622337
4148,0.5616320627806621,1.0,0.00027140725
4149,0.550670278124397,1.0000001,0.0011308636
4150,0.5311295915972426,1.0,9.951599e-05
4151,0.5000733458567252,0.99999994,0.005419098
4152,0.5764092276118837,1.0,0.0006151898
4153,0.3825615448359614,1.0,0.0015379743
4154,0.3977075132052238,1.0,0.0
4155,0.516711247544439,1.0,0.0014836929
4156,0.5987483063645025,0.9999999,0.00014475053
4157,0.3158319675071634,1.0,0.001574162
4158,0.3724500102350802,1.0,0.00014475053
4159,0.2874770322744647,1.0,0.001673678
4160,0.5928657116464467,1.0,0.00044329852
4161,0.2876342878012723,1.0,0.0004613923
4162,0.3877723115847974,1.0,0.00065137737
4163,0.3412380445297028,1.0,0.0013932239
4164,0.3012977810556975,1.0,0.0011399104
4165,0.4981237654835261,1.0,0.0016917718
4166,0.5570072843940672,1.0,0.00013570362
4167,0.4657008232117378,0.9999999,3.6187634e-05
4168,0.5978081105808004,1.0000001,0.0062514134
4169,0.1602270137212701,1.0,9.046908e-05
4170,0.476248300380544,1.0,0.00072375266
4171,0.3823445616474387,0.99999994,0.0004342516
4172,0.2336359359250097,0.99999994,0.00050662685
4173,0.3264743967053324,1.0,0.0011037228
4174,0.320594367271537,0.99999994,0.005554802
4175,0.3993296320725074,0.99999994,0.0021350703
4176,0.3263699477296063,1.0,9.951599e-05
4177,0.4095368913321526,1.0,0.0022526802
4178,0.6251837203135792,1.0000001,0.00013570362
4179,0.3242905404854231,1.0,0.0023612431
4180,0.4354176049952575,1.0,0.0008775501
4181,0.3339899960656557,1.0,0.002071742
4182,0.4113033306921695,1.0,0.0002171258
4183,0.4213355071391301,1.0,0.0017008188
4184,0.3451262625514841,0.99999994,0.00013570362
4185,0.3032799561168927,1.0,0.0003347356
4186,0.6520443716227027,1.0,0.01249378
4187,0.6953143313975377,1.0,0.00028950107
4188,0.4930973572359564,1.0,0.0013027547
4189,0.643384275425846,1.0,0.018075723
4190,0.3649896241221696,1.0,0.0022888677
4191,0.6292434787454011,1.0,0.0
4192,0.2233126226759191,1.0,3.6187634e-05
4193,0.3085054965061864,1.0,0.002071742
4194,0.4156424270098571,1.0,3.6187634e-05
4195,0.3385501813460227,1.0,0.0017370064
4196,0.4429622164090333,0.99999994,0.0023250554
4197,0.6244592732351874,1.0,0.0013660832
4198,0.2519193134838009,1.0,0.00024426653
4199,0.7120823488106012,0.99999994,0.0
4200,0.4971741500014944,0.99999994,0.0031121364
4201,0.4062674731932508,1.0,0.0026869318
4202,0.3880515625142652,1.0,0.0024155246
4203,0.4791889178172083,1.0,1.8093817e-05
4204,0.5868430371171576,1.0,0.0004252047
4205,0.5129859245040735,1.0,0.005147691
4206,0.3766743657291349,1.0,0.0028950106
4207,0.4811886592369643,1.0,0.0017008188
4208,0.3064456906041724,1.0,0.0005518614
4209,0.4690050012442951,1.0,0.0
4210,0.3898796347083046,0.99999994,0.0002171258
4211,0.6408551423568973,1.0,0.0020807888
4212,0.4862654936730429,0.99999994,0.00011760981
4213,0.277623036228175,1.0,0.007083729
4214,0.4181490859799735,1.0,0.00032568868
4215,0.4046958320047629,1.0,0.00137513
4216,0.3585029647796171,1.0,0.0008504094
4217,0.297347530657408,1.0,0.0010675351
4218,0.349763115588708,1.0,0.00037092323
4219,0.660985391046211,1.0,0.0022979146
4220,0.4912013258671455,1.0,0.0028135884
4221,0.4222442453807964,1.0,0.00035282943
4222,0.2781578080171742,1.0,0.0012213326
4223,0.739235466655531,1.0,0.0076536844
4224,0.6369539409267144,1.0,0.0003166418
4225,0.3639775489588621,1.0,0.0011308636
4226,0.3080460235780566,1.0,0.00039806397
4227,0.2982161980114606,1.0,0.0005699552
4228,0.3966699629921945,1.0,0.00324784
4229,0.1872747641036589,1.0,0.00020807888
4230,0.4406742503573438,1.0,0.00065137737
4231,0.2291743865250834,0.99999994,0.0013570362
4232,0.4717780707282559,1.0000001,0.00374542
4233,0.5753771768962966,0.99999994,0.0004252047
4234,0.7209017161888129,1.0,3.6187634e-05
4235,0.4531894547284925,0.99999994,0.0013932239
4236,0.3212030878287185,1.0,0.00014475053
4237,0.4811847564785487,0.99999994,0.00032568868
4238,0.4436962603051023,1.0,4.523454e-05
4239,0.5764387943800384,1.0,0.00040711087
4240,0.4856800453448111,0.99999994,0.0018908038
4241,0.3719157409433437,1.0,0.00041615777
4242,0.7163744194217107,0.9999999,0.0021079297
4243,0.3440343683134195,1.0,0.00070565887
4244,0.6514868048097217,1.0,0.0
4245,0.4045047369486494,1.0,0.0015289275
4246,0.5124416597181031,1.0,6.3328356e-05
4247,0.5037825011010559,1.0,0.00019903199
4248,0.4548604046429312,0.99999994,0.00038901705
4249,0.5419181976738574,1.0,0.002768354
4250,0.4240766680447537,1.0,0.00014475053
4251,0.2955172128358016,1.0,0.00050662685
4252,0.2791377990349099,0.99999994,0.00050662685
4253,0.7448378024157611,1.0,0.0010494414
4254,0.390838816078295,1.0,0.0017822409
4255,0.2406189647668664,1.0,0.0004613923
4256,0.5967613721632807,1.0,0.0036911385
4257,0.647973409338368,1.0,0.001284661
4258,0.3568226072183728,1.0,0.0017370064
4259,0.4357649680849344,1.0,0.0005518614
4260,0.3124522376746472,1.0,0.001085629
4261,0.7584678290767034,1.0,0.0012122857
4262,0.2180341968979534,1.0,0.00057900214
4263,0.3609739282438591,1.0000001,8.142217e-05
4264,0.321707233802402,1.0,0.005401004
4265,0.3992922283473533,0.99999994,0.0024969466
4266,0.3021074343243696,1.0,0.0008775501
4267,0.403107858446309,0.99999994,0.00015379745
4268,0.2334190179395285,1.0,0.0013570362
4269,0.3284710520726763,0.99999994,0.0011308636
4270,0.4132770718655426,0.99999994,0.0014203646
4271,0.447891336667475,0.99999994,0.0017279595
4272,0.4471613282099512,1.0,0.009752567
4273,0.2584227397555748,0.99999994,0.0006151898
4274,0.3116245192573948,1.0,0.00019903199
4275,0.5107731762090895,0.99999994,0.0003075949
4276,0.4020871921020293,1.0,0.0010494414
4277,0.2893069129844346,1.0,0.0008775501
4278,0.3373308278479019,1.0,0.0008775501
4279,0.3476531053611441,1.0000001,0.00041615777
4280,0.4539331410920577,1.0,3.6187634e-05
4281,0.1907609192826405,0.99999994,0.0002171258
4282,0.4551917698166555,1.0,0.00091373775
4283,0.1782687030677511,1.0,0.00029854797
4284,0.4381831648524469,1.0,0.0015560682
4285,0.2129618561045183,1.0,0.0003166418
4286,0.2921713056053757,1.0000001,0.00082326867
4287,0.2817814023778328,1.0000001,0.0016103496
4288,0.5626368574438815,1.0,0.00047948613
4289,0.3907763791165268,0.9999999,0.00028950107
4290,0.2426598018836402,1.0,0.0016917718
4291,0.4006194533666592,1.0,0.0005247207
4292,0.2698379687087703,1.0,0.001972226
4293,0.3858971569641622,1.0,0.0002171258
4294,0.5592784424379543,1.0,2.7140724e-05
4295,0.3775472039734415,1.0,4.523454e-05
4296,0.4033070790453956,1.0,0.0014655992
4297,0.47524842001441,1.0,0.0044148914
4298,0.5581548201393307,1.0,0.00047948613
4299,0.5461594529124881,0.99999994,5.428145e-05
4300,0.5506462479388612,1.0,0.00018093816
4301,0.3907052984825691,0.99999994,0.0005428145
4302,0.4496504403810541,1.0,0.00019903199
4303,0.27562113970139,1.0000001,8.142217e-05
4304,0.2496695134103821,0.99999994,0.00062423665
4305,0.3764555736156176,1.0,0.0007327996
4306,0.3844544977333809,1.0,0.00013570362
4307,0.4446759451342001,1.0,0.00041615777
4308,0.5150425302864792,1.0,0.0010403944
4309,0.4022535137981962,1.0,0.0015289275
4310,0.331167673772284,1.0,0.003555435
4311,0.6389467680767364,1.0,0.0013389424
4312,0.2247942954897552,1.0,0.0014927399
4313,0.7220166316394174,1.0,0.0030669018
4314,0.4219494643749064,1.0,0.00047948613
4315,0.3938369587117145,1.0000001,0.00024426653
4316,0.5434492327313536,1.0,0.0
4317,0.2969256024464201,1.0,0.00015379745
4318,0.4450353123358289,1.0,0.0010765821
4319,0.3555261565788735,1.0,0.00036187633
4320,0.5541894512414276,0.99999994,0.022454426
4321,0.4299569410742144,1.0,0.0099154115
4322,0.7566960799610734,1.0,3.6187634e-05
4323,0.4329413066696965,1.0,0.0064413985
4324,0.6924254235712016,1.0,0.0002261727
4325,0.5355393107727231,1.0,0.00015379745
4326,0.2561561425853078,1.0,0.000787081
4327,0.4260489291231341,0.99999994,1.8093817e-05
4328,0.4842251810689785,1.0,0.0004252047
4329,0.6782689970366439,0.99999994,0.0028859638
4330,0.6996216014536669,1.0,0.00028045414
4331,0.2913210747214574,1.0,0.0012032388
4332,0.2830107722265145,1.0,0.004043968
4333,0.5560732794937122,1.0,0.00095897226
4334,0.3177633259701223,1.0,0.0016555842
4335,0.2651724445671192,1.0,8.142217e-05
4336,0.3245704651509108,1.0,0.0013208486
4337,0.3674168163652382,1.0,0.020554576
4338,0.1906632976645156,0.9999999,0.000687565
4339,0.3023841917933434,0.9999999,0.0008956439
4340,0.5335124080981987,1.0,0.0009770661
4341,0.5095321495140741,0.99999994,0.0017370064
4342,0.4220640980541678,1.0,9.046908e-06
4343,0.2883196792686185,0.99999994,0.0016193966
4344,0.388237844248451,0.99999994,0.0020084137
4345,0.3697863745052894,1.0,0.00041615777
4346,0.5311875086578475,0.99999994,0.0
4347,0.3454867985873026,1.0,0.0009046908
4348,0.3483922527094895,1.0,0.001963179
4349,0.6994071502379243,1.0,0.00039806397
4350,0.3712204115342015,0.99999994,0.004731533
4351,0.448829089194165,1.0,0.0006332836
4352,0.3551473766834077,0.99999994,0.0039173113
4353,0.300458582667122,1.0,0.00028045414
4354,0.4283589163682529,1.0,0.0021169765
4355,0.5147925451644957,1.0,0.0020084137
4356,0.4762107700390404,1.0,0.0032387932
4357,0.4681142934470459,1.0,0.00070565887
4358,0.339129309225842,1.0,0.0031935587
4359,0.3709343285857081,1.0,0.00032568868
4360,0.387291025987174,0.99999994,0.0028407292
4361,0.4268198764531271,1.0,0.00019903199
4362,0.3215197991974378,0.99999994,0.00076898717
4363,0.5196925994638785,0.99999994,0.002062695
4364,0.7850970587206229,1.0,0.00070565887
4365,0.5124733356751756,0.99999994,0.00062423665
4366,0.3795608914311085,0.99999994,0.00032568868
4367,0.4099835544922793,1.0,0.0014475053
4368,0.7276045991917657,1.0,0.0004613923
4369,0.4442608794623748,1.0,0.0018274755
4370,0.3410940351828921,0.99999994,0.0046591577
4371,0.2858114961648955,0.99999994,0.0013570362
4372,0.6392395255187204,1.0,2.7140724e-05
4373,0.2970090646283574,1.0,0.0025783689
4374,0.3026113748672085,1.0,0.00019903199
4375,0.3972241714154755,1.0,0.0002171258
4376,0.4368949303395109,1.0,0.00074184645
4377,0.495675163137478,1.0000001,0.00060614286
4378,0.4677196669824823,1.0,0.00035282943
4379,0.3661653714012662,0.99999994,0.001673678
4380,0.3593719689908082,0.99999994,0.0005609083
4381,0.5623801327461739,0.99999994,0.002858823
4382,0.2812866603600382,1.0,0.0
4383,0.5566517532769789,1.0000001,0.00013570362
4384,0.3873413395265455,1.0000001,1.8093817e-05
4385,0.3207818101465307,1.0,0.00074184645
4386,0.608990659725218,0.99999994,0.0007327996
4387,0.3183813352355739,1.0,0.00091373775
4388,0.4420097084880748,0.99999994,0.0006604243
4389,0.3056483993084297,1.0,0.00050662685
4390,0.4350698215713664,1.0,1.8093817e-05
4391,0.4061587253484362,1.0,0.0020807888
4392,0.4549127972495027,0.99999994,0.0003166418
4393,0.3091888243270497,1.0,0.00015379745
4394,0.3938369587117145,1.0,0.00039806397
4395,0.249685417471255,0.99999994,0.0012575203
4396,0.600398903801726,1.0,2.7140724e-05
4397,0.2303663310810228,1.0,0.0007599403
4398,0.5031732030298139,1.0,0.0015198806
4399,0.3727163707740736,1.0,0.00014475053
4400,0.4332678183284439,1.0,0.0006423305
4401,0.6156176892686394,1.0,0.0034287781
4402,0.3389500734523248,1.0000001,0.0011580043
4403,0.4034694398355005,1.0,0.0013389424
4404,0.5135653007457285,1.0,0.0003075949
4405,0.3375416398692705,1.0,0.0024878997
4406,0.2524286757020371,1.0,6.3328356e-05
4407,0.3784334703166975,1.0,9.046908e-06
4408,0.3327293778737785,1.0,0.00187271
4409,0.4626929814590762,1.0,1.8093817e-05
4410,0.3611782971511131,1.0,0.00013570362
4411,0.2285870496792493,1.0,0.00025331342
4412,0.3208777297983093,0.9999999,0.0003437825
4413,0.3144476969769179,1.0,9.046908e-06
4414,0.3611979775857284,1.0000001,0.0030216672
4415,0.3992922283473533,1.0,0.00060614286
4416,0.3515672458932402,1.0,0.00069661194
4417,0.7240849139442734,0.99999994,0.011489574
4418,0.4381650146375346,0.99999994,0.00093183154
4419,0.3907400278675288,1.0,0.00039806397
4420,0.526958021337796,1.0,0.002768354
4421,0.4178436904325496,1.0,0.0022074457
4422,0.3209147929877078,0.99999994,0.0015379743
4423,0.2911772893904013,1.0,2.7140724e-05
4424,0.3941013153001742,1.0,9.046908e-05
4425,0.4632913879553781,1.0,0.0032206993
4426,0.5512461445599766,0.99999994,9.046908e-06
4427,0.4544490801037218,0.99999994,0.003953499
4428,0.3462182707328992,1.0,0.0011670511
4429,0.3292439712380602,1.0,0.0019088977
4430,0.4766128549106659,0.99999994,0.0037725607
4431,0.3735395595098617,0.99999994,0.00062423665
4432,0.4017752114780214,1.0000001,0.00088659703
4433,0.2965380244971023,0.99999994,0.000687565
4434,0.3947374929220868,1.0,0.00088659703
4435,0.4283766454968535,1.0,0.00047043923
4436,0.2489329499896569,0.99999994,0.0025964626
4437,0.4253835683591999,1.0,0.017894784
4438,0.6701929044284857,1.0000001,0.0016917718
4439,0.3586988377650013,1.0,0.00094992534
4440,0.4980427804277136,1.0,9.951599e-05
4441,0.518301055547085,1.0,0.00024426653
4442,0.4103142441525859,1.0,0.00062423665
4443,0.5516464911289363,1.0,0.0
4444,0.5149826524010411,0.99999994,0.00095897226
4445,0.3890172187377845,1.0,0.0032206993
4446,0.3739129817267438,0.99999994,0.00083231553
4447,0.328317075601209,0.99999994,0.0006151898
4448,0.2933591577045835,1.0,9.046908e-06
4449,0.5564065270358747,1.0,0.00018998508
4450,0.4183879832092304,1.0,0.0005428145
4451,0.3377050919755887,0.99999994,0.0057900213
4452,0.3337087186279142,1.0,0.0011037228
4453,0.414196118373954,1.0,0.00044329852
4454,0.4289386515989296,1.0,0.00047948613
4455,0.2452128755796981,0.99999994,0.0006604243
4456,0.6086698554408358,0.99999994,0.0017551002
4457,0.7584678290767034,1.0,0.0007599403
4458,0.3763459624227,1.0,0.0002171258
4459,0.3163943030583631,1.0,0.000787081
4460,0.4710626165460254,1.0,0.002469806
4461,0.2913498369603319,1.0,9.046908e-06
4462,0.5811101361672317,0.99999994,0.0016284435
4463,0.3786553755113512,1.0,0.0010132537
4464,0.4253263636374387,1.0,0.001284661
4465,0.5909898254065398,1.0,0.0004252047
4466,0.52294101041436,1.0,0.0022345863
4467,0.3639229359781117,0.99999994,8.142217e-05
4468,0.2473709047691375,1.0,0.00035282943
4469,0.5051297773866229,1.0,0.0011127697
4470,0.5688972932006322,1.0,9.951599e-05
4471,0.5739915676449666,0.99999994,2.7140724e-05
4472,0.3686273531683749,1.0,0.0014022707
4473,0.3126221738910745,0.99999994,0.0011670511
4474,0.3061161408347881,1.0,0.000687565
4475,0.3437945355837726,0.99999994,0.000787081
4476,0.4206837749834257,0.99999994,0.0023612431
4477,0.3104780029329078,1.0,0.00036187633
4478,0.7087359503717936,1.0,0.0055638487
4479,0.5115543506796676,1.0,0.0005518614
4480,0.4599732136553999,0.99999994,0.0020174605
4481,0.3585608431807519,1.0,0.00053376757
4482,0.3961758432595529,1.0,0.00038901705
4483,0.3132292224324401,1.0,0.0016646311
4484,0.3143860373571817,0.99999994,0.001275614
4485,0.3362082272472715,0.99999994,0.00029854797
4486,0.4236813317799089,0.99999994,0.0010223007
4487,0.4065093653569134,1.0,9.951599e-05
4488,0.3828725504000662,1.0,0.00032568868
4489,0.4904911249532788,1.0,0.0018184285
4490,0.612188636099146,1.0,0.0003075949
4491,0.445080396944135,1.0,8.142217e-05
4492,0.4490849791396274,1.0,7.237527e-05
4493,0.3604044515584339,1.0,0.0027321663
4494,0.277817194479703,1.0,0.0020355543
4495,0.4619242515382271,0.99999994,0.0037997013
4496,0.43913563367357,1.0,0.0004342516
4497,0.3362082272472715,1.0,0.00081422174
4498,0.410067851124666,1.0000001,0.0013479893
4499,0.4908221351423451,1.0,0.00047043923
4500,0.3016832595262919,0.99999994,0.00026236035
4501,0.3972327726865587,1.0,0.0013208486
4502,0.6077543219837194,0.99999994,0.0010403944
4503,0.2710415438881101,1.0,0.003157371
4504,0.6743337580470787,0.99999994,0.00016284434
4505,0.2837912107514371,1.0000001,0.0010313476
4506,0.3525338603173546,1.0,0.00025331342
4507,0.3084418825007156,1.0,0.0021803048
4508,0.185826762906782,1.0,0.0004975799
4509,0.52985279979131,1.0,0.001284661
4510,0.4604150329770268,1.0,0.00020807888
4511,0.5552767684474936,1.0000001,0.00062423665
4512,0.4170772750508055,1.0,0.00038901705
4513,0.4375568281203522,1.0,0.00018998508
4514,0.3958130480024747,1.0,0.0002171258
4515,0.3765042211573693,1.0,0.00016284434
4516,0.2554129607363855,1.0,0.001284661
4517,0.3357454777780014,1.0,0.00032568868
4518,0.4060887018275974,1.0,1.8093817e-05
4519,0.2552101960329612,1.0,9.046908e-06
4520,0.323561414589187,1.0,0.0013027547
4521,0.7171469001357013,1.0,0.0006604243
4522,0.3301059632939062,1.0,0.0021893517
4523,0.5018090114620594,1.0,0.0005428145
4524,0.390617501649331,1.0,8.142217e-05
4525,0.3303653290758068,0.9999999,2.7140724e-05
4526,0.2214729617659372,0.99999994,0.00047043923
4527,0.3975998398806222,0.99999994,0.0011580043
4528,0.3291171467938312,1.0,0.00025331342
4529,0.3296234630188382,1.0,0.00137513
4530,0.3396996817956795,0.99999994,0.0011399104
4531,0.5115422841474099,1.0,0.00019903199
4532,0.4357434864617875,1.0000001,0.0030035735
4533,0.3074125489313901,1.0,0.00093183154
4534,0.4583657496228149,1.0,0.00015379745
4535,0.3756720449645584,1.0,0.00014475053
4536,0.5244811521865185,1.0,0.0011399104
4537,0.34692171699232,0.99999994,0.00044329852
4538,0.3924118105513269,1.0,0.0
4539,0.4421058145524935,0.99999994,0.0018093816
4540,0.2930674351779866,1.0000001,0.0011580043
4541,0.3739815185013731,1.0,0.0017279595
4542,0.2423614880419589,1.0,0.0015379743
4543,0.2386133597398476,1.0,0.0017641471
4544,0.3250727242423745,0.9999999,0.0025874157
4545,0.3059057929181696,0.99999994,0.0025421812
4546,0.3320619563799671,0.99999994,0.0014294115
4547,0.3619225440007821,0.99999994,0.0060433345
4548,0.4324791474842768,1.0,0.0012213326
4549,0.4586460844217731,1.0,0.00187271
4550,0.3338223594603581,1.0,0.0013479893
4551,0.6606161544874602,1.0,0.003048808
4552,0.2683413293520131,1.0,0.00029854797
4553,0.3342874940564522,0.99999994,0.0011308636
4554,0.3162142079482216,0.99999994,0.0004342516
4555,0.4967476484576748,0.9999999,9.046908e-06
4556,0.7089627844777425,1.0,0.0015560682
4557,0.5798842605291125,1.0,0.00094992534
4558,0.5285705468026655,1.0000001,0.00091373775
4559,0.4096109079679463,1.0,0.00047043923
4560,0.307681074684036,1.0,0.0003075949
4561,0.460817566627617,1.0,0.0005247207
4562,0.2448142263161998,1.0,0.0005156738
4563,0.3071163102996915,0.99999994,0.0004342516
4564,0.3670157895255347,1.0,0.00069661194
4565,0.5928924912833823,1.0000001,0.0026145566
4566,0.4084212640837998,1.0,0.0016555842
4567,0.4914462406830371,1.0,5.428145e-05
4568,0.469245186885011,1.0,0.00036187633
4569,0.5231224129977758,1.0,0.0009951598
4570,0.3259779408340701,1.0,0.003736373
4571,0.2377552741267958,1.0,0.0019812728
4572,0.2818099495664391,1.0,0.00023521962
4573,0.4427088705261334,1.0,0.004143484
4574,0.4707333163446405,0.99999994,0.0010765821
4575,0.2128742295374038,1.0,0.0003075949
4576,0.5632970293941093,1.0,0.0
4577,0.4662932357492049,0.99999994,0.0005428145
4578,0.3786146151033142,0.9999999,0.00017189125
4579,0.3732919789656363,1.0,0.001972226
4580,0.4948974510565422,1.0,0.00275026
4581,0.3246723037407386,1.0,0.0030940427
4582,0.4173536114979213,1.0,0.0003347356
4583,0.6147441686019871,1.0,9.046908e-06
4584,0.6229091746548312,1.0,0.0018908038
4585,0.3011108169147629,0.99999994,0.0024878997
4586,0.5642328398094884,1.0000001,0.00094992534
4587,0.3403203465416914,1.0,0.00412539
4588,0.3559899162290565,1.0,0.0023250554
4589,0.3226329040381301,1.0,0.00059709593
4590,0.5789171863413057,1.0000001,0.0024426652
4591,0.3715185569355092,1.0,0.00017189125
4592,0.3906398014485592,1.0,0.006721853
4593,0.4875891875415557,0.99999994,0.0016193966
4594,0.2892547050500765,0.99999994,0.0024245714
4595,0.3291309248322231,1.0,0.0019269915
4596,0.203131795511851,1.0,0.00011760981
4597,0.2723682716360514,1.0,0.0025783689
4598,0.3851941883884466,1.0000001,0.00013570362
4599,0.4602782252628858,1.0,9.046908e-06
4600,0.2492204569810505,1.0,0.0062604607
4601,0.5003936095193581,0.9999999,0.009634958
4602,0.2813507492375847,1.0,0.00028950107
4603,0.5905725788084053,0.99999994,0.00047043923
4604,0.5087759603559155,1.0,0.00069661194
4605,0.3663223348249049,1.0,0.00027140725
4606,0.3334254094151671,0.99999994,0.0058804904
4607,0.385190160186069,1.0,0.00085945625
4608,0.4909746967753922,1.0,0.011806215
4609,0.4604150329770268,0.99999994,0.0002261727
4610,0.4641105962583579,1.0,0.0038630299
4611,0.2924948530576882,1.0,0.0016646311
4612,0.6582790891994947,1.0,0.0
4613,0.6477005616078378,1.0,0.00020807888
4614,0.6969035190588412,0.99999994,0.00048853306
4615,0.3297221511812827,1.0,0.0017098656
4616,0.4392032490286643,0.99999994,0.0035011536
4617,0.3576358969194442,0.99999994,0.0001085629
4618,0.360640687439774,1.0,7.237527e-05
4619,0.6337717131964795,1.0,0.0012394264
4620,0.4749393332136206,1.0,0.001185145
4621,0.4078148396657263,1.0,0.001085629
4622,0.4061137152154704,1.0,0.00036187633
4623,0.3796336818644832,1.0,4.523454e-05
4624,0.6138816921545863,1.0,0.003356403
4625,0.4281918231051177,0.9999999,0.0013932239
4626,0.2611192522121917,0.99999994,0.0023793369
4627,0.3579832006071675,1.0,0.00091373775
4628,0.2570066691983555,1.0,0.00083231553
4629,0.2692794558085277,1.0,0.0005156738
4630,0.3293329730258719,1.0,0.0015108336
4631,0.5022856634285069,1.0000001,0.00041615777
4632,0.4301828453728784,1.0000001,0.0010223007
4633,0.4171675672252107,1.0000001,0.00012665671
4634,0.5533780043402972,1.0,0.00027140725
4635,0.3170369270442335,0.99999994,0.0003347356
4636,0.305237965733569,0.99999994,0.00037092323
4637,0.4307813040432218,1.0,0.00069661194
4638,0.7068148147350489,1.0,3.6187634e-05
4639,0.2545978655730685,1.0,0.0017008188
4640,0.332098214636198,1.0,0.0012665672
4641,0.3054338700570057,1.0000001,5.428145e-05
4642,0.4202863234026165,0.99999994,0.00025331342
4643,0.5886225369014347,1.0,0.007834623
4644,0.5687043092593013,1.0,9.046908e-05
4645,0.4050753543710202,0.99999994,5.428145e-05
4646,0.3770450573249344,1.0000001,0.0033744967
4647,0.2559979770618573,1.0,0.00019903199
4648,0.5814808290888089,0.99999994,9.951599e-05
4649,0.440041670399423,1.0,0.00047043923
4650,0.3417954454600649,1.0,0.002451712
4651,0.5911208479793301,0.99999994,0.00057900214
4652,0.521976715843565,1.0,0.0010584883
4653,0.4829476006236518,1.0,3.6187634e-05
4654,0.2576652150245851,0.99999994,0.0008775501
4655,0.5703925994236188,1.0000001,0.0013298955
4656,0.2207207385215404,0.99999994,9.951599e-05
4657,0.4349040975626971,1.0,1.8093817e-05
4658,0.3837913966829963,1.0,0.0005609083
4659,0.4223930114209957,1.0,0.00038901705
4660,0.313521287686179,0.99999994,0.00187271
4661,0.2786670566412578,1.0,0.0022255394
4662,0.5534849540727426,0.99999994,0.00013570362
4663,0.3694147520377149,1.0,0.00062423665
4664,0.4000604304557078,1.0,0.0005156738
4665,0.4883443966627538,1.0,0.0005428145
4666,0.4500532133988268,1.0,0.0038811236
4667,0.4045488124169871,0.99999994,0.00011760981
4668,0.3373241162596809,1.0,0.002071742
4669,0.6242617094409805,1.0,0.0040620617
4670,0.3162892240979219,0.99999994,0.0013479893
4671,0.3535589937891938,1.0,0.0024245714
4672,0.3547549418867609,0.99999994,0.0010223007
4673,0.4696585334039977,1.0,0.0038177953
4674,0.573233331677353,1.0000001,0.00035282943
4675,0.5224852081810689,1.0,8.142217e-05
4676,0.336845806217627,1.0,0.0010403944
4677,0.3991302933609563,0.99999994,4.523454e-05
4678,0.3404255312249725,1.0,9.046908e-05
4679,0.386222758648456,1.0,0.00023521962
4680,0.424382540626029,0.99999994,4.523454e-05
4681,0.2873242588863648,1.0,0.0017098656
4682,0.5398686570069603,1.0,0.0007599403
4683,0.2736291452475903,1.0,0.0018455692
4684,0.3918118343165077,1.0,0.0018003348
4685,0.3487446295983808,1.0,2.7140724e-05
4686,0.2680137074447091,1.0,0.00014475053
4687,0.3024550746161748,0.99999994,0.00025331342
4688,0.2402049254296008,0.99999994,0.0010765821
4689,0.6364477633260206,1.0,0.00026236035
4690,0.4588316224183279,1.0000001,0.0036278102
4691,0.4259516184264266,1.0,0.00065137737
4692,0.2742710912739592,1.0,0.0021893517
4693,0.2749606672748119,1.0000001,0.00085945625
4694,0.2373822414317151,1.0,1.8093817e-05
4695,0.3692084260466494,1.0,0.00091373775
4696,0.349589775473026,0.9999999,0.0005518614
4697,0.2387958506118423,1.0,1.8093817e-05
4698,0.4414996918973579,1.0000001,0.0020174605
4699,0.4230938763520102,0.99999994,0.00035282943
4700,0.5392939415523466,0.99999994,0.0006151898
4701,0.5519664010007644,1.0000001,0.0013208486
4702,0.2659499243645393,1.0,0.0011127697
4703,0.3656704273286544,1.0,0.0014384585
4704,0.4392972609607796,1.0,0.00037997015
4705,0.4011769565696754,1.0000001,0.00036187633
4706,0.2280732173083894,1.0,0.00053376757
4707,0.5940327762405714,1.0,0.0027140724
4708,0.4802777256083245,1.0,0.0006423305
4709,0.3604800761408406,1.0,0.00018093816
4710,0.5740542138272915,1.0,2.7140724e-05
4711,0.3259547527474971,0.9999999,0.0012032388
4712,0.3829225704316595,1.0000001,0.00016284434
4713,0.4504925503770355,1.0,0.00047043923
4714,0.3884243228970835,1.0,1.8093817e-05
4715,0.5837532469126425,1.0,2.7140724e-05
4716,0.4198105151550896,1.0,4.523454e-05
4717,0.4811838033871636,1.0000001,0.0036006696
4718,0.3932558856122425,1.0,0.00047043923
4719,0.6242617094409805,1.0000001,0.0012213326
4720,0.3371370458477642,0.99999994,0.0016917718
4721,0.3717138123401132,1.0,0.009553535
4722,0.4605339206358431,1.0,0.00017189125
4723,0.3784877756447897,1.0,0.0014565522
4724,0.3443882627045204,1.0,4.523454e-05
4725,0.338932359211591,0.99999994,0.0023341023
4726,0.2718255585410405,1.0,0.0015560682
4727,0.455685433053103,1.0,9.046908e-06
4728,0.5841936192766337,1.0,0.0030849958
4729,0.3793623338193984,1.0,0.00088659703
4730,0.3606321132679668,1.0000001,0.0012394264
4731,0.4604611130399419,1.0,0.0020536482
4732,0.3571527664228314,1.0,0.0026236034
4733,0.3231478754969724,1.0000001,0.000687565
4734,0.3361974701714265,1.0,0.0019269915
4735,0.373431162133363,1.0,0.003853983
4736,0.3974686004585193,1.0,0.0001085629
4737,0.4923468132595991,1.0,0.0
4738,0.5203076876715793,0.99999994,0.00028950107
4739,0.2810051574599567,1.0,0.00082326867
4740,0.3464137838845167,1.0000001,0.00037997015
4741,0.4170909817132371,0.99999994,0.0028407292
4742,0.2445140532067655,1.0,0.000687565
4743,0.3842361743492275,0.99999994,0.0028859638
4744,0.3895144040058674,0.99999994,0.0012484733
4745,0.4546488402557821,1.0,2.7140724e-05
4746,0.3147058716066923,0.99999994,0.00028950107
4747,0.6777573164108408,1.0,0.00070565887
4748,0.5797839619526831,0.99999994,0.00019903199
4749,0.5363735455243216,1.0,0.0016646311
4750,0.5278426469770217,0.99999994,0.0016374903
4751,0.4338840244724878,0.99999994,0.0014565522
4752,0.4260557880380291,0.9999999,0.0061428505
4753,0.5447390084313751,1.0,0.0006332836
4754,0.367375178662946,0.99999994,0.00012665671
4755,0.3125908046157826,1.0,0.0044872663
4756,0.4531996157532334,1.0,9.046908e-06
4757,0.4708704324451281,1.0,0.00076898717
4758,0.341536491218108,1.0,0.00041615777
4759,0.5448125284789069,1.0,0.00039806397
4760,0.3458834180145485,1.0,0.00040711087
4761,0.4334495408349229,1.0,0.0013298955
4762,0.3311986418888098,0.99999994,0.0
4763,0.3837719471681173,1.0,0.0004342516
4764,0.366564105487102,1.0,1.8093817e-05
4765,0.3382370791480296,1.0,0.0080427015
4766,0.3300653146852483,1.0,0.00094992534
4767,0.5109234209072792,1.0,0.0032026055
4768,0.3632777147724589,1.0,6.3328356e-05
4769,0.4988312674944143,1.0000001,0.0018636631
4770,0.5073083054305445,0.99999994,0.0
4771,0.4444244075571212,1.0,0.00065137737
4772,0.3908711347611226,0.99999994,0.0016555842
4773,0.2467884309090715,1.0,0.0018365224
4774,0.8600909371494687,1.0,0.0
4775,0.4129851504142871,1.0,0.0032659338
4776,0.4252438437049676,1.0000001,0.00016284434
4777,0.4349990302949212,1.0,0.0017731941
4778,0.3543934038411477,0.99999994,0.00023521962
4779,0.4067389823961447,1.0,0.0024336183
4780,0.5702612630609296,1.0,0.0099154115
4781,0.279577666901143,0.99999994,0.001384177
4782,0.6832257868116905,1.0,0.0012213326
4783,0.2795011320951447,1.0,0.00014475053
4784,0.4632102048540257,1.0,0.0004342516
4785,0.317273757259992,1.0000001,0.00028045414
4786,0.3327888384026392,1.0,0.00050662685
4787,0.2300521118592508,1.0,0.0021260234
4788,0.3322080719030775,0.99999994,0.0015470213
4789,0.3214633340493275,1.0,0.0003075949
4790,0.3194265936764017,0.99999994,0.0011218166
4791,0.6336287889131041,1.0,0.00035282943
4792,0.471981601778738,1.0,0.00014475053
4793,0.5447617981123113,1.0,0.0
4794,0.4712631083969942,0.99999994,2.7140724e-05
4795,0.6209262538957124,1.0,0.00079612795
4796,0.3864871582873537,1.0,0.006902791
4797,0.3441185306428878,1.0,0.0029221515
4798,0.4155205682157005,0.99999994,0.00023521962
4799,0.7146881854676385,0.99999994,5.428145e-05
4800,0.4656177187626139,1.0,0.0017731941
4801,0.2914950713332995,1.0,0.0008051748
4802,0.3119075958842892,1.0,0.0021803048
4803,0.2649402083849381,1.0,0.0004252047
4804,0.6034430445310722,1.0,0.0010765821
4805,0.6489792018384148,1.0000001,0.0048762835
4806,0.3808889145522929,1.0,0.0005247207
4807,0.4376396792006832,1.0,0.00014475053
4808,0.451038051081393,1.0,0.0046772514
4809,0.3405107891609378,0.99999994,0.0006151898
4810,0.3324857050228785,1.0,0.00027140725
4811,0.4657884637817888,0.99999994,0.0003437825
4812,0.2717302387488272,1.0,0.0009680192
4813,0.6282570063087095,0.99999994,0.00047948613
4814,0.5084219188897247,1.0,0.00035282943
4815,0.4507630699609192,1.0,0.0041887183
4816,0.4980946308160012,1.0,0.0022164925
4817,0.3177392437346029,1.0,3.6187634e-05
4818,0.4479990392703982,1.0,0.0032930747
4819,0.3794313809926066,1.0,0.002062695
4820,0.2932476688223788,0.99999994,0.0017189125
4821,0.3110488546594602,1.0,0.00019903199
4822,0.7246026426058052,1.0,0.0012394264
4823,0.5601273352665013,1.0,0.00093183154
4824,0.4696247984259772,1.0,9.046908e-06
4825,0.4282724007164452,1.0,0.0014113177
4826,0.65058999271336,0.99999994,0.00035282943
4827,0.353536094896704,1.0,0.0003437825
4828,0.5698204581235934,1.0,0.00062423665
4829,0.4652746632797558,0.99999994,0.00028950107
4830,0.6005960489815857,0.99999994,0.0095806755
4831,0.4390156617934818,1.0,0.0007780341
4832,0.3126364670761588,1.0,0.002071742
4833,0.2640653388671757,1.0,0.0005699552
4834,0.2608676916237332,1.0,0.00011760981
4835,0.3245537574749972,1.0,0.000687565
4836,0.2427231890251331,1.0,0.0019903197
4837,0.2978482927321372,1.0,0.00029854797
4838,0.3058442013717238,1.0000001,0.00028045414
4839,0.2220941425201339,1.0,0.0023160086
4840,0.5092068645204324,1.0,0.00047043923
4841,0.2918114886934143,1.0,0.00028045414
4842,0.398036674710737,1.0,0.0006332836
4843,0.320758843876374,1.0,0.00072375266
4844,0.3612421277388773,1.0000001,0.00082326867
4845,0.3444296696951572,0.99999994,0.0015651152
4846,0.3399785027111909,1.0,0.0034921067
4847,0.4751538973958541,0.99999994,0.0004975799
4848,0.3562524063092633,0.99999994,0.0015922559
4849,0.5798239780599416,1.0,0.00015379745
4850,0.3897715257764667,1.0,0.0024245714
4851,0.5571164082853378,1.0,0.00015379745
4852,0.3322030575881831,1.0,0.00084136246
4853,0.6020473102896883,1.0,0.0006785181
4854,0.5776520332201669,1.0,0.0007508934
4855,0.7186001845288638,0.99999994,0.0006785181
4856,0.2843289078994427,1.0,0.0007508934
4857,0.4139921967447863,1.0,0.0009227846
4858,0.3038982600715245,1.0,5.428145e-05
4859,0.3840854571024717,1.0,0.00082326867
4860,0.3460655476308563,1.0,0.0
4861,0.4044538245787,1.0,9.046908e-06
4862,0.4442970393730396,0.99999994,0.0042972816
4863,0.6336287889131041,1.0,0.00070565887
4864,0.6019887134945844,1.0000001,0.0019360384
4865,0.409327780110353,0.99999994,0.00039806397
4866,0.3164634389921758,0.9999999,0.0003347356
4867,0.5166790133195402,1.0,9.046908e-05
4868,0.4606974911250402,1.0000001,0.0004252047
4869,0.4359031000077192,1.0,0.0003166418
4870,0.683513734787138,1.0,0.00036187633
4871,0.3549758272287193,1.0,0.0012575203
4872,0.4093312466893782,1.0,0.00070565887
4873,0.3189572701150216,1.0,0.00018093816
4874,0.5438005484909392,1.0,9.046908e-05
4875,0.3540131475408103,1.0,0.004025874
4876,0.4602376709553412,1.0,0.00018093816
4877,0.4284191115544134,1.0,0.0013027547
4878,0.3612421277388773,1.0,0.0025602751
4879,0.3395897805296736,1.0,0.0002171258
4880,0.4084857873799334,1.0,0.0004252047
4881,0.4774111375301189,1.0,0.0004975799
4882,0.3839930132491113,1.0,0.0031121364
4883,0.3118353291345471,1.0,0.0032297461
4884,0.3132329550976153,0.99999994,0.0010494414
4885,0.4738871692229865,1.0,8.142217e-05
4886,0.4342412829381979,1.0,0.00074184645
4887,0.4441718997448687,0.99999994,3.6187634e-05
4888,0.3394671549896171,1.0,7.237527e-05
4889,0.2369538175505931,1.0,0.0015651152
4890,0.2903581179370657,1.0,3.6187634e-05
4891,0.4023661539309865,1.0,5.428145e-05
4892,0.4224774241847788,0.99999994,9.046908e-05
4893,0.3757029102759572,1.0,0.0017098656
4894,0.2873941465746369,0.99999994,0.00023521962
4895,0.4218855822208089,1.0,0.0006604243
4896,0.2856399286725538,1.0,0.0023160086
4897,0.4090673873272775,0.99999994,0.0070927762
4898,0.5776780397955573,1.0,0.00074184645
4899,0.3715185569355092,1.0,9.046908e-06
4900,0.6454706610885534,1.0,0.001176098
4901,0.258710346827691,0.99999994,0.00047043923
4902,0.4679519047457924,0.99999994,0.00048853306
4903,0.2818059877029024,0.99999994,0.00076898717
4904,0.3929069056375852,1.0,0.0015289275
4905,0.4844521129789382,1.0,0.0
4906,0.2522290333429276,0.99999994,2.7140724e-05
4907,0.3627655094327915,1.0,0.0018455692
4908,0.2237391446813035,1.0,0.0036006696
4909,0.428717217735355,0.9999999,0.00037997015
4910,0.2687319101061104,1.0,8.142217e-05
4911,0.2663715595875673,1.0,0.0012122857
4912,0.7977104147061909,0.99999994,2.7140724e-05
4913,0.3982178894710383,1.0,8.142217e-05
4914,0.311621212773265,1.0,0.00024426653
4915,0.2364466226124879,1.0,1.8093817e-05
4916,0.3152454600190926,1.0,0.0016827249
4917,0.403052766681674,1.0,0.0054281447
4918,0.645690970588356,1.0,0.00015379745
4919,0.3324749478337523,1.0,0.0014203646
4920,0.5078995705349898,1.0,0.00412539
4921,0.4872474208228414,1.0,0.00081422174
4922,0.6015571021194076,1.0,0.003835889
4923,0.3576599973169562,1.0,6.3328356e-05
4924,0.3195563366316877,1.0000001,0.00070565887
4925,0.4414996918973579,1.0,0.002551228
4926,0.3471116213312945,1.0,0.00032568868
4927,0.2418684810714448,1.0,0.0020536482
4928,0.333767632182722,1.0,0.00048853306
4929,0.2517718146343485,1.0000001,0.00017189125
4930,0.394970044957727,1.0,0.00044329852
4931,0.3170102475755345,0.99999994,0.0005428145
4932,0.7049714540735779,1.0,1.8093817e-05
4933,0.3702282949360855,1.0000001,0.0023974306
4934,0.371555833459652,0.99999994,0.0035102004
4935,0.4225093156686176,1.0,0.0024336183
4936,0.6888584158769084,1.0,9.046908e-05
4937,0.5550178420414908,1.0,0.00062423665
4938,0.5349565160929466,1.0,0.00032568868
4939,0.4030502120409971,0.99999994,0.00070565887
4940,0.767125380884442,1.0000001,0.00059709593
4941,0.4228423064325402,1.0000001,0.00095897226
4942,0.4351071427380176,1.0000001,0.00025331342
4943,0.549569920070722,0.99999994,0.0
4944,0.395228800531903,1.0,0.0004613923
4945,0.5084100854904772,1.0,0.0011127697
4946,0.3373425061260069,1.0,0.0
4947,0.2075620814064817,1.0,0.00025331342
4948,0.528214500091378,1.0,0.00036187633
4949,0.5080710630495202,1.0,0.0020807888
4950,0.2163568997198643,0.99999994,0.00012665671
4951,0.3446708732934116,0.99999994,0.0011399104
4952,0.3563020176254456,0.99999994,0.0005518614
4953,0.3718189666530191,0.99999994,6.3328356e-05
4954,0.4211362882162184,1.0,0.00011760981
4955,0.4538686908133182,0.9999999,1.8093817e-05
4956,0.6162118731438356,1.0,0.0018455692
4957,0.4278258372773321,1.0,0.0
4958,0.4324171381379411,0.99999994,0.00047043923
4959,0.6492699604399177,1.0,0.00069661194
4960,0.3492762429240013,0.99999994,0.0018546162
4961,0.2889311066932793,0.99999994,2.7140724e-05
4962,0.2833746303352578,0.99999994,0.0010584883
4963,0.3196115481925831,0.99999994,0.00057900214
4964,0.3788589519550642,1.0000001,0.0003347356
4965,0.7303692197613946,1.0,0.0012484733
4966,0.5777479415974329,1.0,4.523454e-05
4967,0.3588073752656173,0.99999994,0.0012484733
4968,0.2741540917900442,1.0,0.0003075949
4969,0.5260161322090716,1.0,0.00059709593
4970,0.3491331576083594,1.0,0.0018546162
4971,0.4650855860353529,1.0,9.951599e-05
4972,0.5561866444483605,1.0,6.3328356e-05
4973,0.7557619185058538,1.0,9.046908e-06
4974,0.6188753354628603,0.9999999,0.0006332836
4975,0.2415316636368155,0.99999994,0.0014022707
4976,0.4381012122156075,1.0,0.0021531642
4977,0.4665556825408928,0.99999994,0.00035282943
4978,0.2610387133880029,0.99999994,0.0010223007
4979,0.6188921519313655,1.0,0.00035282943
4980,0.4531543992333065,1.0,0.0013660832
4981,0.3595498604061349,0.99999994,0.0016193966
4982,0.3095047539311408,1.0,0.0002261727
4983,0.4318627413280861,0.99999994,0.00026236035
4984,0.346051947699489,0.9999999,0.0008051748
4985,0.4593697113360543,0.99999994,0.0020807888
4986,0.3659435342859572,1.0,0.0013389424
4987,0.4396306879821452,1.0000001,0.0033111684
4988,0.4370469866050622,1.0,0.004034921
4989,0.3581899899017944,0.9999999,0.00036187633
4990,0.5109595122315015,0.99999994,0.0004975799
4991,0.525704837508736,1.0,0.0005156738
4992,0.4726481932683463,1.0,0.0017822409
4993,0.612021992394611,1.0000001,0.00028950107
4994,0.4250128577307973,1.0,0.00062423665
4995,0.453265946191273,1.0,0.0015560682
4996,0.3834647400168056,0.99999994,0.0037725607
4997,0.6678168703477064,1.0,0.0012937079
4998,0.3866375135302541,1.0,0.00013570362
4999,0.5021337876654781,1.0000001,0.0005609083
5000,0.4053286173224086,1.0,0.0043967976
5001,0.3405465307561111,1.0,0.0028950106
5002,0.304092117906843,1.0,0.00024426653
5003,0.4849971198278223,1.0,0.010964853
5004,0.3346009503219316,1.0000001,0.00047948613
5005,0.3786553755113512,1.0,0.0023160086
5006,0.3436884828156241,1.0,0.0004975799
5007,0.5009000161489,1.0,0.0010313476
5008,0.3831087888484072,1.0000001,0.00044329852
5009,0.4252333082020553,1.0,0.0016555842
5010,0.2359735141173877,1.0,0.00039806397
5011,0.3374720915411737,1.0,0.00079612795
5012,0.3903432296354963,1.0,0.004442032
5013,0.3293630772756455,1.0000001,0.0015832089
5014,0.4359031000077192,0.99999994,0.00015379745
5015,0.6847487541890356,1.0,0.00028045414
5016,0.6355036958030592,1.0,0.0003437825
5017,0.6777079515363813,1.0,0.00016284434
5018,0.5798642569184157,1.0,0.0003347356
5019,0.4325385144978746,0.99999994,0.0013298955
5020,0.6533933266328077,0.99999994,0.0
5021,0.3408604647914292,0.99999994,0.00079612795
5022,0.3372100265577772,0.99999994,0.00237029
5023,0.3369345875919567,0.99999994,1.8093817e-05
5024,0.4318286646730049,1.0,0.00057900214
5025,0.34085083297943,0.99999994,0.0004613923
5026,0.2997404960894246,0.99999994,0.0010584883
5027,0.3814900942835554,1.0000001,0.00041615777
5028,0.4273669432208752,1.0,0.0006785181
5029,0.3705943201981848,1.0,0.0017822409
5030,0.6413639694935561,1.0,0.000588049
5031,0.5856156510415134,1.0,0.00023521962
5032,0.6047817792337843,1.0,0.0005247207
5033,0.6054382703740621,1.0,0.0009046908
5034,0.7112505006247198,1.0,0.0005699552
5035,0.2332894530903533,1.0,0.0010223007
5036,0.3458896618091329,0.9999999,0.00028950107
5037,0.3193168918055474,1.0,0.0019179445
5038,0.4734609036340487,1.0,0.00023521962
5039,0.3737159609619906,0.99999994,0.00037092323
5040,0.6313164150131589,1.0,0.0006694712
5041,0.4769426181578456,1.0,0.00028950107
5042,0.273506869881743,1.0,0.0035735287
5043,0.374489099550782,1.0,0.0
5044,0.411984549753756,1.0,0.0019541322
5045,0.6947671357693902,1.0,0.0036639979
5046,0.4920629654030388,1.0,0.0051748315
5047,0.382519060135805,1.0,0.0008956439
5048,0.3062394444984341,1.0,0.0030307143
5049,0.3263181847019814,1.0000001,0.0004342516
5050,0.372876666719175,1.0,0.0010132537
5051,0.7467700361658126,0.99999994,0.0007508934
5052,0.351809073883738,1.0,0.0013660832
5053,0.4505088419930982,1.0,0.0002171258
5054,0.4160548924140347,0.99999994,0.00013570362
5055,0.3080740978220494,1.0000001,0.0004613923
5056,0.5191407159390766,1.0,0.00012665671
5057,0.2517813618358613,0.99999994,0.00081422174
5058,0.5330018837677984,1.0,0.0007599403
5059,0.3803005054721463,1.0,0.0013570362
5060,0.669557356296488,1.0,0.00015379745
5061,0.3649648604624868,1.0000001,0.000787081
5062,0.8407960225591082,1.0,0.00069661194
5063,0.3131815988230281,1.0,0.0013479893
5064,0.7758212669268693,1.0,0.003736373
5065,0.3104576371083785,1.0,0.0016465373
5066,0.4508022856227399,1.0,0.00018093816
5067,0.6762629502234251,1.0,0.00018093816
5068,0.3540131475408103,1.0,0.0028045415
5069,0.435738081025375,1.0,0.0010946759
5070,0.2510597408606828,0.99999994,0.0012303796
5071,0.3641657879925047,0.99999994,0.0045686886
5072,0.2874808638181956,1.0000001,0.00079612795
5073,0.449675413307077,1.0,0.00032568868
5074,0.4157555570696433,1.0,0.0002171258
5075,0.486122837806164,0.99999994,0.00047043923
5076,0.3866246246963087,1.0,0.0009680192
5077,0.2929487943670883,1.0000001,0.0030307143
5078,0.3129960447577264,1.0,0.0004342516
5079,0.2792837277501055,0.99999994,0.0007327996
5080,0.4437740436951763,1.0,0.0020988828
5081,0.4753700740702189,0.99999994,0.0034649658
5082,0.4553658078623039,1.0,0.0023250554
5083,0.3812547891664083,1.0000001,6.3328356e-05
5084,0.2924681719267011,1.0000001,0.0012575203
5085,0.4124074734800378,1.0,0.0008956439
5086,0.3342485952135617,1.0,4.523454e-05
5087,0.4490736692519487,1.0,0.00015379745
5088,0.3160377112856422,1.0,0.00017189125
5089,0.4652300733607561,1.0,0.0013932239
5090,0.1847528199518988,1.0,0.0002171258
5091,0.3179687371091558,0.9999999,0.0032297461
5092,0.3704293921075685,1.0,0.00047043923
5093,0.4546614443802802,0.99999994,0.00076898717
5094,0.2454448422842028,0.99999994,0.00018998508
5095,0.4586689113308057,0.99999994,9.046908e-06
5096,0.3765676541069142,0.99999994,0.002858823
5097,0.6463095113092198,1.0,0.00094992534
5098,0.3139044572383789,1.0,4.523454e-05
5099,0.4165685245633196,1.0000001,0.0008051748
5100,0.7183787395532227,1.0,0.00012665671
5101,0.5594186275262668,1.0,0.00026236035
5102,0.3964201090243531,1.0,5.428145e-05
5103,0.7046956621704549,1.0,0.0011489573
5104,0.4061853711194643,1.0,0.0009951598
5105,0.3990288872045199,1.0,0.0004523454
5106,0.4646668596110728,1.0,0.0006785181
5107,0.3514220237239278,1.0,0.00032568868
5108,0.3451038814058962,0.99999994,0.00060614286
5109,0.3948888719327285,1.0,7.237527e-05
5110,0.3857212861592848,1.0,0.0010584883
5111,0.2823575867193026,0.99999994,0.0017731941
5112,0.2818216766987497,1.0000001,0.001384177
5113,0.4693023923415247,0.99999994,0.00050662685
5114,0.3826214520825269,0.99999994,0.00024426653
5115,0.3169836184217918,1.0000001,0.0008775501
5116,0.2871444241730476,0.99999994,0.0005428145
5117,0.2540993719419046,0.99999994,0.00072375266
5118,0.5310708819834987,1.0000001,0.0011941919
5119,0.4776342602118891,0.99999994,0.00015379745
5120,0.5407436678744469,1.0000001,1.8093817e-05
5121,0.6302050894635541,1.0000001,0.0004342516
5122,0.5150285317900676,1.0,0.0010223007
5123,0.3422709672429244,1.0000001,0.0021260234
5124,0.60516518319003,1.0,0.0013660832
5125,0.4654710214304527,0.99999994,0.003736373
5126,0.3661486170128359,0.99999994,0.00028045414
5127,0.3270393819204533,1.0,3.6187634e-05
5128,0.4272274674472243,1.0,0.004894377
5129,0.3064944547385069,1.0000001,1.8093817e-05
5130,0.4265605502988293,1.0,0.0019903197
5131,0.4142390729126514,0.99999994,0.0012484733
5132,0.3289260489316839,1.0,0.0025240874
5133,0.441177322809905,1.0,0.0003166418
5134,0.6502068077661408,0.9999999,0.00018998508
5135,0.4999676625534099,1.0,0.00024426653
5136,0.5548879988791005,0.99999994,0.0029402452
5137,0.2688649837630186,0.99999994,0.00041615777
5138,0.4378567096976084,1.0,0.00025331342
5139,0.4094133665799634,0.99999994,0.00062423665
5140,0.3633017933612197,0.99999994,0.0016103496
5141,0.5179570349625535,1.0000001,0.00012665671
5142,0.311138358427511,0.99999994,0.000787081
5143,0.4238688851791521,1.0000001,0.0051205503
5144,0.3338170185893941,1.0,0.0017370064
5145,0.4088206461638025,1.0,8.142217e-05
5146,0.3615317715098527,1.0,0.0003437825
5147,0.648367528255572,1.0,0.0
5148,0.2678040549733962,1.0000001,0.00057900214
5149,0.2802416828515392,1.0,1.8093817e-05
5150,0.3466009267237118,1.0,0.0051748315
5151,0.3777272739816467,1.0,0.008377437
5152,0.3583721367526036,0.99999994,0.0008051748
5153,0.359248556420902,1.0000001,0.0004342516
5154,0.4602637473209753,1.0,0.00037092323
5155,0.4611182865512885,1.0,0.00060614286
5156,0.3619493379490591,1.0,0.00091373775
5157,0.335137752882982,0.99999994,0.0012213326
5158,0.3653373334404538,1.0000001,0.0016374903
5159,0.5554701082692443,0.99999994,0.00044329852
5160,0.3867264419290103,0.99999994,2.7140724e-05
5161,0.391252908652619,1.0,0.0011399104
5162,0.4985250319425465,1.0,0.008087936
5163,0.402313098404788,1.0,0.0069299317
5164,0.6603030045405526,0.99999994,0.0015108336
5165,0.3750404996643255,1.0,0.0032659338
5166,0.2438739289540338,1.0,0.0026416972
5167,0.3415859698044408,1.0,0.0014294115
5168,0.3515876388603913,0.99999994,0.00062423665
5169,0.383939455960422,1.0,4.523454e-05
5170,0.4060887018275974,1.0,0.00040711087
5171,0.3089499648031355,1.0,0.0012213326
5172,0.4264636488769513,0.99999994,0.0006151898
5173,0.2807959838256211,1.0,0.00069661194
5174,0.6977774587785036,0.9999998,0.03060569
5175,0.449999336609004,1.0,0.006414258
5176,0.608990659725218,1.0,0.0010494414
5177,0.4756952372658466,0.99999994,0.001284661
5178,0.3186629263881256,0.99999994,0.00016284434
5179,0.362481562387133,0.99999994,0.0005518614
5180,0.300679142462863,1.0,0.0011580043
5181,0.3080178797354654,1.0,0.0021983988
5182,0.5003649237051677,0.99999994,5.428145e-05
5183,0.2781916849106292,1.0,0.0016465373
5184,0.3131000576312148,0.99999994,0.0008504094
5185,0.4385818033012194,1.0,3.6187634e-05
5186,0.4308388055101732,1.0,0.00017189125
5187,0.4006539155460899,1.0,0.0003166418
5188,0.350652098181166,1.0,0.0019993668
5189,0.3558581560236875,0.99999994,0.00036187633
5190,0.6373860093597712,1.0,0.022789162
5191,0.4310715401928929,0.99999994,0.0010042068
5192,0.5167687642389156,0.99999994,0.0046048765
5193,0.4372112837050453,1.0,0.0009046908
5194,0.2712685476524317,0.99999994,0.0012213326
5195,0.3460543138113982,1.0,2.7140724e-05
5196,0.1503015945417519,0.99999994,3.6187634e-05
5197,0.4594228815469355,1.0,0.0024064777
5198,0.6280304225454483,1.0,0.0032930747
5199,0.3194582948552865,0.99999994,0.0010403944
5200,0.3176437277153516,1.0,4.523454e-05
5201,0.4627461433894612,1.0,0.0002171258
5202,0.4494673538411498,1.0,0.0013932239
5203,0.4788065061729081,1.0000001,0.0043967976
5204,0.4788065061729081,1.0,0.0016555842
5205,0.6004644066557293,0.99999994,0.0002171258
5206,0.2937126589734963,0.99999994,0.0011037228
5207,0.4463855899458175,1.0,0.0005428145
5208,0.4025783090177943,1.0,2.7140724e-05
5209,0.3327085346934259,1.0,0.0011941919
5210,0.7526381453376536,0.9999999,0.00069661194
5211,0.2747830497108207,1.0000001,0.0024064777
5212,0.3794191045036384,0.99999994,0.00016284434
5213,0.6220430378250517,1.0,9.046908e-05
5214,0.3702344914911192,1.0,0.00028950107
5215,0.5987298775725403,0.99999994,0.00038901705
5216,0.3802238410948945,1.0,0.013778442
5217,0.5148573576408745,1.0,0.00037092323
5218,0.4057076062703,1.0,0.00085945625
5219,0.4811587066527582,1.0,0.001963179
5220,0.1751895775504935,1.0,0.0003075949
5221,0.2504670079337493,1.0,0.0009770661
5222,0.4602428860400148,1.0,0.004541548
5223,0.768380275534873,0.9999999,0.0038630299
5224,0.4505280734341014,1.0,0.00083231553
5225,0.679989665770183,1.0,0.0004342516
5226,0.2537535572685718,0.99999994,0.00076898717
5227,0.38189037163121,0.99999994,0.0014203646
5228,0.6935535054010494,1.0,0.0015470213
5229,0.4434075439921947,1.0,0.00012665671
5230,0.4627827626866715,0.99999994,0.00040711087
5231,0.2815244369833364,1.0,0.0001085629
5232,0.2806678631158885,1.0,0.00057900214
5233,0.2367420644988102,0.99999994,0.0003347356
5234,0.3158428173638711,1.0,0.0011670511
5235,0.527377511456655,1.0000001,0.00015379745
5236,0.2547852618992596,0.9999999,0.0006604243
5237,0.4875617172018419,1.0,0.0024788529
5238,0.4855996227857784,1.0,8.142217e-05
5239,0.2545491330627337,1.0,0.00028045414
5240,0.2814506326688659,0.99999994,0.0016374903
5241,0.3975850691052344,1.0,0.0014655992
5242,0.3875898800888335,1.0,0.0022526802
5243,0.5716445231205867,1.0,0.00011760981
5244,0.5107944092259072,1.0,0.0058352556
5245,0.2793120754098896,1.0,0.00053376757
5246,0.3423409213627313,1.0,0.001275614
5247,0.4147548288269805,1.0,0.0008956439
5248,0.4841697143799309,1.0,0.0005428145
5249,0.3751202111300865,1.0,0.0040982496
5250,0.3783831696296785,1.0,0.0017008188
5251,0.6832221844780845,1.0,0.013896051
5252,0.4099835544922793,1.0,0.003944452
5253,0.4524296423565823,1.0,0.0021350703
5254,0.4523669473671182,1.0000001,0.00018093816
5255,0.2988208705507494,1.0,0.0012303796
5256,0.4505896194954414,1.0,0.00050662685
5257,0.5609678510620856,1.0,0.00014475053
5258,0.7592334398423312,1.0,0.001673678
5259,0.4366996638432229,0.99999994,0.0012303796
5260,0.3305063711260777,0.9999999,0.0016374903
5261,0.3426837945261969,1.0,0.0003437825
5262,0.2989643420877603,0.99999994,0.0012032388
5263,0.321182396646716,1.0,0.00038901705
5264,0.2988878927903628,0.99999994,0.00088659703
5265,0.4821498718231484,1.0,0.00029854797
5266,0.2706106764554501,1.0,0.0007327996
5267,0.4146963239565323,0.99999994,0.0015017868
5268,0.2195487152645148,1.0,0.00040711087
5269,0.3948003462562758,0.9999999,0.00015379745
5270,0.3758958737435358,0.9999999,0.0006694712
5271,0.550670278124397,1.0,0.00062423665
5272,0.4171322669168534,1.0,0.004831049
5273,0.4674441617708096,1.0,0.00027140725
5274,0.2558652035471575,1.0,0.0004613923
5275,0.3181305439352649,1.0000001,0.0028226355
5276,0.5567343298463419,1.0,0.00038901705
5277,0.3184439232653204,0.99999994,0.0007780341
5278,0.3356039725779576,0.99999994,0.003446872
5279,0.6485617422985374,1.0,0.0018365224
5280,0.4540403575398262,0.99999994,0.0001085629
5281,0.7372282701508357,1.0,0.0002261727
5282,0.3200175084677166,1.0,0.0034830596
5283,0.5869873255346658,0.99999994,0.0003075949
5284,0.3097218911142341,1.0,0.00072375266
5285,0.3402634898304409,0.99999994,0.0010223007
5286,0.2235120886916856,1.0,0.00035282943
5287,0.487613893613313,1.0,0.0018365224
5288,0.330288594086621,1.0,0.00079612795
5289,0.5450621703606093,1.0000001,0.0003166418
5290,0.452833611868863,1.0,1.8093817e-05
5291,0.442485305458781,0.9999999,0.0014203646
5292,0.367221729247475,1.0,0.0020265074
5293,0.2871706064395042,1.0,0.00048853306
5294,0.6479960764800448,1.0,0.00057900214
5295,0.2949495616938372,1.0,9.046908e-06
5296,0.44876738364035,1.0000001,0.00040711087
5297,0.4144161946851853,1.0,0.00029854797
5298,0.287753363588433,1.0,0.002777401
5299,0.3417954454600649,1.0,0.00094992534
5300,0.5154694609641167,0.99999994,0.0
5301,0.3571527664228314,0.9999999,0.0019903197
5302,0.2708892298034663,0.99999994,0.0003437825
5303,0.4380319242412798,1.0000001,0.0005247207
5304,0.6092522423069141,0.99999994,0.00014475053
5305,0.3397044064858018,1.0,0.0009951598
5306,0.6936441284137589,0.99999994,0.0
5307,0.604401675713796,1.0,3.6187634e-05
5308,0.4237694190558658,1.0,0.00017189125
5309,0.4841925575840061,1.0,0.0039625457
5310,0.3465776724582671,1.0,0.0004342516
5311,0.4201142737216781,0.9999999,0.00039806397
5312,0.3080803179856288,1.0,0.0007780341
5313,0.348498814461981,1.0000001,0.00041615777
5314,0.2596697703797292,1.0,0.0013570362
5315,0.3914879733606625,0.99999994,0.00024426653
5316,0.4563289751064855,1.0,0.0010403944
5317,0.3152800414984813,0.99999994,0.00023521962
5318,0.4232851202362721,1.0,0.00082326867
5319,0.3734902367723097,0.9999999,0.0006151898
5320,0.3387271597633662,1.0,0.0005156738
5321,0.1963104857597034,1.0000001,0.0001085629
5322,0.2852043163101412,1.0,0.0018636631
5323,0.3924938251742485,1.0,0.0022164925
5324,0.2411241830258101,1.0,0.00028045414
5325,0.5743453577119261,0.99999994,0.0015922559
5326,0.5858351707841023,1.0,0.0017189125
5327,0.2902889668794563,1.0,0.0011218166
5328,0.8529454677071968,0.99999994,0.005410051
5329,0.2486463200997591,0.99999994,0.00041615777
5330,0.4946203237908061,1.0,0.0004523454
5331,0.3349933500840902,1.0,5.428145e-05
5332,0.3413423039591682,0.9999999,0.0002261727
5333,0.3793790869034811,0.9999999,0.0036187633
5334,0.3692121629685531,1.0,0.0018455692
5335,0.4858799319881369,1.0,0.0016646311
5336,0.6957462999951507,0.99999994,0.0066494774
5337,0.3616270717347142,1.0,0.0034649658
5338,0.3677747634755585,1.0,0.0036097164
5339,0.2750511036961751,1.0,0.00083231553
5340,0.5640772211850186,1.0,6.3328356e-05
5341,0.4401003096589814,0.9999999,0.0019269915
5342,0.5308467345070532,1.0000001,0.0
5343,0.3848945414331099,1.0,3.6187634e-05
5344,0.4739138442786127,1.0,0.00024426653
5345,0.302577585178211,1.0,0.000687565
5346,0.7535713303183533,1.0,6.3328356e-05
5347,0.3176785286444357,1.0,0.0
5348,0.316880370711047,0.99999994,6.3328356e-05
5349,0.6111332664311432,1.0,0.00535577
5350,0.3047211816722461,1.0,0.0025783689
5351,0.4381132513717631,0.99999994,0.001284661
5352,0.7117801518928701,1.0,0.00017189125
5353,0.3376118554535498,1.0,0.0010584883
5354,0.279229633502769,1.0,0.0029040575
5355,0.2005836838660221,0.9999999,8.142217e-05
5356,0.3104808048541893,1.0000001,0.0011037228
5357,0.6679590119624406,1.0,0.00374542
5358,0.4910285882503064,0.99999994,0.010829149
5359,0.6486707791009428,1.0,0.00065137737
5360,0.5625009200210032,1.0,0.00018093816
5361,0.4744249819498551,1.0,0.0012213326
5362,0.583082157241331,1.0,0.0035916225
5363,0.8464360992141727,1.0,0.0004342516
5364,0.3386296691691983,1.0,0.001972226
5365,0.4342895719874201,1.0,0.0014203646
5366,0.4048927521211276,0.9999999,0.00083231553
5367,0.4069069555730812,1.0,0.00015379745
5368,0.30203463410473,1.0,0.00026236035
5369,0.2228877372024762,0.99999994,0.00036187633
5370,0.2897465433920549,1.0,0.0024607591
5371,0.4617999078025397,1.0,3.6187634e-05
5372,0.5985690544343932,1.0,0.00137513
5373,0.7753100088917668,1.0,0.0011037228
5374,0.4861965043026319,1.0000001,0.00040711087
5375,0.3512256154505875,0.99999994,0.002777401
5376,0.3130710797416438,1.0,0.00074184645
5377,0.4261961836676732,1.0,0.0010584883
5378,0.3354776622902306,0.9999999,0.00026236035
5379,0.3458508511348933,1.0,0.0014384585
5380,0.4715218396629757,0.99999994,0.00026236035
5381,0.3783251048157959,1.0,0.00187271
5382,0.4062098821112707,0.9999999,0.0022979146
5383,0.5074433358803705,1.0,0.0
5384,0.7067538941578354,1.0,0.00037997015
5385,0.4753700740702189,1.0,0.0015108336
5386,0.4553226306257251,1.0000001,0.0018184285
5387,0.3443681451175236,1.0,0.0035735287
5388,0.4743741858012642,0.99999994,0.0022617271
5389,0.4997305744616061,1.0,0.0028316823
5390,0.6935535054010494,1.0,0.00083231553
5391,0.3601780844034493,1.0,0.0010765821
5392,0.4791129688424547,1.0,6.3328356e-05
5393,0.3777528571670727,1.0,0.00020807888
5394,0.4510565218192272,1.0000001,0.00011760981
5395,0.3770624581419374,1.0,0.0006694712
5396,0.3732674720608903,1.0,0.00028950107
5397,0.4744590238137565,1.0,0.0006332836
5398,0.4517899720569862,1.0,3.6187634e-05
5399,0.5291567246208361,0.99999994,0.00057900214
5400,0.3833838905291758,0.9999999,0.0028678698
5401,0.4389694063608297,1.0,0.0007599403
5402,0.3536494135322737,1.0,0.0007508934
5403,0.5464203623927119,1.0,0.0019360384
5404,0.502022169233502,0.99999994,0.0013118017
5405,0.6268772421469971,1.0000001,0.0022164925
5406,0.3712844942355436,1.0,0.0021531642
5407,0.90824210443576,0.99999994,0.00059709593
5408,0.4614094286384412,0.99999994,0.0045144074
5409,0.3785417973275453,0.99999994,0.00028045414
5410,0.4317283870809983,1.0,3.6187634e-05
5411,0.3487039695574409,1.0,0.00187271
5412,0.4791091083163884,1.0,0.0014203646
5413,0.2776117529691749,1.0,0.00027140725
5414,0.5450621703606093,1.0,0.0014927399
5415,0.3718489206541765,1.0,0.0010042068
5416,0.3954833202812693,1.0,0.00040711087
5417,0.5502932456670228,0.9999999,0.0045867823
5418,0.3487166381587838,1.0,0.0009770661
5419,0.3075278827563152,0.99999994,0.0009046908
5420,0.4011490460438107,1.0,0.0017641471
5421,0.3418433083434432,1.0,0.0004975799
5422,0.6485136333797022,1.0,0.0012213326
5423,0.4096912575509991,0.9999999,0.0003347356
5424,0.3850451598889814,1.0000001,0.0010132537
5425,0.6344248892026728,1.0,0.0
5426,0.5322080034565846,0.99999994,0.016456326
5427,0.4364919079454212,1.0,0.00016284434
5428,0.4921217004641685,1.0,0.0018184285
5429,0.4977458438900781,1.0,0.0010403944
5430,0.2262712743206439,1.0,9.046908e-06
5431,0.3381614773624783,1.0,0.0016646311
5432,0.3935741837446456,0.99999994,0.00024426653
5433,0.4654487563208625,1.0,2.7140724e-05
5434,0.3756720449645584,0.99999994,4.523454e-05
5435,0.364421735203646,1.0,0.00028950107
5436,0.4626867125763154,1.0,0.0073551363
5437,0.31068668156734,0.99999994,0.0020084137
5438,0.2904906085178071,0.99999994,0.00535577
5439,0.597733098132819,1.0,0.00072375266
5440,0.3878539312768642,1.0,0.00039806397
5441,0.2576728011079941,1.0,0.0017731941
5442,0.6273551009096826,1.0,0.00039806397
5443,0.2779477344666279,1.0,0.0008956439
5444,0.4052366012555778,1.0,0.0008956439
5445,0.6350501127809254,1.0,0.0028678698
5446,0.3269062104877304,1.0,0.00013570362
5447,0.2780273551782031,1.0,0.0037816076
5448,0.1858849195701722,0.99999994,0.0005609083
5449,0.610582550260012,0.99999994,0.00048853306
5450,0.6400414354214733,1.0000001,0.0005156738
5451,0.2948281506442987,0.99999994,0.00018998508
5452,0.259886775501319,1.0,0.0016827249
5453,0.346051947699489,0.99999994,0.0006694712
5454,0.3610570145260748,0.9999999,0.00027140725
5455,0.3578962793512699,1.0,0.0012394264
5456,0.4232851202362721,1.0,0.0009770661
5457,0.2578189658015654,0.99999994,8.142217e-05
5458,0.3717488373920754,1.0000001,0.0026869318
5459,0.4038481730906297,1.0,0.00020807888
5460,0.3471728658257385,1.0,0.0002261727
5461,0.3826214520825269,1.0,0.0011399104
5462,0.4560965923258142,1.0,0.01296422
5463,0.4200873293524275,1.0,0.00037997015
5464,0.4188548741546462,0.99999994,0.0052743475
5465,0.3494752188604786,1.0,0.00029854797
5466,0.3708925651869375,1.0,0.00023521962
5467,0.9211217234694452,0.99999994,0.044890758
5468,0.4500098466727146,1.0,0.0006332836
5469,0.2772517965386859,0.99999994,0.0009046908
5470,0.3287951136916259,0.99999994,0.004043968
5471,0.5680697592652072,1.0,0.0013479893
5472,0.4332607392196328,1.0,0.00062423665
5473,0.2967816963941678,1.0,0.0006423305
5474,0.4288687038966775,1.0,0.00053376757
5475,0.5270521106044801,1.0,0.0005247207
5476,0.4643410337044265,1.0,0.0005609083
5477,0.5097522330988629,1.0000001,0.0007508934
5478,0.4657751334323557,1.0,3.6187634e-05
5479,0.3600343512152467,1.0,0.0016103496
5480,0.326732101609358,1.0,0.00013570362
5481,0.3243879905034878,1.0,0.0013298955
5482,0.3814280346878233,0.99999994,0.0017460533
5483,0.3700697696283355,1.0,0.0013570362
5484,0.3294000272214248,1.0,0.00020807888
5485,0.4307688663727634,1.0,0.0013118017
5486,0.2035473347642903,1.0,6.3328356e-05
5487,0.3248566177172572,1.0000001,0.004849143
5488,0.6802958800394848,1.0,0.00060614286
5489,0.3602928102036212,0.9999999,6.3328356e-05
5490,0.5084497582817652,1.0,0.00019903199
5491,0.3747623978591712,0.99999994,0.0021079297
5492,0.5125972988814846,1.0,0.00017189125
5493,0.2336445300258463,0.99999994,0.00038901705
5494,0.4816685859962714,0.99999994,0.0011399104
5495,0.508068522308796,1.0,0.0002171258
5496,0.3437729047227125,1.0,0.000986113
5497,0.329918675776319,1.0,0.0018636631
5498,0.5942185519346854,0.99999994,3.6187634e-05
5499,0.3106692005404635,1.0000001,0.00085945625
5500,0.3915638364846482,0.99999994,0.00059709593
5501,0.2953364344809501,1.0,0.0007508934
5502,0.5797240767442177,1.0000001,9.046908e-06
5503,0.2627703158494787,0.9999999,0.001185145
5504,0.3696367416785425,0.99999994,0.0
5505,0.3989958740279519,0.99999994,0.00036187633
5506,0.5526434737509638,1.0,0.00023521962
5507,0.3257325302616611,1.0,0.0014927399
5508,0.2348866295417322,1.0,0.0031935587
5509,0.9787107586567894,1.0,0.27042115
5510,0.3043733524896094,1.0,0.0
5511,0.2550912176655941,1.0,0.0013208486
5512,0.3772551420119975,1.0000001,0.0003075949
5513,0.7083177815810128,1.0,0.0002171258
5514,0.3144804951267347,1.0,0.0002171258
5515,0.5443609316951996,1.0,0.00028950107
5516,0.293109433221726,1.0,0.00024426653
5517,0.321640686226916,1.0,0.00070565887
5518,0.5092624871040342,0.99999994,0.00038901705
5519,0.4008647860614347,1.0,0.0012122857
5520,0.445577809833358,1.0,0.00035282943
5521,0.3470242657418972,1.0,0.0011399104
5522,0.3704453088002137,0.99999994,0.0006151898
5523,0.4234209389722017,0.99999994,0.00025331342
5524,0.3732529879557961,1.0,0.00023521962
5525,0.4710626165460254,1.0,0.0063418825
5526,0.407585106657359,1.0,0.000687565
5527,0.2103854848990547,1.0,0.0011308636
5528,0.5030575197420303,0.99999994,0.0027864478
5529,0.3903297058720411,1.0,0.00011760981
5530,0.3355081184616229,1.0,0.0022617271
5531,0.3540343971957264,1.0,9.046908e-06
5532,0.4280597343171297,1.0,0.00012665671
5533,0.3605297072360319,1.0,0.00012665671
5534,0.5239135593440479,1.0,0.0
5535,0.3801393446652774,1.0,0.000588049
5536,0.4168343377860539,1.0,0.00023521962
5537,0.4063624857947129,0.99999994,0.0018093816
5538,0.4134560287922166,0.9999999,0.0017551002
5539,0.2874884665670936,1.0,0.0006151898
5540,0.3654569105646977,1.0,0.00095897226
5541,0.4893698031794301,1.0,0.00040711087
5542,0.3445957431185319,1.0,9.046908e-06
5543,0.3492654225685987,1.0,0.00035282943
5544,0.3485254083383753,1.0,0.005030081
5545,0.5074433358803705,1.0,9.046908e-06
5546,0.3271009846207292,1.0,0.00070565887
5547,0.2566559593126597,1.0,0.00069661194
5548,0.4613774976479129,0.99999994,0.00081422174
5549,0.6039615333924421,1.0,0.003844936
5550,0.4437782486853021,1.0,0.005039128
5551,0.3503833806521423,0.99999994,0.00059709593
5552,0.2586724719733267,1.0,0.0012394264
5553,0.2939882851400166,1.0000001,0.0003075949
5554,0.422211568003136,1.0,0.00025331342
5555,0.3795012963266001,1.0,0.0022617271
5556,0.4080182950217076,1.0,8.142217e-05
5557,0.228520005116057,1.0,0.00085945625
5558,0.3858127163048131,1.0,0.0005518614
5559,0.2990436302793637,1.0,0.001284661
5560,0.3469620083103796,1.0000001,0.0034106844
5561,0.3416220146778093,0.9999999,0.003157371
5562,0.3909718997371668,0.99999994,0.0005518614
5563,0.2261497705686462,1.0000001,0.0008685032
5564,0.4353002989343214,1.0,6.3328356e-05
5565,0.3757644851532453,0.99999994,0.0
5566,0.5147910999862484,1.0,0.0004975799
5567,0.218790338358015,1.0,0.00062423665
5568,0.3362651750584813,1.0,0.0013479893
5569,0.5018668409071887,1.0,0.01196906
5570,0.524461950996684,1.0000001,9.046908e-05
5571,0.5416219578782274,1.0,0.0011670511
5572,0.2937023262465296,1.0,0.0017912878
5573,0.4160645399428106,1.0,5.428145e-05
5574,0.3395585614664825,1.0000001,0.0018184285
5575,0.3620196074037293,0.9999999,0.00029854797
5576,0.5332003833071896,1.0,0.0013208486
5577,0.3575313766461017,0.99999994,0.002451712
5578,0.621706991023775,1.0,0.00013570362
5579,0.6538562743565471,1.0,0.0023793369
5580,0.3669208692975133,1.0,0.0
5581,0.6695593078700591,0.99999994,0.006305695
5582,0.3055734840809381,1.0,0.00048853306
5583,0.5789119302423585,1.0,7.237527e-05
5584,0.3050992528628768,1.0,0.0031211833
5585,0.3160180933490991,1.0,0.0006332836
5586,0.51305879249628,1.0,0.00017189125
5587,0.6976575491487885,1.0,0.00025331342
5588,0.4272744982365713,0.99999994,0.0007599403
5589,0.4667500076666752,1.0,0.00062423665
5590,0.6138816921545863,0.99999994,0.0021260234
5591,0.3858127163048131,0.99999994,0.0012484733
5592,0.6273551009096826,1.0,0.00053376757
5593,0.5182028050075871,1.0000001,1.8093817e-05
5594,0.5508069882925649,1.0,0.0006151898
5595,0.3382199381956748,1.0,3.6187634e-05
5596,0.3062949141445178,0.99999994,0.0007599403
5597,0.4156504486503609,1.0,0.0025964626
5598,0.437595240640982,1.0,0.0009680192
5599,0.5963249842454871,1.0000001,0.004423938
5600,0.6264355419558046,0.99999994,0.00014475053
5601,0.3645064426464036,1.0,0.0003437825
5602,0.223141393827215,0.9999999,0.0007508934
5603,0.486772513630378,1.0,0.00032568868
5604,0.2989397967465307,0.9999999,2.7140724e-05
5605,0.3626735684497935,1.0,0.0013118017
5606,0.5327931288805875,1.0,0.00083231553
5607,0.4374283415257235,0.99999994,0.0004975799
5608,0.1885618047172388,0.9999999,0.00015379745
5609,0.4830008422146893,0.99999994,0.00038901705
5610,0.242439443467977,1.0,0.002958339
5611,0.4286885893116706,1.0,0.00065137737
5612,0.4567441902607548,0.99999994,0.00041615777
5613,0.4301422976743349,1.0,0.00047948613
5614,0.4838298848362383,1.0,0.0009951598
5615,0.326714957949587,1.0,0.00014475053
5616,0.3422418837419839,1.0,8.142217e-05
5617,0.5869202419106507,1.0,0.00041615777
5618,0.2895956526426566,1.0,0.0010675351
5619,0.4587066779456445,1.0,5.428145e-05
5620,0.3573343660736431,1.0,0.0013298955
5621,0.291964151278574,1.0,0.00050662685
5622,0.2998851812902764,0.99999994,0.0007780341
5623,0.3539697644456545,1.0,0.0010313476
5624,0.3356440689585639,1.0,0.0016555842
5625,0.4819447320825439,0.9999999,9.046908e-06
5626,0.2971959539530069,1.0,0.0018546162
5627,0.5836384299465168,0.99999994,0.0004613923
5628,0.502431256711252,0.99999994,0.0012303796
5629,0.2981362106226153,1.0,0.00037092323
5630,0.3340463168454065,0.99999994,0.0021531642
5631,0.4515117889481083,1.0,0.0001085629
5632,0.4329043719327698,1.0,0.0011037228
5633,0.6627191334642715,1.0,0.0008775501
5634,0.6292454688097869,1.0,0.00024426653
5635,0.2047485154839408,0.99999994,0.0002261727
5636,0.339816036014248,0.99999994,0.0004252047
5637,0.4396357780744518,1.0,0.0021169765
5638,0.3016602978439641,0.99999994,0.0029131044
5639,0.3641422069572855,0.99999994,0.0038268422
5640,0.3242280276157323,1.0,0.0004523454
5641,0.2309893691292791,1.0,0.00018093816
5642,0.4024593122490514,1.0,0.00081422174
5643,0.3318384219470405,1.0,1.8093817e-05
5644,0.7028646418349308,1.0,0.0009046908
5645,0.4066066163782838,1.0,0.00025331342
5646,0.3990918115354124,1.0,0.0005428145
5647,0.4690793165375247,0.99999994,0.00093183154
5648,0.3693105230233931,1.0,0.00023521962
5649,0.3439356176382754,0.99999994,0.00017189125
5650,0.4092928857799415,0.99999994,0.0011218166
5651,0.4934427316258843,1.0,0.0027231195
5652,0.3590902766168798,1.0,0.0028316823
5653,0.4182659082139968,1.0000001,0.0010946759
5654,0.3544479209088453,1.0,0.00023521962
5655,0.3910576874707199,1.0,0.00040711087
5656,0.2975107238459158,1.0,0.0015922559
5657,0.2442236916079127,0.99999994,0.0002261727
5658,0.4642951483631917,1.0000001,0.0002171258
5659,0.3497120878712186,0.99999994,0.00069661194
5660,0.3771895114171194,1.0,0.0014022707
5661,0.4685993855592328,1.0000001,0.0054643326
5662,0.4133959715919925,1.0,0.00084136246
5663,0.4389914591825554,1.0,0.0012213326
5664,0.4378736959034955,1.0,0.0006604243
5665,0.3712295053582428,1.0000001,0.0015922559
5666,0.3758523794856219,1.0,0.0007780341
5667,0.330414624875975,1.0000001,0.002469806
5668,0.3801458217746448,1.0000001,0.00094992534
5669,0.4527247091603888,0.99999994,0.002876917
5670,0.2511406497202705,1.0,0.00044329852
5671,0.3811667528299804,1.0,0.0041887183
5672,0.3246392467807152,1.0,5.428145e-05
5673,0.3867559573153506,0.99999994,0.00029854797
5674,0.4510736976312011,0.99999994,0.0002261727
5675,0.4781223983306917,1.0,0.004749627
5676,0.2523315545533569,1.0,0.0019088977
5677,0.7192397841709518,0.99999994,0.0013027547
5678,0.2292210018068677,0.99999994,0.0012032388
5679,0.6188959637467725,1.0,0.0031845118
5680,0.3649970258420326,1.0,0.000986113
5681,0.3823309612156208,1.0,0.0
5682,0.7880686154050072,1.0,0.00024426653
5683,0.315755115734311,1.0,0.0008051748
5684,0.5357861979068423,1.0,0.002949292
5685,0.3163539141706156,1.0,0.00018998508
5686,0.3335264030309084,1.0,0.0055638487
5687,0.6057157411026441,1.0,0.0016013028
5688,0.3228482756675539,0.9999999,6.3328356e-05
5689,0.3614935713357436,1.0,0.0018817569
5690,0.2534794206472278,1.0,0.0019812728
5691,0.5088728126891935,0.99999994,9.951599e-05
5692,0.3236616259647792,1.0,0.00015379745
5693,0.2887663253992987,1.0,0.00084136246
5694,0.3179388366943326,1.0,0.0024969466
5695,0.2694479797896846,0.9999999,0.00074184645
5696,0.4542974167458724,1.0,0.00036187633
5697,0.3479273738943898,1.0000001,0.00024426653
5698,0.5045347406324815,0.99999994,0.005102456
5699,0.2651894363041527,1.0,2.7140724e-05
5700,0.3118982873589757,1.0,0.002677885
5701,0.4204139277859505,1.0,0.0012937079
5702,0.3777975589898813,0.99999994,0.0029854798
5703,0.4473682969663413,0.99999994,0.0006785181
5704,0.4970460233669559,1.0,0.0011127697
5705,0.5278426469770217,1.0,0.0014927399
5706,0.3258167136380338,1.0,0.0010494414
5707,0.5849774441965397,0.99999994,0.0003075949
5708,0.271689425953424,0.99999994,0.0019541322
5709,0.3472807702923324,1.0,0.001176098
5710,0.3727981991758772,0.99999994,0.0019812728
5711,0.2074544045164229,0.99999994,0.00014475053
5712,0.5715851727299389,1.0,0.0014836929
5713,0.408548301737112,1.0,6.3328356e-05
5714,0.6108387669888559,0.99999994,0.009435926
5715,0.4344482939631088,1.0,0.0018003348
5716,0.3413956073667444,1.0,0.0018998507
5717,0.3914836126632538,1.0,0.00059709593
5718,0.4287398788643914,1.0,0.0003075949
5719,0.657548577060527,0.99999994,0.00091373775
5720,0.3016793554680212,1.0,0.004912471
5721,0.4127456894571331,1.0,0.0008775501
5722,0.400744997960233,1.0000001,0.0027321663
5723,0.4179614976149515,1.0,0.0019450852
5724,0.5623801327461739,1.0,0.0008504094
5725,0.4167886581709699,1.0,8.142217e-05
5726,0.3860754571847103,0.99999994,0.0064504454
5727,0.4880633137221473,1.0,0.00070565887
5728,0.4806855622874566,1.0,5.428145e-05
5729,0.2967623257601434,1.0000001,0.0006332836
5730,0.4125676632605377,1.0,9.046908e-06
5731,0.5502834002732724,1.0,0.011462432
5732,0.4054609620951055,0.99999994,8.142217e-05
5733,0.4749600783496422,1.0,0.0003166418
5734,0.5237820937692691,1.0,0.0028045415
5735,0.5893865445058812,1.0,2.7140724e-05
5736,0.6051572006468889,1.0,0.002071742
5737,0.623857830672617,1.0000001,0.00019903199
5738,0.3886315459017342,1.0,0.0022255394
5739,0.3506481344240342,1.0,0.0008956439
5740,0.3363411189117675,1.0,0.0028045415
5741,0.362171604373605,1.0,0.0055638487
5742,0.2967525932825556,0.99999994,0.0006694712
5743,0.4022129973564874,1.0,0.0026869318
5744,0.4027082040552316,1.0,0.002062695
5745,0.5051633839197305,1.0000001,0.00023521962
5746,0.560895981324172,1.0,9.951599e-05
5747,0.372404870933531,1.0,0.00018093816
5748,0.3394123429520242,1.0,0.0023974306
5749,0.44729357737003,0.99999994,0.00071470573
5750,0.4405280370122795,1.0000001,0.0015560682
5751,0.5330718667071634,1.0,0.0012303796
5752,0.3446708732934116,1.0,0.0018003348
5753,0.5644377581748545,1.0,0.0016013028
5754,0.4813037767411408,0.99999994,0.0027412132
5755,0.3659363618337472,1.0000001,0.0046862983
5756,0.3332634779729574,1.0,6.3328356e-05
5757,0.310432461666453,0.99999994,0.00093183154
5758,0.5517185801042602,1.0,0.002650744
5759,0.4051433979921888,0.99999994,0.0014565522
5760,0.2970522635534978,0.99999994,0.0020174605
5761,0.3861133352247423,1.0,0.00018998508
5762,0.4635224136323036,1.0,0.0014203646
5763,0.390268808038804,1.0,0.0005428145
5764,0.4107142855816146,1.0,0.0004975799
5765,0.1872144872734781,0.99999994,0.0005247207
5766,0.3343445710200703,1.0,0.0009227846
5767,0.3530617707593481,0.99999994,0.0008504094
5768,0.4787982620526119,1.0,0.0017460533
5769,0.243773586025124,1.0,0.0017189125
5770,0.4321968868383575,1.0,0.00059709593
5771,0.424044193264869,1.0,0.001474646
5772,0.60451747081509,1.0,0.000687565
5773,0.4601064464250678,1.0,0.00062423665
5774,0.4677494841459806,1.0,0.0018546162
5775,0.3325434571021584,0.99999994,0.0013932239
5776,0.4363666319022862,1.0,0.0019993668
5777,0.2266916109770397,1.0,0.0004342516
5778,0.4870943516377504,1.0,0.005799068
5779,0.4011769565696754,0.99999994,0.0076536844
5780,0.3803286908746556,1.0000001,0.001963179
5781,0.347086227252796,1.0,0.0020988828
5782,0.4254543685546763,1.0,0.00025331342
5783,0.6987839855598427,1.0,0.003347356
5784,0.3334401971026416,1.0,0.0012213326
5785,0.2526438543608239,0.99999994,0.00026236035
5786,0.4271298442631164,0.99999994,0.0011308636
5787,0.4797329673851486,1.0,0.0005518614
5788,0.2798496640483713,1.0,0.0
5789,0.3714909923906389,1.0,0.0001085629
5790,0.3481005123948443,1.0,0.0006785181
5791,0.2894861961077314,1.0,0.007789388
5792,0.3973777063007856,1.0,0.010612023
5793,0.3251673329720469,1.0,9.046908e-06
5794,0.3383597931241927,0.99999994,0.0065318677
5795,0.5091697370888758,1.0,0.031202786
5796,0.5159602389775335,1.0,0.0004342516
5797,0.3760468223304706,0.99999994,7.237527e-05
5798,0.6663346830818039,1.0,0.07517981
5799,0.4086960181865858,1.0,9.046908e-06
5800,0.4204607455234548,0.99999994,0.0003437825
5801,0.7535713303183533,1.0,2.7140724e-05
5802,0.4259372321490537,1.0,0.0005518614
5803,0.4049501873570877,1.0,0.00044329852
5804,0.4998845852264413,1.0,0.0013932239
5805,0.4313894576014295,1.0,0.0002261727
5806,0.4392368899761652,1.0,0.0002261727
5807,0.8744711154435153,1.0,0.001574162
5808,0.3987751975680558,1.0,0.0047858143
5809,0.3544077275176563,1.0,0.00083231553
5810,0.4331135140649096,1.0,0.00014475053
5811,0.5379866230908446,1.0,0.0010675351
5812,0.3677761028055374,0.99999994,0.00037092323
5813,0.3588073752656173,1.0000001,0.0007327996
5814,0.2996248056690248,0.99999994,0.0017370064
5815,0.4300861995792522,1.0000001,0.00037092323
5816,0.565859032048909,1.0,0.018537115
5817,0.4334143882718497,1.0,0.012620437
5818,0.5122076418678349,0.99999994,0.0029854798
5819,0.5657896883395426,1.0,0.00023521962
5820,0.6810688820761172,1.0,0.00076898717
5821,0.5721551533646573,1.0,2.7140724e-05
5822,0.3146882691448982,1.0000001,0.0017370064
5823,0.3770976780876948,1.0000001,0.00057900214
5824,0.3350861161439554,1.0,7.237527e-05
5825,0.4753922336712097,1.0,0.0007780341
5826,0.7047030889829105,1.0,0.001963179
5827,0.756677930794915,0.99999994,0.0012032388
5828,0.2935809399721427,0.99999994,0.0005247207
5829,0.3673802775304994,1.0000001,0.0009046908
5830,0.6059149126917344,1.0,0.0002171258
5831,0.5118995862944913,1.0,5.428145e-05
5832,0.4192793584111127,1.0000001,5.428145e-05
5833,0.4631542393642345,0.9999999,0.00029854797
5834,0.5911913890178123,1.0,0.002777401
5835,0.2846433631412922,1.0,0.0011670511
5836,0.3358658221136301,1.0,0.001176098
5837,0.5250512078802418,1.0,0.0005428145
5838,0.3625408883494932,1.0,0.00015379745
5839,0.349957030138778,0.99999994,0.0002261727
5840,0.4358091394060115,1.0000001,0.00082326867
5841,0.3731752541597908,1.0,0.0015379743
5842,0.4971622717752429,0.99999994,0.0004523454
5843,0.5122105140401522,1.0,0.0004975799
5844,0.3866887154761244,1.0,0.0005247207
5845,0.5772677652911449,1.0,0.0012213326
5846,0.5548621360028996,1.0,0.00044329852
5847,0.2805024484186143,1.0,0.00137513
5848,0.5527580749375964,1.0,0.00024426653
5849,0.7094797238458136,1.0,0.014031755
5850,0.4618022283528351,1.0,0.00065137737
5851,0.3667129028309105,1.0,0.0019088977
5852,0.3144629911775654,1.0,0.00026236035
5853,0.4573240174818492,0.99999994,0.003148324
5854,0.3649112966636406,1.0,0.00050662685
5855,0.5698372822330557,1.0,0.00093183154
5856,0.2758622556527891,1.0,0.00187271
5857,0.2702435137987212,0.99999994,0.0011308636
5858,0.3883229081676029,1.0000001,0.002768354
5859,0.3165253971368808,1.0,0.0019269915
5860,0.5046535043523699,0.99999994,0.0007327996
5861,0.3272893695340387,1.0,0.0029311983
5862,0.1984050729416334,1.0,0.0014475053
5863,0.5127228694970815,1.0,0.00095897226
5864,0.3412525857667264,1.0,0.0010584883
5865,0.411991862209785,0.99999994,0.0006694712
5866,0.4702639335714318,1.0000001,0.0011489573
5867,0.4531894547284925,1.0,0.00028045414
5868,0.2852079527112661,1.0,0.0010584883
5869,0.6954944731251498,1.0,0.0051657846
5870,0.4651703240026998,0.99999994,0.00060614286
5871,0.4614417579742723,1.0,0.00088659703
5872,0.593791004401689,0.99999994,2.7140724e-05
5873,0.5462290921911793,0.9999999,0.00028045414
5874,0.6713547768069246,0.99999994,0.0033111684
5875,0.3785672373004672,0.99999994,0.0015560682
5876,0.4962269686971107,1.0,0.0019541322
5877,0.3613854764571173,0.99999994,0.00040711087
5878,0.627638446978042,1.0,0.00018998508
5879,0.5770581191982999,1.0,0.0004252047
5880,0.37030063614532,1.0,0.0004613923
5881,0.3243560975290028,0.99999994,0.00095897226
5882,0.4170083355907668,0.99999994,0.0004613923
5883,0.3822608655056262,1.0,1.8093817e-05
5884,0.2750292376590739,1.0,4.523454e-05
5885,0.4667673168883967,0.99999994,0.0031392772
5886,0.45429519351696,1.0,0.001275614
5887,0.6629140941522216,0.99999994,0.0002261727
5888,0.3566649154619136,1.0,0.0012575203
5889,0.3952431141636541,1.0,0.0
5890,0.6431364044965961,0.99999994,0.01223142
5891,0.5900431907219623,1.0,0.0002261727
5892,0.3433684719483308,1.0,0.0017008188
5893,0.4523776360506384,1.0,0.007925091
5894,0.2752052582784952,1.0,0.003437825
5895,0.510150699234685,0.99999994,0.00037997015
5896,0.5454499375255083,1.0,9.046908e-06
5897,0.4661257720071523,1.0,0.0
5898,0.2569063107626292,1.0,0.00028045414
5899,0.4120474653218171,0.99999994,0.0011308636
5900,0.5772677652911449,1.0,0.0016193966
5901,0.5505164202571874,1.0,0.008811689
5902,0.6996876587168404,1.0,0.031030895
5903,0.4255761853436802,1.0,0.0024607591
5904,0.4738662820923284,0.99999994,0.0014022707
5905,0.2998975383111921,1.0,0.001474646
5906,0.6007614141634593,0.99999994,0.0004613923
5907,0.6157949799050263,1.0,2.7140724e-05
5908,0.4272506894513031,1.0,0.0007780341
5909,0.3021852952185971,0.99999994,0.00014475053
5910,0.4025282049635881,1.0,0.0066494774
5911,0.4834838187193769,1.0,0.00028950107
5912,0.3354697487415864,1.0,0.00041615777
5913,0.4399061775424708,1.0,0.0005156738
5914,0.3568368865667233,0.99999994,0.0078074816
5915,0.6629140941522216,1.0,0.00028950107
5916,0.389779315554602,1.0,0.003057855
5917,0.3279570977509592,1.0,0.006097616
5918,0.5040440996652409,0.9999999,0.0012394264
5919,0.2519704257205838,1.0,0.0001085629
5920,0.4054474171964881,0.99999994,0.001384177
5921,0.3569713197765911,0.99999994,0.0018274755
5922,0.3722546414580467,0.99999994,0.00011760981
5923,0.3169222350620079,1.0,0.008458859
5924,0.4196961187271257,1.0,0.0006151898
5925,0.4397503063195465,0.99999994,0.002650744
5926,0.3655799682567299,1.0000001,0.00028045414
5927,0.4732263273254072,1.0,0.0013932239
5928,0.2964843103097379,1.0000001,2.7140724e-05
5929,0.3909622069626386,1.0,0.0032930747
5930,0.3167124649503206,0.99999994,0.0012575203
5931,0.5189474872465114,1.0,9.046908e-05
5932,0.4947184641175806,1.0,0.0044782194
5933,0.4164829338448573,1.0,0.0001085629
5934,0.5882696864437541,1.0,0.0
5935,0.3327645476654048,1.0,0.0005518614
5936,0.3593246672260263,1.0000001,0.003853983
5937,0.4197956384343577,1.0,0.0034649658
5938,0.4118204927388217,1.0,0.0025150406
5939,0.7362121321524558,1.0000001,0.0040077805
5940,0.2487777786987572,1.0,0.0005247207
5941,0.4112202445858554,1.0,0.0014475053
5942,0.7416048258907864,1.0,0.00070565887
5943,0.1875120909133944,1.0000001,0.00011760981
5944,0.6312296826680424,0.99999994,0.00036187633
5945,0.4399744400044532,1.0,3.6187634e-05
5946,0.3398406370899631,0.99999994,2.7140724e-05
5947,0.3838195836829577,1.0,0.00032568868
5948,0.3618522675326797,1.0,9.951599e-05
5949,0.2998892516070968,1.0,0.00081422174
5950,0.3500566956507498,1.0,0.0005609083
5951,0.2921713056053757,1.0,0.0005247207
5952,0.4187079506324488,1.0,0.0025059935
5953,0.629511531332962,1.0,0.00048853306
5954,0.3577880788020839,1.0,0.0018908038
5955,0.2736863133931946,0.99999994,0.0015379743
5956,0.3686925383296525,1.0,0.00037092323
5957,0.2743566414222036,1.0000001,0.0015922559
5958,0.4039277462445275,1.0,0.008766454
5959,0.2701407945616891,1.0,0.0
5960,0.6530488815617457,0.99999994,2.7140724e-05
5961,0.2161734184200515,0.99999994,4.523454e-05
5962,0.3568081369614641,0.99999994,0.0002171258
5963,0.2610513835516662,1.0,0.0017641471
5964,0.3034637753904782,1.0,0.00028950107
5965,0.4054948663355296,1.0,0.0
5966,0.5324584468092078,1.0,0.00024426653
5967,0.3777340670070008,1.0,0.0006785181
5968,0.2717020117428759,1.0000001,0.002469806
5969,0.3341987618796433,1.0000001,0.0002171258
5970,0.4184418707714019,1.0,0.0002261727
5971,0.3412310443662507,0.99999994,0.0047586737
5972,0.291736453954315,1.0000001,0.00050662685
5973,0.3688224614552705,0.99999994,0.00015379745
5974,0.4055686296483995,0.99999994,0.00024426653
5975,0.4840394205128627,1.0000001,0.00014475053
5976,0.2514337929159879,0.99999994,0.0016284435
5977,0.47337327131125,1.0,0.00032568868
5978,0.3325434571021584,1.0,0.001384177
5979,0.2955331359200632,1.0,0.0017912878
5980,0.2246400238273669,1.0,0.00018093816
5981,0.5229332532084738,1.0,0.0010313476
5982,0.1911635255740249,1.0000001,0.0010494414
5983,0.3354740102505594,1.0,0.0013932239
5984,0.3464078109422192,1.0,0.00040711087
5985,0.3400085974412491,1.0,0.0016555842
5986,0.3707280812583703,1.0,0.00024426653
5987,0.5283850794598947,1.0,0.0007780341
5988,0.5096773677346186,1.0,0.00040711087
5989,0.4710790059538321,1.0,0.0010494414
5990,0.3135997260853693,1.0,0.0016827249
5991,0.5065876557498704,1.0,0.00012665671
5992,0.2473975993949777,1.0,0.0002171258
5993,0.2925830804302687,0.99999994,0.002768354
5994,0.3819366033471007,0.99999994,0.0023341023
5995,0.5195445855458528,1.0,0.0013570362
5996,0.3911763602883513,1.0,0.001384177
5997,0.328850107856398,1.0,0.0012484733
5998,0.4945654780854389,0.99999994,0.0027321663
5999,0.3961120062559818,0.99999994,0.00040711087
6000,0.3597210856254697,1.0,0.0005428145
6001,0.5765465109643698,1.0,0.00070565887
6002,0.5611147114081104,1.0,0.00018998508
6003,0.3728601272997086,1.0,0.00028045414
6004,0.8090039305715593,0.99999994,0.007418465
6005,0.3857079324200635,0.9999999,0.00093183154
6006,0.345029223146399,1.0,0.0
6007,0.6723485620051646,1.0,0.00012665671
6008,0.3187129800358309,1.0,0.008495047
6009,0.3474386885941243,1.0,0.0012484733
6010,0.4635224136323036,1.0,0.00039806397
6011,0.3652489134245486,0.9999999,0.0028316823
6012,0.3841460153417894,1.0,0.00016284434
6013,0.3516135879605913,0.99999994,0.00035282943
6014,0.353710514695288,1.0,0.0023883837
6015,0.419588388982981,0.9999999,0.0031935587
6016,0.5603633796945108,0.99999994,0.00037092323
6017,0.4703975429890916,0.99999994,0.002270774
6018,0.5636916116931577,1.0000001,0.0016465373
6019,0.5178760292734507,1.0,0.0002261727
6020,0.4947434403789942,1.0,0.0020988828
6021,0.5557162548009933,1.0,0.00041615777
6022,0.3429836044103843,1.0,0.002668838
6023,0.4356652686493093,1.0,0.00035282943
6024,0.7255497391865071,1.0000001,0.000986113
6025,0.5197921382247098,1.0000001,0.000588049
6026,0.5034605033823334,1.0,0.00019903199
6027,0.4293323339522212,1.0,0.0013660832
6028,0.2891025260408081,1.0,0.002768354
6029,0.3829160644680631,1.0000001,0.002650744
6030,0.4554587787824363,1.0,0.00083231553
6031,0.5715277849605331,0.99999994,0.0025874157
6032,0.4628686881338923,1.0,0.0014022707
6033,0.5285839124383714,1.0,0.00032568868
6034,0.3394349153811036,1.0000001,3.6187634e-05
6035,0.4404147991904532,1.0,0.0003347356
6036,0.3934894167588838,0.99999994,0.00040711087
6037,0.3040011985486477,0.99999994,0.00020807888
6038,0.5051297773866229,0.99999994,0.0012122857
6039,0.7560915962254973,1.0000001,0.0022617271
6040,0.3091337718317954,1.0,0.0012484733
6041,0.4443567882711661,1.0000001,0.0034197313
6042,0.2652587471552426,1.0,0.0
6043,0.2693507845706815,1.0,5.428145e-05
6044,0.5059083067683561,0.99999994,1.8093817e-05
6045,0.339673924447702,1.0,0.00026236035
6046,0.4034860919285602,0.99999994,0.0022436331
6047,0.5317726406535971,1.0,0.0001085629
6048,0.3383150029249937,0.99999994,0.0020536482
6049,0.6720973196403387,1.0,0.0002261727
6050,0.7278712893436926,1.0,0.0017551002
6051,0.335332783936524,1.0,0.00059709593
6052,0.4120590100404655,1.0,0.0011580043
6053,0.365009091238671,0.99999994,1.8093817e-05
6054,0.3639143825618734,0.99999994,0.001176098
6055,0.4624214592839701,1.0,0.00028950107
6056,0.5229332532084738,1.0,0.0009046908
6057,0.7497863485735158,1.0,0.00027140725
6058,0.4641659097696798,0.99999994,0.0011308636
6059,0.2127875378229988,1.0,0.0003166418
6060,0.3308883880926124,1.0,0.0017912878
6061,0.4026080487225744,1.0,0.00018998508
6062,0.4983747803216292,1.0,0.00041615777
6063,0.3205900473635831,1.0,0.0004252047
6064,0.3663043311607151,0.9999999,7.237527e-05
6065,0.6279510760088478,1.0000001,0.00093183154
6066,0.3482528112250422,0.99999994,0.0022074457
6067,0.2888483287409631,1.0,0.0024878997
6068,0.3379800748193174,0.99999994,0.00024426653
6069,0.5837581483259836,1.0000001,0.0
6070,0.4912234707135061,0.99999994,0.00062423665
6071,0.228727268533372,0.99999994,0.0011580043
6072,0.3031135645098175,0.99999994,0.001972226
6073,0.3461529855141563,0.99999994,0.0029221515
6074,0.2992305674056484,1.0000001,0.00018093816
6075,0.2196850989402156,1.0,0.00065137737
6076,0.2230341642780655,1.0,0.0026145566
6077,0.4119035225714715,1.0,0.0005156738
6078,0.6030820931799417,1.0,6.3328356e-05
6079,0.44908322494379,1.0,0.00011760981
6080,0.4219539193275023,1.0000001,0.0
6081,0.3212274692234075,0.9999999,0.00083231553
6082,0.3386349399480956,0.99999994,0.0005247207
6083,0.5013823858569414,1.0,0.0026869318
6084,0.362171604373605,0.99999994,0.0006151898
6085,0.4298769994233133,1.0,0.0
6086,0.7277202111285686,1.0,0.00069661194
6087,0.6329828674633282,1.0,0.00065137737
6088,0.4253867872573982,1.0,0.001185145
6089,0.2304228878137633,1.0,6.3328356e-05
6090,0.4924747627361054,0.99999994,0.0017551002
6091,0.5799875144415144,1.0,8.142217e-05
6092,0.4098753674286511,1.0,0.00011760981
6093,0.2396543452382755,1.0,0.00048853306
6094,0.6727136033439033,1.0,0.0020536482
6095,0.4130208917593924,1.0,0.002162211
6096,0.5416219578782274,1.0,0.00044329852
6097,0.4131846207239541,1.0,0.0015560682
6098,0.3020808377930042,0.99999994,0.0015651152
6099,0.4132204226313447,1.0,0.0059981
6100,0.4521229865227062,1.0000001,0.0017912878
6101,0.418339448912521,1.0,0.0030759487
6102,0.3100527927346618,0.99999994,0.021296421
6103,0.3574711241901637,1.0,0.0
6104,0.3567407608337582,1.0000001,0.00091373775
6105,0.5132933857531302,1.0,0.0003437825
6106,0.5267477215506852,1.0,0.001085629
6107,0.4851816497493033,1.0,0.00023521962
6108,0.419754834464281,1.0,0.0003075949
6109,0.584349570530511,1.0,5.428145e-05
6110,0.2960394341708445,1.0,0.0001085629
6111,0.3709649303261587,1.0,0.0006785181
6112,0.3105660833662184,1.0,9.046908e-06
6113,0.3014526785266676,1.0,2.7140724e-05
6114,0.4042038097558657,1.0,0.0015651152
6115,0.3427743128614084,1.0,0.00094087847
6116,0.2579167451696668,1.0,0.0001085629
6117,0.6925698238928756,0.99999994,4.523454e-05
6118,0.6361424951007753,1.0000001,5.428145e-05
6119,0.5861139581211776,0.99999994,0.00082326867
6120,0.4001440762511579,1.0,0.0008775501
6121,0.3211184094661994,1.0,0.00091373775
6122,0.3327293778737785,1.0,0.0015560682
6123,0.3079185519825308,1.0,0.00044329852
6124,0.4153256831065918,1.0,0.0022164925
6125,0.5563068833848419,1.0,0.00085945625
6126,0.3596834217257053,1.0,0.002270774
6127,0.3796651425377015,0.99999994,0.00037997015
6128,0.2844310449214752,1.0,0.00082326867
6129,0.3060666406364876,1.0,0.0023612431
6130,0.2691222405099282,0.99999994,9.951599e-05
6131,0.3536583902932816,1.0000001,0.0025150406
6132,0.2962934779367947,1.0000001,0.00038901705
6133,0.5197565578795577,1.0,0.00023521962
6134,0.3588368922581419,1.0,0.0003347356
6135,0.5625009200210032,0.99999994,9.951599e-05
6136,0.3466510564848917,1.0,0.0017912878
6137,0.3300239312035874,1.0,0.000986113
6138,0.2443624868718551,0.99999994,0.00065137737
6139,0.4016589105026569,1.0000001,0.0010584883
6140,0.2745802263869948,1.0,0.0009046908
6141,0.3558581560236875,1.0,0.00065137737
6142,0.350555189337591,1.0,9.046908e-06
6143,0.2760981199418029,1.0,0.0047858143
6144,0.549566005558018,1.0,0.0018274755
6145,0.2068827313138074,1.0,0.0046772514
6146,0.357711141546949,1.0,0.00074184645
6147,0.2635616869631244,1.0,0.00057900214
6148,0.3520108504633958,1.0,3.6187634e-05
6149,0.2301722275584381,1.0,0.0005247207
6150,0.3749396069853892,0.99999994,0.00474058
6151,0.535523649175726,1.0,0.00047948613
6152,0.7066974629703179,1.0000001,0.0009227846
6153,0.2693158383200993,1.0,9.046908e-05
6154,0.6627365011950986,1.0,7.237527e-05
6155,0.3472855908898948,0.99999994,2.7140724e-05
6156,0.3769391696767949,1.0,0.00079612795
6157,0.6500102251945491,1.0000001,0.00047948613
6158,0.3052190873626245,0.99999994,0.00019903199
6159,0.3131691734265616,1.0,0.0012575203
6160,0.3257006807359404,1.0,0.00083231553
6161,0.4150990750488597,1.0,0.00020807888
6162,0.5233298510155259,1.0,0.0005699552
6163,0.3393527996975076,1.0,0.0013027547
6164,0.3621180090405702,1.0,0.00018093816
6165,0.6558758901135007,1.0,0.0002261727
6166,0.3362123774097136,1.0,0.005898584
6167,0.5025214394785978,1.0,0.00037997015
6168,0.3966533162879387,1.0,0.0008956439
6169,0.2132680294576717,1.0,0.0009227846
6170,0.2758974825452483,1.0,0.00035282943
6171,0.6065633124518537,1.0,0.0003075949
6172,0.7420804064314275,1.0,0.0008051748
6173,0.4407455278995573,1.0,0.0019812728
6174,0.5109579435305024,0.99999994,0.00024426653
6175,0.47999735796035,1.0000001,0.00088659703
6176,0.3231503045382882,0.99999994,0.0013027547
6177,0.6467895924182283,0.99999994,0.0006604243
6178,0.255241749392167,1.0,0.00082326867
6179,0.4531996157532334,1.0,0.00053376757
6180,0.6076734420836004,0.99999994,0.0006694712
6181,0.4490165876290978,0.99999994,0.0005428145
6182,0.2286274918435441,1.0,0.0
6183,0.2593512034623399,0.99999994,0.0035463881
6184,0.3346678950540444,0.99999994,0.00028950107
6185,0.5556233835336173,1.0000001,0.0005156738
6186,0.3725194567040215,0.99999994,0.0023341023
6187,0.507523364932899,1.0,0.0011308636
6188,0.3805766909637821,0.99999994,0.00024426653
6189,0.6240276917782743,1.0,0.0006151898
6190,0.398429794628957,1.0,0.00012665671
6191,0.4038481730906297,1.0,0.0004523454
6192,0.1416853197970054,1.0,0.00037092323
6193,0.5860668015634073,0.99999994,1.8093817e-05
6194,0.3818866826687743,1.0,0.0006785181
6195,0.4886890936315977,0.99999994,0.00029854797
6196,0.3538210973230165,0.99999994,0.0020084137
6197,0.2971434702057804,1.0,9.951599e-05
6198,0.3814968684524336,1.0,0.0001085629
6199,0.3171119705986374,1.0,0.0001085629
6200,0.6033948344756221,1.0,0.00039806397
6201,0.5650160967999979,0.99999994,0.0017460533
6202,0.3648933951021176,0.99999994,0.0028407292
6203,0.4481504800739068,1.0,0.00044329852
6204,0.2805185713941332,0.99999994,0.0022526802
6205,0.1522255880877754,1.0,3.6187634e-05
6206,0.3410658016010975,0.99999994,7.237527e-05
6207,0.3781641490325285,1.0000001,0.0016103496
6208,0.4221986975226268,1.0,0.00016284434
6209,0.2876771267302395,1.0,0.00011760981
6210,0.346124401724552,0.99999994,0.0044872663
6211,0.3082872950914953,1.0,0.0004975799
6212,0.2639536492080384,1.0,0.00020807888
6213,0.4521535945934275,1.0,0.0011941919
6214,0.4271682662051146,1.0,1.8093817e-05
6215,0.5884719150434372,1.0,0.0099154115
6216,0.4348829627704723,1.0,1.8093817e-05
6217,0.4980427804277136,1.0,0.00026236035
6218,0.2785579854843003,1.0000001,0.00044329852
6219,0.767125380884442,0.99999994,0.00057900214
6220,0.3820667017808889,1.0,0.0009951598
6221,0.3606817182014476,1.0,0.00079612795
6222,0.3324137546841549,1.0,0.0018093816
6223,0.3163688296831319,1.0,0.00038901705
6224,0.3449303928016212,1.0,0.0021983988
6225,0.443840007478102,1.0,0.001384177
6226,0.3833082530708876,1.0,0.0017098656
6227,0.5974235906053535,0.99999994,0.0002171258
6228,0.5032130472304537,1.0,0.0015922559
6229,0.4196011089183487,1.0000001,0.0028950106
6230,0.389745972380254,1.0,0.00023521962
6231,0.48256932215728,0.99999994,0.0018636631
6232,0.4886524084871793,1.0,0.0043787034
6233,0.2796717533339735,1.0,0.0015198806
6234,0.6983429050784716,0.99999994,0.002569322
6235,0.3880250008093631,1.0,0.0011489573
6236,0.4257133672851786,1.0,0.00040711087
6237,0.2708333666529945,1.0,0.0017912878
6238,0.3488529510362428,1.0000001,0.00076898717
6239,0.3305243938966128,0.99999994,0.002768354
6240,0.5379866230908446,0.99999994,0.00035282943
6241,0.5011966472074499,0.99999994,0.0008051748
6242,0.4647475181969684,0.99999994,0.0037635139
6243,0.6100878671970333,1.0,4.523454e-05
6244,0.2627839726560843,1.0,0.00014475053
6245,0.5670481119513165,1.0,0.0004252047
6246,0.2850841092199166,0.99999994,0.001474646
6247,0.4126794249046774,1.0,0.00016284434
6248,0.5979505021115384,1.0000001,0.0003166418
6249,0.7740937278818318,1.0,0.008558375
6250,0.5450995776875398,1.0,0.00028950107
6251,0.4161850316217944,1.0,0.00044329852
6252,0.5230607501062362,1.0,9.046908e-06
6253,0.565459806821194,1.0000001,0.0012303796
6254,0.4131846207239541,1.0,0.001185145
6255,0.3945409033383045,0.99999994,0.0062333196
6256,0.5660112376933408,1.0,0.00037997015
6257,0.304875904074405,1.0,0.001085629
6258,0.4347836224857933,1.0,0.005030081
6259,0.3698045373108244,1.0000001,0.001574162
6260,0.5707452420933443,1.0,0.00053376757
6261,0.338531992785691,1.0000001,0.001185145
6262,0.4209797206896332,1.0,0.00057900214
6263,0.4845891975138083,0.99999994,0.00018093816
6264,0.2346518468939624,1.0,0.00025331342
6265,0.4753200802926318,1.0,0.0015470213
6266,0.5164602433220092,1.0,0.00088659703
6267,0.3099411900956413,1.0,0.0004523454
6268,0.683513734787138,0.99999994,0.0004523454
6269,0.4122760013792794,0.99999994,0.0014836929
6270,0.3636962308441347,1.0000001,2.7140724e-05
6271,0.3005380039945493,0.99999994,0.00050662685
6272,0.3312604494868816,1.0,0.0004523454
6273,0.3090405620118995,1.0,0.00028045414
6274,0.4382997771702367,1.0,0.00013570362
6275,0.2309314330450824,1.0,0.0015651152
6276,0.2784249006614142,1.0,0.0016013028
6277,0.3880756455183326,1.0,0.0010494414
6278,0.3445274057367551,0.99999994,0.00088659703
6279,0.372404870933531,0.99999994,0.00081422174
6280,0.2361716337264564,1.0000001,0.00083231553
6281,0.3534633602437572,1.0,0.002858823
6282,0.1978656221507071,1.0,0.0
6283,0.3079318630255943,1.0,0.001384177
6284,0.6148395624670108,1.0,0.002352196
6285,0.269906698988565,1.0,0.0016917718
6286,0.3452253560245366,1.0,4.523454e-05
6287,0.3149096469587935,0.99999994,0.0017551002
6288,0.3924448149776217,0.99999994,0.00060614286
6289,0.4247397263326566,1.0000001,0.00019903199
6290,0.5434492327313536,1.0,9.046908e-06
6291,0.226278225085934,0.99999994,0.0025874157
6292,0.4554468528821416,1.0,0.0007327996
6293,0.3197444496175158,1.0,0.00072375266
6294,0.4719496029481456,1.0,0.00038901705
6295,0.7221467406325662,1.0,0.0003437825
6296,0.2821268925689075,1.0,0.0011941919
6297,0.38469356552792,1.0,0.00014475053
6298,0.3835454055013654,0.99999994,0.0010403944
6299,0.3295773670482113,1.0000001,0.00018093816
6300,0.3896842313524035,1.0,0.0030035735
6301,0.3937693477620315,0.99999994,0.0006785181
6302,0.2808492456628784,1.0,0.003256887
6303,0.4031248190229373,1.0,0.005011987
6304,0.4974866946151133,1.0,0.0012484733
6305,0.5530331688944463,1.0,0.00187271
6306,0.3758053141354122,0.9999999,0.0006151898
6307,0.3594866718707739,0.99999994,0.0033111684
6308,0.5103158868580722,0.99999994,0.0003166418
6309,0.6486707791009428,1.0,1.8093817e-05
6310,0.3062713857875052,1.0,0.0012937079
6311,0.5678401772661851,1.0,0.0005518614
6312,0.5205367603241724,1.0,0.00041615777
6313,0.4608297382185411,1.0,0.0003075949
6314,0.3221049395463907,1.0,0.00041615777
6315,0.4758326275425374,1.0,0.00026236035
6316,0.4631386421303553,1.0,0.0030397612
6317,0.3764126601368041,0.99999994,0.0016917718
6318,0.2535762588753867,1.0,2.7140724e-05
6319,0.3696911916234681,1.0,0.013181346
6320,0.6655014591968592,1.0,0.00032568868
6321,0.3516583167106423,1.0,0.0015198806
6322,0.3378510145710237,0.9999999,0.0018817569
6323,0.2502284461689922,1.0000001,0.0015379743
6324,0.6047640769123807,1.0,0.0014655992
6325,0.5363047563473681,1.0,0.00011760981
6326,0.4852834448309562,0.99999994,0.000588049
6327,0.3354047461301849,1.0,0.0018908038
6328,0.4579093756885913,1.0,0.0007327996
6329,0.3783933160833368,1.0,0.00014475053
6330,0.4414539768485891,1.0,0.00011760981
6331,0.4849603808488042,0.99999994,4.523454e-05
6332,0.3643434146119214,1.0,9.046908e-05
6333,0.6717426046578715,0.99999994,0.0015832089
6334,0.4479735522065469,0.99999994,0.0004523454
6335,0.3658188947113901,1.0000001,0.0009227846
6336,0.5284619503872227,1.0,0.002650744
6337,0.709644321218648,1.0,0.0002261727
6338,0.2970532036212072,1.0,0.00020807888
6339,0.367668718320826,1.0,0.00047043923
6340,0.3420412010749111,1.0000001,0.0018636631
6341,0.4051909543410549,1.0,0.0018998507
6342,0.2993916002936456,0.99999994,0.00025331342
6343,0.3614152164643406,1.0,0.0013389424
6344,0.5241099597478531,1.0,0.00412539
6345,0.4420877833735634,1.0,0.0014655992
6346,0.3135369995430561,1.0,0.0015560682
6347,0.2520587849405636,0.99999994,0.00050662685
6348,0.3723341434205802,1.0,0.0016193966
6349,0.5334896148492582,1.0,5.428145e-05
6350,0.354380855177042,0.9999999,0.000986113
6351,0.3011428092094602,1.0,0.00081422174
6352,0.4476326173531148,1.0,0.0006423305
6353,0.4285273485660257,1.0,0.0005699552
6354,0.5237820937692691,1.0,0.0033202153
6355,0.4486127265366673,0.99999994,0.0008956439
6356,0.4608297382185411,0.99999994,0.0061790384
6357,0.3143113812011053,0.9999999,0.00013570362
6358,0.3939433296309106,1.0,0.00038901705
6359,0.6268772421469971,1.0,0.00069661194
6360,0.379755439990064,1.0,0.003455919
6361,0.3954858482578383,1.0,0.0003075949
6362,0.756677930794915,1.0000001,0.00015379745
6363,0.3366742700423357,1.0,0.0025421812
6364,0.3617515583353273,1.0,0.0026326503
6365,0.314474343815598,1.0,8.142217e-05
6366,0.3224682726923341,1.0,0.0020446014
6367,0.4792918791862719,1.0,0.00074184645
6368,0.410067851124666,0.99999994,0.0002261727
6369,0.6356321730521136,1.0000001,0.00084136246
6370,0.3429092571356372,1.0,0.0033021215
6371,0.4835243688069102,0.9999999,0.0066856653
6372,0.4365731643252618,1.0,0.001574162
6373,0.350246272654142,1.0,0.0018274755
6374,0.2316009793083587,1.0000001,0.00047948613
6375,0.3392557066243839,0.99999994,0.000588049
6376,0.4425165918089145,1.0,0.0014203646
6377,0.5148069027597465,1.0,0.0003437825
6378,0.4067670880219005,1.0,2.7140724e-05
6379,0.3522795560049946,0.99999994,0.00037092323
6380,0.4220485092583489,1.0,0.0015017868
6381,0.4231468991266755,1.0,1.8093817e-05
6382,0.395188867137703,0.99999994,0.0017551002
6383,0.5581534394632498,1.0,0.0016646311
6384,0.4976438349757174,1.0,0.0016374903
6385,0.5523299901285749,1.0,0.0032026055
6386,0.4321968868383575,1.0,1.8093817e-05
6387,0.3481806722310835,1.0,0.0006151898
6388,0.3167578526532812,1.0,0.000588049
6389,0.2350988063066424,0.99999994,0.00036187633
6390,0.2893591900157862,1.0,0.0003166418
6391,0.4060794632050592,1.0000001,8.142217e-05
6392,0.3693406032836099,1.0,2.7140724e-05
6393,0.4876069140966407,1.0000001,0.0006332836
6394,0.358611416148014,1.0,0.0002171258
6395,0.2354326040349998,0.9999999,0.0011127697
6396,0.346878718320514,1.0000001,0.00084136246
6397,0.5793822996309604,1.0,0.003356403
6398,0.3316535886635445,1.0,0.002668838
6399,0.2700045659101179,0.99999994,0.0006694712
6400,0.3219767378432146,1.0,0.0019993668
6401,0.8257548245283142,1.0,0.00059709593
6402,0.4146963239565323,1.0,0.0017912878
6403,0.3201413546982979,1.0,0.00015379745
6404,0.5220978000454533,1.0,0.00324784
6405,0.3509985252124886,1.0,0.00037092323
6406,0.5976734716613592,1.0000001,0.000986113
6407,0.5314896550580631,1.0000001,0.0029673858
6408,0.4599439461023978,1.0,0.00039806397
6409,0.3737707247495507,1.0,0.00029854797
6410,0.2790595617432715,1.0,1.8093817e-05
6411,0.3931204414567374,1.0,0.0011941919
6412,0.4588992768655806,1.0,0.0007599403
6413,0.391509191658714,1.0,0.0014022707
6414,0.3277830816743908,1.0,0.0005428145
6415,0.6215374256047579,1.0,0.0006694712
6416,0.379336110496254,0.99999994,9.046908e-05
6417,0.3753255190385816,1.0,0.0020265074
6418,0.4354358786414777,1.0,0.0005518614
6419,0.4330769800545518,0.99999994,0.0013570362
6420,0.6889288231913708,1.0,0.0
6421,0.2678853866156668,1.0,0.00023521962
6422,0.3124447361248402,1.0,0.0024245714
6423,0.4205224440440248,1.0,0.0008051748
6424,0.3936458435408273,0.9999999,0.0013389424
6425,0.3208956491043837,0.99999994,0.002569322
6426,0.4027196324628052,0.99999994,0.00028045414
6427,0.5505983258112065,1.0,0.0021169765
6428,0.5725028583581997,1.0000001,0.0030035735
6429,0.3552188721297803,1.0,0.0010584883
6430,0.4341710041395323,1.0,0.00018998508
6431,0.4218942158618544,1.0,0.00082326867
6432,0.4666100481569797,1.0,0.0014294115
6433,0.4322962811069933,1.0000001,0.00083231553
6434,0.3565659573537007,0.9999999,0.0023883837
6435,0.3465776724582671,1.0,0.0022798209
6436,0.2877783079740029,0.99999994,0.00079612795
6437,0.4286018207127834,1.0,9.046908e-06
6438,0.5038556535765594,1.0,0.0
6439,0.4674514355386538,1.0,0.0010403944
6440,0.4221521749663578,0.99999994,0.0003347356
6441,0.2822996124448667,1.0,0.0016917718
6442,0.3136973361151188,1.0,0.0003347356
6443,0.4338341188466268,1.0000001,0.0004523454
6444,0.4475808242880101,1.0,0.00062423665
6445,0.5485327639215396,1.0,9.046908e-06
6446,0.4976438349757174,1.0,0.00094992534
6447,0.3214337163353559,1.0,0.00014475053
6448,0.3724268536221027,1.0,0.0014927399
6449,0.506261578466715,1.0,9.951599e-05
6450,0.8218170382856895,1.0,0.00062423665
6451,0.299203510489351,1.0,0.0013932239
6452,0.5039371287653857,1.0,0.00084136246
6453,0.3659511276539169,1.0,0.0016284435
6454,0.2917287779139528,1.0,0.00017189125
6455,0.3817896552963559,1.0,0.0023612431
6456,0.3150708212367039,0.99999994,0.0002261727
6457,0.4497291141850931,0.99999994,0.0020807888
6458,0.7432946216552359,1.0,4.523454e-05
6459,0.7330428192057286,1.0,0.0013932239
6460,0.3644587798900584,1.0,0.0004252047
6461,0.3350548828167675,0.99999994,0.0012303796
6462,0.3059369775050443,0.99999994,0.00048853306
6463,0.3892780388079584,1.0,0.0047224863
6464,0.4339188621567767,1.0,0.0026236034
6465,0.2649813350427657,1.0,0.0006332836
6466,0.283022943946327,1.0,0.00084136246
6467,0.6251709597037449,1.0,0.0014655992
6468,0.3220560996211756,1.0,0.00017189125
6469,0.2461572218925346,1.0,0.00072375266
6470,0.4076417563364955,1.0,0.00026236035
6471,0.6082547429866699,0.99999994,7.237527e-05
6472,0.3198559948111074,1.0,0.0018908038
6473,0.2209526794307825,1.0,0.0010042068
6474,0.3467074881478823,1.0,0.0024155246
6475,0.2491014559339713,1.0000001,0.00079612795
6476,0.3371311261137527,1.0,0.00091373775
6477,0.4627622527138232,1.0,0.0005699552
6478,0.4081935316704729,1.0000001,0.00015379745
6479,0.4771175303920041,1.0,0.00011760981
6480,0.352864669710585,1.0,0.0005609083
6481,0.5035997612739445,1.0,0.0065861493
6482,0.6096511835335111,1.0,0.0024788529
6483,0.2843074144915491,0.99999994,0.0010223007
6484,0.4395176324292811,1.0000001,9.046908e-06
6485,0.3739596914180198,0.99999994,0.001963179
6486,0.3645952304958589,1.0000001,0.0018274755
6487,0.380206383200483,1.0,0.00019903199
6488,0.3884149093327617,1.0,0.0028407292
6489,0.504645999148037,1.0000001,0.00048853306
6490,0.3608324821143845,1.0,0.0031121364
6491,0.3853008824606115,1.0,0.003048808
6492,0.6663346830818039,1.0,0.007273714
6493,0.4354358786414777,1.0,0.00024426653
6494,0.5534097385545625,1.0,0.0003347356
6495,0.5565349777307896,1.0,1.8093817e-05
6496,0.4131360514944154,0.99999994,0.0012303796
6497,0.3522158903809058,1.0,0.0011308636
6498,0.327462039311837,1.0000001,0.0009770661
6499,0.3343256898546934,0.99999994,0.001275614
6500,0.3549265595963681,1.0,0.0023612431
6501,0.6252178913807416,1.0,0.0003347356
6502,0.3888702299024522,1.0,0.00041615777
6503,0.4284508377890861,1.0,0.0004342516
6504,0.3778481151294647,1.0,0.0010946759
6505,0.3780633112936793,1.0000001,0.0021079297
6506,0.2018643728630037,0.99999994,0.0005699552
6507,0.4151892196150439,1.0,0.00015379745
6508,0.4585801413018028,0.99999994,0.00017189125
6509,0.2210026501818747,1.0,0.00012665671
6510,0.358395476098545,1.0000001,0.0005518614
6511,0.817112250956331,0.99999994,9.046908e-06
6512,0.1727331103092407,1.0,0.00047043923
6513,0.5427392701839601,1.0,0.0014565522
6514,0.5058740192631919,0.99999994,0.00025331342
6515,0.2864084024570432,1.0,2.7140724e-05
6516,0.2799671553317246,1.0000001,0.0011218166
6517,0.4697810441376016,1.0,0.0015289275
6518,0.5322765760477332,1.0,0.0010765821
6519,0.481527670776429,1.0,0.0008685032
6520,0.4158553211200896,1.0,0.0013027547
6521,0.4583707648868166,1.0,0.0
6522,0.2916712783021104,1.0000001,0.0005247207
6523,0.2525659342827406,1.0,0.00035282943
6524,0.4880937031425502,1.0,0.0003075949
6525,0.3894147660171365,0.99999994,0.0003347356
6526,0.4401902119459975,1.0,0.00025331342
6527,0.1776064654242211,1.0,1.8093817e-05
6528,0.3175064635985327,0.99999994,0.00091373775
6529,0.3384874611030824,1.0,0.007943185
6530,0.4259444898035808,0.99999994,0.00017189125
6531,0.4597029669153633,1.0,0.00029854797
6532,0.6360794977505053,1.0,0.003953499
6533,0.4661419832585266,1.0000001,0.0004523454
6534,0.6822837274666791,1.0000001,0.00015379745
6535,0.5194152488963719,0.99999994,0.00035282943
6536,0.3927368590292651,1.0,0.00012665671
6537,0.3110192280252483,1.0000001,0.0025964626
6538,0.4388141369136111,1.0,0.0012575203
6539,0.3420305150436104,1.0,0.00057900214
6540,0.3671195491319162,1.0,0.00020807888
6541,0.6165976668332585,1.0000001,0.0
6542,0.5330018837677984,1.0,0.00014475053
6543,0.3047262997975647,0.99999994,0.00026236035
6544,0.3007791426146022,1.0,0.00041615777
6545,0.3238134534041858,0.99999994,0.0010494414
6546,0.4146089909070074,1.0,0.00020807888
6547,0.3170149842557249,1.0,0.00048853306
6548,0.4607397003468451,1.0,0.00018093816
6549,0.2400792910292479,1.0,0.00011760981
6550,0.293677847334293,1.0,0.002677885
6551,0.3858746290472958,1.0,3.6187634e-05
6552,0.3304897793029523,1.0,0.0012032388
6553,0.3220645272521954,1.0000001,0.0020898357
6554,0.3116150075870706,1.0,0.0002171258
6555,0.4990591011608471,1.0,1.8093817e-05
6556,0.6487295755476902,1.0,0.0017189125
6557,0.3650633020536751,1.0,0.0011308636
6558,0.3481025150599094,1.0000001,0.0012303796
6559,0.3674315758865537,0.99999994,0.004025874
6560,0.3872454925981407,0.99999994,9.951599e-05
6561,0.5041981267135693,1.0,0.0004613923
6562,0.310616743961387,1.0000001,0.0010132537
6563,0.3834267074695927,1.0,0.00059709593
6564,0.4574275077506981,1.0,0.00094992534
6565,0.3994622804992779,1.0,0.00039806397
6566,0.323911889133536,1.0,5.428145e-05
6567,0.4190956253818078,1.0,8.142217e-05
6568,0.4027196324628052,0.99999994,0.0002171258
6569,0.3689690765794537,1.0,0.00035282943
6570,0.2563009293712733,1.0,0.00057900214
6571,0.2629801109195788,1.0,0.0011127697
6572,0.4047747195408235,1.0,0.0004523454
6573,0.5627098830568386,1.0,0.000787081
6574,0.3834984932789738,0.99999994,0.00018093816
6575,0.6796848376984572,1.0000001,0.00038901705
6576,0.3805932531682779,1.0,0.0063509294
6577,0.2623595539301676,0.99999994,0.0004613923
6578,0.3281158417166185,1.0,0.000787081
6579,0.4944107155955716,1.0,9.951599e-05
6580,0.5358501490325439,1.0,0.0003166418
6581,0.4129277441259516,1.0,0.00025331342
6582,0.5724956643928405,0.99999994,0.00012665671
6583,0.2626705662624159,1.0,0.002270774
6584,0.382520311924309,0.99999994,8.142217e-05
6585,0.3006414364914203,1.0,0.0032659338
6586,0.5981831828905194,1.0,0.00029854797
6587,0.4252333082020553,0.99999994,0.0017189125
6588,0.3588487579927486,1.0,0.0007508934
6589,0.5957327506667661,1.0,0.000588049
6590,0.3213044482328704,0.99999994,0.00047948613
6591,0.3342688591842586,1.0,0.0022255394
6592,0.2789696818237894,1.0,0.0017641471
6593,0.4974820687840909,1.0,0.00018998508
6594,0.5061246881660248,1.0,0.0010946759
6595,0.6911672297924809,1.0,0.0010313476
6596,0.2787575751579081,1.0,0.0011127697
6597,0.4960632773125591,0.99999994,0.0010223007
6598,0.3405430910426826,1.0,0.0015379743
6599,0.3881287772442577,1.0,9.046908e-05
6600,0.4118204927388217,1.0000001,0.0016555842
6601,0.3838091520430369,1.0000001,0.0010946759
6602,0.2686512508508719,0.99999994,1.8093817e-05
6603,0.6227658330613448,0.99999994,8.142217e-05
6604,0.3670712826115908,1.0,0.0005518614
6605,0.6550208572685915,0.99999994,0.0013208486
6606,0.5908157575893672,1.0,0.0002171258
6607,0.6678855901068476,0.99999994,0.0057628807
6608,0.343155516028037,1.0,0.0015832089
6609,0.3621551178948687,0.9999999,0.001284661
6610,0.4501419017811285,0.99999994,0.0010765821
6611,0.3432477177675712,1.0,0.0012575203
6612,0.4760855626225763,0.99999994,0.0026055095
6613,0.4684731722992609,0.9999999,0.001284661
6614,0.6664643702717536,0.99999994,0.013090876
6615,0.4684725751898501,0.99999994,0.0008685032
6616,0.7088848666754207,0.99999994,0.0005518614
6617,0.3408682158044314,1.0,0.0010403944
6618,0.5149527770457512,1.0,0.0003347356
6619,0.3979121353518087,1.0,0.00094992534
6620,0.36556789392242,1.0,0.0038992174
6621,0.3475298631774114,1.0,0.00048853306
6622,0.7566960799610734,1.0,7.237527e-05
6623,0.7591634296029285,1.0000001,0.014882164
6624,0.4702267520356037,0.99999994,0.0010403944
6625,0.3876780716714976,0.9999999,0.0010132537
6626,0.717991663357794,1.0000001,0.005808115
6627,0.4782392472136079,1.0,0.0022617271
6628,0.456585383925763,0.99999994,0.00025331342
6629,0.81985296593139,1.0,0.0015198806
6630,0.2562709188082582,1.0,0.0018184285
6631,0.334758943712942,1.0,0.002759307
6632,0.3758742185222519,1.0,0.0
6633,0.2608048050216652,1.0,0.0013479893
6634,0.521976715843565,1.0,0.00093183154
6635,0.5230384744271214,1.0,0.0003347356
6636,0.4706269924336493,0.99999994,0.00027140725
6637,0.4396306879821452,1.0,0.010630117
6638,0.3151366687904522,1.0,0.00039806397
6639,0.4573240174818492,0.99999994,0.0016465373
6640,0.3335002872918737,0.99999994,0.0005156738
6641,0.3789859111751442,0.99999994,0.0014836929
6642,0.2628134122622254,1.0,0.00024426653
6643,0.5021337876654781,0.99999994,0.00025331342
6644,0.6693896003792937,1.0000001,5.428145e-05
6645,0.3565579379098888,1.0,0.002659791
6646,0.4583068292611814,1.0000001,0.0011941919
6647,0.2810220857491726,1.0,6.3328356e-05
6648,0.5541471175215471,1.0,0.00037997015
6649,0.3530465159451114,1.0,0.0005247207
6650,0.3141517064769055,0.9999999,0.00091373775
6651,0.618836863420307,0.99999994,9.046908e-06
6652,0.4570376115952604,1.0,0.00018998508
6653,0.326928167408797,1.0,0.0010403944
6654,0.2894843028378438,1.0,0.0006332836
6655,0.4593107485594238,1.0,0.00023521962
6656,0.265756344138506,0.99999994,0.00041615777
6657,0.4278258372773321,1.0000001,6.3328356e-05
6658,0.4044092561955908,1.0,0.0040892027
6659,0.455410062364891,1.0,0.00017189125
6660,0.3567772783164132,1.0,0.0034921067
6661,0.3359862522507638,1.0,0.0026236034
6662,0.3781165981066161,1.0,0.00012665671
6663,0.4308297446761412,1.0,0.0025874157
6664,0.3424308365087364,1.0,0.0011037228
6665,0.4342652087040168,1.0,0.0005699552
6666,0.3472726577103848,1.0,0.00095897226
6667,0.282469245541505,0.99999994,0.0005428145
6668,0.4205889970521536,1.0,0.0008051748
6669,0.2855480566114359,1.0000001,0.0020536482
6670,0.3274994449700448,1.0,0.0043787034
6671,0.3128888721846389,1.0,0.001275614
6672,0.3099606745963299,1.0,8.142217e-05
6673,0.3116240780240634,1.0,0.0001085629
6674,0.2857986069736201,0.99999994,0.0026055095
6675,0.3325939198443913,1.0,0.00020807888
6676,0.3420561918214321,1.0,0.00065137737
6677,0.528162542569341,1.0,0.0023069617
6678,0.5351656039684758,1.0,0.00016284434
6679,0.2931537827639484,1.0,7.237527e-05
6680,0.4533604623467716,0.99999994,0.0029221515
6681,0.5960044274895206,0.99999994,0.0024336183
6682,0.5013564361359689,1.0,0.00088659703
6683,0.7467700361658126,0.99999994,0.001185145
6684,0.7478297806172749,1.0,0.0015017868
6685,0.3343779165369231,0.99999994,0.0024155246
6686,0.5768516820365522,1.0,0.00027140725
6687,0.3230491989781675,1.0,0.0009227846
6688,0.2858876111508979,1.0,0.00048853306
6689,0.2788866039507979,1.0,0.0014655992
6690,0.4680321410639599,0.99999994,0.0004523454
6691,0.3803051824073559,1.0,0.00069661194
6692,0.3195320952877918,1.0000001,0.0018817569
6693,0.5211707818633606,1.0,0.0004252047
6694,0.4515117889481083,0.99999994,0.00050662685
6695,0.385241127334707,1.0,0.00047043923
6696,0.3799659838851353,1.0,0.0007327996
6697,0.4775116009688331,1.0,0.00037997015
6698,0.3700953250093043,1.0,0.000787081
6699,0.4125049107968943,1.0000001,0.009309269
6700,0.6836500308728246,1.0,0.0025240874
6701,0.3696884404695693,1.0,0.0017370064
6702,0.5653359918253132,1.0,4.523454e-05
6703,0.4985216638952829,1.0,0.0006332836
6704,0.4611669769575639,1.0,0.00070565887
6705,0.3972327726865587,0.99999994,0.00014475053
6706,0.3857505426498551,1.0,0.0015922559
6707,0.2515278846720725,1.0,0.0010403944
6708,0.3419419856415321,0.99999994,0.0066494774
6709,0.6186654153102957,1.0,0.0002171258
6710,0.4197186150642105,1.0,3.6187634e-05
6711,0.3292852196273472,1.0,0.00094992534
6712,0.2942957172126745,1.0000001,9.046908e-06
6713,0.5886225369014347,1.0,0.0031935587
6714,0.2993441901008868,0.9999999,0.0010223007
6715,0.2685282184836219,1.0,0.0010584883
6716,0.6253295089818526,1.0,0.00016284434
6717,0.3282654007223414,0.9999999,0.00037092323
6718,0.2621219718777499,1.0,6.3328356e-05
6719,0.4174248438660746,0.99999994,0.0006604243
6720,0.4698712909315495,0.99999994,0.0015108336
6721,0.2584687015716395,1.0,0.0
6722,0.3213064979422674,0.99999994,0.00028045414
6723,0.3873858911091585,1.0,0.002849776
6724,0.6542966103906794,1.0,0.0025059935
6725,0.6323013034305687,1.0,0.0009046908
6726,0.3837913966829963,1.0,0.0011308636
6727,0.3917956888461666,1.0,0.0028859638
6728,0.4882673497691028,1.0,0.000588049
6729,0.2804605128441452,1.0,0.0031121364
6730,0.3704667636644725,1.0,7.237527e-05
6731,0.301361704871406,1.0,0.0012394264
6732,0.5573374700995183,1.0,0.0015108336
6733,0.4481604459211564,1.0,0.00027140725
6734,0.4595248984331787,1.0,1.8093817e-05
6735,0.2572820919897347,1.0,0.0033744967
6736,0.3270730633341064,1.0,0.002659791
6737,0.3082278888585437,1.0,0.0013660832
6738,0.4660340846105739,1.0,0.0007508934
6739,0.4369060062335042,1.0000001,0.00017189125
6740,0.2911690659854711,1.0,0.0049667526
6741,0.2889457740946512,1.0,0.0001085629
6742,0.2658300602626882,0.99999994,0.00027140725
6743,0.4653262664525853,1.0,0.003645904
6744,0.255490082425697,1.0,0.002071742
6745,0.262869420448392,0.99999994,0.00082326867
6746,0.2021641430499813,0.99999994,0.00037997015
6747,0.2962389327912741,0.99999994,0.0015108336
6748,0.4974652493005177,1.0,0.0024064777
6749,0.4376801464432634,1.0,0.0015470213
6750,0.3841486821252329,1.0,0.00037997015
6751,0.5124360214241016,1.0,0.00020807888
6752,0.3971294038901943,0.9999999,0.0
6753,0.6588496514242289,1.0000001,9.046908e-06
6754,0.4494104481226819,1.0,0.002451712
6755,0.3916663892602514,1.0,0.0014475053
6756,0.4900878034194388,1.0,0.00015379745
6757,0.4612616497594141,0.9999999,2.7140724e-05
6758,0.4776342602118891,1.0,0.00029854797
6759,0.5463379315358774,1.0,0.0027140724
6760,0.6556616690884971,1.0,0.0016013028
6761,0.3939264465865795,1.0,0.0014565522
6762,0.3860754571847103,1.0,0.0014836929
6763,0.5992791933308732,0.99999994,0.0013118017
6764,0.2637108285039699,1.0,0.00060614286
6765,0.3696983472782471,1.0,0.0010403944
6766,0.3717488373920754,0.99999994,0.0028045415
6767,0.5125616089639516,1.0,0.0017551002
6768,0.2985445121648278,1.0,0.00024426653
6769,0.508916672008257,1.0,0.00047043923
6770,0.6023254633609223,1.0,0.00011760981
6771,0.8218170382856895,1.0,0.00094992534
6772,0.366954785163263,1.0,0.00040711087
6773,0.3354740102505594,1.0,0.0005247207
6774,0.4124831940504719,1.0,0.0018274755
6775,0.4821994105325186,0.99999994,0.00028045414
6776,0.2380034010591736,1.0,0.0
6777,0.3077908618881657,1.0,0.00036187633
6778,0.3783617337606783,1.0,0.000787081
6779,0.4501532083567081,1.0,7.237527e-05
6780,0.4851460849929579,0.99999994,2.7140724e-05
6781,0.3043125534058757,0.99999994,0.0017098656
6782,0.2659101283615389,1.0,0.00019903199
6783,0.3149855048050057,1.0,0.0029221515
6784,0.5402227719549718,1.0,0.001185145
6785,0.4966518259338184,0.99999994,9.046908e-05
6786,0.3828385215250624,1.0000001,0.0016827249
6787,0.813383646076553,1.0,0.013525127
6788,0.3910788820824693,0.99999994,0.0
6789,0.4810934794211169,1.0,0.0012032388
6790,0.2658061500112731,1.0,0.00018998508
6791,0.3140167358368508,1.0,3.6187634e-05
6792,0.2939538627024534,1.0,2.7140724e-05
6793,0.4309390635578644,1.0,0.0028950106
6794,0.3312838134643769,1.0,9.951599e-05
6795,0.5948870125694734,1.0,0.0
6796,0.428409051136486,1.0000001,0.00044329852
6797,0.5846585917799303,1.0,0.0024878997
6798,0.3804561374830963,1.0,0.0001085629
6799,0.3598744161674818,1.0,3.6187634e-05
6800,0.4457012488760616,0.99999994,0.00028045414
6801,0.3225338333316224,1.0,0.0006694712
6802,0.4415047540368095,1.0,0.00093183154
6803,0.2733762236892447,1.0,0.004794861
6804,0.3091759587949297,0.99999994,0.0021983988
6805,0.3416272124629588,1.0,0.00062423665
6806,0.6093212968475079,1.0,4.523454e-05
6807,0.3425747827395615,1.0,3.6187634e-05
6808,0.3477189994888747,1.0,0.0005156738
6809,0.3894083852383226,1.0000001,0.00019903199
6810,0.4680763855872075,0.99999994,0.0020174605
6811,0.4339552781328107,0.99999994,0.0027412132
6812,0.4424177400365602,0.9999999,0.00070565887
6813,0.2971998892691305,0.99999994,0.00025331342
6814,0.3612287573040562,1.0,0.00014475053
6815,0.2425970201765922,0.99999994,9.046908e-05
6816,0.4012967718336882,1.0000001,0.0
6817,0.3951478525416344,0.99999994,0.00016284434
6818,0.667371119137346,0.99999994,0.0028045415
6819,0.3363092471686223,1.0,0.008259827
6820,0.6777573164108408,0.99999994,0.0016103496
6821,0.3472648692492763,1.0,0.0013298955
6822,0.5937109095303154,0.99999994,0.0004252047
6823,0.5447166239977995,1.0,0.0010494414
6824,0.381750912461012,0.99999994,0.0017912878
6825,0.3142754862004393,0.99999994,0.0002261727
6826,0.5534872883950155,1.0,0.004650111
6827,0.4313324242115992,1.0,0.00091373775
6828,0.29131495621877,1.0,0.0022255394
6829,0.3171375580019777,1.0,0.00044329852
6830,0.3526344434715093,1.0,0.0012032388
6831,0.3513879319444953,1.0,0.0002261727
6832,0.2809421459208649,1.0,0.00028950107
6833,0.3313707856677835,1.0,0.00028950107
6834,0.4759737470489089,1.0,0.00013570362
6835,0.5952119450384661,1.0000001,0.00036187633
6836,0.5117893154688264,1.0000001,0.003844936
6837,0.3299192050214696,1.0,5.428145e-05
6838,0.3674168163652382,1.0,0.0045686886
6839,0.3048054898178434,1.0000001,0.0024336183
6840,0.5744571449102228,1.0000001,0.013398471
6841,0.4595391557774695,0.9999999,0.0006785181
6842,0.326416358942405,1.0,0.00018998508
6843,0.6314459300772726,0.99999994,0.0
6844,0.3096155161989456,1.0,0.008739313
6845,0.565459806821194,0.99999994,0.0046139234
6846,0.2341550580402241,0.99999994,9.951599e-05
6847,0.4707302554058811,1.0,0.0037001856
6848,0.2469110772702585,1.0,0.00020807888
6849,0.4320714200969909,1.0,0.0005699552
6850,0.4894110631581158,1.0,0.0013118017
6851,0.4166423428716529,1.0,0.0032659338
6852,0.6156176892686394,1.0,0.013561316
6853,0.4073340791400393,1.0,0.0008956439
6854,0.47748722655289,1.0,0.00071470573
6855,0.3599970164413812,1.0,0.0023341023
6856,0.4111619016072185,1.0,0.0029945266
6857,0.4533585308321758,1.0,0.00025331342
6858,0.4652046672254191,1.0,0.0010946759
6859,0.4273890287429578,1.0,0.00024426653
6860,0.4425600593803948,1.0,0.00016284434
6861,0.3496365101282451,1.0,0.0
6862,0.5798239780599416,1.0,0.0011580043
6863,0.6700954197569287,0.99999994,0.0045234542
6864,0.3348017492479814,0.99999994,9.046908e-06
6865,0.3328342837277189,1.0,6.3328356e-05
6866,0.5077515137675964,1.0000001,0.0003166418
6867,0.7560915962254973,1.0,0.0009227846
6868,0.3641422069572855,1.0000001,0.0070565883
6869,0.5960898389535184,1.0,0.0048672366
6870,0.4440635782623276,1.0000001,0.00028045414
6871,0.4652801571899889,1.0,0.0008956439
6872,0.3525941852643727,1.0,0.0018546162
6873,0.5081314410041934,1.0,0.0002171258
6874,0.4268329184773972,1.0,0.0012665672
6875,0.4357489778175545,0.99999994,0.0005518614
6876,0.3825842773707469,1.0,0.0006604243
6877,0.4644845019951469,1.0,0.0004252047
6878,0.3726543103450442,1.0,9.951599e-05
6879,0.4158553211200896,0.99999994,0.0005428145
6880,0.3587919874930614,1.0,0.0013389424
6881,0.2441778046180122,1.0,0.00028045414
6882,0.70057500496505,1.0000001,0.004025874
6883,0.3250066774805875,1.0,0.0001085629
6884,0.688541526964366,0.99999994,0.0012303796
6885,0.4974565479012127,1.0,0.0
6886,0.4024593122490514,1.0,0.00024426653
6887,0.2854723197867958,1.0,0.00028950107
6888,0.3542516729964818,1.0,0.0008956439
6889,0.5815103319139153,1.0,0.00040711087
6890,0.5643269772980188,1.0,0.0015289275
6891,0.3314148620624202,1.0,0.0006604243
6892,0.4256793832284994,1.0,0.0009046908
6893,0.2999540619876029,1.0,0.0014927399
6894,0.3238134534041858,0.99999994,0.0011489573
6895,0.4896666316346112,1.0,0.00018093816
6896,0.3418223973992791,1.0,0.00028045414
6897,0.3309903685885482,1.0,0.002469806
6898,0.425567002908621,0.99999994,0.00041615777
6899,0.2900764745854244,0.99999994,0.0003075949
6900,0.4087156961174435,1.0,0.0008051748
6901,0.4042871320386713,1.0,0.00028045414
6902,0.4623639909106345,0.9999999,0.00011760981
6903,0.3571903245165945,0.99999994,0.00039806397
6904,0.3902967489292255,1.0,0.00041615777
6905,0.4961840262799324,1.0,0.0002261727
6906,0.2515987893466071,1.0,0.000687565
6907,0.3453640992323139,1.0,0.0015922559
6908,0.6530485857295611,1.0,0.011498621
6909,0.4450353123358289,0.99999994,0.00029854797
6910,0.5974535107676666,1.0,8.142217e-05
6911,0.3298495455791117,1.0,0.0004523454
6912,0.3560125511519103,1.0,0.0022255394
6913,0.6181494988052906,0.99999994,0.0025783689
6914,0.3553767343732342,1.0,0.0009951598
6915,0.5476064629016597,1.0,0.0029040575
6916,0.474747738850991,1.0,0.00028950107
6917,0.2843642272905711,1.0,0.0027321663
6918,0.2551506687023028,1.0,0.00041615777
6919,0.2768581691457268,1.0000001,0.0019450852
6920,0.226559804457977,1.0,2.7140724e-05
6921,0.3637783983804686,1.0,0.00019903199
6922,0.3338105216289602,1.0,0.0013479893
6923,0.4054633658167877,1.0,0.007409418
6924,0.3948297776766845,1.0,0.031266116
6925,0.357824944680116,1.0,0.0006694712
6926,0.3342942636980223,1.0,0.0006604243
6927,0.2634523990051191,1.0,0.0017189125
6928,0.3563895223398671,1.0,0.00011760981
6929,0.4490165876290978,0.99999994,0.0018455692
6930,0.4112783724428735,1.0,0.00047948613
6931,0.2621272837596597,1.0000001,1.8093817e-05
6932,0.3614164362104413,1.0,0.0013389424
6933,0.3815711399924362,1.0,0.0004613923
6934,0.4219494643749064,1.0,0.00037997015
6935,0.5188598244491773,0.99999994,0.00032568868
6936,0.4884693445927003,1.0,0.00047043923
6937,0.4357316451113266,0.9999999,0.00091373775
6938,0.3074125489313901,1.0,0.00016284434
6939,0.4314794190728312,1.0,0.00023521962
6940,0.366982685139851,1.0,0.0009680192
6941,0.3667129028309105,1.0,0.0025602751
6942,0.6470747393452418,1.0,0.0032026055
6943,0.3352604801430727,1.0,0.0015651152
6944,0.3976837705744122,1.0,0.00032568868
6945,0.3174487811474151,1.0,6.3328356e-05
6946,0.217837185792524,1.0,0.0014927399
6947,0.3125351737795059,1.0,0.00094992534
6948,0.5211657943165998,0.99999994,0.00020807888
6949,0.338236133918809,0.99999994,0.00065137737
6950,0.4713466302852442,1.0,0.0008051748
6951,0.44729357737003,1.0,0.00037092323
6952,0.3130519834015383,1.0,0.004894377
6953,0.4712766608119445,1.0,9.046908e-06
6954,0.3240620032071999,0.9999999,0.00084136246
6955,0.2491977050684201,0.99999994,0.0014475053
6956,0.9005568868362345,1.0,0.00018998508
6957,0.6122880732432475,1.0000001,0.0015198806
6958,0.3080187454141825,1.0,0.0019993668
6959,0.3488529510362428,0.99999994,0.0006332836
6960,0.3640012162409183,1.0,0.002451712
6961,0.5194271264141751,0.99999994,0.0006423305
6962,0.343155516028037,1.0000001,0.0022526802
6963,0.2086189704569516,0.99999994,0.00027140725
6964,0.3620260070574976,1.0,0.00029854797
6965,0.4259516184264266,1.0,0.00028045414
6966,0.3606193970300412,1.0,0.0004613923
6967,0.6455647290994871,1.0,0.00041615777
6968,0.4593484459355976,1.0,0.0037182793
6969,0.7064766344225051,0.99999994,0.00015379745
6970,0.2975169089365703,0.99999994,0.004143484
6971,0.3724268536221027,1.0,0.0012032388
6972,0.4378736959034955,1.0,0.0004523454
6973,0.3809320620409755,0.99999994,0.00047948613
6974,0.6092388741976312,1.0000001,0.0
6975,0.5172411780460247,1.0,0.00037997015
6976,0.3728096577081197,1.0,0.0034197313
6977,0.4679136600411544,1.0000001,0.00014475053
6978,0.4593484459355976,1.0,0.0060342876
6979,0.6034375555257625,1.0,4.523454e-05
6980,0.5976928255829792,1.0,0.007861763
6981,0.2775192632179222,1.0,0.0011308636
6982,0.5714377713878906,0.99999994,0.0005518614
6983,0.3522083674177059,1.0,0.004432985
6984,0.4974221277432064,1.0,0.0005428145
6985,0.5587658342702227,0.99999994,0.0023069617
6986,0.3705755002122857,0.99999994,8.142217e-05
6987,0.5025585030763182,1.0000001,0.0005518614
6988,0.3846773179723563,1.0000001,2.7140724e-05
6989,0.3095925338131831,1.0,0.00053376757
6990,0.3396690013156753,0.9999999,0.00060614286
6991,0.629511531332962,1.0,0.00035282943
6992,0.4999889306741996,1.0,0.0017279595
6993,0.3683340388729257,1.0,0.001474646
6994,0.7389156284301054,1.0,0.0013027547
6995,0.291482140552306,1.0,0.004704392
6996,0.2534418320442973,1.0,0.0008775501
6997,0.6810411488306172,1.0,0.0012937079
6998,0.6287983828760779,1.0,4.523454e-05
6999,0.4421329326720584,1.0,0.004053015
7000,0.2989205030282522,1.0,0.0019088977
7001,0.6713462450473453,1.0,0.00059709593
7002,0.3876255076336809,1.0,0.00017189125
7003,0.319928883644187,1.0,0.0030669018
7004,0.4592337649525169,1.0,0.00041615777
7005,0.1950057959402097,1.0000001,0.0010132537
7006,0.3584402657050801,1.0,0.00018093816
7007,0.4331953179954233,1.0,0.0006423305
7008,0.5554646587356711,1.0,0.0
7009,0.4186839695831503,0.99999994,0.00018093816
7010,0.4622385497205096,1.0,0.0011127697
7011,0.4564573376787782,1.0,0.0003437825
7012,0.4789135546563297,1.0,0.001284661
7013,0.3289292269360311,0.9999999,0.0006332836
7014,0.3619424803608285,0.99999994,0.0033654498
7015,0.4505280734341014,0.99999994,0.0012303796
7016,0.4932706487451733,1.0,0.00027140725
7017,0.4001606506032556,1.0,0.0005156738
7018,0.2667525988635685,0.99999994,0.0008956439
7019,0.5333806211101325,1.0,0.00028045414
7020,0.3802880783374823,1.0,0.00040711087
7021,0.3064138643477222,0.99999994,0.003437825
7022,0.382390094430057,1.0,0.001284661
7023,0.5367332580465665,1.0,0.0014475053
7024,0.3326717594616584,1.0,0.0022255394
7025,0.6520584462847588,1.0000001,0.00026236035
7026,0.3365491649024518,1.0,0.0019269915
7027,0.5597322245030207,0.99999994,0.00037092323
7028,0.4166851692462657,1.0,0.0007780341
7029,0.3047671220190663,1.0,0.0012213326
7030,0.4203597168364144,0.99999994,0.0027412132
7031,0.4673325767720226,1.0,0.0014022707
7032,0.4555660979277477,1.0,0.00015379745
7033,0.3413518758187063,1.0,0.0028859638
7034,0.4945765739586023,1.0,0.0016646311
7035,0.5314386842822924,0.99999994,0.0018546162
7036,0.4969307591928072,1.0,0.0004613923
7037,0.3818866826687743,1.0,0.00011760981
7038,0.553171958425251,1.0,0.0011037228
7039,0.7262367452352502,1.0,2.7140724e-05
7040,0.2289648985778295,1.0,0.00028045414
7041,0.290269860470047,0.99999994,3.6187634e-05
7042,0.3800946028682823,1.0,0.0032840276
7043,0.4904012933657812,0.99999994,0.0005518614
7044,0.6630850237186979,0.99999994,0.00048853306
7045,0.5794507539400009,0.99999994,0.0010132537
7046,0.3133994768059035,1.0,0.0007508934
7047,0.3745849313245389,0.99999994,0.0031030895
7048,0.3352068475473252,1.0,0.0003347356
7049,0.4525601560075813,1.0,0.00094992534
7050,0.2278545959017848,1.0,0.0002171258
7051,0.4950037541313666,0.99999994,0.00012665671
7052,0.2897495239685885,0.99999994,0.0010584883
7053,0.2243420784278322,0.99999994,0.00037092323
7054,0.4241902570297028,1.0,0.0002261727
7055,0.3313129367939833,1.0,0.00071470573
7056,0.2532580501143447,0.99999994,0.0020265074
7057,0.5040071110045383,1.0,0.00237029
7058,0.3958956058152031,1.0000001,0.0017822409
7059,0.5474807284573492,0.9999999,0.0010132537
7060,0.4679519047457924,1.0,0.00065137737
7061,0.3941619589021947,1.0,0.0003347356
7062,0.3941338832718832,1.0000001,0.001085629
7063,0.4806482606382359,1.0,0.00014475053
7064,0.2798006161714582,0.99999994,0.00038901705
7065,0.3845476746478454,1.0,0.0012303796
7066,0.4109163424156647,1.0,0.0005428145
7067,0.6204493273434593,1.0000001,0.00050662685
7068,0.3708501257474472,1.0,0.00028045414
7069,0.4890528370051336,1.0000001,0.0003075949
7070,0.7276913903854023,0.99999994,7.237527e-05
7071,0.5099258858996021,1.0,0.0013479893
7072,0.6796848376984572,0.99999994,0.014755507
7073,0.6780576051359055,0.99999994,0.00028950107
7074,0.4491793218567709,1.0,0.00013570362
7075,0.5733884330469994,1.0,0.0011670511
7076,0.3891412742825366,1.0,0.00093183154
7077,0.6693729221589111,1.0,0.00026236035
7078,0.3887637637279277,1.0,0.00053376757
7079,0.503133332571844,0.99999994,0.00050662685
7080,0.3250111391299037,0.99999994,0.0003075949
7081,0.7205910738761357,1.0,0.00018093816
7082,0.5051436932805589,0.99999994,0.0
7083,0.3239628698882197,1.0,0.0029673858
7084,0.5277991665641651,1.0,0.0003075949
7085,0.4915312925450716,1.0,0.00091373775
7086,0.4255965529084641,1.0,0.0
7087,0.3176318454897213,1.0,0.00072375266
7088,0.6120349104570871,1.0,0.0007780341
7089,0.5052136655091877,0.99999994,0.0015470213
7090,0.4424664956563308,1.0,4.523454e-05
7091,0.3238619962016914,1.0,0.0015560682
7092,0.2771245199199044,1.0,0.0014565522
7093,0.4526472060323617,1.0,0.0008685032
7094,0.5757236948601695,0.99999994,0.00047043923
7095,0.2707046413515473,1.0,0.00085945625
7096,0.2351345683064337,1.0,0.0022617271
7097,0.3328386049503729,0.99999994,0.0020084137
7098,0.3838693119235729,1.0,0.0005609083
7099,0.3190195800404463,1.0,0.0006604243
7100,0.5967613721632807,0.9999999,0.005346723
7101,0.2525461271180065,1.0,0.0006151898
7102,0.3073043930327419,1.0,0.00035282943
7103,0.395147295401853,0.99999994,0.00070565887
7104,0.3985519935629887,0.99999994,0.002171258
7105,0.4988321337024431,0.99999994,0.0071922923
7106,0.3671822383351897,0.99999994,0.00011760981
7107,0.3993419588298403,1.0,0.0019993668
7108,0.3799823215536438,1.0,0.0031030895
7109,0.4675495189903065,1.0,0.00013570362
7110,0.3367746156651414,1.0,0.0015017868
7111,0.5633480939687064,1.0,0.00071470573
7112,0.6557164379091242,0.9999999,0.00032568868
7113,0.4353321172922388,0.99999994,0.0010223007
7114,0.4948634450899917,1.0,0.0007599403
7115,0.5032174305929622,0.99999994,0.00032568868
7116,0.6793920719181699,1.0,0.005645271
7117,0.2546034228306087,1.0,0.00013570362
7118,0.270918154259527,1.0,0.00018998508
7119,0.4829903440216508,0.99999994,9.046908e-06
7120,0.2615926670853883,0.99999994,0.0018636631
7121,0.5344951167787302,1.0000001,0.0025331343
7122,0.4295953232740406,1.0,0.00035282943
7123,0.3071209283552701,1.0,0.0019903197
7124,0.3521022780720469,1.0000001,0.0029131044
7125,0.4990591011608471,1.0,0.0002171258
7126,0.5490678165384468,1.0,0.00011760981
7127,0.4041283444137545,1.0,0.00023521962
7128,0.5960898389535184,1.0,0.003455919
7129,0.3394164287449089,0.99999994,0.0004252047
7130,0.2824361129054971,1.0000001,0.0017641471
7131,0.3241182564355515,1.0,0.00062423665
7132,0.3128230431554353,1.0,0.0005428145
7133,0.6793920719181699,0.99999994,0.016166825
7134,0.6429690366243145,1.0,0.0009951598
7135,0.387695914228156,0.9999999,0.0011580043
7136,0.4371994823569345,1.0,0.004650111
7137,0.3981862540393862,1.0,4.523454e-05
7138,0.3306308535210475,1.0,0.0002261727
7139,0.5134739409269469,1.0,0.0
7140,0.2375311803657241,1.0,0.00094992534
7141,0.3696514881912623,1.0,0.0005518614
7142,0.5536123357533697,1.0,0.0017279595
7143,0.3111178253192984,1.0000001,1.8093817e-05
7144,0.3596255330926931,1.0,0.0016103496
7145,0.3105826105060811,0.99999994,2.7140724e-05
7146,0.4353475673884861,1.0,0.0033021215
7147,0.7223168974224018,0.99999994,0.0018998507
7148,0.3276222360062019,1.0,0.00076898717
7149,0.298640764481458,1.0,0.00137513
7150,0.3884522859805887,1.0,2.7140724e-05
7151,0.5302222307858281,1.0,0.00035282943
7152,0.3757555811257494,1.0000001,0.0
7153,0.3644497927056601,1.0000001,0.00025331342
7154,0.5234093901935183,1.0000001,0.00036187633
7155,0.5213439787226151,1.0,0.00037092323
7156,0.6046657716898809,1.0,0.0012303796
7157,0.4108058411565518,1.0,0.00050662685
7158,0.5536959943149445,1.0,0.00050662685
7159,0.5235821461360339,1.0,0.0025964626
7160,0.2788048267827145,1.0,0.002270774
7161,0.6280877015280215,1.0,0.0018546162
7162,0.4882040891042402,0.9999999,9.046908e-05
7163,0.340366204903605,1.0,0.00057900214
7164,0.343272390076235,1.0,0.005437192
7165,0.4235706059400184,1.0000001,0.001085629
7166,0.5721549688708412,0.99999994,0.0035825756
7167,0.2842121863322574,1.0,0.0017370064
7168,0.3849154143398413,1.0,3.6187634e-05
7169,0.2928079775847557,1.0000001,0.0029673858
7170,0.2811331349988226,1.0,7.237527e-05
7171,0.3992664045630122,0.9999999,0.0023431492
7172,0.2864662121351001,0.99999994,0.0011127697
7173,0.2016047879828117,1.0,0.0010494414
7174,0.4107996455926226,0.9999999,0.0029673858
7175,0.4648841383595667,1.0000001,0.00057900214
7176,0.4827004039395057,1.0,2.7140724e-05
7177,0.3708979681844387,1.0000001,0.00026236035
7178,0.4759936652876779,1.0000001,0.0
7179,0.3392249396271821,1.0,0.00187271
7180,0.7020994296075307,1.0,0.0
7181,0.564595447758791,1.0,0.00027140725
7182,0.309847287752038,1.0,0.0072284797
7183,0.4535479266072487,1.0,0.0031935587
7184,0.3540514211522423,1.0,0.00062423665
7185,0.7393471601264474,1.0,0.001085629
7186,0.4246874698348601,1.0,0.000687565
7187,0.4194427168099903,1.0,0.00094087847
7188,0.2962407678532262,1.0000001,0.0006151898
7189,0.5489239747596203,0.99999994,0.0014565522
7190,0.3136473863581654,0.99999994,0.0018455692
7191,0.4165359284245308,0.99999994,0.001384177
7192,0.3418826322842609,1.0,0.0016555842
7193,0.5666125111501118,1.0,0.0010946759
7194,0.3022590908524737,1.0,0.0014203646
7195,0.2729421500953119,0.9999999,0.0020536482
7196,0.3378951740145123,0.99999994,0.0058623967
7197,0.3549173419056536,1.0,0.0004975799
7198,0.4088198152947443,1.0,0.0023612431
7199,0.3109928519334139,1.0000001,0.00085945625
7200,0.3128592051882415,1.0,0.0030669018
7201,0.4866996055044598,1.0,1.8093817e-05
7202,0.7509685858496757,1.0,0.0017912878
7203,0.5941289615310849,0.99999994,4.523454e-05
7204,0.2993149368929965,1.0000001,0.0017822409
7205,0.4320382824573335,1.0,0.0010313476
7206,0.5814031582335443,1.0,3.6187634e-05
7207,0.5747245894195729,1.0,0.00048853306
7208,0.3654001580727193,0.99999994,0.00072375266
7209,0.3576358969194442,0.99999994,0.00026236035
7210,0.3682548327902368,1.0,0.0003437825
7211,0.650966643663118,1.0,0.0003347356
7212,0.3238347838755322,1.0,6.3328356e-05
7213,0.2720022901357299,1.0,0.002162211
7214,0.3161293994771644,1.0000001,0.00057900214
7215,0.3906671232391429,1.0,0.0002261727
7216,0.297125695527943,1.0000001,0.00074184645
7217,0.2957594713412896,1.0,0.0015560682
7218,0.429758305489146,1.0,0.0005247207
7219,0.2890804193226847,1.0,0.00094992534
7220,0.3130206246125965,1.0,0.0013389424
7221,0.6099966156629965,1.0,0.0063871173
7222,0.4480626076801087,1.0,0.0005428145
7223,0.5989348658345757,0.99999994,0.00028045414
7224,0.3059466590668883,1.0,0.000986113
7225,0.5787733452711008,1.0,0.00082326867
7226,0.4904469944100867,1.0,0.001972226
7227,0.4829277631308802,1.0,0.00040711087
7228,0.4389343111392245,0.99999994,0.0012665672
7229,0.3693406032836099,1.0,0.0006332836
7230,0.6111332664311432,1.0000001,0.001284661
7231,0.4564384944865819,1.0000001,0.00035282943
7232,0.5248996815258635,0.99999994,0.00025331342
7233,0.3822118339126887,1.0000001,6.3328356e-05
7234,0.3012603813914203,0.9999999,0.0013027547
7235,0.2618826032834956,0.99999994,0.0009046908
7236,0.4706146514123479,0.99999994,0.0003437825
7237,0.2932981996783542,1.0000001,0.0012665672
7238,0.28875214329347,0.99999994,0.0012213326
7239,0.3550357002603601,1.0,2.7140724e-05
7240,0.4199394049548627,1.0,0.0009770661
7241,0.3556433721445181,1.0,0.0003166418
7242,0.5729331942254249,1.0,9.046908e-06
7243,0.2632833931215462,1.0,0.001673678
7244,0.3671782044788055,1.0,0.0023612431
7245,0.2952568019852082,1.0,0.00024426653
7246,0.4737087709824514,1.0,0.0006332836
7247,0.5924382282406664,1.0,0.0030669018
7248,0.4824376567695491,1.0000001,0.0018455692
7249,0.3773277039363641,1.0,0.00187271
7250,0.2890796050916643,1.0,0.0022617271
7251,0.3375762553203527,0.9999999,0.0026055095
7252,0.4007183145609824,1.0,0.0015832089
7253,0.2049958651436746,0.99999994,0.00019903199
7254,0.3982826309430504,1.0,0.0034649658
7255,0.5348327382959692,1.0,0.0
7256,0.3868217208329774,1.0,0.00047043923
7257,0.4818683690041452,1.0000001,0.001384177
7258,0.3143582941183998,1.0,0.0041977656
7259,0.3008472408976106,1.0,0.00079612795
7260,0.29061318650225,1.0000001,0.00027140725
7261,0.3215447345817462,1.0,0.00079612795
7262,0.6853420778207869,1.0000001,0.007300855
7263,0.6251709597037449,1.0,0.0037001856
7264,0.6143172919637386,1.0,0.0011127697
7265,0.3797683979885746,1.0,0.00082326867
7266,0.451323213623467,0.99999994,0.000687565
7267,0.1712166237399779,1.0,0.00085945625
7268,0.2463462487006111,1.0,0.000687565
7269,0.3686465991398172,1.0,0.0016013028
7270,0.4029662416838226,1.0,0.0013570362
7271,0.2867726837125765,1.0,0.00013570362
7272,0.2757386278507948,1.0,0.00079612795
7273,0.5495697028617877,1.0,0.00015379745
7274,0.2336250475917803,1.0,0.00044329852
7275,0.330042978921762,1.0,6.3328356e-05
7276,0.6470747393452418,1.0,0.0032749807
7277,0.3852513090643407,1.0,0.0010494414
7278,0.3297194307114379,1.0,0.002849776
7279,0.3904066299255821,0.99999994,0.0016374903
7280,0.6065481279114168,1.0,0.0001085629
7281,0.2931383452113734,1.0,0.00324784
7282,0.3054405578902853,1.0,0.00076898717
7283,0.249913436087035,1.0,0.0007599403
7284,0.592816860427898,0.99999994,0.0002261727
7285,0.5525804864137054,1.0,0.0023431492
7286,0.2161635157867963,1.0,0.0017912878
7287,0.3357369790704493,0.99999994,0.0003166418
7288,0.6558991560416295,1.0,8.142217e-05
7289,0.4450741855576283,1.0,0.00024426653
7290,0.2502229446188793,1.0,0.00019903199
7291,0.3189207351078687,1.0,0.0005518614
7292,0.3511055517851121,1.0,0.0017641471
7293,0.4013121025661164,1.0,0.0011037228
7294,0.4905362518446222,1.0,0.0026236034
7295,0.5073083054305445,1.0,5.428145e-05
7296,0.2268068594675016,1.0,0.0
7297,0.5951958675146571,0.99999994,0.00023521962
7298,0.529443777954486,1.0,0.007517981
7299,0.3196912667666055,1.0,0.0010675351
7300,0.347507224054547,1.0,0.001176098
7301,0.4160905901407649,1.0,0.0006423305
7302,0.5984627508182124,1.0,9.046908e-06
7303,0.1968950095763628,0.99999994,0.00093183154
7304,0.3689356872852449,1.0,0.0007327996
7305,0.3532177700544321,1.0,0.0005247207
7306,0.2943707733070421,1.0,0.00037997015
7307,0.4052944107902411,1.0,0.00020807888
7308,0.529443777954486,1.0,0.0035644819
7309,0.5796095962085087,0.99999994,0.0
7310,0.5007669349138528,1.0000001,0.0013208486
7311,0.2669494244893022,1.0,0.010367757
7312,0.4160806272780109,1.0,0.0002261727
7313,0.3440762131523135,1.0,0.0015470213
7314,0.4356580996818701,1.0000001,0.0020084137
7315,0.3297055090663719,1.0,0.0062604607
7316,0.3932752290020846,1.0,0.00081422174
7317,0.3810953630323206,1.0,5.428145e-05
7318,0.5750399343002524,1.0,0.007291808
7319,0.2382915169365885,0.99999994,0.00041615777
7320,0.4593917638214438,1.0000001,0.0019179445
7321,0.3075932804359238,1.0,0.00028950107
7322,0.5627098830568386,0.99999994,0.0014113177
7323,0.3280259341878258,1.0000001,0.0017370064
7324,0.3045203944409518,0.99999994,0.0005518614
7325,0.4357737297000132,0.99999994,0.0018636631
7326,0.3498583483684352,1.0,0.00027140725
7327,0.5905725788084053,1.0,0.00048853306
7328,0.3869632634761097,0.9999999,0.0024245714
7329,0.3371311261137527,1.0,0.0011580043
7330,0.4680094451261929,0.99999994,0.00028045414
7331,0.2715275174328228,1.0,0.0004342516
7332,0.6136830984059748,0.99999994,0.0032840276
7333,0.3977820412353765,1.0,0.0043153754
7334,0.5092281264980176,1.0,0.00015379745
7335,0.436882163745654,1.0,0.00032568868
7336,0.5858351707841023,1.0,0.00035282943
7337,0.5738793789996881,1.0,0.0044058445
7338,0.4018988070898804,1.0,0.00018093816
7339,0.4830997742992448,1.0,0.0009770661
7340,0.5885251607463224,1.0,3.6187634e-05
7341,0.3061360803551727,1.0,0.007391324
7342,0.3602928102036212,1.0,0.0003075949
7343,0.3411021625248935,1.0,0.0009227846
7344,0.2873783636993603,1.0,7.237527e-05
7345,0.2680236136335988,0.99999994,0.001384177
7346,0.3270483560785173,0.99999994,0.0021079297
7347,0.4475302641557562,1.0000001,9.046908e-06
7348,0.4063125972619446,1.0,0.0005518614
7349,0.4139383915214736,0.99999994,0.0009227846
7350,0.2611881004921988,0.99999994,0.0005518614
7351,0.4283004285942011,1.0,0.002949292
7352,0.3797309810510207,1.0,0.0011127697
7353,0.6377836681301211,1.0000001,0.0018003348
7354,0.277125561921289,1.0000001,0.00085945625
7355,0.3405049837585595,1.0,0.0016193966
7356,0.3223240663604398,1.0,0.00032568868
7357,0.441403127852257,1.0,0.0009951598
7358,0.3059275839119124,1.0,0.0003437825
7359,0.31162968389257,1.0,0.000787081
7360,0.5410516491346472,1.0,4.523454e-05
7361,0.491133255985815,0.99999994,0.004243
7362,0.5006674709383466,1.0,2.7140724e-05
7363,0.4528350572654546,0.99999994,0.0037001856
7364,0.4858553331161556,1.0,9.046908e-06
7365,0.458537012735643,1.0,0.00029854797
7366,0.3647649199624751,1.0,0.0003437825
7367,0.6150568031235165,1.0,0.0004613923
7368,0.6652483230223789,1.0,0.0005518614
7369,0.4074848685662663,1.0,0.0009227846
7370,0.2700751543205622,1.0000001,0.0012303796
7371,0.4545755036461494,1.0,0.00015379745
7372,0.4282321445513389,0.99999994,0.00029854797
7373,0.4391633801573263,1.0,0.002569322
7374,0.4325153428804228,1.0,0.0031211833
7375,0.4864258081901371,1.0,0.0001085629
7376,0.532415842626281,0.99999994,0.00047948613
7377,0.3331089713339389,1.0,0.00187271
7378,0.4299199820704879,1.0000001,0.0047224863
7379,0.3765928970227608,1.0,0.0016284435
7380,0.5452554618411082,1.0,0.0011489573
7381,0.3175119855979141,1.0,0.0058714435
7382,0.4494673538411498,1.0,0.0011218166
7383,0.4002483146824881,1.0000001,0.0016917718
7384,0.3152388700566794,1.0000001,0.0010403944
7385,0.3917956888461666,1.0,0.0017370064
7386,0.8322098282540467,0.99999994,0.00037092323
7387,0.3241230611131916,1.0,0.00088659703
7388,0.6409308524289092,1.0,8.142217e-05
7389,0.4985874603424879,0.9999999,0.004903424
7390,0.4084958979047758,0.99999994,0.0004342516
7391,0.3911878482946122,0.99999994,0.002071742
7392,0.366054033192885,1.0000001,0.00028045414
7393,0.3058380545085672,1.0,0.0009951598
7394,0.3530617707593481,1.0,0.00039806397
7395,0.4752481059784685,1.0,3.6187634e-05
7396,0.2080237993323643,1.0,0.00035282943
7397,0.533699893286521,1.0,0.0006151898
7398,0.7397132767030297,1.0,0.0015560682
7399,0.5215311244314739,1.0,0.0033111684
7400,0.4705272810497261,1.0,0.01723436
7401,0.5924382282406664,1.0,0.0012032388
7402,0.3898886490338939,0.9999999,0.0010403944
7403,0.4205474630454751,1.0,0.002469806
7404,0.4329031613054998,0.99999994,0.00039806397
7405,0.2706015666866108,1.0,0.000687565
7406,0.4740604565453974,1.0,0.0001085629
7407,0.5022884108422212,1.0,0.0037635139
7408,0.4420997980115426,1.0,0.00047043923
7409,0.503026407960145,1.0,0.00062423665
7410,0.3435705977811534,1.0,0.00018998508
7411,0.3999520223502027,1.0,9.046908e-06
7412,0.526958021337796,1.0,0.006323789
7413,0.3008189947706842,1.0,0.0005428145
7414,0.3751696843949611,1.0,0.008675985
7415,0.4390402206076129,1.0,0.0015289275
7416,0.3868999141906679,1.0000001,0.0019903197
7417,0.3689228279646707,1.0,0.004903424
7418,0.3441185306428878,1.0,0.0010313476
7419,0.3360684877829576,1.0,0.0013932239
7420,0.5213137536887911,1.0,0.00035282943
7421,0.402293554827435,1.0,4.523454e-05
7422,0.5242072958238703,0.99999994,0.00028950107
7423,0.7063970532488933,0.99999994,0.0014113177
7424,0.3568840162081698,1.0,6.3328356e-05
7425,0.6092522423069141,1.0,0.0011580043
7426,0.4301999606699094,1.0,0.00071470573
7427,0.40580279356068,0.99999994,0.0023069617
7428,0.5083856589214092,1.0,7.237527e-05
7429,0.3910754598598066,1.0,0.0015832089
7430,0.4963560289387915,1.0,0.00094087847
7431,0.3827431756633637,1.0000001,0.00018998508
7432,0.5753983516347738,1.0,0.00094087847
7433,0.2767774684135977,0.99999994,0.00018093816
7434,0.557837188975126,1.0,0.0025240874
7435,0.4146891518961226,1.0,0.001085629
7436,0.3121000589735005,1.0,0.0014384585
7437,0.2114728232257851,1.0000001,0.0008051748
7438,0.2174392861505503,1.0,0.00011760981
7439,0.4366228238989005,1.0,0.0005247207
7440,0.41397329795467,1.0,0.0
7441,0.4562203679383938,1.0,0.00013570362
7442,0.3429972536102606,1.0,0.0018184285
7443,0.3896913653518635,0.99999994,0.002451712
7444,0.2476332169327673,1.0,0.0004523454
7445,0.3639397268166607,0.99999994,0.0023160086
7446,0.4291699911305455,0.99999994,0.0010584883
7447,0.4636141712530102,1.0,0.0017008188
7448,0.6868162463290083,1.0,0.00018998508
7449,0.4208315202747456,1.0,0.0001085629
7450,0.4480540012311219,1.0,8.142217e-05
7451,0.2939788514084557,1.0,0.0033925907
7452,0.3010610173266817,0.99999994,0.00029854797
7453,0.3109694513076719,1.0,0.0011489573
7454,0.5098082826101197,1.0000001,0.0001085629
7455,0.4920559093988143,1.0000001,0.0006151898
7456,0.4656284696598683,1.0,0.0014475053
7457,0.273131664363172,1.0,0.00082326867
7458,0.37544049293212,1.0,0.030741394
7459,0.470860752887984,1.0,0.001085629
7460,0.6229209278938107,1.0,0.0007327996
7461,0.301511200526555,1.0000001,0.004496313
7462,0.4455389011040771,1.0,0.0003437825
7463,0.6360794977505053,1.0,0.011127697
7464,0.3626170566508373,1.0,0.0023069617
7465,0.3465309081589203,1.0,0.0014836929
7466,0.5171045298502669,0.99999994,0.00013570362
7467,0.3118128767242824,1.0,0.0008685032
7468,0.3284241903421572,1.0,0.004252047
7469,0.6334584362330187,1.0,0.0006604243
7470,0.5884411260094818,1.0,0.00019903199
7471,0.4427088705261334,0.99999994,0.0035735287
7472,0.2866916791646455,0.99999994,0.001474646
7473,0.3117228163328644,1.0,0.0003075949
7474,0.4569325209146954,1.0,0.00014475053
7475,0.6350501127809254,1.0,0.0006423305
7476,0.2706268215357098,1.0,0.00014475053
7477,0.2731986491156861,1.0,1.8093817e-05
7478,0.4761520115840578,1.0000001,0.0030669018
7479,0.4215190949043007,0.99999994,0.00024426653
7480,0.2691912427857459,0.99999994,0.0015470213
7481,0.3856664254480565,1.0,0.0010946759
7482,0.4007456900130959,1.0000001,0.0005247207
7483,0.7130251824296526,0.99999994,0.0018184285
7484,0.3805706666987909,0.99999994,0.0004975799
7485,0.7792695644233848,1.0,0.0004975799
7486,0.315304534192959,1.0,0.0007599403
7487,0.3098766530415685,1.0000001,0.0061428505
7488,0.3153698363173624,1.0,0.0009227846
7489,0.4225089830012782,0.9999999,9.951599e-05
7490,0.3025861266512022,1.0000001,0.0003075949
7491,0.8392633043849055,1.0,6.3328356e-05
7492,0.442116077905418,1.0,0.00020807888
7493,0.3604800761408406,1.0,0.00014475053
7494,0.2917275657935877,1.0,0.0006332836
7495,0.5025156441533095,1.0000001,8.142217e-05
7496,0.3112109206853591,1.0,4.523454e-05
7497,0.2945005517423353,1.0,4.523454e-05
7498,0.4251378461148908,0.99999994,0.00041615777
7499,0.3933801481290247,1.0,0.0002171258
7500,0.5397529141490104,1.0,0.00029854797
7501,0.3881854545096466,1.0,0.00024426653
7502,0.3825463714723685,0.99999994,0.0016646311
7503,0.3893243534964327,1.0,0.00019903199
7504,0.3462207103855477,1.0,0.0010132537
7505,0.3133077495004112,1.0000001,0.0021079297
7506,0.4118330029239206,1.0,0.0016103496
7507,0.5534872883950155,0.99999994,0.00069661194
7508,0.3808508491542285,1.0,0.0030397612
7509,0.5142333241074277,1.0,0.00076898717
7510,0.4665642283613994,1.0,0.00093183154
7511,0.807839222400336,1.0,9.046908e-05
7512,0.4619631699000846,1.0,0.0003075949
7513,0.2537253390176839,1.0,0.0005518614
7514,0.7125124349980861,1.0,0.00044329852
7515,0.4139195966243104,1.0,0.00018093816
7516,0.2760038582618974,1.0,0.0003347356
7517,0.5769324070054256,0.9999999,0.00019903199
7518,0.5082876619762475,1.0,8.142217e-05
7519,0.3861718968042154,1.0,0.0005699552
7520,0.4339779954619879,1.0,0.0045596417
7521,0.4390084177867349,1.0,0.010539648
7522,0.3101205726449078,1.0,0.0015560682
7523,0.2974949132679781,1.0,0.00070565887
7524,0.3949510958417629,1.0,8.142217e-05
7525,0.4109164162426999,1.0,3.6187634e-05
7526,0.2366407093879372,1.0,0.0008775501
7527,0.4767451500025678,1.0,7.237527e-05
7528,0.500707966987689,1.0,0.0006151898
7529,0.5419188568797895,1.0,0.0018636631
7530,0.3737707247495507,1.0,0.00072375266
7531,0.401890055350826,0.99999994,0.0038901705
7532,0.3598203670570511,1.0,0.00082326867
7533,0.5174343705051064,1.0000001,0.0012484733
7534,0.69273568407371,1.0,0.00412539
7535,0.7117801518928701,0.99999994,0.00029854797
7536,0.347772656325933,1.0000001,0.00044329852
7537,0.6387373468189723,1.0,0.012729
7538,0.4402707793395926,0.99999994,0.0028407292
7539,0.3886606581842505,0.9999999,0.00011760981
7540,0.6905164687090349,0.99999994,5.428145e-05
7541,0.5683776901614731,1.0,4.523454e-05
7542,0.3804112950480687,1.0,0.00028950107
7543,0.6323013034305687,1.0,0.0003347356
7544,0.2057468484087315,1.0000001,0.00065137737
7545,0.389745972380254,1.0,0.00011760981
7546,0.2943799974024869,0.99999994,0.001275614
7547,0.3481540510378709,1.0,0.00079612795
7548,0.5509553940579763,1.0,0.0019812728
7549,0.3452046986028643,1.0,0.00038901705
7550,0.1898453043552452,0.99999994,0.00014475053
7551,0.604401675713796,1.0,3.6187634e-05
7552,0.4840955469581792,1.0,0.0019812728
7553,0.4957306742219272,1.0,0.0007508934
7554,0.3973312783071815,0.99999994,0.00035282943
7555,0.4224774241847788,1.0,0.0003437825
7556,0.5934391477134213,1.0,2.7140724e-05
7557,0.3111035383063196,1.0000001,0.0002261727
7558,0.2788547692486807,1.0,0.0003437825
7559,0.2831261117139876,1.0,0.0005247207
7560,0.4619559136088632,0.99999994,0.0010494414
7561,0.4502217193423735,1.0,0.00025331342
7562,0.4312796172594287,1.0,0.00023521962
7563,0.2851001186580935,1.0,0.00094087847
7564,0.37184195887903,1.0000001,0.00071470573
7565,0.3513640105161204,1.0,9.046908e-06
7566,0.3051352854344162,0.99999994,0.0031121364
7567,0.2424249278416029,1.0,0.00024426653
7568,0.3929047301391157,0.99999994,0.0003075949
7569,0.2773237052315631,1.0,0.00017189125
7570,0.4872304219251993,1.0,0.00017189125
7571,0.6064752116926918,1.0,0.00026236035
7572,0.3630812076753407,1.0,0.00019903199
7573,0.4834784672427621,1.0,9.046908e-06
7574,0.6470740646440675,1.0,0.00017189125
7575,0.2345578240127914,1.0,0.0006785181
7576,0.5736375146754872,1.0,0.00062423665
7577,0.2953375912396689,1.0,0.0027321663
7578,0.3122021691134788,1.0,9.046908e-06
7579,0.3747707880036769,1.0,0.004650111
7580,0.4956493127229537,0.99999994,0.0002171258
7581,0.5992304849959526,1.0,0.0006694712
7582,0.4142547206055303,0.99999994,0.00023521962
7583,0.4146197402436714,1.0,0.0012665672
7584,0.3265922925243959,1.0,0.001185145
7585,0.3222716388351087,1.0,0.0010675351
7586,0.5388467859383981,1.0,0.0007780341
7587,0.5262908257432732,1.0,0.0006423305
7588,0.3576917570780679,1.0,0.00016284434
7589,0.3861462678760336,1.0,8.142217e-05
7590,0.3690840699128742,0.99999994,0.0018908038
7591,0.5480080551628743,1.0,9.046908e-05
7592,0.4203824242445858,1.0,0.00028045414
7593,0.2898700978572577,1.0,0.0010042068
7594,0.2774090254255333,1.0,0.0025783689
7595,0.2291945503924823,1.0,0.0010765821
7596,0.3573725558336739,0.99999994,0.0003075949
7597,0.5120162081742475,1.0,0.0001085629
7598,0.5118594613744428,1.0,0.00018998508
7599,0.2852544887474243,1.0000001,0.0011670511
7600,0.5322080034565846,1.0,0.010440132
7601,0.2200583407990984,1.0,9.951599e-05
7602,0.6698963682281136,1.0,0.0006423305
7603,0.5630855489047508,1.0,0.00041615777
7604,0.3538256823979628,1.0000001,0.0058804904
7605,0.2841037199157048,1.0,0.002071742
7606,0.5095677633032561,0.9999999,0.0032749807
7607,0.3467395142605328,1.0,0.00038901705
7608,0.3898466992676165,1.0,0.0026236034
7609,0.5718275203554123,1.0,0.00012665671
7610,0.7322304448844744,1.0,0.0018908038
7611,0.5839132995377092,1.0,3.6187634e-05
7612,0.361101606382518,1.0,0.00023521962
7613,0.451323213623467,1.0,0.00013570362
7614,0.3402063765853956,1.0,0.0004252047
7615,0.39352843352896,1.0,0.0031211833
7616,0.2623272353873808,0.99999994,0.0031121364
7617,0.4535718075211072,1.0,0.0014113177
7618,0.5110772130001573,0.99999994,0.0022345863
7619,0.3548592975039037,1.0,0.0007599403
7620,0.2114408333686805,1.0,0.0005609083
7621,0.3627309755143715,1.0,0.0002261727
7622,0.3300690903401478,1.0,7.237527e-05
7623,0.2877136024967059,1.0,4.523454e-05
7624,0.4326744356496775,1.0,0.0011399104
7625,0.4589227233459192,1.0,9.046908e-06
7626,0.2873742682469073,1.0,0.0019541322
7627,0.2986780322694651,1.0,0.00083231553
7628,0.3778966757189441,1.0,0.0001085629
7629,0.3318019046910156,1.0,0.00035282943
7630,0.2551421304942345,1.0,7.237527e-05
7631,0.2842620849075168,1.0,1.8093817e-05
7632,0.217196170967301,0.99999994,0.0005699552
7633,0.3826814556336111,1.0,0.0023974306
7634,0.3231792546334714,1.0,0.0015651152
7635,0.4674798553541396,1.0,0.0007780341
7636,0.4070845294884493,1.0,9.046908e-06
7637,0.4301644467221869,1.0,0.008775501
7638,0.3107334191366492,0.99999994,0.0034016375
7639,0.3823874944542221,0.99999994,0.00028950107
7640,0.2963719628308244,1.0,0.00094992534
7641,0.4342786322810852,1.0,0.0036911385
7642,0.3302048010588027,1.0,0.00028950107
7643,0.6931344034085144,1.0,0.00019903199
7644,0.4209084149507782,1.0,0.0006785181
7645,0.403304478813102,1.0,0.0041977656
7646,0.4045179286167427,0.99999994,0.0003437825
7647,0.2828663248799449,1.0,0.00027140725
7648,0.4497043959427244,0.99999994,0.0018546162
7649,0.3020100161569485,1.0,0.002352196
7650,0.4907488668144938,1.0,0.00026236035
7651,0.295445738119077,1.0000001,0.0003437825
7652,0.3082648331317041,0.99999994,0.0016103496
7653,0.4310707990254824,1.0,9.046908e-05
7654,0.4477633842357058,0.9999999,0.0028045415
7655,0.3689356872852449,1.0000001,0.00047043923
7656,0.3384874611030824,1.0,0.002650744
7657,0.6097204939610521,1.0,0.0016103496
7658,0.4480643179476091,1.0,0.00018093816
7659,0.7015364673256244,1.0,0.00018998508
7660,0.4884913445227029,1.0,9.046908e-06
7661,0.3777293113903866,1.0,0.004749627
7662,0.5157424332981381,1.0,0.0023341023
7663,0.4864771679264308,0.99999994,0.0021079297
7664,0.3602959300851792,1.0,0.00023521962
7665,0.2329892029147948,1.0000001,0.0005156738
7666,0.5687564911801728,0.99999994,0.0005609083
7667,0.6952652342984028,1.0,0.00065137737
7668,0.3900373562610718,0.99999994,0.00065137737
7669,0.5262195586830616,0.9999999,0.00050662685
7670,0.4168859442258488,0.99999994,0.0005609083
7671,0.8323076201789127,1.0,0.011507668
7672,0.4781223983306917,1.0000001,0.0015198806
7673,0.3981862540393862,1.0,0.00013570362
7674,0.2660891115083374,1.0,0.0012575203
7675,0.4216844378317791,1.0,0.0060795224
7676,0.2846612603132349,1.0,0.0008956439
7677,0.3780633112936793,1.0,0.001963179
7678,0.4044682194810536,1.0,0.0008775501
7679,0.5978668080546372,1.0,0.001574162
7680,0.518301055547085,0.9999999,0.00018998508
7681,0.5673760227331824,1.0,0.0018003348
7682,0.5649843894085465,1.0,0.0003075949
7683,0.3175617150344881,1.0,0.00018093816
7684,0.6954177697659449,1.0,0.0019993668
7685,0.3288817380325333,1.0,0.0007599403
7686,0.4849515153214329,1.0,0.00019903199
7687,0.4381831648524469,1.0,0.00027140725
7688,0.4518598755046635,1.0,0.0001085629
7689,0.3160955830284777,1.0,0.005247207
7690,0.4110459404000896,1.0000001,0.0
7691,0.3495650421053435,0.99999994,0.00016284434
7692,0.3692257055960314,0.99999994,0.00040711087
7693,0.6152644492113327,1.0000001,0.0
7694,0.5766328468048243,1.0,0.0072465735
7695,0.2911765192381128,1.0,0.0006694712
7696,0.3883989994100729,1.0000001,0.002668838
7697,0.4545755036461494,1.0,0.00069661194
7698,0.3637933261911202,1.0,3.6187634e-05
7699,0.2698529889826447,1.0,0.00018093816
7700,0.4055669579209834,0.99999994,0.000787081
7701,0.5829814710605251,1.0,0.0
7702,0.6838554340973245,0.99999994,0.00023521962
7703,0.3865352054485572,1.0000001,0.00041615777
7704,0.4102989630880567,1.0,0.00040711087
7705,0.3666133590247469,1.0,0.0021350703
7706,0.2333885765558317,1.0,0.0004613923
7707,0.3304787180374884,1.0,1.8093817e-05
7708,0.8053605648378649,0.99999994,0.0017641471
7709,0.7394417168383138,0.9999999,0.0027231195
7710,0.4640419868078866,1.0,0.00037092323
7711,0.4323831629619663,1.0,0.00028950107
7712,0.3905109776183779,1.0000001,0.00018093816
7713,0.2011157213726237,1.0,0.00023521962
7714,0.2325973393159721,1.0,0.00065137737
7715,0.3667299026821183,1.0,0.0009951598
7716,0.2966681120554132,1.0,0.0
7717,0.3523746991456253,1.0,0.00072375266
7718,0.2747270049328236,1.0,0.0008051748
7719,0.3459260116509122,1.0,0.0010675351
7720,0.4353683021053105,1.0000001,0.0020807888
7721,0.2554165643418765,0.99999994,2.7140724e-05
7722,0.2473159092096595,0.99999994,1.8093817e-05
7723,0.3417802017122917,1.0000001,0.0006151898
7724,0.2662961129636974,1.0,0.0007327996
7725,0.4862744087929254,1.0,0.0004342516
7726,0.8258565444384799,1.0,0.00093183154
7727,0.4306728019430921,1.0,0.00018093816
7728,0.489447118546838,1.0,0.00048853306
7729,0.355127091263875,0.99999994,0.010051115
7730,0.301517907665247,1.0000001,0.00060614286
7731,0.3558670608981425,1.0,0.0017189125
7732,0.3227308877460417,1.0,0.0
7733,0.3255810189971145,0.99999994,0.0025602751
7734,0.4169297929704643,0.99999994,0.0018546162
7735,0.2514011516866993,1.0,0.0012665672
7736,0.412403972792964,1.0,0.0004342516
7737,0.2813205473543663,1.0000001,0.00024426653
7738,0.2837507879549059,1.0,0.0003166418
7739,0.3677024176446296,1.0,0.001275614
7740,0.4395140886433599,1.0,0.0006785181
7741,0.6996216014536669,1.0,0.0003166418
7742,0.371646452120716,0.99999994,0.00026236035
7743,0.3748430056180897,1.0,0.00024426653
7744,0.4253835683591999,1.0,0.005907631
7745,0.4308617302522757,0.99999994,0.00013570362
7746,0.4478318026020479,1.0,0.00020807888
7747,0.5924030666382633,1.0,0.00018998508
7748,0.3648933951021176,0.99999994,0.0018093816
7749,0.3584862015396404,1.0,0.00019903199
7750,0.2115085949752428,1.0,0.0
7751,0.4407455278995573,0.99999994,0.0007599403
7752,0.3829225704316595,1.0,0.0002171258
7753,0.3655369153002519,1.0,0.0013389424
7754,0.8392633043849055,1.0,4.523454e-05
7755,0.5166543388892563,1.0,0.0007599403
7756,0.329434654302487,0.9999999,0.0022345863
7757,0.2589420123003706,1.0000001,0.0016374903
7758,0.4032707494344308,1.0,0.00011760981
7759,0.4896666316346112,1.0,0.00015379745
7760,0.3258975484754606,1.0,0.0005609083
7761,0.2986874580002709,1.0,0.0028407292
7762,0.35258424176738,1.0,0.0010675351
7763,0.4228910568005158,1.0,0.0011308636
7764,0.5614303606214336,1.0,0.0007780341
7765,0.529183798809681,1.0,0.0010313476
7766,0.3886249176983309,0.99999994,0.0017008188
7767,0.5079612289978673,1.0,0.0023612431
7768,0.4383386022120261,1.0,0.0012394264
7769,0.5632681453896122,1.0,0.0005609083
7770,0.5025156441533095,1.0000001,0.00029854797
7771,0.4195517023430999,0.99999994,6.3328356e-05
7772,0.5016906377991034,1.0,0.0038720767
7773,0.4163790737563829,1.0,0.00065137737
7774,0.3875985766724928,1.0000001,0.00084136246
7775,0.3013995927343997,1.0,0.0020988828
7776,0.2787392264055304,1.0,0.0011399104
7777,0.4283219821898903,1.0,0.002949292
7778,0.5448445118045774,1.0000001,0.0009046908
7779,0.5565024246479403,1.0,0.0026326503
7780,0.4092928857799415,1.0,0.0032297461
7781,0.3352978356056214,1.0000001,0.00037092323
7782,0.3056563442571904,1.0,0.002876917
7783,0.3496768109779478,1.0,0.0004613923
7784,0.3865352054485572,0.9999999,4.523454e-05
7785,0.4194433040020506,1.0,9.046908e-06
7786,0.3984647989965616,1.0000001,9.046908e-05
7787,0.6255176850910411,1.0,9.046908e-06
7788,0.5621020859800333,1.0,0.0021893517
7789,0.4036476058749213,1.0,4.523454e-05
7790,0.2517635205401058,0.99999994,0.0014113177
7791,0.3425978470368223,1.0,0.0003347356
7792,0.2818363116257973,1.0,0.0005699552
7793,0.2395585123410507,1.0,0.0007508934
7794,0.3672781406063023,0.9999999,0.00083231553
7795,0.5058801401392641,0.99999994,0.00019903199
7796,0.4643023899638474,1.0000001,0.0008504094
7797,0.2887514567063253,0.99999994,0.0005428145
7798,0.6175897487562975,0.99999994,0.00028045414
7799,0.2875637082312589,0.9999999,0.0023793369
7800,0.5792586139759415,1.0,0.00053376757
7801,0.3753672527154584,0.99999994,4.523454e-05
7802,0.2880541027734319,0.99999994,0.00017189125
7803,0.4415348837003729,1.0,0.00019903199
7804,0.5254787344219582,0.9999999,1.8093817e-05
7805,0.7495750847859126,1.0,0.0010223007
7806,0.6605447311308005,0.9999999,0.005310535
7807,0.4248731716945384,1.0,0.0021350703
7808,0.5335223559162282,0.99999994,0.001275614
7809,0.3558767138765792,1.0,0.00014475053
7810,0.2777892447978192,1.0,0.00047948613
7811,0.5379872382725644,1.0,0.0010403944
7812,0.3480741457256905,1.0,0.00020807888
7813,0.6203115097512792,1.0000001,0.0016465373
7814,0.4706060489466365,0.9999999,0.00070565887
7815,0.2921399930363587,0.99999994,0.0003166418
7816,0.4935821932838425,1.0000001,0.0004523454
7817,0.6618312543935122,1.0,0.0004252047
7818,0.2560272370147208,1.0,0.0
7819,0.366842746272244,1.0,0.0022526802
7820,0.7667241842435292,1.0000001,0.0063690236
7821,0.5063695098067265,1.0,0.000687565
7822,0.3219215137343129,1.0,0.00023521962
7823,0.4192497831053751,0.99999994,0.00019903199
7824,0.437036440567104,1.0,9.046908e-06
7825,0.3392070918686353,1.0,1.8093817e-05
7826,0.4869258592094526,1.0,0.0016193966
7827,0.3342364261285929,0.99999994,0.0017279595
7828,0.4293879680483729,0.9999999,0.00032568868
7829,0.2340117513190995,0.99999994,0.00074184645
7830,0.502228536669361,1.0,4.523454e-05
7831,0.3282244439907321,1.0,0.00081422174
7832,0.3145638399766449,1.0,0.00016284434
7833,0.4040731400946972,1.0,0.00026236035
7834,0.4510135887528668,1.0,0.00014475053
7835,0.309674873756942,0.99999994,0.0012575203
7836,0.2834692265520382,1.0,0.0012032388
7837,0.2717334511475112,1.0,0.0009227846
7838,0.3293270602618156,0.99999994,9.951599e-05
7839,0.6270069034608478,0.99999994,0.0007508934
7840,0.4133959715919925,1.0,0.0008956439
7841,0.4746589940468343,1.0,0.00070565887
7842,0.369903736906492,0.99999994,0.00065137737
7843,0.2848675892536663,1.0,0.004143484
7844,0.4397514352864766,1.0,0.00474058
7845,0.2732681438271393,1.0,0.0010313476
7846,0.4369696731668366,1.0,0.0024064777
7847,0.32392037915583,1.0,0.00059709593
7848,0.3393527996975076,1.0,0.000787081
7849,0.2606435298310571,1.0,0.001085629
7850,0.493365648603646,1.0,0.0006332836
7851,0.3213689629226171,0.99999994,0.001185145
7852,0.4265663383674453,1.0,0.0001085629
7853,0.2981551119888968,0.99999994,0.00014475053
7854,0.320436186999163,1.0,0.0028226355
7855,0.3030310069977855,1.0,0.0014565522
7856,0.2447265626757871,1.0,0.00070565887
7857,0.3556544039068719,0.99999994,0.00024426653
7858,0.3511682005186857,1.0,0.0014384585
7859,0.3452558446523637,0.99999994,0.0010675351
7860,0.3378110147567168,1.0,9.046908e-06
7861,0.2889791506324737,1.0,0.0015651152
7862,0.3664390144171288,1.0,0.00037092323
7863,0.5948870125694734,0.99999994,1.8093817e-05
7864,0.6278975505978703,1.0,0.004831049
7865,0.3109133681547547,1.0,0.00047043923
7866,0.5188118466378313,0.99999994,0.0005699552
7867,0.372719704077661,1.0,0.0026145566
7868,0.6889288231913708,1.0,0.0002171258
7869,0.6386987349525881,1.0,0.001275614
7870,0.310432461666453,1.0,0.0024245714
7871,0.4845659134439532,1.0,0.0
7872,0.2636518816792615,1.0000001,0.00016284434
7873,0.465473218032867,1.0,0.0015560682
7874,0.4794902483510886,1.0,0.0026236034
7875,0.5624001470235047,1.0,0.0006785181
7876,0.4405271984909625,0.99999994,0.0012484733
7877,0.2876292305242029,1.0,0.0005156738
7878,0.3487519537274395,0.99999994,0.002668838
7879,0.3975998398806222,1.0,0.0060795224
7880,0.4651899588417756,1.0,0.001284661
7881,0.3613529425675418,1.0,0.0014836929
7882,0.4602428860400148,1.0,0.009734473
7883,0.3867126815497697,1.0,0.0018546162
7884,0.484291858018257,1.0,9.046908e-06
7885,0.3414358866086639,1.0,0.0022255394
7886,0.6251546720758315,1.0000001,0.00013570362
7887,0.465575187377059,1.0,0.00062423665
7888,0.192342727040312,0.99999994,5.428145e-05
7889,0.6162118731438356,0.99999994,0.000986113
7890,0.3099639067276789,1.0,0.0016193966
7891,0.3425511081027461,0.99999994,0.00014475053
7892,0.3043388750956942,1.0000001,0.0009951598
7893,0.4569717735204431,1.0,0.00013570362
7894,0.2945848598423534,1.0,0.002768354
7895,0.2226260395861067,0.99999994,0.00016284434
7896,0.5267271767847183,0.99999994,0.00018998508
7897,0.4091117710230156,1.0000001,0.00062423665
7898,0.7397132767030297,1.0,0.0013389424
7899,0.4481812362658305,1.0,0.0012303796
7900,0.3926184131815359,1.0,0.0018184285
7901,0.4725915473818489,0.99999994,0.00026236035
7902,0.5471041836577757,0.9999999,0.0004613923
7903,0.5371722801512291,1.0,3.6187634e-05
7904,0.4900957358451447,1.0,0.00084136246
7905,0.4269234586508286,1.0,0.00065137737
7906,0.4218942158618544,1.0,0.0002171258
7907,0.5314075869333501,1.0,0.0066494774
7908,0.5179877506830298,0.99999994,0.00038901705
7909,0.4125675703096913,1.0,0.001275614
7910,0.6194060803195687,1.0,0.0006694712
7911,0.3222833401834873,1.0,0.0009951598
7912,0.5476064629016597,1.0,0.0015379743
7913,0.4220870896687511,1.0,0.0009227846
7914,0.3703599227973045,1.0,0.00074184645
7915,0.4693693405708978,1.0,0.00059709593
7916,0.3555754930770847,0.99999994,0.00065137737
7917,0.3849884892621418,0.99999994,0.00037997015
7918,0.2917638225123965,1.0,0.0018455692
7919,0.3551773191336512,1.0,0.00057900214
7920,0.2864626100742524,1.0,0.00036187633
7921,0.6305529139894406,0.99999994,0.00016284434
7922,0.4822258485113346,1.0000001,0.0007780341
7923,0.2865596705877098,1.0,0.0004613923
7924,0.5057413661736052,1.0,0.00085945625
7925,0.3316796586586046,1.0,0.0016193966
7926,0.3772604885814963,0.99999994,0.00036187633
7927,0.2247335901983234,0.99999994,0.00011760981
7928,0.3657662906933003,0.99999994,0.00011760981
7929,0.6678168703477064,1.0,0.0004342516
7930,0.4573080809606094,0.99999994,0.0019993668
7931,0.6941250516156718,1.0,0.00050662685
7932,0.7319736805170262,1.0,0.008585516
7933,0.279016131737749,1.0,0.00027140725
7934,0.2499551695348098,1.0,6.3328356e-05
7935,0.3257902075866289,1.0,0.0005156738
7936,0.3325675884509547,1.0,0.0020898357
7937,0.4063216756150299,1.0,0.00027140725
7938,0.2914966328427841,0.99999994,0.0003437825
7939,0.2790305888000316,1.0,9.046908e-05
7940,0.2981644273992923,1.0,0.00079612795
7941,0.2697772078775223,1.0,0.00074184645
7942,0.2949961705299539,1.0,0.0022888677
7943,0.3382011826681254,1.0,0.002171258
7944,0.2912637727605766,1.0000001,0.00095897226
7945,0.3934973076491254,0.99999994,0.0008504094
7946,0.786017585710575,1.0,0.0040168273
7947,0.4260568775402104,1.0,0.0024245714
7948,0.5063855999028752,1.0,0.00013570362
7949,0.4254470588519559,1.0,0.00037092323
7950,0.3676438213117257,1.0,0.00012665671
7951,0.3591856957831715,0.99999994,0.0016465373
7952,0.7220056762366098,1.0,0.0006694712
7953,0.6531010846901429,0.99999994,0.0010946759
7954,0.3640272928129569,0.99999994,0.002949292
7955,0.2804405925742286,0.99999994,7.237527e-05
7956,0.6408551423568973,0.99999994,0.0016284435
7957,0.2965666136685482,1.0,0.00065137737
7958,0.4152548940884902,1.0,2.7140724e-05
7959,0.3982178894710383,0.99999994,0.0004975799
7960,0.3392070918686353,1.0,4.523454e-05
7961,0.5918239885877443,1.0000001,5.428145e-05
7962,0.4151988279468299,1.0,0.0020536482
7963,0.695974321255515,0.99999994,0.0007599403
7964,0.5779572580217531,1.0,6.3328356e-05
7965,0.3169222350620079,1.0,0.0019179445
7966,0.2396427813741156,1.0,5.428145e-05
7967,0.4546404052452446,1.0,0.0003075949
7968,0.452451720773608,1.0,0.0014022707
7969,0.5051507081737173,1.0,0.0
7970,0.3565659573537007,1.0,0.0023250554
7971,0.4289553526840193,0.9999999,0.006622337
7972,0.3432546045124897,1.0,0.00011760981
7973,0.3471426413977164,1.0,0.0030126204
7974,0.3173302544849318,1.0,0.0013027547
7975,0.5401559217654562,0.99999994,0.0016374903
7976,0.2957143821585029,0.99999994,0.00011760981
7977,0.4485708751114259,1.0,0.0014384585
7978,0.2305787070749168,0.99999994,0.00072375266
7979,0.4243573251153024,1.0,0.0
7980,0.3231792546334714,0.99999994,0.0012213326
7981,0.3769001895462116,1.0,0.00012665671
7982,0.4089962111482144,1.0,0.0001085629
7983,0.2247920084949202,1.0,0.00039806397
7984,0.406839246394679,1.0,0.0002261727
7985,0.4128159835836775,1.0,0.0026959786
7986,0.4912013258671455,1.0,0.004894377
7987,0.4047463457546925,0.99999994,0.00057900214
7988,0.3118222006235418,1.0,0.00026236035
7989,0.3465502185038824,1.0000001,0.0009680192
7990,0.2571799265021108,1.0,0.0006332836
7991,0.6938004177559334,1.0,0.00011760981
7992,0.6278800641580763,1.0,0.00036187633
7993,0.4087603363223898,1.0,0.0015651152
7994,0.1915411833249002,1.0,5.428145e-05
7995,0.2344196718048989,1.0,0.00018998508
7996,0.3766743657291349,1.0,0.0035644819
7997,0.3559078640768166,1.0,0.0010042068
7998,0.3242497890291176,1.0000001,3.6187634e-05
7999,0.4272849188856214,1.0,0.00040711087
8000,0.4481380433461107,0.99999994,0.0032659338
8001,0.6073462977651232,1.0,0.0003437825
8002,0.3222847851736577,1.0000001,0.0014113177
8003,0.3028131019096464,0.99999994,0.0009770661
8004,0.62152444579994,1.0000001,0.003555435
8005,0.299933629534508,1.0,0.0015108336
8006,0.4296509324208359,1.0,0.0010765821
8007,0.2463230420557718,1.0,0.0006151898
8008,0.6680789047873978,1.0,0.0009770661
8009,0.3844544977333809,0.99999994,7.237527e-05
8010,0.3999668548422036,1.0,0.02311485
8011,0.3208337068425009,1.0,0.0012032388
8012,0.2645205926493089,1.0,0.0006332836
8013,0.3110756336220969,1.0,0.0007508934
8014,0.3645029227424568,0.99999994,0.0017098656
8015,0.4702356261544492,0.99999994,0.00028045414
8016,0.3509780019723277,0.99999994,0.00093183154
8017,0.4033185688051344,1.0,0.00059709593
8018,0.3756779394823575,1.0,4.523454e-05
8019,0.2924681719267011,1.0,0.00079612795
8020,0.3082725005292695,1.0,0.0011218166
8021,0.2780322963689611,0.99999994,0.0019360384
8022,0.3139482465057904,0.99999994,0.00025331342
8023,0.2958298534163621,0.99999994,0.0003347356
8024,0.3801458217746448,1.0,0.0016646311
8025,0.2588645173464774,1.0,0.00011760981
8026,0.2630294623690993,1.0,0.00070565887
8027,0.3440338913350847,1.0,0.00016284434
8028,0.3464791409619803,0.99999994,0.00028045414
8029,0.2639613399294055,1.0000001,0.00012665671
8030,0.3808508491542285,0.99999994,0.0009680192
8031,0.4381012122156075,0.99999994,0.0027864478
8032,0.2266810773851484,1.0,0.00018998508
8033,0.5405044692225378,1.0,0.0002261727
8034,0.3386733521704146,0.99999994,0.0008504094
8035,0.3255415288737759,1.0000001,0.00053376757
8036,0.2669349734275102,1.0,0.0032659338
8037,0.2283903485654689,1.0,0.00019903199
8038,0.4045899659286981,0.99999994,0.0011127697
8039,0.375648329733883,1.0,0.0015470213
8040,0.3964645638184088,1.0000001,0.0039896867
8041,0.3976705285884869,1.0,0.00038901705
8042,0.5171252132987658,1.0,0.0018817569
8043,0.4072070069981899,1.0,0.0032297461
8044,0.3412525857667264,1.0,0.0010042068
8045,0.4442308762411578,1.0,0.0037182793
8046,0.5020598669508755,1.0,0.00024426653
8047,0.5514442672349134,1.0,0.00017189125
8048,0.8157401882788318,0.99999994,0.0031392772
8049,0.4658706185501485,1.0000001,5.428145e-05
8050,0.3393245969539981,1.0,0.0015379743
8051,0.3533635825724894,0.99999994,0.001384177
8052,0.3715933686153567,0.99999994,4.523454e-05
8053,0.4602637473209753,0.99999994,0.0013118017
8054,0.5795724008055626,1.0,0.0024064777
8055,0.4924588401959547,1.0,5.428145e-05
8056,0.4944146595749372,0.99999994,0.00041615777
8057,0.3428445270078269,1.0,0.00013570362
8058,0.3914879733606625,1.0,0.00019903199
8059,0.3221800745906267,1.0,0.0016465373
8060,0.474867634061006,0.99999994,2.7140724e-05
8061,0.5447617981123113,1.0000001,2.7140724e-05
8062,0.2558323069169902,1.0,0.00093183154
8063,0.5199907172012159,1.0,0.0005428145
8064,0.4426386851296803,1.0,0.00040711087
8065,0.2477755554135605,1.0,0.002171258
8066,0.4160162210509012,1.0,0.0002261727
8067,0.3732674720608903,0.9999999,0.0019269915
8068,0.330071413652402,0.99999994,0.0005609083
8069,0.6279510760088478,1.0000001,0.00069661194
8070,0.3781918474641474,0.99999994,0.00012665671
8071,0.2852070043901833,1.0,0.0
8072,0.4095464227340624,1.0,0.0015832089
8073,0.6030944128980059,1.0,4.523454e-05
8074,0.4508422577409463,0.99999994,0.00037997015
8075,0.4834838187193769,1.0,8.142217e-05
8076,0.6386987349525881,0.9999999,0.00024426653
8077,0.3510541588428919,0.99999994,0.00094992534
8078,0.2680971943024812,1.0,9.046908e-06
8079,0.65058999271336,1.0,0.0005518614
8080,0.295359849474445,1.0,0.0038087484
8081,0.2262751453955722,1.0,7.237527e-05
8082,0.4167299587259045,0.9999999,0.00036187633
8083,0.6352070615910809,0.99999994,0.000787081
8084,0.3211621157275171,1.0,0.00071470573
8085,0.4959080865206656,1.0,0.0056633647
8086,0.3252889844407398,0.99999994,0.00062423665
8087,0.598635537375941,1.0,0.00015379745
8088,0.4455344637724631,1.0,0.00015379745
8089,0.4914981099964798,1.0000001,0.00013570362
8090,0.4819178706156689,1.0,0.0019179445
8091,0.3075667809672264,0.99999994,0.0020084137
8092,0.4105509730178375,0.99999994,0.00040711087
8093,0.3591283513944629,1.0,0.00083231553
8094,0.4184082965063317,1.0,0.0017008188
8095,0.5095273407991782,0.99999994,0.0011399104
8096,0.3230498507537475,1.0,0.00012665671
8097,0.4908072685047204,1.0,0.012801375
8098,0.4135212782415119,1.0,0.0003166418
8099,0.3361956561460539,1.0,0.00095897226
8100,0.2896656611077453,1.0,9.046908e-05
8101,0.2944246650083176,1.0,0.0014927399
8102,0.3536813217340817,0.99999994,0.00039806397
8103,0.6044289877655422,0.9999999,0.0003166418
8104,0.3865975530071097,1.0000001,0.0016103496
8105,0.3902989720381492,1.0,0.0026055095
8106,0.3262623702561162,1.0,0.0018093816
8107,0.5030073034201648,1.0,0.0011037228
8108,0.3744425572536312,1.0,0.0
8109,0.5145669930119212,1.0000001,0.00024426653
8110,0.4722568415623558,0.99999994,0.00836839
8111,0.337864001359601,1.0,0.003356403
8112,0.6441613867985528,0.99999994,0.0006151898
8113,0.4313864456583732,0.99999994,0.0004975799
8114,0.4005283145264213,1.0,0.0020355543
8115,0.2820295985278969,1.0,4.523454e-05
8116,0.3267104483123493,0.99999994,2.7140724e-05
8117,0.2432758109650114,0.99999994,0.0014022707
8118,0.7687977257407687,1.0000001,0.000588049
8119,0.4143905350615003,1.0,9.951599e-05
8120,0.3379696156302441,0.99999994,0.003048808
8121,0.2710683477605644,1.0,0.001673678
8122,0.3719649203659093,1.0,0.0004252047
8123,0.334477986799473,1.0,0.00060614286
8124,0.305303494396582,1.0,0.00011760981
8125,0.3435443139660074,1.0,0.0036820916
8126,0.7196762091917028,1.0,0.0004523454
8127,0.6270069034608478,0.99999994,0.00059709593
8128,0.690626604020209,0.99999994,0.008992626
8129,0.3757081654725935,1.0,0.0006332836
8130,0.6581741915456533,0.99999994,0.00083231553
8131,0.2931867914650828,0.99999994,0.0017370064
8132,0.3693067011795861,1.0000001,0.0027050255
8133,0.3011824471182539,1.0,0.00016284434
8134,0.55040030436259,0.99999994,0.00019903199
8135,0.509018953632284,1.0,0.00047948613
8136,0.3204961585531662,1.0,0.00017189125
8137,0.2577605603002908,0.99999994,0.0022979146
8138,0.5234093901935183,1.0,0.00035282943
8139,0.4766191696679034,1.0000001,0.00041615777
8140,0.3588016291966563,1.0000001,0.00048853306
8141,0.320452682002289,1.0,0.0005609083
8142,0.3876780716714976,1.0,0.001963179
8143,0.3380777069710304,1.0,0.0010494414
8144,0.3084580199812106,0.9999999,0.0001085629
8145,0.4146833168261525,0.99999994,0.00070565887
8146,0.3735519991783957,1.0,0.00012665671
8147,0.3094546420187795,1.0,0.00079612795
8148,0.2190285024916446,1.0000001,0.00084136246
8149,0.267257808690382,1.0,0.007717013
8150,0.4267629382184946,1.0,0.00016284434
8151,0.3995895960209397,1.0,0.0020988828
8152,0.64443674808967,0.99999994,0.0025331343
8153,0.5127630446820297,1.0,0.00025331342
8154,0.507523364932899,1.0000001,0.00023521962
8155,0.353000164093476,0.99999994,9.951599e-05
8156,0.2758130867735718,1.0000001,0.0030669018
8157,0.3403152978049892,1.0,0.0035735287
8158,0.5688972932006322,1.0,0.00047948613
8159,0.5511934068902151,1.0,0.00072375266
8160,0.2681408117015693,1.0,0.0006694712
8161,0.3355697664509715,1.0,0.0025602751
8162,0.4380159723211471,1.0,9.951599e-05
8163,0.4105521254258367,1.0,3.6187634e-05
8164,0.3256340571530066,1.0,0.00027140725
8165,0.4625276326472235,0.99999994,0.0011399104
8166,0.2997793615539465,1.0000001,0.00059709593
8167,0.2924080767642515,1.0,0.00093183154
8168,0.4292095613420462,1.0,0.0007508934
8169,0.4112688458191886,1.0,0.00032568868
8170,0.2875551928272458,1.0,7.237527e-05
8171,0.3552432289140284,0.99999994,0.00024426653
8172,0.3828757313231774,1.0,0.0014565522
8173,0.4560965923258142,0.99999994,0.0010765821
8174,0.6291808271459676,0.99999994,0.0006151898
8175,0.441760655159427,1.0,0.00029854797
8176,0.6194060803195687,1.0,0.00083231553
8177,0.465473218032867,1.0,0.0017641471
8178,0.5051900473732148,0.99999994,0.0005428145
8179,0.3974320686807706,1.0,0.000588049
8180,0.4694786690839637,1.0,0.0055728955
8181,0.3570160045194331,0.99999994,0.0014384585
8182,0.393152194631033,0.99999994,0.0021079297
8183,0.4231376374741818,0.99999994,0.00025331342
8184,0.3956737633369845,1.0,0.0010675351
8185,0.320248578412748,1.0,0.0021531642
8186,0.4215402081643918,1.0,0.00038901705
8187,0.3742110554450177,0.99999994,0.0010132537
8188,0.3249121401811115,1.0,0.000787081
8189,0.3718474340616532,1.0000001,9.046908e-05
8190,0.4739931993102858,1.0,0.008178405
8191,0.332627928437566,0.99999994,3.6187634e-05
8192,0.6234147115160464,0.99999994,0.00047043923
8193,0.3985519935629887,1.0,0.00018093816
8194,0.3401425408009439,1.0,0.00094992534
8195,0.5941289615310849,1.0,1.8093817e-05
8196,0.4892761134693381,1.0,0.0005518614
8197,0.4112202445858554,0.99999994,0.0009227846
8198,0.2368203287496786,1.0,6.3328356e-05
8199,0.3047211816722461,1.0,0.0009770661
8200,0.361998990738397,0.99999994,3.6187634e-05
8201,0.3460301985760473,1.0,0.0020807888
8202,0.5023513758708961,1.0000001,0.00024426653
8203,0.4180833988600873,1.0,0.0020265074
8204,0.3832313977948609,1.0,1.8093817e-05
8205,0.3400056791117775,1.0,0.00032568868
8206,0.5703925994236188,0.99999994,0.0053738635
8207,0.3825304930689496,1.0,0.0021260234
8208,0.3085806515860276,1.0,0.002162211
8209,0.5787733452711008,1.0,0.0014475053
8210,0.3821233186274015,0.99999994,1.8093817e-05
8211,0.495742527206614,1.0,0.0005609083
8212,0.2855092049491685,0.99999994,0.0014655992
8213,0.4680321410639599,0.99999994,0.0026055095
8214,0.3204536142514093,1.0,0.00027140725
8215,0.3854488491122655,1.0000001,0.00018998508
8216,0.6175550369982886,1.0,0.00014475053
8217,0.3211335348560509,0.99999994,0.0021350703
8218,0.4065178714774089,1.0,0.0013479893
8219,0.4065178714774089,1.0,0.0031935587
8220,0.4031436437954588,1.0,0.0017189125
8221,0.2973276846588649,1.0,0.0041163433
8222,0.618391591149517,1.0,0.00015379745
8223,0.395228800531903,1.0000001,0.0006151898
8224,0.4006542768058709,1.0,0.0033925907
8225,0.3047437706951869,1.0,0.0006332836
8226,0.5775860181916226,1.0,0.00037997015
8227,0.2952547130132997,0.99999994,0.0
8228,0.4645205558518821,1.0,0.0003437825
8229,0.5335996712234741,1.0,0.0012665672
8230,0.3895160077378377,1.0,0.0099154115
8231,0.2028315112899155,1.0,0.00016284434
8232,0.3456263608543055,1.0,0.0
8233,0.483982523636546,1.0,2.7140724e-05
8234,0.7196762091917028,1.0,0.00062423665
8235,0.4714953617196116,1.0,3.6187634e-05
8236,0.2965464626380604,0.99999994,0.0011037228
8237,0.3895918443712858,1.0,0.003654951
8238,0.2820483423755671,1.0,0.00081422174
8239,0.3452950733389159,1.0,0.0014836929
8240,0.3835017773631711,1.0,0.0013208486
8241,0.5560484895806355,1.0,0.0014022707
8242,0.5380219570187315,1.0,0.00050662685
8243,0.2959563065542908,0.99999994,6.3328356e-05
8244,0.4353321172922388,0.9999999,0.00048853306
8245,0.5240329634252878,0.99999994,0.0012937079
8246,0.3853954030666603,1.0000001,0.0
8247,0.296246104302964,1.0,0.0014927399
8248,0.3524031535743485,0.99999994,0.0015379743
8249,0.6989935643061964,0.99999994,0.0003166418
8250,0.2886558517848271,1.0,0.0018093816
8251,0.5184508745251029,1.0,2.7140724e-05
8252,0.2527513910388697,1.0,0.00065137737
8253,0.5547947037765008,1.0,0.00019903199
8254,0.3165258743924865,1.0,0.00091373775
8255,0.6997508072913577,0.99999994,0.0005428145
8256,0.5247911156580831,0.99999994,0.00020807888
8257,0.34751553928362,0.99999994,0.000687565
8258,0.4753719320457488,0.99999994,0.00037092323
8259,0.3811011135042305,0.99999994,0.0004252047
8260,0.2725240771870225,0.99999994,0.00093183154
8261,0.3772628791594473,0.99999994,0.001972226
8262,0.4569542666713437,1.0,3.6187634e-05
8263,0.6372689636831711,1.0,0.00017189125
8264,0.4120656486544718,1.0,0.0022436331
8265,0.3235308402645412,1.0,0.0013570362
8266,0.6492667986381188,1.0,0.00020807888
8267,0.4738844416048448,0.99999994,0.0005609083
8268,0.3959343232793283,1.0,0.0004613923
8269,0.6292714706749378,1.0000001,2.7140724e-05
8270,0.4533585308321758,1.0,0.00036187633
8271,0.4036975868210614,1.0,0.00019903199
8272,0.5844254450564325,1.0000001,0.014547428
8273,0.5662331243092845,1.0,0.001275614
8274,0.3768420743407397,1.0,0.00036187633
8275,0.3924938251742485,1.0,0.0014836929
8276,0.6319352746895479,1.0,0.0024969466
8277,0.4947342307653053,1.0,0.00026236035
8278,0.360209490229209,1.0,0.00017189125
8279,0.5382501509294086,1.0,0.00032568868
8280,0.2527431911878292,1.0,2.7140724e-05
8281,0.404801368427678,1.0000001,0.00032568868
8282,0.7290619394233268,0.99999994,0.0024245714
8283,0.4761504982448736,1.0,0.002659791
8284,0.58490229643053,1.0,0.0012575203
8285,0.4750708345277694,0.99999994,0.0011218166
8286,0.5156111415788879,1.0,9.951599e-05
8287,0.5830392782504008,1.0,9.046908e-06
8288,0.4330808604225397,0.99999994,0.0045867823
8289,0.5764387943800384,0.99999994,0.0007780341
8290,0.2884009221589571,1.0,0.00020807888
8291,0.2885778690445787,1.0,0.0
8292,0.3066156235334993,1.0,0.00048853306
8293,0.4088904208194268,1.0,0.00065137737
8294,0.3379004304274158,1.0,0.00017189125
8295,0.3638002681604236,1.0,9.951599e-05
8296,0.5038556535765594,1.0,0.0
8297,0.3627159712364277,1.0000001,0.0002171258
8298,0.5830392782504008,1.0,0.0005609083
8299,0.3671325072647703,1.0,0.00014475053
8300,0.4121461324903669,1.0,0.0017551002
8301,0.4272668471847325,1.0000001,0.0001085629
8302,0.3621585102896847,1.0,0.0
8303,0.4964357081140914,1.0,0.0003166418
8304,0.5212695331613743,1.0,0.0013208486
8305,0.5009676862252725,1.0,3.6187634e-05
8306,0.3995633245386828,1.0,0.00013570362
8307,0.3808606851005823,1.0,0.00016284434
8308,0.3534766502646591,1.0,0.001284661
8309,0.3013705205892869,1.0,0.00015379745
8310,0.5648072805979022,1.0,0.0008956439
8311,0.3838773857151924,1.0000001,0.00039806397
8312,0.2792897602539501,1.0,0.0005247207
8313,0.2949285785891083,1.0,0.0012937079
8314,0.3536583902932816,1.0,0.0023612431
8315,0.3658798788743708,1.0,0.0023612431
8316,0.4057157592500914,1.0,0.00039806397
8317,0.3414151102529557,0.99999994,0.0018184285
8318,0.5073333640682813,0.99999994,0.00028950107
8319,0.3880110248443596,0.99999994,0.0030126204
8320,0.7658200708178647,0.99999994,0.00094992534
8321,0.3393341379027962,0.99999994,0.00137513
8322,0.4116396109223623,1.0,0.0
8323,0.335231856539286,1.0,0.0007780341
8324,0.2979540743382284,0.99999994,0.0012575203
8325,0.69273568407371,1.0,0.0018546162
8326,0.4849470898988732,1.0000001,0.00094992534
8327,0.4195449533709905,1.0000001,1.8093817e-05
8328,0.4141645535368765,1.0,0.0003075949
8329,0.4614094286384412,0.99999994,0.0028226355
8330,0.3659738561943316,1.0000001,0.0014203646
8331,0.2665262498259548,1.0,0.002071742
8332,0.2684844357575303,1.0,0.0011399104
8333,0.3560489122464702,1.0,0.0009770661
8334,0.4401883842360434,0.99999994,0.0006604243
8335,0.3280735706156967,1.0000001,0.00020807888
8336,0.3894496106113904,0.9999999,0.0003166418
8337,0.3879497193054677,1.0,0.00020807888
8338,0.4880523307135418,1.0,0.0013570362
8339,0.5167639282250174,1.0,0.00018998508
8340,0.3272966939751477,0.99999994,0.00074184645
8341,0.3122532900746667,1.0,0.0011580043
8342,0.569316922400395,1.0,6.3328356e-05
8343,0.2896224796638353,0.9999999,0.0016284435
8344,0.4016445480973259,1.0,0.00062423665
8345,0.4000993455754895,1.0,0.0016103496
8346,0.3143157207659401,1.0,9.046908e-05
8347,0.5016903171287759,1.0,0.0003166418
8348,0.3616292382302938,0.99999994,0.00041615777
8349,0.4759507892282695,0.99999994,0.00084136246
8350,0.5145669930119212,1.0,0.00026236035
8351,0.3842146572431572,1.0,0.0009046908
8352,0.6305944300935709,1.0,0.00013570362
8353,0.7527421342234295,1.0,0.0003075949
8354,0.3700643934301119,0.99999994,0.00018093816
8355,0.7051503781149094,0.9999999,0.00019903199
8356,0.3713923850642754,1.0,0.00038901705
8357,0.3187644046952156,1.0,3.6187634e-05
8358,0.3948003462562758,1.0000001,9.046908e-06
8359,0.4152796790722561,0.99999994,0.001176098
8360,0.2535835500660408,1.0,0.0009046908
8361,0.357298400205583,1.0,0.00037997015
8362,0.3263869415023827,1.0,0.00040711087
8363,0.6654345276027863,1.0,0.0015017868
8364,0.4426914976974141,1.0,0.0013479893
8365,0.3562168262308839,0.99999994,0.0008504094
8366,0.5196925994638785,1.0,0.000588049
8367,0.6561071556109638,0.99999994,0.0034197313
8368,0.4708704324451281,1.0,0.0009227846
8369,0.2745549200763723,1.0,0.0002261727
8370,0.3050954447070823,1.0000001,0.00026236035
8371,0.2249352330605227,1.0,0.00016284434
8372,0.7065240485611374,1.0,0.0004523454
8373,0.3810071560104132,0.99999994,5.428145e-05
8374,0.33567302032406,1.0,9.046908e-05
8375,0.2436767201255161,1.0000001,0.0014836929
8376,0.5676726415790108,1.0,0.0042158593
8377,0.441403127852257,1.0,0.0006785181
8378,0.3516135879605913,1.0,2.7140724e-05
8379,0.3618385196411111,1.0,0.00057900214
8380,0.5419181976738574,1.0,0.0037182793
8381,0.3157832398848023,1.0,0.0011037228
8382,0.45625022771245,1.0,0.00027140725
8383,0.2821494516120905,1.0,0.0013389424
8384,0.3433136695308499,1.0,0.0025421812
8385,0.8566695232502411,1.0,0.0010494414
8386,0.4010202840361063,0.99999994,9.046908e-06
8387,0.6292750130326075,1.0,0.00018998508
8388,0.3356366955868933,0.99999994,0.00060614286
8389,0.4503098266693199,1.0,3.6187634e-05
8390,0.567261329188894,0.99999994,0.022219207
8391,0.4605481802115935,0.99999994,0.00015379745
8392,0.5443186565288206,1.0,0.00027140725
8393,0.3952198205772668,1.0,0.0008051748
8394,0.3413477732424442,1.0,0.0022074457
8395,0.4677440370612341,1.0,0.00074184645
8396,0.5374095350699939,1.0,3.6187634e-05
8397,0.4238767747509011,0.99999994,0.0012665672
8398,0.4959526750042897,1.0,0.0018093816
8399,0.5363036780886536,0.99999994,0.00023521962
8400,0.4875784553616265,1.0000001,0.00032568868
8401,0.3195446956681478,0.99999994,0.0013208486
8402,0.2966326514650325,1.0,0.0005518614
8403,0.4557174306075988,0.99999994,0.00059709593
8404,0.5283585788126572,1.0,4.523454e-05
8405,0.4094205721627271,1.0,0.002451712
8406,0.2776095547529417,1.0,0.0031392772
8407,0.2918067881062679,1.0,0.0017098656
8408,0.7277202111285686,1.0,0.0018636631
8409,0.4832005986925404,1.0,0.00037092323
8410,0.2677455432720257,1.0000001,0.0011670511
8411,0.5473992852293132,1.0000001,0.0017098656
8412,0.4168308492108371,1.0,0.0003075949
8413,0.4038451914611713,1.0,0.0008775501
8414,0.4644134849364659,1.0,0.00024426653
8415,0.3421444967024494,1.0,0.00035282943
8416,0.5234936143715965,0.99999994,0.00032568868
8417,0.4146303659117477,0.99999994,0.00020807888
8418,0.4040855403081151,1.0,0.0002171258
8419,0.31024952270976,1.0000001,0.0043153754
8420,0.3090521097181641,0.99999994,0.00081422174
8421,0.3460501229224749,1.0000001,0.00011760981
8422,0.4666837291363366,1.0,0.0016013028
8423,0.2669784207707263,0.99999994,0.0012575203
8424,0.4974565479012127,1.0,0.0
8425,0.4955134785787871,1.0,9.951599e-05
8426,0.2006242378148247,0.99999994,0.00028045414
8427,0.3777961313795587,1.0,0.0006423305
8428,0.4390366499315435,1.0,0.0007599403
8429,0.2993031827565524,1.0,0.0024336183
8430,0.4201226342912258,1.0,0.0027412132
8431,0.4700310569906725,1.0,0.009671145
8432,0.273285044861982,1.0,0.0011127697
8433,0.3712467987774697,1.0,0.00044329852
8434,0.6045839775146605,1.0,0.0004975799
8435,0.3693308886739357,0.99999994,0.0065499614
8436,0.4357087646209212,0.99999994,0.0012484733
8437,0.2599159942785675,1.0,0.0015379743
8438,0.3272692338499333,1.0,0.00012665671
8439,0.1729742030420986,1.0,0.000787081
8440,0.3932926868831551,1.0,0.00088659703
8441,0.2369854706664085,1.0,0.00048853306
8442,0.4254892118985779,1.0,0.0040711085
8443,0.598635537375941,1.0,9.046908e-06
8444,0.3572670421897512,1.0,0.0011489573
8445,0.3749567574222215,0.99999994,0.0019903197
8446,0.4077004092542136,1.0,0.0
8447,0.2861383035670978,0.9999999,0.002759307
8448,0.5267477215506852,1.0,0.009653051
8449,0.5769659610850961,1.0,0.00028045414
8450,0.4130289136259978,1.0,0.00023521962
8451,0.3366563187865791,1.0000001,0.0002171258
8452,0.3644036712333613,1.0,0.0034106844
8453,0.2856363591728941,1.0,0.00018093816
8454,0.6153319988332518,1.0,0.0011037228
8455,0.6823761555975325,0.99999994,0.009490207
8456,0.4190055237568368,0.99999994,0.0015289275
8457,0.3756092942661681,1.0,0.0029221515
8458,0.4570376115952604,1.0,0.00017189125
8459,0.3633012959516507,1.0,0.0003075949
8460,0.3518837193949914,1.0,0.00016284434
8461,0.3368639323263908,0.9999999,2.7140724e-05
8462,0.1801828399727782,1.0,0.0008051748
8463,0.2737648611729931,1.0,0.00085945625
8464,0.3402525153612473,1.0,0.0003437825
8465,0.288792815142069,1.0,0.00011760981
8466,0.3525436865415081,1.0,0.0015832089
8467,0.4456041645310222,1.0,0.00014475053
8468,0.5372309094069284,1.0,9.951599e-05
8469,0.314345739379375,1.0,0.0002261727
8470,0.4829853525015001,1.0,0.0026236034
8471,0.3462360392194851,0.99999994,0.0014203646
8472,0.2855247536129213,1.0,0.00047948613
8473,0.3311422032535446,1.0,0.00094992534
8474,0.2433124064065691,1.0,0.00023521962
8475,0.3750017605072927,1.0,0.00036187633
8476,0.3236672382214292,1.0,0.0010584883
8477,0.2798792749098683,1.0,0.0006694712
8478,0.4566531254686139,0.99999994,0.00023521962
8479,0.3658934020695958,0.99999994,0.00020807888
8480,0.3401867333131532,1.0,0.0023974306
8481,0.3947374929220868,0.99999994,0.00029854797
8482,0.6862973172658158,1.0,0.00018093816
8483,0.3730124812493148,1.0,0.00017189125
8484,0.3689382508863055,1.0,0.00059709593
8485,0.3248324915762501,1.0,0.0016013028
8486,0.6080078837405437,1.0,0.00094087847
8487,0.3876242027417707,1.0000001,0.0019903197
8488,0.6738456098050482,0.99999994,0.0007780341
8489,0.2853574943149436,1.0,0.0010042068
8490,0.2696285288474452,1.0,0.0003075949
8491,0.4475317674332053,1.0,0.0016374903
8492,0.6476389263613171,1.0000001,0.0005699552
8493,0.3753124127677797,1.0000001,0.0004523454
8494,0.2729781955433498,1.0,0.0004342516
8495,0.4045899659286981,1.0,0.0016374903
8496,0.3433810422055013,1.0,0.0017912878
8497,0.4338533135999889,1.0000001,0.002451712
8498,0.2470377270817806,1.0,0.0006151898
8499,0.3186463649090805,0.99999994,0.0015198806
8500,0.3343472105672873,1.0,0.0015379743
8501,0.2968260639180538,1.0,0.0009227846
8502,0.2811528337414073,1.0,0.00023521962
8503,0.5271368274484347,0.99999994,0.00019903199
8504,0.2992176008261494,1.0,0.00085945625
8505,0.3907305637712594,1.0,0.0026326503
8506,0.3797660886402163,1.0,0.00037092323
8507,0.3691321706058805,0.99999994,0.00019903199
8508,0.6489792018384148,1.0,0.045723073
8509,0.3369042948068496,1.0,0.0003347356
8510,0.2659815676087,1.0,0.00085945625
8511,0.3507024530993425,1.0,0.0020446014
8512,0.6816720320731807,1.0,0.0011580043
8513,0.4062075443436304,1.0,0.0004613923
8514,0.3575189064102895,1.0,9.046908e-05
8515,0.572673235880907,1.0,0.00023521962
8516,0.5531457382741187,1.0000001,0.0023069617
8517,0.5461419110392848,1.0,0.0010675351
8518,0.2610055867820489,1.0,0.00041615777
8519,0.4544576721553711,0.9999999,0.00083231553
8520,0.483815035859899,0.9999999,0.0006332836
8521,0.3096912847903995,1.0,0.00060614286
8522,0.4052366012555778,1.0,0.0005518614
8523,0.4099783029792581,1.0,0.00012665671
8524,0.7455618161263532,1.0000001,0.0011037228
8525,0.4484475256239499,0.99999994,6.3328356e-05
8526,0.4917078323321613,1.0,2.7140724e-05
8527,0.4509610965360042,1.0000001,0.00020807888
8528,0.690177807342668,0.99999994,0.00011760981
8529,0.3137796468339748,1.0,5.428145e-05
8530,0.5756013930877281,1.0,0.01661917
8531,0.4926434965693828,1.0,0.00020807888
8532,0.401857692509514,1.0,7.237527e-05
8533,0.4809536816833804,1.0,6.3328356e-05
8534,0.3066853654188295,0.99999994,0.00094992534
8535,0.445144730622235,1.0,0.00029854797
8536,0.3608624999260308,1.0,0.0009227846
8537,0.4374924819775165,1.0,9.046908e-06
8538,0.6175897487562975,1.0,0.0009951598
8539,0.5074546885878087,1.0,0.0003347356
8540,0.3091759587949297,1.0,0.0030940427
8541,0.2711432958248153,1.0000001,0.00084136246
8542,0.3570039181714083,1.0,0.0017460533
8543,0.3473347399446858,1.0,0.0018636631
8544,0.3571230034397863,1.0,0.00095897226
8545,0.3995435266173472,0.99999994,0.0012575203
8546,0.3611979775857284,1.0,0.0012937079
8547,0.3650207137129348,1.0,0.0025602751
8548,0.3298497499335752,1.0,0.00041615777
8549,0.2855474144381381,1.0,0.00011760981
8550,0.3171437578831655,0.99999994,0.0016193966
8551,0.5743078993772511,1.0,0.00028950107
8552,0.6607604997303514,0.99999994,0.000687565
8553,0.3014156582440205,1.0,0.0013027547
8554,0.4226951316040655,1.0,0.000588049
8555,0.4081865624836821,0.99999994,7.237527e-05
8556,0.4586095024710776,1.0,5.428145e-05
8557,0.4496749470810519,1.0,0.00076898717
8558,0.3377050919755887,0.99999994,0.005319582
8559,0.3769351080751782,0.99999994,0.0018184285
8560,0.4002471239415367,1.0,0.00053376757
8561,0.4215402081643918,1.0,0.0002261727
8562,0.4311092196419784,0.99999994,0.001275614
8563,0.361000606908341,1.0,0.0021531642
8564,0.5077184314461212,0.99999994,0.0002261727
8565,0.389365903666483,0.99999994,0.0013118017
8566,0.6047640769123807,0.99999994,0.00187271
8567,0.4488387438477121,0.9999999,0.0015198806
8568,0.3833979641197502,0.99999994,0.0005428145
8569,0.5005119811948319,1.0,0.0
8570,0.3677848410354203,1.0,9.046908e-05
8571,0.3783768249103349,0.99999994,0.0015289275
8572,0.2686640360309887,0.99999994,0.0006151898
8573,0.4062075443436304,1.0,0.0003347356
8574,0.4445245512421987,1.0,0.00137513
8575,0.4707173510707356,1.0,0.0019993668
8576,0.5204850711748075,1.0,0.00082326867
8577,0.6304159439983924,1.0,0.00016284434
8578,0.4861175037361647,1.0000001,0.0003166418
8579,0.4308564345451236,1.0,0.00047948613
8580,0.5155411226345167,1.0,0.00069661194
8581,0.4749271351352941,1.0,0.0008685032
8582,0.4934307521512245,1.0,0.0034830596
8583,0.3673993938222956,1.0,0.00044329852
8584,0.6349836187465614,0.99999994,0.00071470573
8585,0.4123479992648242,1.0,0.002949292
8586,0.4053035766838861,1.0,0.0001085629
8587,0.2358064372072737,1.0,0.002071742
8588,0.3317267125740205,0.99999994,0.00085945625
8589,0.45883525371213,0.99999994,0.00015379745
8590,0.2883536187540567,1.0,0.00071470573
8591,0.4066559518499592,1.0,0.0009227846
8592,0.3248345015020188,1.0,0.0013118017
8593,0.4834670150170279,0.99999994,0.0013298955
8594,0.2539107510803813,0.99999994,0.0030216672
8595,0.3581545516123319,1.0,8.142217e-05
8596,0.4473127583699037,1.0000001,0.0
8597,0.4201826202283232,1.0,0.0001085629
8598,0.5632681453896122,1.0,0.00020807888
8599,0.3121270818740342,1.0,0.00076898717
8600,0.4660230306185536,1.0,0.0010675351
8601,0.6001532340720621,1.0,0.00015379745
8602,0.3554905827291029,1.0,0.004432985
8603,0.3157656769793303,1.0,0.0016013028
8604,0.3795608914311085,1.0,0.0004342516
8605,0.5715410316465686,1.0,0.0030669018
8606,0.7448378024157611,1.0,0.0004613923
8607,0.3871144953788272,1.0,0.004803908
8608,0.4137059150375043,1.0,0.00015379745
8609,0.7228344393449961,0.99999994,0.00032568868
8610,0.3859309659802345,0.99999994,0.0014022707
8611,0.3160951391116935,1.0,6.3328356e-05
8612,0.5517185801042602,1.0,0.013099923
8613,0.293308387373235,0.9999999,0.00053376757
8614,0.6476740116204082,1.0,0.0
8615,0.366023178604609,1.0,6.3328356e-05
8616,0.3853020283421439,1.0,0.0010313476
8617,0.4915601303897832,1.0,0.0015560682
8618,0.4021554648521437,1.0,0.00026236035
8619,0.3706193199908487,0.9999999,0.0007780341
8620,0.3882584291233741,1.0,0.0028316823
8621,0.5256976819658112,1.0,1.8093817e-05
8622,0.2306030944180001,1.0,0.0017912878
8623,0.4342652087040168,1.0000001,0.0010675351
8624,0.7870785284328254,1.0,0.0004342516
8625,0.3254886945299425,1.0,0.0002261727
8626,0.556107202969836,1.0000001,0.0027954946
8627,0.4162497659673878,1.0,0.00037092323
8628,0.5817724088754747,1.0,5.428145e-05
8629,0.2723871541914464,1.0000001,0.0011308636
8630,0.5496206971961896,1.0,0.0016827249
8631,0.5083528030499413,1.0,0.00032568868
8632,0.4121955692723921,1.0,0.00083231553
8633,0.4576283741243399,0.99999994,0.0002171258
8634,0.3627309755143715,1.0,0.0001085629
8635,0.3476935306456268,1.0,0.0
8636,0.6799777462539432,1.0,0.0006423305
8637,0.5876963042685641,1.0,0.00020807888
8638,0.2962266762425051,1.0,0.0013660832
8639,0.3093204979568451,1.0,0.00026236035
8640,0.3692642794654258,1.0000001,0.0025783689
8641,0.3164634389921758,0.99999994,0.002958339
8642,0.4739931993102858,0.99999994,0.0032297461
8643,0.3103905091995354,1.0,0.001275614
8644,0.2844502182297558,0.99999994,0.004803908
8645,0.3294154837191599,1.0,0.0002261727
8646,0.6378892913118944,1.0,0.00037092323
8647,0.4102989630880567,1.0,0.0018093816
8648,0.4698009301639932,1.0,0.00011760981
8649,0.6605536112570526,1.0,0.0003075949
8650,0.3863812994967806,1.0,0.028778216
8651,0.4305911429030905,1.0,0.00048853306
8652,0.2750113501075859,1.0,0.0036006696
8653,0.5526434737509638,1.0,0.0015832089
8654,0.4348568135442447,1.0,0.00029854797
8655,0.3534602415945758,1.0,0.0005156738
8656,0.4000988768369101,1.0,0.0007780341
8657,0.4048071678360797,1.0,0.00020807888
8658,0.3021545385677991,1.0,0.0019450852
8659,0.3666857458426545,1.0,0.0017731941
8660,0.6040348424902704,0.99999994,0.0002171258
8661,0.6113787187520623,1.0,0.0006151898
8662,0.618226648640144,1.0,0.0018365224
8663,0.3591323184515795,1.0,0.0004342516
8664,0.5598952886264256,1.0,0.00020807888
8665,0.3207517465884133,1.0,0.0010584883
8666,0.3856374373984286,0.99999994,0.00014475053
8667,0.4752771670154683,0.99999994,0.0009227846
8668,0.4765905359514949,1.0,7.237527e-05
8669,0.3419966016534513,1.0,0.0014565522
8670,0.3358182202772698,1.0,0.002469806
8671,0.5649843894085465,1.0,0.00081422174
8672,0.3853886696549768,1.0000001,0.00023521962
8673,0.4432441950049271,1.0,0.00020807888
8674,0.3369944528624641,1.0,0.0025240874
8675,0.3074562130308266,0.99999994,0.00018998508
8676,0.5317537016263914,1.0,0.0005156738
8677,0.3697631403247657,1.0,0.0009227846
8678,0.3384714813416869,0.99999994,0.0015832089
8679,0.415153808311414,1.0,0.00028045414
8680,0.2786651114696846,0.99999994,6.3328356e-05
8681,0.3420325649438273,1.0,0.0022436331
8682,0.455685433053103,1.0,0.0
8683,0.4429754399582259,1.0,0.0002171258
8684,0.7578900098418399,0.9999999,0.0
8685,0.5255237159772268,1.0,0.00035282943
8686,0.3518269166933729,1.0,0.0011941919
8687,0.3430423813629086,1.0,0.0019269915
8688,0.3470062383709238,0.99999994,0.00029854797
8689,0.3856398196860637,1.0,0.0010584883
8690,0.481270443805507,0.99999994,0.0009770661
8691,0.4942118638557357,0.99999994,1.8093817e-05
8692,0.4081214500887397,1.0,0.00027140725
8693,0.7578900098418399,0.9999999,0.08716696
8694,0.5891371323840103,0.9999999,0.0008775501
8695,0.3990288872045199,1.0,0.0027321663
8696,0.5255232642855143,1.0,0.0003166418
8697,0.3101484678060706,1.0,0.00027140725
8698,0.3022058641067078,1.0,0.0013208486
8699,0.3352464662040957,1.0,5.428145e-05
8700,0.2397753739631672,1.0000001,0.0015198806
8701,0.2382199848141237,1.0,0.00044329852
8702,0.2454069485738603,0.9999999,0.0010042068
8703,0.3029323354351634,1.0000001,0.00048853306
8704,0.3865336562892112,1.0,9.046908e-06
8705,0.4141645535368765,1.0,0.00028045414
8706,0.4727401901782104,1.0,0.00018998508
8707,0.2997552110282677,1.0,0.0012394264
8708,0.7600392783567993,1.0,0.010467273
8709,0.4244997599729242,1.0,4.523454e-05
8710,0.7792695644233848,0.9999999,0.00053376757
8711,0.43913563367357,1.0,7.237527e-05
8712,0.5095736827143624,1.0,0.0003166418
8713,0.755089807304652,1.0,0.010593929
8714,0.7191833980155895,1.0000001,6.3328356e-05
8715,0.2283620975032439,1.0,0.00017189125
8716,0.3891983691687141,1.0,0.0017370064
8717,0.3962973926162265,0.9999999,0.0011127697
8718,0.5063654522812168,1.0,9.046908e-06
8719,0.3535832524652337,1.0,0.0012122857
8720,0.3145638399766449,1.0,0.0045234542
8721,0.1876543334490775,0.99999994,0.00047948613
8722,0.4659396145151466,1.0000001,0.00059709593
8723,0.3264873479765478,1.0,8.142217e-05
8724,0.3196239569242802,1.0,0.003654951
8725,0.2093711105465975,1.0,0.00013570362
8726,0.6518932046699815,1.0,0.0016465373
8727,0.4259444898035808,1.0,1.8093817e-05
8728,0.4531543992333065,1.0,0.0012213326
8729,0.3365921639261158,0.9999999,0.0013932239
8730,0.417306988124201,0.9999999,0.0008775501
8731,0.444864050554659,1.0,0.0003166418
8732,0.3627203139815068,0.99999994,0.0023974306
8733,0.3997469915967006,1.0,0.0002261727
8734,0.3717138123401132,1.0000001,0.005211019
8735,0.5095321495140741,1.0,0.0008685032
8736,0.5891371323840103,0.99999994,0.00011760981
8737,0.5439878233893025,0.9999999,0.013787488
8738,0.4523776360506384,1.0,0.0017822409
8739,0.8748550556861474,1.0,0.0005247207
8740,0.2227247687599456,1.0,0.0004252047
8741,0.342185193622475,1.0,0.00020807888
8742,0.3072787327545699,1.0,0.00081422174
8743,0.5468750943428968,1.0,0.0005428145
8744,0.3416828355734521,0.99999994,9.046908e-06
8745,0.636907070719924,0.99999994,0.004650111
8746,0.51125410692595,1.0,1.8093817e-05
8747,0.5830734538299164,1.0,0.00026236035
8748,0.402293554827435,1.0,9.046908e-06
8749,0.3631211787361529,1.0,0.0021169765
8750,0.3219809951496342,1.0,0.0016284435
8751,0.4880633137221473,0.99999994,0.0005428145
8752,0.4028278529620714,1.0,0.0008685032
8753,0.352928819667812,1.0,0.0010223007
8754,0.5126262510596337,1.0,0.0027321663
8755,0.5224852081810689,1.0,5.428145e-05
8756,0.2960000983594723,0.99999994,0.0003166418
8757,0.4147104008747865,1.0,0.00037997015
8758,0.3153326990241345,1.0000001,0.0005156738
8759,0.4083210925207141,1.0,0.0014113177
8760,0.5753790788020453,1.0000001,3.6187634e-05
8761,0.6983487053283803,1.0,0.020536482
8762,0.6997508072913577,0.99999994,0.0017279595
8763,0.3609890136088404,1.0,0.00011760981
8764,0.587481377927164,1.0000001,0.00012665671
8765,0.3899334487802636,1.0,0.00015379745
8766,0.3519645699243001,1.0,0.0018093816
8767,0.2851572911162187,0.99999994,0.00041615777
8768,0.3918596097379168,1.0,0.0006423305
8769,0.4715449819426943,1.0,0.0054914732
8770,0.2281396541374328,0.99999994,0.0019903197
8771,0.384228603480644,0.99999994,0.0017008188
8772,0.4374928353630612,1.0000001,0.0005699552
8773,0.6172308843171134,0.99999994,0.00053376757
8774,0.518287759013225,1.0,0.00053376757
8775,0.4123059817365219,1.0,0.0001085629
8776,0.3339899960656557,1.0,0.0029402452
8777,0.2352371157105852,1.0,0.0015832089
8778,0.2664910573143773,0.99999994,4.523454e-05
8779,0.3264322381392719,1.0,0.0012303796
8780,0.2355577339418829,1.0,0.00094087847
8781,0.5431975608779508,1.0,0.00070565887
8782,0.4056811074387448,1.0,0.0003437825
8783,0.4606205492824001,1.0,0.0019269915
8784,0.3182013632939253,1.0,0.00017189125
8785,0.522654912236536,1.0,0.0004613923
8786,0.4189882179097468,0.99999994,4.523454e-05
8787,0.5987298775725403,0.99999994,0.00029854797
8788,0.554872340858982,1.0,9.951599e-05
8789,0.3125219339505769,1.0,0.002469806
8790,0.3477917680895563,1.0,0.0017551002
8791,0.4449960459792959,1.0,9.951599e-05
8792,0.2239503463923662,1.0,0.0003166418
8793,0.3512585032272868,1.0,0.0017008188
8794,0.3179709257397396,1.0,0.00048853306
8795,0.3332109987273693,0.99999994,0.00060614286
8796,0.3504646191585702,1.0,7.237527e-05
8797,0.4740604565453974,1.0,9.046908e-06
8798,0.2194396399698375,1.0000001,0.0004252047
8799,0.4893091911341705,1.0,2.7140724e-05
8800,0.2869606459043453,0.99999994,0.0011580043
8801,0.470436849284869,0.99999994,0.00019903199
8802,0.7498534562764424,1.0,0.00057900214
8803,0.3093750693529309,0.9999999,0.0020807888
8804,0.3160548341775857,1.0000001,0.00079612795
8805,0.4870035661863468,1.0,0.0004252047
8806,0.522007036866719,1.0,0.001275614
8807,0.3518886895414149,1.0,0.0006423305
8808,0.5297892460661768,1.0,0.0014022707
8809,0.6902411479641025,1.0,0.0004523454
8810,0.3434409284571491,1.0,0.00085945625
8811,0.4084681186470171,1.0,0.00018093816
8812,0.3218596402652844,1.0,0.0010042068
8813,0.3931204414567374,1.0,0.001085629
8814,0.311960506402572,0.99999994,0.00071470573
8815,0.4391633801573263,1.0,0.0010042068
8816,0.4116876781000043,1.0,9.951599e-05
8817,0.4730186024776885,1.0,0.00017189125
8818,0.393116933427113,1.0,0.0010313476
8819,0.5072387315431997,1.0,0.0013570362
8820,0.5214484726552439,1.0,0.0033021215
8821,0.3626652487322646,1.0,0.00044329852
8822,0.3340266572116788,1.0,0.0015017868
8823,0.4146981047674645,1.0,0.0013570362
8824,0.3806443199112865,1.0,0.0010675351
8825,0.5052399537599522,1.0,0.00028045414
8826,0.2932636473342583,1.0,0.0004613923
8827,0.5750399343002524,1.0,0.0063690236
8828,0.3082725005292695,1.0,0.0024245714
8829,0.6531961611246664,0.99999994,0.002162211
8830,0.4740842122165759,1.0,0.00040711087
8831,0.2804042085371889,0.99999994,0.0015651152
8832,0.3104068750314216,0.99999994,0.00023521962
8833,0.3661636418649641,0.99999994,0.0003347356
8834,0.4049501873570877,1.0,0.0005156738
8835,0.3487828197891583,0.99999994,0.001384177
8836,0.4701543965321459,1.0,0.00015379745
8837,0.4302927507992268,1.0,0.0005428145
8838,0.1475835311306181,1.0,3.6187634e-05
8839,0.245322434587515,0.99999994,0.00083231553
8840,0.3341868499810053,1.0000001,0.0007508934
8841,0.7223168974224018,1.0,0.0042701405
8842,0.2908968469585981,1.0,0.0004523454
8843,0.3805645466041465,1.0,0.00019903199
8844,0.475929596902341,0.99999994,0.0013389424
8845,0.2661995097600519,1.0,0.0011037228
8846,0.6502068077661408,0.99999994,1.8093817e-05
8847,0.4181007229867339,0.99999994,0.00057900214
8848,0.3413454824973172,1.0,0.00036187633
8849,0.3229465013414075,1.0,0.00037997015
8850,0.4701308066434763,0.99999994,0.0015832089
8851,0.3881841342971927,1.0000001,0.00012665671
8852,0.2202378831521027,1.0,0.0013479893
8853,0.6233791919198699,0.99999994,0.0010403944
8854,0.5205910344086726,0.99999994,0.00059709593
8855,0.3513070450191758,1.0,0.006604243
8856,0.3592219568045899,1.0,0.0003166418
8857,0.6514868048097217,0.99999994,0.0
8858,0.325776581521174,1.0,0.0004342516
8859,0.3596025611090001,1.0,0.0024245714
8860,0.4568987804430818,0.99999994,0.0019903197
8861,0.2719965812398678,0.9999999,0.00047043923
8862,0.3350301525449518,1.0,9.046908e-05
8863,0.286249223435794,1.0,6.3328356e-05
8864,0.3771596803677897,1.0,0.00011760981
8865,0.4734922314518635,1.0,0.0007327996
8866,0.7312511359682441,1.0,0.0008956439
8867,0.5764092276118837,1.0,9.046908e-06
8868,0.3705850877377069,1.0,0.00050662685
8869,0.47642573217849,1.0,0.0017189125
8870,0.6305639636454174,1.0,0.0006694712
8871,0.3038906135469477,1.0,0.002876917
8872,0.4213355071391301,1.0,0.0014565522
8873,0.5013635225103729,1.0,0.00018998508
8874,0.3169033885093479,1.0,0.0015922559
8875,0.4579646860277108,1.0,1.8093817e-05
8876,0.3505379157622232,1.0,0.0025874157
8877,0.3084349917582459,0.99999994,0.001176098
8878,0.4392032490286643,1.0000001,0.00020807888
8879,0.6246582962526365,1.0,0.0014294115
8880,0.2336445300258463,0.99999994,0.00047948613
8881,0.4197834303526671,1.0,0.0003166418
8882,0.2416384602571803,1.0,0.0008051748
8883,0.2017167967057919,1.0,0.00079612795
8884,0.2576865824325376,0.99999994,0.0003437825
8885,0.8877559602927784,1.0,0.0058804904
8886,0.4400422506812343,1.0,0.00019903199
8887,0.3018552255681429,0.99999994,0.0016374903
8888,0.3551694848315138,0.99999994,0.00016284434
8889,0.3260086756787813,1.0000001,0.0013027547
8890,0.4665032072473816,1.0,0.007825576
8891,0.4264101618337853,1.0,0.0016917718
8892,0.5100744702055288,1.0,0.0003166418
8893,0.5047125492292099,1.0,0.0007780341
8894,0.6349316067133415,1.0,0.00028045414
8895,0.4677440370612341,0.99999994,0.00016284434
8896,0.2913513646783259,1.0,0.0011941919
8897,0.4986500988517307,1.0,0.00023521962
8898,0.338804730486905,0.99999994,0.0
8899,0.4004909002848778,1.0,0.0002261727
8900,0.4678103518237369,1.0,0.00012665671
8901,0.5026472941231448,1.0,0.0006423305
8902,0.3863716011888085,1.0,0.0005428145
8903,0.4091689508181108,1.0,4.523454e-05
8904,0.3924834945035481,1.0,0.00011760981
8905,0.289555499645177,0.99999994,0.00071470573
8906,0.4281603917491748,1.0,0.0005518614
8907,0.523267391925628,1.0,0.002469806
8908,0.495151475586657,0.9999999,0.00044329852
8909,0.3356240891758367,1.0,0.0033925907
8910,0.5439878233893025,1.0,0.008504094
8911,0.3061830847946142,1.0,0.00032568868
8912,0.455619170604649,1.0,0.0
8913,0.4178436904325496,1.0000001,0.00062423665
8914,0.3179687371091558,1.0,0.0016917718
8915,0.3170882654185604,1.0000001,0.0020084137
8916,0.6314645841794705,0.99999994,0.002849776
8917,0.3698025969430719,1.0,0.0004613923
8918,0.4299441342339056,1.0000001,0.0
8919,0.4622155513350244,0.99999994,0.0003075949
8920,0.4479461374109691,1.0,0.00011760981
8921,0.2875041531768011,0.99999994,0.0006694712
8922,0.5061601916642392,1.0,0.0022526802
8923,0.3865372132208804,1.0,0.00019903199
8924,0.4056811074387448,1.0,0.0036278102
8925,0.2329875451477412,1.0,0.0005428145
8926,0.4379789689750636,1.0,0.008522187
8927,0.4142260865556416,0.99999994,0.00011760981
8928,0.6112103093676968,1.0000001,0.00037997015
8929,0.4919242291818499,1.0,0.0028859638
8930,0.3475746611187957,0.9999999,0.00016284434
8931,0.5440097315729271,1.0,0.00041615777
8932,0.431450736813841,1.0,0.0005518614
8933,0.5245432041778302,1.0,0.00012665671
8934,0.4247720229732012,1.0,0.0034197313
8935,0.2721850829342317,1.0000001,0.0010403944
8936,0.4397183375605152,1.0,0.0023069617
8937,0.4353475673884861,1.0,0.0011127697
8938,0.2497444562237715,1.0,9.046908e-06
8939,0.3336648746606255,1.0,0.002162211
8940,0.3308142676794665,1.0,0.0017822409
8941,0.3568509817393449,1.0,0.00047948613
8942,0.4920559093988143,1.0,0.0009770661
8943,0.4190417479042037,1.0,0.00027140725
8944,0.3602597079994455,0.99999994,0.0028859638
8945,0.379265941734928,1.0000001,0.0007599403
8946,0.4285447297699284,1.0,0.00026236035
8947,0.3683319077815076,1.0,0.0042158593
8948,0.4677413095822499,1.0000001,0.0008685032
8949,0.4582077256476478,0.9999999,0.0015289275
8950,0.4484695029746406,1.0000001,0.0031302304
8951,0.3716590157051154,0.99999994,0.0004342516
8952,0.3272607871213885,0.99999994,0.00070565887
8953,0.3153822166681733,1.0,9.046908e-05
8954,0.4004279017001243,0.99999994,0.00020807888
8955,0.5629480057042521,1.0,0.00044329852
8956,0.541437091607405,1.0,0.0008504094
8957,0.4266987411670724,1.0,8.142217e-05
8958,0.3663721546969733,0.99999994,0.00053376757
8959,0.3252497662564241,1.0,0.0040711085
8960,0.2488930182989687,1.0,0.00016284434
8961,0.381262228658528,1.0,0.00072375266
8962,0.4614834754776821,1.0,0.00048853306
8963,0.3234866528936767,1.0,0.0007327996
8964,0.168647653061735,1.0,0.00026236035
8965,0.5188867965330841,1.0,0.0007508934
8966,0.2725306068977776,1.0,0.00071470573
8967,0.4477263731012398,0.9999999,0.0017551002
8968,0.4784451691942806,1.0,0.00023521962
8969,0.2854767754366449,1.0,0.0013027547
8970,0.3792519482514421,1.0,0.0021079297
8971,0.3015897194793949,1.0,0.00013570362
8972,0.5201354347838565,1.0,0.0007327996
8973,0.4079517470264455,1.0,0.00039806397
8974,0.4197669640982175,1.0,0.00085945625
8975,0.387056345889599,1.0,0.0038630299
8976,0.4901524344370312,0.99999994,0.00018998508
8977,0.2177851898091826,1.0,7.237527e-05
8978,0.3491913006759319,1.0,0.0030126204
8979,0.3087571732199606,0.99999994,6.3328356e-05
8980,0.6145853236921334,1.0,0.00013570362
8981,0.3832712626187594,1.0,0.007970327
8982,0.400643688415203,0.9999999,0.00085945625
8983,0.724070430150429,1.0,6.3328356e-05
8984,0.3002162818311895,1.0,0.006305695
8985,0.3215280823908338,1.0,0.00014475053
8986,0.3739060954045066,0.99999994,0.00013570362
8987,0.3934482835384051,1.0,0.0002171258
8988,0.2621444481999774,0.99999994,0.00020807888
8989,0.3808195562051406,1.0,0.00047043923
8990,0.2902380603170937,1.0,0.00025331342
8991,0.3106284050012592,0.99999994,0.00012665671
8992,0.3167578526532812,1.0,0.0004252047
8993,0.365255794969815,1.0,0.0005247207
8994,0.3729919223434267,1.0,0.00017189125
8995,0.3510443800121164,1.0,0.0005609083
8996,0.5229876917561949,1.0000001,0.0027412132
8997,0.8503546633096468,1.0,0.00028950107
8998,0.7260827109982687,1.0,0.0018908038
8999,0.3039918011772476,0.99999994,0.0025059935
9000,0.2448440115070251,1.0,0.0
9001,0.5788002749696662,0.99999994,0.00011760981
9002,0.2566823468210101,1.0,7.237527e-05
9003,0.7093299403591836,0.99999994,0.011218166
9004,0.640992291566097,0.99999994,0.0014565522
9005,0.419073037255263,1.0000001,0.0015289275
9006,0.2890419304788947,1.0,0.00062423665
9007,0.4860636668323873,1.0,3.6187634e-05
9008,0.4895715664304052,1.0,0.00015379745
9009,0.2654546298789914,1.0,0.0006423305
9010,0.4268017625378602,1.0,0.00036187633
9011,0.4829853525015001,0.99999994,0.0019541322
9012,0.5725470598218921,0.99999994,0.0022526802
9013,0.7045068226666831,1.0,0.0021260234
9014,0.3593824540070023,1.0,0.0016646311
9015,0.295243920780335,0.99999994,0.0012394264
9016,0.3751276091963159,1.0,0.00048853306
9017,0.5414074022550155,1.0,0.00585335
9018,0.2722317409426266,1.0,0.0034740127
9019,0.2692816625041301,1.0,0.00025331342
9020,0.2090917429221526,1.0,0.00024426653
9021,0.3394680412919612,1.0,0.0003437825
9022,0.4519191642909125,1.0,0.00237029
9023,0.4791129688424547,1.0,4.523454e-05
9024,0.6305529139894406,1.0000001,0.00084136246
9025,0.5624001470235047,1.0,0.0007599403
9026,0.5004874732602399,0.99999994,0.000687565
9027,0.4039581053433916,1.0000001,0.0024788529
9028,0.3504353781351088,1.0,0.001474646
9029,0.4117622472993378,1.0,0.0022164925
9030,0.5148069027597465,1.0000001,0.0062333196
9031,0.3149747618431704,1.0000001,0.0017279595
9032,0.3018787929763289,1.0,0.0017912878
9033,0.7973691452094566,1.0,0.00028950107
9034,0.330868666712816,0.99999994,0.00069661194
9035,0.441715931951436,0.9999999,4.523454e-05
9036,0.453068468377389,1.0,0.0062876013
9037,0.4289252551243478,1.0,0.00016284434
9038,0.271497961376525,1.0,9.046908e-05
9039,0.4147592324021601,1.0,0.002451712
9040,0.2665561603919071,1.0,0.00040711087
9041,0.3201835991962875,1.0,0.0003347356
9042,0.3128230431554353,0.9999999,0.00094992534
9043,0.5195445855458528,1.0,0.0027050255
9044,0.5062631085965749,1.0,0.0015560682
9045,0.5155656718879309,1.0,9.046908e-06
9046,0.4174694422926545,0.99999994,0.00023521962
9047,0.317582416196816,1.0,7.237527e-05
9048,0.4387012671471949,1.0,0.0002261727
9049,0.2719785503862424,1.0,0.00037997015
9050,0.3491913006759319,1.0,0.0012303796
9051,0.7600392783567993,1.0,0.0013027547
9052,0.3396888256746553,1.0,0.00013570362
9053,0.5822889181173365,1.0,0.00015379745
9054,0.2470070362631866,1.0,0.0019360384
9055,0.2879210603002732,1.0,0.00053376757
9056,0.24665857109672,1.0,0.0004252047
9057,0.273458262403463,1.0,3.6187634e-05
9058,0.615700090767402,1.0,1.8093817e-05
9059,0.2945189818375378,1.0,5.428145e-05
9060,0.6034740674950263,1.0,0.00047043923
9061,0.3896627542815939,1.0,0.0017551002
9062,0.3515715463918235,0.99999994,0.00062423665
9063,0.2816953638044143,0.9999999,0.000787081
9064,0.2809491553109224,0.9999999,0.0003437825
9065,0.5519371139836172,1.0,0.002270774
9066,0.3128354116909803,0.99999994,0.0023974306
9067,0.4685452337735841,1.0,0.0015017868
9068,0.4549647313514564,1.0,0.00050662685
9069,0.464775663565835,0.99999994,0.0003075949
9070,0.2803906807605231,1.0000001,0.0007327996
9071,0.3280914246008884,0.99999994,0.0028407292
9072,0.3354799971079467,1.0,0.0021169765
9073,0.3622709158446557,1.0,0.00011760981
9074,0.2881995219934352,1.0,0.00059709593
9075,0.3535724804332384,1.0,0.0018184285
9076,0.6952132834640681,1.0,0.00024426653
9077,0.5717044460416436,0.99999994,0.0003075949
9078,0.4251378461148908,1.0,0.00041615777
9079,0.3798303526982896,1.0,0.0025874157
9080,0.424488560060498,1.0,0.00088659703
9081,0.3139534292871044,1.0,0.00047948613
9082,0.3077061704658396,0.99999994,0.00023521962
9083,0.56200257086397,1.0,0.0018093816
9084,0.3316522088264084,1.0,0.006106663
9085,0.4810934794211169,1.0,0.0010584883
9086,0.4630529357426763,1.0,0.0043606097
9087,0.3595403047552428,0.99999994,6.3328356e-05
9088,0.3743355443968199,1.0,0.00035282943
9089,0.3438982157580453,1.0,0.0024788529
9090,0.4033741965455232,0.99999994,0.0012394264
9091,0.4758326275425374,1.0,0.00062423665
9092,0.3754353762690988,1.0,2.7140724e-05
9093,0.3972843845059969,1.0,0.0013118017
9094,0.2982796824591803,1.0,0.0034921067
9095,0.333937141459815,1.0,1.8093817e-05
9096,0.6864421581730618,1.0,0.00081422174
9097,0.5064709404821566,0.9999999,1.8093817e-05
9098,0.3869172199674509,1.0000001,7.237527e-05
9099,0.5555744722762032,1.0,0.00027140725
9100,0.5212139778540211,1.0000001,0.0014203646
9101,0.2677277178649337,1.0000001,0.00091373775
9102,0.5897612306685588,1.0,0.00094087847
9103,0.5928657116464467,1.0,0.00091373775
9104,0.4645915298861248,0.99999994,0.0030940427
9105,0.6428372555171158,1.0000001,0.00040711087
9106,0.2835150577329434,0.99999994,0.0035011536
9107,0.5977699432332757,1.0000001,0.0033925907
9108,0.3233258351825179,1.0,0.002551228
9109,0.226245045054572,1.0,0.0015198806
9110,0.4360207632822574,1.0,0.00072375266
9111,0.320152442001937,0.99999994,0.0012484733
9112,0.4783951324618354,0.9999999,0.0015560682
9113,0.4609955227568211,1.0,0.00074184645
9114,0.2193064369670003,1.0,0.004912471
9115,0.3316256688878268,1.0,0.0018546162
9116,0.3738416284575575,1.0000001,0.0025331343
9117,0.2221917881010361,1.0,0.000588049
9118,0.4557134261451367,1.0,0.0
9119,0.5521967074190729,1.0,0.0011580043
9120,0.565059922132648,1.0,0.0005247207
9121,0.6089365155020467,1.0,0.0013570362
9122,0.352198900128482,0.99999994,0.0006604243
9123,0.3073809384366884,1.0,0.0024878997
9124,0.3422068272825618,1.0,0.0011127697
9125,0.410844175844828,1.0,0.0015832089
9126,0.347670482828128,1.0,0.0036006696
9127,0.5373214180590199,1.0,0.00020807888
9128,0.3511682005186857,0.99999994,0.004252047
9129,0.2909428385935056,0.99999994,0.0004252047
9130,0.3608624999260308,0.9999999,0.0015832089
9131,0.3524513771769225,0.99999994,0.0047767675
9132,0.6633537001182868,1.0,0.0044601257
9133,0.3364512754244441,1.0,0.00062423665
9134,0.4430711103886429,1.0,0.00038901705
9135,0.2711918256677668,1.0,0.00038901705
9136,0.3510732298948849,1.0,0.00047043923
9137,0.4643501104550523,1.0,0.0002261727
9138,0.5465104881128239,0.99999994,0.0011127697
9139,0.3449467320952942,1.0,6.3328356e-05
9140,0.3118613480006117,0.99999994,0.0014113177
9141,0.3413617885954022,1.0,0.00020807888
9142,0.3386541357370171,1.0,0.0015560682
9143,0.3171680177525346,1.0,0.00012665671
9144,0.3312544091552074,1.0,0.002958339
9145,0.4604242094914806,0.99999994,0.0014113177
9146,0.4677658566252555,0.99999994,0.0005518614
9147,0.3473456213609249,1.0,0.0005699552
9148,0.64586842105479,1.0,0.00016284434
9149,0.3551199888876817,1.0,0.00028045414
9150,0.3491727949054191,1.0,0.0006785181
9151,0.4571232202006538,1.0,0.0006332836
9152,0.3691724583473286,1.0,0.0016103496
9153,0.2959271936064828,1.0,0.00039806397
9154,0.646531050303551,1.0,0.00041615777
9155,0.2868668843508158,1.0,4.523454e-05
9156,0.4451790362756591,1.0,0.0009227846
9157,0.28681166204858,1.0,0.00018093816
9158,0.4572020526010871,1.0,0.00072375266
9159,0.416053804889114,1.0,0.00016284434
9160,0.3716333766386663,1.0,0.00032568868
9161,0.39352843352896,1.0000001,0.01386891
9162,0.608173160557553,1.0,0.00027140725
9163,0.5088540064487524,1.0,0.00019903199
9164,0.3813739216912638,1.0,0.002849776
9165,0.489265623700419,0.99999994,0.001275614
9166,0.4715147945409741,1.0,0.001176098
9167,0.3952921472864761,0.99999994,0.0013570362
9168,0.321754763972409,1.0,0.0
9169,0.6693896003792937,1.0,9.046908e-06
9170,0.4000454533965331,1.0,0.00038901705
9171,0.5391452768589452,1.0,0.00057900214
9172,0.4586896504312637,1.0000001,0.0005156738
9173,0.3596698660862799,0.99999994,0.0022979146
9174,0.4405676248672012,1.0,0.00013570362
9175,0.6790799523836571,0.99999994,0.000986113
9176,0.6727136033439033,1.0,0.002569322
9177,0.3903276401154522,1.0,0.00076898717
9178,0.3195188608249417,1.0,0.0033202153
9179,0.1791897009969388,1.0,0.00013570362
9180,0.3565266250822695,1.0,0.0006694712
9181,0.6839923598838324,1.0000001,6.3328356e-05
9182,0.4402772226710759,1.0000001,0.00069661194
9183,0.4273177839623624,1.0,0.0021350703
9184,0.3909815345142535,1.0,0.00028950107
9185,0.3231743415208711,1.0,0.0019179445
9186,0.2967034355032683,1.0,0.00019903199
9187,0.449375535470191,1.0,0.007282761
9188,0.2897068264028462,0.99999994,0.0024607591
9189,0.3625312274496661,0.99999994,0.0004342516
9190,0.3967235980347666,1.0,0.0011127697
9191,0.4858492473076208,1.0000001,0.00024426653
9192,0.2373057791533014,1.0,0.00028045414
9193,0.3611897201812945,1.0,0.0027140724
9194,0.4912058768586087,1.0,4.523454e-05
9195,0.4746589940468343,1.0000001,0.00016284434
9196,0.3336847313996345,1.0,0.002062695
9197,0.5167198844088694,1.0,0.0006151898
9198,0.2722601733928342,1.0,0.001284661
9199,0.4990267823017104,1.0,0.0021983988
9200,0.2530791389406609,1.0,0.004948659
9201,0.2891422261761605,1.0,0.0041796714
9202,0.4128043482309796,0.99999994,0.0029402452
9203,0.4870943516377504,1.0,0.0045777354
9204,0.3935161591397024,1.0,0.000787081
9205,0.6268280296311907,1.0,0.0008051748
9206,0.2324089132864846,1.0,0.0003347356
9207,0.3202816860995717,0.99999994,0.0030759487
9208,0.3262612688284949,1.0,0.0006604243
9209,0.3730361924623617,1.0,0.006920885
9210,0.3166939068003593,1.0,0.00094087847
9211,0.3898886490338939,1.0,0.0047586737
9212,0.345229321148307,1.0,7.237527e-05
9213,0.3923166700686588,0.99999994,0.00011760981
9214,0.3291118778374198,1.0,9.046908e-06
9215,0.3076133686104911,1.0,0.00025331342
9216,0.373431162133363,1.0,0.003446872
9217,0.2868022797898192,1.0,0.0015470213
9218,0.3592537886380745,1.0,0.0007508934
9219,0.2797281281946456,1.0000001,0.0012032388
9220,0.5020381643317713,1.0,0.0011037228
9221,0.3214985409620503,0.99999994,0.0
9222,0.4189882179097468,0.99999994,9.046908e-06
9223,0.3155260711175207,1.0,0.0014475053
9224,0.29176755118371,0.99999994,0.00069661194
9225,0.3304445082989654,0.99999994,0.0011489573
9226,0.2966663766009061,0.99999994,0.0027412132
9227,0.5595310700361142,1.0,0.00072375266
9228,0.3903548801485857,0.9999999,0.0
9229,0.3425773442802491,0.99999994,0.0
9230,0.6843265027266494,1.0,0.0022798209
9231,0.2722735861405971,1.0,9.046908e-06
9232,0.4801216752350976,1.0000001,0.0018817569
9233,0.3117833841166961,1.0,0.0003347356
9234,0.3290296216340303,1.0,0.00048853306
9235,0.4117927993935377,0.99999994,0.0023793369
9236,0.3244116953839931,1.0,0.0005156738
9237,0.4308564345451236,1.0,0.0003347356
9238,0.3635078335343781,1.0000001,0.0025331343
9239,0.3700697696283355,1.0,0.003057855
9240,0.4429588831134712,1.0,0.004053015
9241,0.724070430150429,1.0,0.00017189125
9242,0.4993662092710066,0.99999994,0.0002171258
9243,0.3948354510086939,0.99999994,0.000787081
9244,0.1807280039985422,1.0,0.00013570362
9245,0.4134441104346736,1.0,0.0027231195
9246,0.3805275154809852,1.0000001,0.0013208486
9247,0.3645029227424568,0.9999999,0.0004342516
9248,0.515371958644447,1.0,0.0031302304
9249,0.5166567970221122,0.99999994,0.0044148914
9250,0.5109569705911456,1.0,0.0011308636
9251,0.3246954390492966,1.0,0.00013570362
9252,0.4398403276296381,0.9999999,0.00037997015
9253,0.2662246587029707,0.99999994,0.0005518614
9254,0.6959801097041636,0.99999994,0.0017912878
9255,0.3507024530993425,1.0000001,0.0022255394
9256,0.4006278812397587,1.0,0.00012665671
9257,0.2832383027541846,1.0000001,0.00018998508
9258,0.3908539437267725,0.9999999,1.8093817e-05
9259,0.1887374174777316,1.0,0.000687565
9260,0.437435716048498,1.0,0.0005156738
9261,0.5390789560169681,0.9999999,0.0016284435
9262,0.4741275133981307,1.0,0.0013570362
9263,0.8240879004620212,1.0,0.0
9264,0.376364561705631,0.9999999,0.0016917718
9265,0.4885001673576101,1.0,9.046908e-06
9266,0.2961704989743479,1.0,0.003347356
9267,0.3832843686656471,1.0000001,0.0015470213
9268,0.390628555863047,1.0,1.8093817e-05
9269,0.5641621816563052,0.99999994,0.00041615777
9270,0.3976705285884869,1.0,5.428145e-05
9271,0.4022168997731034,1.0,0.0030035735
9272,0.4522694234540023,1.0,0.0023431492
9273,0.3933659771650702,0.99999994,0.00032568868
9274,0.4003218022617331,0.9999999,0.00024426653
9275,0.445577809833358,0.9999999,0.0023793369
9276,0.3085683589064628,1.0,0.0030307143
9277,0.2724926369011541,1.0,0.00018093816
9278,0.5317537016263914,0.99999994,0.00032568868
9279,0.304811553869912,0.9999999,0.00012665671
9280,0.5612703235650307,1.0000001,0.00023521962
9281,0.3481618693027713,1.0,0.00011760981
9282,0.2857932506830262,0.99999994,0.00025331342
9283,0.6554610208464324,1.0,0.0006604243
9284,0.3373513119727692,1.0,0.0012122857
9285,0.50087592530915,1.0,0.0015922559
9286,0.3368718804084332,1.0000001,0.00018998508
9287,0.58744161534099,1.0000001,0.004134437
9288,0.7667241842435292,1.0,0.004831049
9289,0.5134274785309898,0.99999994,0.0019088977
9290,0.5184575665616304,1.0,0.0011308636
9291,0.6057510105753926,0.99999994,0.0024155246
9292,0.3915536743782873,0.99999994,0.0014565522
9293,0.3180336386213661,0.9999999,0.0005156738
9294,0.4406545908018033,1.0000001,0.00028045414
9295,0.4431369703106934,1.0,0.0003075949
9296,0.244855262023623,1.0,0.00018998508
9297,0.4838416083197349,1.0,0.0024155246
9298,0.6177374792393228,1.0,0.0021983988
9299,0.4866129113654043,0.99999994,0.00038901705
9300,0.42652764491617,1.0,0.001474646
9301,0.2109981299402965,1.0,0.00017189125
9302,0.401890055350826,1.0,0.002949292
9303,0.425300198720457,1.0,4.523454e-05
9304,0.3540124472665564,1.0,0.0014203646
9305,0.2884120103900741,0.99999994,0.00011760981
9306,0.3873931819704179,0.9999999,0.00059709593
9307,0.3496043901848495,1.0,0.00032568868
9308,0.5018668409071887,1.0,0.0070927762
9309,0.3807582406665515,1.0,0.00048853306
9310,0.361701701556822,1.0,0.00029854797
9311,0.4374591903311039,1.0,0.0012665672
9312,0.3128076436458989,1.0,0.0012122857
9313,0.6871741393958268,1.0,0.0022888677
9314,0.381991597533149,1.0,0.0018908038
9315,0.412848028428036,0.99999994,0.00013570362
9316,0.3512399657326194,0.9999999,0.00065137737
9317,0.5776780397955573,1.0,0.00070565887
9318,0.4965205292318773,0.99999994,0.00028045414
9319,0.3304897793029523,0.99999994,2.7140724e-05
9320,0.3348633817266083,0.99999994,0.00040711087
9321,0.3637626302947204,0.99999994,0.00040711087
9322,0.3962077446261614,1.0,0.0018998507
9323,0.3191994371346338,1.0,0.00035282943
9324,0.3019703047204856,1.0,0.00036187633
9325,0.5366753421917716,1.0,0.0004252047
9326,0.6463095113092198,1.0,0.0002261727
9327,0.4977152412493055,1.0,0.002451712
9328,0.3708520947591238,1.0,0.0004975799
9329,0.3815970669929522,0.99999994,9.046908e-06
9330,0.254838007533101,0.99999994,0.0021893517
9331,0.352222133811263,0.99999994,0.0041615777
9332,0.4934307521512245,0.99999994,0.003654951
9333,0.4273149586362939,1.0,0.004903424
9334,0.5964838502685008,0.9999999,5.428145e-05
9335,0.3764846132707102,0.99999994,0.0035825756
9336,0.5425704507532978,1.0,0.0019541322
9337,0.3460763353095387,1.0,0.00047043923
9338,0.2531773130444903,1.0,0.0014927399
9339,0.2596531401769732,1.0,0.0013932239
9340,0.3653838576453722,1.0,0.0036187633
9341,0.6112770642932017,1.0,0.0004975799
9342,0.3126451711070088,1.0,1.8093817e-05
9343,0.3851529260445674,0.99999994,0.00037092323
9344,0.4621708012510676,1.0,0.0007780341
9345,0.3998981184213529,1.0,0.0003437825
9346,0.3655811424055289,1.0,0.0005699552
9347,0.4788927404256847,1.0,2.7140724e-05
9348,0.5033974369664621,0.99999994,2.7140724e-05
9349,0.368204418139611,0.99999994,0.00084136246
9350,0.4298769994233133,1.0,9.046908e-06
9351,0.7088266306437782,0.99999994,0.00047043923
9352,0.3190614207580058,0.99999994,0.0002171258
9353,0.3971294038901943,1.0,3.6187634e-05
9354,0.4529752058566867,1.0,0.0004975799
9355,0.3534447257185162,1.0,0.00027140725
9356,0.6941250516156718,0.99999994,0.00032568868
9357,0.3178208922515593,0.99999994,0.0010946759
9358,0.3747623978591712,1.0,0.00079612795
9359,0.2639698229634667,0.99999994,7.237527e-05
9360,0.3159250398957049,1.0000001,0.0011127697
9361,0.7747401718403822,1.0,0.0009227846
9362,0.4096148941837065,1.0,0.0005247207
9363,0.6157334144038443,0.99999994,0.0003075949
9364,0.6611158195001775,1.0,0.0016827249
9365,0.2629407361098647,1.0,0.0013118017
9366,0.2789425175364284,1.0,0.00048853306
9367,0.4967218870214608,1.0,0.00088659703
9368,0.5699529415395413,1.0000001,0.00016284434
9369,0.5433251896001174,0.99999994,0.0
9370,0.4439683082845435,0.99999994,6.3328356e-05
9371,0.3053396912964884,1.0,0.000787081
9372,0.328708050474623,0.99999994,0.008956439
9373,0.6353020627770323,1.0,0.00020807888
9374,0.4435397484509686,0.99999994,0.0007327996
9375,0.7372282701508357,1.0,0.00020807888
9376,0.5134454444114789,1.0000001,0.0021260234
9377,0.2805024484186143,1.0,0.0019541322
9378,0.4026933457684052,1.0,0.00024426653
9379,0.579376869506146,1.0,0.001963179
9380,0.3848646614179839,0.99999994,2.7140724e-05
9381,0.3739124119954627,0.99999994,0.00035282943
9382,0.3749024887840928,0.99999994,0.0027140724
9383,0.4986854453401634,1.0,0.0008051748
9384,0.5036663521414875,1.0,0.0010403944
9385,0.5585930567226844,0.99999994,0.0009046908
9386,0.3865202320704847,1.0,0.006314742
9387,0.2541142174206617,1.0,0.0012394264
9388,0.212921520441223,1.0,0.0001085629
9389,0.3270135404828521,1.0,0.00011760981
9390,0.2283811518700028,1.0,9.046908e-06
9391,0.3380146393267095,1.0,0.0012665672
9392,0.5373592260550982,0.99999994,0.00093183154
9393,0.3948858454785495,0.99999994,0.0014022707
9394,0.4306596730929534,1.0,0.004641064
9395,0.4214978785558302,1.0,0.0004613923
9396,0.3334401971026416,1.0,0.001384177
9397,0.2668919957179832,1.0,0.00072375266
9398,0.4519409871079894,1.0,0.0003437825
9399,0.2032706341273856,0.99999994,0.00084136246
9400,0.4691746997433399,1.0,0.00275026
9401,0.2155002122463196,1.0,0.0006423305
9402,0.4920629654030388,1.0,0.0092188
9403,0.3955714725531742,0.99999994,0.0007599403
9404,0.4496749470810519,1.0,0.00065137737
9405,0.3205608926553101,1.0,0.0017822409
9406,0.3617795495631619,1.0000001,0.0014655992
9407,0.1859866081708026,1.0,0.00016284434
9408,0.2216905352140331,1.0,0.00029854797
9409,0.3782419534366212,1.0,0.0017189125
9410,0.2626390112952266,0.99999994,0.00028045414
9411,0.3669457789123567,1.0,0.0022436331
9412,0.2255656918810209,1.0,0.0008685032
9413,0.6630901095640265,1.0,0.00026236035
9414,0.4177513944204827,0.99999994,0.001384177
9415,0.3709787466079845,1.0,0.0041796714
9416,0.5780540292036425,0.99999994,0.0022164925
9417,0.6120205609922671,1.0,0.0047858143
9418,0.3710081288226474,1.0,0.0001085629
9419,0.3707280812583703,0.9999999,0.00083231553
9420,0.3426274199248832,1.0,2.7140724e-05
9421,0.7088266306437782,0.99999994,0.00044329852
9422,0.3586236304581827,1.0000001,0.001673678
9423,0.3762614118440561,1.0,0.0006604243
9424,0.3137050656773477,1.0,0.002677885
9425,0.3789890242344354,1.0,0.0012937079
9426,0.4652300733607561,0.99999994,0.0009770661
9427,0.3800305738526752,1.0,0.00088659703
9428,0.2982238340315743,1.0,0.002659791
9429,0.3641657879925047,1.0,0.00032568868
9430,0.3309267184289022,1.0,0.00028950107
9431,0.3149513103567976,1.0,0.0005156738
9432,0.5430925239684545,1.0,0.0022255394
9433,0.3660407076377738,1.0,0.00037997015
9434,0.2868717833659591,1.0000001,0.0012303796
9435,0.4990705709739204,0.9999999,0.0010765821
9436,0.2054487184048128,1.0,0.00050662685
9437,0.6784476489349089,1.0,0.0029402452
9438,0.4782816681370477,1.0,8.142217e-05
9439,0.4947184641175806,0.99999994,0.0023341023
9440,0.4390806697317406,1.0,0.0020084137
9441,0.4473127583699037,0.99999994,9.046908e-06
9442,0.5227856471019097,1.0,0.00076898717
9443,0.4787982620526119,1.0,0.0006785181
9444,0.2553445699249453,1.0,0.00017189125
9445,0.4106782281833984,1.0,6.3328356e-05
9446,0.3717224898137372,1.0,0.00069661194
9447,0.4561287985298952,0.99999994,4.523454e-05
9448,0.3376165965245801,0.99999994,0.0003075949
9449,0.7633214983349769,1.0,0.006966119
9450,0.2604161390146951,1.0,0.0007780341
9451,0.4548509064469125,1.0,0.0004252047
9452,0.5223869976229164,1.0,0.0017641471
9453,0.2715582783465173,1.0,9.951599e-05
9454,0.3656972125685363,1.0,0.00071470573
9455,0.6487295755476902,1.0,0.003654951
9456,0.4047056879234274,0.99999994,0.00060614286
9457,0.3836638853352387,1.0,9.046908e-06
9458,0.3869401344576707,1.0,4.523454e-05
9459,0.2876648939507819,0.99999994,0.0048762835
9460,0.561317661601595,1.0,0.0015379743
9461,0.4864368978136487,1.0,0.003057855
9462,0.4977481092856298,0.99999994,0.0005518614
9463,0.3453226740071743,0.9999999,4.523454e-05
9464,0.2472604135172642,1.0,0.0010765821
9465,0.2088924036120673,0.99999994,0.00037092323
9466,0.3492064192675201,0.99999994,0.0013389424
9467,0.2863128703371406,1.0000001,0.0026959786
9468,0.4845659134439532,1.0,6.3328356e-05
9469,0.273746787968061,1.0,0.00082326867
9470,0.5536721590193067,1.0,0.00060614286
9471,0.3151197929872548,1.0,8.142217e-05
9472,0.2882859105386072,0.99999994,0.0011580043
9473,0.6001532340720621,1.0,7.237527e-05
9474,0.312032975018266,0.9999999,0.00093183154
9475,0.4301432038379875,1.0,0.00047948613
9476,0.2580692470469481,1.0,0.00018093816
9477,0.4429316707295739,0.99999994,0.0028045415
9478,0.410231206309363,1.0,0.0012665672
9479,0.5781777251068427,1.0,0.00048853306
9480,0.3171538877216612,1.0,0.0022798209
9481,0.3521730473467766,1.0,0.0014565522
9482,0.4343818018139815,1.0,1.8093817e-05
9483,0.1703746238715458,1.0,0.00013570362
9484,0.4405676248672012,1.0,0.00011760981
9485,0.4204787595479255,1.0,0.00027140725
9486,0.4300528860578037,0.99999994,0.0021441171
9487,0.5187748272881725,0.99999994,0.00023521962
9488,0.6396191073355284,1.0,0.00018093816
9489,0.3896159328356162,0.99999994,0.00036187633
9490,0.4738871692229865,1.0,0.00018093816
9491,0.4136422228723005,0.99999994,0.000588049
9492,0.3617427073814444,0.99999994,0.00025331342
9493,0.3920006484082924,1.0000001,0.0015289275
9494,0.5454606211759794,1.0,0.0025964626
9495,0.3286602998181518,1.0,0.00047948613
9496,0.4923686359542732,0.99999994,0.0013479893
9497,0.52985279979131,1.0,0.0033925907
9498,0.3251360642971799,1.0,0.0017370064
9499,0.3350540401447935,0.99999994,0.0010946759
9500,0.4710533472092795,1.0000001,0.002062695
9501,0.4193607905527425,1.0,3.6187634e-05
9502,0.3794191045036384,1.0,0.0003166418
9503,0.3580943883430781,1.0000001,0.0027231195
9504,0.4120590100404655,0.99999994,0.0001085629
9505,0.3505420733610872,1.0,0.00020807888
9506,0.5534675991853065,1.0,1.8093817e-05
9507,0.6692804506360183,1.0,9.951599e-05
9508,0.3359988771779534,1.0,0.0001085629
9509,0.2700045659101179,1.0,0.00048853306
9510,0.3285047969574941,1.0,0.0011489573
9511,0.2679071130110945,1.0,0.0010313476
9512,0.3593260623297358,0.99999994,0.0024155246
9513,0.31498661739298,0.99999994,0.0010765821
9514,0.4259556421685367,1.0,0.0036097164
9515,0.2536018533149116,1.0,0.0025150406
9516,0.3796023774365285,1.0,0.0036006696
9517,0.4397503063195465,1.0,0.0004613923
9518,0.6623974235170277,1.0,0.0023341023
9519,0.4133972872012453,1.0,0.001972226
9520,0.393611665220217,1.0,0.00069661194
9521,0.6546865153341546,1.0,0.0024064777
9522,0.3322625418065646,1.0,0.00029854797
9523,0.3444612661845423,0.99999994,0.00062423665
9524,0.4086960181865858,1.0,3.6187634e-05
9525,0.5777577160170191,1.0,0.00015379745
9526,0.3228152758685776,1.0,0.0019179445
9527,0.36556789392242,1.0,0.001275614
9528,0.486122837806164,1.0,0.001384177
9529,0.5409878731251445,1.0,0.0036006696
9530,0.480736608355608,0.99999994,0.0
9531,0.4217072655094556,1.0,0.0002261727
9532,0.3315202949890449,1.0,0.0018274755
9533,0.2616952428690515,1.0,0.0013389424
9534,0.3855258686333453,1.0,0.00074184645
9535,0.3749380653807246,1.0,9.046908e-06
9536,0.6384797262405445,1.0,0.0006332836
9537,0.2360679937065261,1.0000001,0.0008775501
9538,0.2459877430113979,0.99999994,0.00026236035
9539,0.3483922527094895,1.0,0.00062423665
9540,0.3509244698238631,1.0000001,0.0022345863
9541,0.593791004401689,0.99999994,8.142217e-05
9542,0.4288314242577991,0.99999994,3.6187634e-05
9543,0.406510019348604,0.99999994,0.0014475053
9544,0.4598154762941757,1.0,0.00070565887
9545,0.3965649265141852,1.0,0.00028045414
9546,0.6211136020607457,1.0,0.00040711087
9547,0.3165016453125093,1.0,0.0
9548,0.4187642308856145,1.0000001,0.00032568868
9549,0.4635119818540885,1.0000001,0.00032568868
9550,0.7088848666754207,1.0,0.0011308636
9551,0.2782608159459482,1.0,0.00017189125
9552,0.4392343968353202,0.99999994,0.00057900214
9553,0.557837595470464,0.99999994,0.0014565522
9554,0.45622715203551,1.0,0.00029854797
9555,0.3696287279300453,0.99999994,0.00037092323
9556,0.2600153186331224,1.0,0.0006604243
9557,0.3825926117737569,0.99999994,0.00027140725
9558,0.4940602202031759,1.0,0.00084136246
9559,0.4853629271054437,1.0,9.951599e-05
9560,0.470436849284869,1.0,0.00039806397
9561,0.679787642765834,1.0,0.0015017868
9562,0.3523508657712941,1.0,0.0053919572
9563,0.5627651521190117,1.0,0.00017189125
9564,0.2839342183375406,0.99999994,0.0045144074
9565,0.2170606038705099,1.0,6.3328356e-05
9566,0.3182918039455605,1.0,4.523454e-05
9567,0.1696293841538083,1.0,0.0
9568,0.4808604269171292,1.0,0.00062423665
9569,0.5204211627116067,1.0,0.0002261727
9570,0.621486604920698,1.0,6.3328356e-05
9571,0.5178760292734507,1.0,0.00028045414
9572,0.4160645399428106,1.0,0.0
9573,0.3526707200332406,1.0,0.0027050255
9574,0.3263855360839577,1.0,0.0024426652
9575,0.3417802017122917,1.0,0.0024607591
9576,0.4419618103294455,1.0,0.00027140725
9577,0.4759847317525972,1.0000001,9.046908e-05
9578,0.3286250790779788,0.9999999,0.0011399104
9579,0.5177336862451114,1.0000001,0.0004975799
9580,0.2512406511633249,1.0,0.0016013028
9581,0.2889120391430825,0.99999994,0.000986113
9582,0.3586559515867974,1.0,0.00016284434
9583,0.5149317365644326,1.0,0.00016284434
9584,0.2639950957259631,1.0,0.0008775501
9585,0.3561268702981266,1.0,0.0011399104
9586,0.3075725449130909,1.0,0.00040711087
9587,0.3426274199248832,0.99999994,0.00025331342
9588,0.376664388124305,0.99999994,0.0018455692
9589,0.2954378039046035,1.0,0.00071470573
9590,0.4597512816947108,1.0,0.002062695
9591,0.3413229253291214,1.0,0.00029854797
9592,0.3422529277059158,1.0,0.0016917718
9593,0.4043281179888917,0.99999994,0.0003075949
9594,0.4729307137943769,0.99999994,0.0
9595,0.3362162108527495,1.0,0.0013208486
9596,0.3166468029782382,1.0,0.0018455692
9597,0.4039928121167717,1.0,0.0
9598,0.4347817861400561,0.99999994,0.00048853306
9599,0.5911161202195877,1.0,0.0028316823
9600,0.3996724673393522,1.0,0.011218166
9601,0.5330054911379635,1.0,0.0016374903
9602,0.4375263358782488,0.99999994,0.000588049
9603,0.3528895452381558,1.0000001,0.0010313476
9604,0.3790366367689763,0.99999994,0.00025331342
9605,0.4547712210507799,1.0,0.00065137737
9606,0.4284167079354458,0.9999999,6.3328356e-05
9607,0.4172516478388895,1.0,0.0007599403
9608,0.3998981184213529,1.0,0.0017551002
9609,0.3654222334684116,1.0,0.00018998508
9610,0.3814989735769554,1.0,0.0016284435
9611,0.3937814431070943,1.0,0.0016284435
9612,0.6348282196223893,1.0000001,0.000588049
9613,0.7889099958942186,0.99999994,9.951599e-05
9614,0.4327193628124675,1.0,0.0003075949
9615,0.5999840724465525,0.99999994,0.00048853306
9616,0.4988854596304193,0.99999994,3.6187634e-05
9617,0.541598335598505,1.0,0.00018998508
9618,0.469049249160936,1.0,0.0028950106
9619,0.4059208228202687,1.0,0.0012575203
9620,0.4145909945295488,0.99999994,0.00088659703
9621,0.6517772536048536,0.99999994,0.00069661194
9622,0.3879897259755535,1.0,0.0008051748
9623,0.3258793707659052,0.99999994,0.0004252047
9624,0.3790833707526381,1.0,0.0002171258
9625,0.7191833980155895,1.0,5.428145e-05
9626,0.6120205609922671,0.99999994,0.0017460533
9627,0.452392372797495,1.0,0.00018998508
9628,0.5155656718879309,1.0,6.3328356e-05
9629,0.3716268584116879,1.0000001,0.0010313476
9630,0.3633307269365129,1.0000001,0.00060614286
9631,0.4541119426932793,0.99999994,0.0016374903
9632,0.3435443139660074,0.9999999,0.0029673858
9633,0.3277830816743908,1.0,0.0006423305
9634,0.4765515239131003,1.0,0.0004975799
9635,0.3324392434939202,1.0,1.8093817e-05
9636,0.3995895960209397,1.0,0.00137513
9637,0.3246392467807152,1.0,0.0017279595
9638,0.5603633796945108,1.0,0.00083231553
9639,0.3777508753268763,1.0,0.0021260234
9640,0.4167439795943856,1.0,9.046908e-06
9641,0.3497814056669822,0.99999994,0.00037092323
9642,0.4998845852264413,1.0000001,0.00026236035
9643,0.4423255690478885,1.0,0.00076898717
9644,0.2833059144909366,1.0,0.0003166418
9645,0.3672617835738199,0.99999994,0.00059709593
9646,0.6135868779111097,0.99999994,0.00025331342
9647,0.4307360061249435,0.9999999,0.001673678
9648,0.5525717811837986,1.0,0.0007327996
9649,0.2321386733126219,0.99999994,9.046908e-06
9650,0.1940018895162671,0.99999994,0.0007599403
9651,0.4691746997433399,0.99999994,0.0020807888
9652,0.4983485132166909,1.0,0.0023069617
9653,0.3037863311029066,1.0000001,0.0009770661
9654,0.4421648590535477,1.0,0.0012575203
9655,0.4060794632050592,1.0,0.00018093816
9656,0.5180924228941439,1.0,0.0
9657,0.3818194681105027,0.9999999,0.00016284434
9658,0.405148798317659,1.0,0.0034740127
9659,0.3955797208021755,1.0,0.0025150406
9660,0.6344248892026728,0.99999994,9.046908e-05
9661,0.3569259289965182,1.0,0.0003437825
9662,0.3656662145726718,1.0,0.00037997015
9663,0.3269596750345234,1.0,0.010204912
9664,0.4903795703425924,0.99999994,0.00019903199
9665,0.4237191243316218,1.0,0.009155471
9666,0.6843650234468338,1.0,0.007499887
9667,0.3393777612162247,1.0,9.046908e-06
9668,0.4868373926230953,1.0000001,0.0005156738
9669,0.3930199232355674,1.0000001,0.004423938
9670,0.5985523174051001,1.0,0.00026236035
9671,0.3071461060850768,1.0,0.00020807888
9672,0.3637933261911202,1.0,9.046908e-06
9673,0.2072340987150022,1.0,6.3328356e-05
9674,0.3234369699946652,1.0,0.0
9675,0.4273177839623624,0.9999999,0.0011037228
9676,0.4601583790311336,1.0,0.00059709593
9677,0.2720731794704579,1.0,0.0008504094
9678,0.3587919874930614,1.0,0.0016465373
9679,0.3921149253647865,1.0,0.00026236035
9680,0.3590464865740513,1.0,0.001574162
9681,0.4868373926230953,1.0,0.002650744
9682,0.5252925071229235,1.0,0.0004523454
9683,0.3090521097181641,1.0,0.00084136246
9684,0.5154850283451471,1.0,0.003555435
9685,0.4273149586362939,1.0,0.00585335
9686,0.6030820931799417,1.0000001,0.0002261727
9687,0.4701798649144593,1.0,0.0004975799
9688,0.427359885680851,1.0,0.00027140725
9689,0.3571140369183813,1.0,0.00012665671
9690,0.3052879332252199,1.0,0.0023160086
9691,0.4288944399820941,1.0,0.00036187633
9692,0.3746948673491962,0.99999994,0.0012937079
9693,0.3814854583189676,1.0000001,0.0012303796
9694,0.491088542151614,1.0,0.002777401
9695,0.2975239142466462,1.0,0.0015379743
9696,0.3587497965360745,1.0000001,4.523454e-05
9697,0.6007966142003256,1.0,0.00037997015
9698,0.3320049200107122,0.99999994,0.0020536482
9699,0.8583846166027302,1.0,0.00053376757
9700,0.258609999862831,1.0000001,0.0017008188
9701,0.6546153803238238,1.0,0.0
9702,0.7043561383051262,1.0,6.3328356e-05
9703,0.4571260685785789,0.99999994,0.00044329852
9704,0.2861342716380997,0.9999999,0.00016284434
9705,0.6086970619969896,1.0,0.00013570362
9706,0.322775178711051,0.99999994,0.0018003348
9707,0.4907488668144938,1.0,0.0004613923
9708,0.6067755067904566,0.99999994,0.0003437825
9709,0.6297216011316076,1.0,0.0012937079
9710,0.3900716875699613,0.99999994,0.0007599403
9711,0.4308196074295097,1.0,0.0006151898
9712,0.3743998844252796,1.0,4.523454e-05
9713,0.4464708565300304,0.99999994,0.0010675351
9714,0.3970950541524861,1.0,0.0004342516
9715,0.3752428085950398,1.0,0.0003075949
9716,0.2527036672195836,1.0,0.00088659703
9717,0.3891618705121017,1.0,0.0009046908
9718,0.38335463911259,1.0000001,0.0008051748
9719,0.6890593654473189,1.0,0.0010042068
9720,0.2865339392743372,0.99999994,0.0034740127
9721,0.4259857010022932,1.0000001,0.00050662685
9722,0.3504116152282368,0.99999994,8.142217e-05
9723,0.5006403042095583,1.0,0.0004252047
9724,0.2486425202465174,0.99999994,0.00025331342
9725,0.2763355882793294,1.0,0.0030849958
9726,0.5373774762008799,0.99999994,0.0007327996
9727,0.5151609482663342,1.0000001,4.523454e-05
9728,0.6607850804928488,1.0,0.0050753155
9729,0.5031732030298139,1.0,0.00036187633
9730,0.3454008703930749,0.99999994,0.0004523454
9731,0.4135912575262601,1.0,0.00023521962
9732,0.3572414498966356,1.0,0.0
9733,0.4439683082845435,1.0,0.00081422174
9734,0.3460501229224749,1.0,3.6187634e-05
9735,0.6245915861972651,0.99999994,0.00094087847
9736,0.4835236801681277,1.0,0.0021893517
9737,0.287605431412187,1.0,0.00065137737
9738,0.5121189122010557,1.0000001,0.00037997015
9739,0.3586236304581827,1.0,0.0024336183
9740,0.3781728045952769,1.0,0.00037092323
9741,0.549569920070722,1.0,0.0
9742,0.4719174754275012,1.0,0.0008775501
9743,0.4476337753968247,1.0,0.008286968
9744,0.4365252953161431,1.0,0.00059709593
9745,0.2293173468384661,1.0,0.00094992534
9746,0.3453581957686776,1.0,0.0003347356
9747,0.3432477177675712,1.0,0.00275026
9748,0.5823507437587524,1.0,0.0034830596
9749,0.2003141777914817,1.0,0.00070565887
9750,0.5054210906455069,0.99999994,0.00026236035
9751,0.4378567096976084,1.0,0.0016013028
9752,0.5997130710241027,1.0,0.0006785181
9753,0.5134274785309898,1.0,0.0017008188
9754,0.7086132503168948,1.0,0.0059890533
9755,0.3662167782922443,1.0,0.0018455692
9756,0.3870574305435044,1.0,0.00822364
9757,0.2765715802986851,0.99999994,0.00081422174
9758,0.3927911607480764,1.0,0.00015379745
9759,0.4444244075571212,1.0,0.0041072965
9760,0.3674063430602494,1.0,0.002551228
9761,0.3500631448736185,1.0000001,0.00019903199
9762,0.2806277199292922,1.0,0.0005699552
9763,0.3757123897403551,1.0000001,0.00041615777
9764,0.3979121353518087,1.0,1.8093817e-05
9765,0.6276060455217339,1.0,0.007717013
9766,0.3636370643633489,1.0,0.0001085629
9767,0.4672295916270239,1.0,0.0029673858
9768,0.5874313688481196,1.0,0.01100104
9769,0.7346595439259751,0.99999994,0.0024245714
9770,0.2958974930297887,1.0,9.046908e-06
9771,0.231383640317445,1.0,5.428145e-05
9772,0.3964148755751212,1.0,0.001176098
9773,0.2957855503340944,1.0,0.00011760981
9774,0.7452993372681206,0.99999994,0.0010132537
9775,0.3534602415945758,0.99999994,0.00019903199
9776,0.3068452432163811,1.0,0.00036187633
9777,0.4942395923239859,0.99999994,0.002071742
9778,0.4406372379857309,1.0,0.00012665671
9779,0.4432005610028839,1.0,0.002668838
9780,0.6204493273434593,1.0,0.0010403944
9781,0.3579999956045716,1.0,0.0002261727
9782,0.6035159268601006,1.0000001,0.00069661194
9783,0.4094793318613441,0.9999999,1.8093817e-05
9784,0.3866040713603469,0.99999994,0.0013570362
9785,0.3585047537707558,1.0,0.00081422174
9786,0.2882536053665492,1.0,0.0033202153
9787,0.4897635179213009,1.0,0.00029854797
9788,0.3396912226222194,1.0,0.002958339
9789,0.377802818358236,1.0000001,0.00013570362
9790,0.3289629153867206,1.0,0.0018274755
9791,0.1963948680157001,1.0,0.00082326867
9792,0.7099869968907428,1.0000001,2.7140724e-05
9793,0.2899775966458446,1.0,0.00016284434
9794,0.2630926175716245,0.9999999,0.0012575203
9795,0.457769114465702,1.0,0.00018998508
9796,0.3829501108686614,1.0000001,0.0011037228
9797,0.3240444016869756,1.0,0.0012303796
9798,0.2083216350773465,1.0,0.0011941919
9799,0.43376707138109,1.0,0.00035282943
9800,0.5960044274895206,1.0,0.0077441535
9801,0.3766661030640116,1.0,0.00011760981
9802,0.3172805874526856,1.0,0.00088659703
9803,0.2726434997325657,1.0,0.0010765821
9804,0.4281345664363074,0.99999994,0.00014475053
9805,0.5673018577356648,1.0,0.0
9806,0.3438982157580453,0.99999994,0.0033654498
9807,0.4601801625482289,0.99999994,0.00019903199
9808,0.344563993295592,1.0,1.8093817e-05
9809,0.5779572580217531,0.99999994,0.0
9810,0.4576139342423646,1.0,0.002569322
9811,0.4027471280310904,1.0,0.0015289275
9812,0.3146159317067601,0.99999994,0.0008685032
9813,0.4111016637053999,1.0,0.000687565
9814,0.2612309270544704,1.0,0.001474646
9815,0.3496219365658835,1.0,0.0013570362
9816,0.4916468272430993,0.99999994,0.007943185
9817,0.2575312468147239,1.0,9.046908e-06
9818,0.4688735206783569,1.0,9.951599e-05
9819,0.3686090079882336,0.99999994,0.0029854798
9820,0.7526381453376536,1.0,0.0005156738
9821,0.3767369652153512,0.99999994,0.0032749807
9822,0.2814586590560169,1.0,0.0012575203
9823,0.3805928137781797,1.0,8.142217e-05
9824,0.3902546131367282,1.0,0.008160311
9825,0.3055266987067674,1.0,0.00032568868
9826,0.4488249454979498,1.0,0.001176098
9827,0.295638436487867,1.0,0.00065137737
9828,0.3301257069736928,1.0,0.00037997015
9829,0.5748563781527837,1.0,0.0
9830,0.263919383985926,0.99999994,0.00053376757
9831,0.4642474100823308,1.0,0.00029854797
9832,0.5308467345070532,1.0,0.00017189125
9833,0.2721131702983512,0.99999994,0.002949292
9834,0.4754023085817034,0.9999999,0.0014475053
9835,0.4199848565228839,1.0,0.00017189125
9836,0.4079041751858716,1.0,0.0016013028
9837,0.317138998243934,1.0,0.004025874
9838,0.2845891104306858,1.0,0.00023521962
9839,0.3634637582011099,1.0,0.0010584883
9840,0.4257133672851786,1.0,9.046908e-06
9841,0.3949982234978917,0.99999994,0.0014565522
9842,0.463562218888211,1.0,0.0
9843,0.3680630125422579,0.99999994,0.00023521962
9844,0.581713914640129,0.99999994,0.010548695
9845,0.4123621826632681,1.0,0.00020807888
9846,0.4317317294732211,1.0,0.00074184645
9847,0.2628927480847718,1.0,0.0013570362
9848,0.3706286898694831,0.99999994,0.0015379743
9849,0.6356321730521136,1.0,0.0002261727
9850,0.4174248438660746,1.0,0.0016555842
9851,0.2971598192185681,1.0,0.00014475053
9852,0.6047817792337843,1.0,0.00015379745
9853,0.2464444428222086,1.0,0.0022526802
9854,0.4108779798958348,0.99999994,0.00029854797
9855,0.2898300148994325,1.0,0.0021079297
9856,0.7082977921319689,1.0,0.00037092323
9857,0.3244696027616002,1.0,0.0010132537
9858,0.5872752900475359,1.0,0.00060614286
9859,0.3065422738885371,1.0,0.0011670511
9860,0.3631160113955883,1.0,0.00019903199
9861,0.4860301143184948,1.0,0.00036187633
9862,0.4314558639113288,1.0,9.046908e-06
9863,0.602161947839128,0.99999994,0.0005428145
9864,0.5178063844681577,0.99999994,3.6187634e-05
9865,0.4488249454979498,0.99999994,9.951599e-05
9866,0.5140768392390129,1.0,4.523454e-05
9867,0.5084219188897247,1.0,0.0005518614
9868,0.428211982239854,1.0,0.0010132537
9869,0.5275579376919444,0.99999994,0.00082326867
9870,0.3116443656768343,0.99999994,0.0018908038
9871,0.2437424743486724,1.0,0.00024426653
9872,0.4085876315554219,1.0,0.0018455692
9873,0.2519081165676169,0.99999994,0.0002261727
9874,0.3079310053619838,1.0,0.0048581897
9875,0.2966471658549318,0.99999994,0.00028045414
9876,0.3919619838633862,1.0,0.0
9877,0.4854668982408714,1.0,7.237527e-05
9878,0.3686678852877283,1.0,5.428145e-05
9879,0.5000129028890387,1.0,0.00083231553
9880,0.3661486170128359,1.0000001,0.0020446014
9881,0.353684138571068,1.0,0.000986113
9882,0.6371303111375197,1.0,0.0014565522
9883,0.2437751463057836,1.0000001,0.0003437825
9884,0.6387373468189723,1.0,0.016284434
9885,0.5101734969690952,1.0,0.0003075949
9886,0.3635032661499161,1.0,9.046908e-06
9887,0.2658224635324198,1.0,0.0004523454
9888,0.2198705933832005,1.0,0.0
9889,0.5155961788624577,1.0,0.00018998508
9890,0.3245096637724833,0.99999994,0.0020265074
9891,0.4632736507208146,1.0,0.00044329852
9892,0.4052944107902411,0.99999994,8.142217e-05
9893,0.5051763730811443,1.0,5.428145e-05
9894,0.5191954410852601,1.0,0.0002171258
9895,0.5194735671843094,1.0000001,6.3328356e-05
9896,0.4858015316634475,1.0,0.0020265074
9897,0.65171068871011,0.99999994,0.001574162
9898,0.4042646626422014,1.0,0.00016284434
9899,0.4337107601155734,1.0,0.0036730447
9900,0.4822258485113346,1.0,0.00071470573
9901,0.4354405819653685,1.0,0.00036187633
9902,0.2858410549880765,1.0,9.046908e-05
9903,0.7149296272293415,0.99999994,0.0012032388
9904,0.3779097869195423,0.99999994,0.0014565522
9905,0.3469660993832484,1.0,0.00019903199
9906,0.7460228883026829,1.0,4.523454e-05
9907,0.6383834339666148,0.99999994,0.0030669018
9908,0.4330297693400009,1.0,0.005907631
9909,0.3635078335343781,1.0,0.00047043923
9910,0.3579076054422831,1.0000001,0.0013208486
9911,0.4283524005019682,0.99999994,0.0006785181
9912,0.6631624715982335,1.0000001,5.428145e-05
9913,0.4726965183290688,1.0,0.00016284434
9914,0.4296092705288315,0.99999994,0.00036187633
9915,0.3221401917494492,1.0,9.046908e-06
9916,0.3402247601296473,1.0000001,0.00137513
9917,0.5103262370002857,1.0,0.0009951598
9918,0.353684138571068,1.0,0.000687565
9919,0.7047066077805777,1.0,0.0005699552
9920,0.4042527558870719,1.0,0.0011399104
9921,0.338654686731325,1.0,0.00076898717
9922,0.5134454444114789,1.0,0.00082326867
9923,0.3005407042335425,0.99999994,0.0023431492
9924,0.4241904116445757,1.0000001,0.0
9925,0.372608992357183,1.0,0.00041615777
9926,0.4205576654044647,1.0,0.0016827249
9927,0.3397276934100343,1.0,0.00070565887
9928,0.264460452909666,0.99999994,0.0
9929,0.4873321821704448,0.99999994,0.0004975799
9930,0.3877723115847974,1.0,0.0003166418
9931,0.6057157411026441,1.0,0.0034197313
9932,0.2688221195608371,1.0,0.00014475053
9933,0.4059330414549391,1.0,4.523454e-05
9934,0.597316532828918,1.0,0.0047134394
9935,0.3224191029841203,1.0,0.0019993668
9936,0.3030032367491028,1.0,0.00028950107
9937,0.3939264465865795,1.0,0.0014384585
9938,0.6294675949097976,1.0,0.0009227846
9939,0.5384889944955379,1.0,0.0002261727
9940,0.2243908460217062,1.0,0.000787081
9941,0.3653292894960144,0.99999994,0.0
9942,0.3361423133601243,1.0,5.428145e-05
9943,0.2243648610488649,1.0,0.0004342516
9944,0.339889642010014,1.0,0.0018003348
9945,0.301630902847374,1.0,0.0020446014
9946,0.6034430445310722,1.0,0.0043787034
9947,0.3795246036645853,1.0000001,0.0003437825
9948,0.3086984178559206,1.0,0.0015289275
9949,0.4285200166387222,1.0,4.523454e-05
9950,0.523365522292079,1.0,0.0016646311
9951,0.4284191115544134,1.0,0.0010765821
9952,0.3505218033803793,1.0,0.00091373775
9953,0.3639348372099527,0.99999994,0.0018003348
9954,0.2843278180959211,1.0,0.0005247207
9955,0.3276145398745287,1.0,0.0022526802
9956,0.2568354145964025,1.0000001,0.0015289275
9957,0.2668046382857755,1.0000001,0.0017008188
9958,0.2677908427248151,1.0,0.0006151898
9959,0.4195449533709905,1.0,9.046908e-06
9960,0.6473479823963851,1.0,0.00017189125
9961,0.7445754786625272,1.0,0.00017189125
9962,0.5970757121570115,1.0,0.0
9963,0.358650413076954,0.9999999,0.0006694712
9964,0.3678092846040406,0.99999994,0.0020898357
9965,0.4477657725527039,0.9999999,0.00037092323
9966,0.4117564843317562,1.0,0.00012665671
9967,0.3201420201732928,0.99999994,0.007888904
9968,0.2987040372689011,0.99999994,0.0003075949
9969,0.6305451097863118,1.0,0.0006423305
9970,0.4529752058566867,1.0000001,0.00018998508
9971,0.4775938617135726,0.99999994,0.00047043923
9972,0.2875502997599812,0.99999994,0.00018998508
9973,0.2859447538780645,1.0,0.0032749807
9974,0.7082977921319689,1.0000001,0.000588049
9975,0.3184466479344578,1.0000001,0.0015379743
9976,0.910099240506458,1.0,0.008893111
9977,0.4152170514835523,1.0,0.00060614286
9978,0.639123127311356,1.0,0.00039806397
9979,0.4787168443254199,1.0,0.00082326867
9980,0.3148814780325205,1.0,0.00013570362
9981,0.3502940240591537,1.0,0.0024969466
9982,0.2494356131029784,0.9999999,0.0020355543
9983,0.5687564911801728,1.0,0.0011037228
9984,0.3441117067450027,1.0,0.0017912878
9985,0.5067272562301998,0.9999999,0.0021441171
9986,0.4395821653568845,1.0,0.0013298955
9987,0.3761757549326314,1.0,0.00072375266
9988,0.3233039165862581,1.0,0.001673678
9989,0.3283042973463086,1.0,0.00081422174
9990,0.3452253560245366,1.0000001,8.142217e-05
9991,0.5743453577119261,0.99999994,0.0013208486
9992,0.3852513090643407,1.0,0.00059709593
9993,0.3983338245842722,1.0,0.0007599403
9994,0.359150821308388,1.0,0.00016284434
9995,0.2780183092433019,1.0,0.0007327996
9996,0.3652674774916337,1.0,0.0016646311
9997,0.3298583037971683,1.0,0.00020807888
9998,0.3351495783746485,1.0,0.000787081
9999,0.4082995122340107,1.0,0.0020988828
10000,0.3832912696061087,1.0,0.0012665672
10001,0.2070908378268085,1.0,0.0004613923
10002,0.3901150066091585,1.0000001,0.0010132537
10003,0.4626759732812719,1.0,0.00012665671
10004,0.2038909963933404,0.99999994,0.0012032388
10005,0.7063970532488933,1.0,0.0032297461
10006,0.4336115826003773,1.0,0.00027140725
10007,0.1787083012262699,0.99999994,9.046908e-06
10008,0.3841697583725358,1.0000001,0.0010946759
10009,0.3868575571083413,1.0,0.0012213326
10010,0.3413956073667444,0.99999994,0.0024878997
10011,0.7317764638281747,1.0,0.00083231553
10012,0.4533713741821577,1.0,0.00017189125
10013,0.2863741602625241,0.9999999,0.00017189125
10014,0.3609083642165561,1.0,9.046908e-06
10015,0.3666627427516368,1.0,0.00037997015
10016,0.338776850027371,1.0,0.002650744
10017,0.2598070644595968,0.99999994,0.0018817569
10018,0.385462191814649,0.99999994,0.002451712
10019,0.1954557638910186,1.0,0.00014475053
10020,0.2676658509554293,1.0,8.142217e-05
10021,0.5372309094069284,1.0000001,0.0004523454
10022,0.2823313451890538,0.99999994,0.0002261727
10023,0.3153914347042528,1.0,5.428145e-05
10024,0.2468574521288348,0.99999994,0.0006151898
10025,0.4809372992240128,0.99999994,0.0003437825
10026,0.2360893709345327,1.0,0.0021260234
10027,0.2473686029261861,1.0,0.00035282943
10028,0.324371788862947,1.0,0.0033021215
10029,0.381021965160958,1.0,0.0016013028
10030,0.3953207971716848,0.99999994,0.000687565
10031,0.3992688422586204,1.0000001,0.0006694712
10032,0.5129038792064653,1.0000001,9.046908e-06
10033,0.5864379631443121,1.0,3.6187634e-05
10034,0.6137520777916521,1.0,0.0017551002
10035,0.4421921797177008,1.0000001,0.00059709593
10036,0.6952132834640681,1.0,0.00015379745
10037,0.52688328230026,0.99999994,0.0010313476
10038,0.4057076062703,0.99999994,0.00084136246
10039,0.3624720904048289,1.0,0.0026145566
10040,0.3370845754557156,0.99999994,0.0006151898
10041,0.2577757395385713,0.99999994,0.00029854797
10042,0.4358433795628197,1.0,0.0011037228
10043,0.3974785624262937,1.0,0.0023069617
10044,0.4991409880851128,0.9999999,0.0015198806
10045,0.330868666712816,1.0,0.0004975799
10046,0.2791009607766657,0.9999999,0.00017189125
10047,0.3584862015396404,1.0,0.0012937079
10048,0.4022535137981962,1.0,0.00016284434
10049,0.481798792681202,0.99999994,0.0
10050,0.353008176868983,1.0000001,0.0019903197
10051,0.2982813649820253,0.99999994,0.0037182793
10052,0.2957659669473361,1.0,9.046908e-06
10053,0.6291808271459676,1.0,0.00062423665
10054,0.3367178643903843,1.0,0.0003347356
10055,0.4974298819903546,1.0,0.002650744
10056,0.2554332979668884,1.0,0.00028045414
10057,0.4212722720968374,1.0,0.0023793369
10058,0.4229789183408049,1.0,0.00057900214
10059,0.4175027494276521,1.0,0.00036187633
10060,0.3023726870715847,1.0,0.0020807888
10061,0.2895338251020276,0.99999994,0.0008504094
10062,0.4841569253755595,1.0,0.0020174605
10063,0.4026937042160555,1.0000001,1.8093817e-05
10064,0.7301502884397676,0.99999994,0.0019088977
10065,0.4694619836928461,1.0,0.0063690236
10066,0.4141988588112366,1.0,0.00015379745
10067,0.5092068645204324,0.99999994,0.0041615777
10068,0.2949584441373276,1.0,0.0020265074
10069,0.3736306631394001,1.0,0.0017822409
10070,0.5252751672080446,1.0,0.0015379743
10071,0.553988720518709,1.0,0.0017098656
10072,0.3954378331555864,1.0,0.00037997015
10073,0.3886315459017342,1.0,0.0015198806
10074,0.3864809918549614,1.0,0.0005156738
10075,0.3704297183568385,1.0,0.00091373775
10076,0.312838667303858,0.99999994,0.00023521962
10077,0.5892787392431796,1.0,0.0004252047
10078,0.587666952495324,0.9999999,0.0010313476
10079,0.3633379717411782,1.0,0.0024336183
10080,0.3370174693466614,1.0,0.0025602751
10081,0.3222716388351087,1.0,0.0002171258
10082,0.3259289517334434,1.0,0.0031935587
10083,0.5174343705051064,1.0000001,0.0010494414
10084,0.4198669580470244,1.0,0.0013027547
10085,0.4469253195242132,1.0,0.00050662685
10086,0.4068812568199176,1.0,0.0020265074
10087,0.2824372852345361,1.0,4.523454e-05
10088,0.4501419017811285,1.0,0.0003075949
10089,0.4103249530109911,1.0,0.0009046908
10090,0.4150504391292364,1.0,0.0013118017
10091,0.4136044410184488,0.99999994,0.0016103496
10092,0.3251976542484096,0.99999994,0.0011308636
10093,0.5826246512467087,1.0,0.0040801554
10094,0.5987741108434236,0.9999999,0.0005156738
10095,0.4838974884516253,0.99999994,0.00040711087
10096,0.3145387207817069,1.0,0.0016827249
10097,0.3969499754925759,1.0,0.0011218166
10098,0.3116251235269551,1.0,0.0018365224
10099,0.262881526606766,1.0,0.0003347356
10100,0.4774109182541513,1.0,0.00039806397
10101,0.2089663043561363,1.0,0.0005156738
10102,0.621300753007341,0.9999999,3.6187634e-05
10103,0.445555680966905,1.0,0.00018998508
10104,0.5225311796853368,0.99999994,0.0003075949
10105,0.3101882806826538,1.0000001,9.046908e-05
10106,0.3614370056248611,0.99999994,0.0005609083
10107,0.3581401997274551,1.0,0.0022526802
10108,0.2830332986398319,1.0000001,0.0014655992
10109,0.282981698597796,1.0,0.00037997015
10110,0.4241904116445757,1.0,0.0006151898
10111,0.2646053949796133,0.99999994,4.523454e-05
10112,0.4430994399262644,1.0,0.0009680192
10113,0.2813299773139826,1.0,0.000588049
10114,0.3264075539564903,1.0,0.0011037228
10115,0.2565109824110714,1.0,0.0003437825
10116,0.253907851410885,0.99999994,2.7140724e-05
10117,0.3346235203452063,1.0,2.7140724e-05
10118,0.3879455693994488,0.99999994,0.0006423305
10119,0.2962934779367947,1.0,0.005717646
10120,0.3136110347106937,0.99999994,0.0012303796
10121,0.2938203483364438,1.0,0.0012303796
10122,0.3487166381587838,1.0,0.009092143
10123,0.7050419958714679,1.0,0.00018093816
10124,0.4316560594401734,1.0,4.523454e-05
10125,0.3337536128905188,1.0,0.0005699552
10126,0.3224072730684849,1.0,9.046908e-06
10127,0.3779557302099093,0.99999994,0.00016284434
10128,0.4406808084427832,0.99999994,0.0010584883
10129,0.4450282598757369,1.0,0.00017189125
10130,0.4784136082451296,0.9999999,0.0015922559
10131,0.5397440580495506,0.99999994,0.00074184645
10132,0.3475377816957304,1.0,0.00026236035
10133,0.6979004955106827,1.0,0.0025240874
10134,0.4881133446471339,1.0,0.00035282943
10135,0.3954858482578383,1.0,0.00027140725
10136,0.4469102310630338,0.99999994,0.0004975799
10137,0.4501724385856182,1.0000001,0.0002171258
10138,0.4702188327505067,1.0,0.00084136246
10139,0.2413911321350307,1.0,0.00091373775
10140,0.3169082096884101,0.99999994,0.0015470213
10141,0.4568443107067859,1.0,2.7140724e-05
10142,0.506749906142712,0.9999999,0.0012303796
10143,0.4421058145524935,0.99999994,0.0019360384
10144,0.3656394894962309,1.0,0.0019088977
10145,0.3659738561943316,1.0,0.0020898357
10146,0.4069069555730812,1.0,0.00017189125
10147,0.2770851365598475,1.0,0.0
10148,0.7911513651242384,1.0,0.0019903197
10149,0.5213137536887911,1.0,0.00038901705
10150,0.6495121179175164,1.0,0.00024426653
10151,0.4314780400730112,1.0,0.0031935587
10152,0.3555603768893999,1.0,0.00027140725
10153,0.426155007507247,1.0,8.142217e-05
10154,0.5308361069546725,1.0,0.0004523454
10155,0.4730194709824382,1.0,0.00011760981
10156,0.301361704871406,1.0000001,0.00094992534
10157,0.4059726486148127,1.0,0.00093183154
10158,0.3414889322041429,0.9999999,0.001384177
10159,0.3621233960987565,0.99999994,0.0035463881
10160,0.3712532065624426,1.0,0.00037997015
10161,0.7154545033230257,1.0,0.0006785181
10162,0.5522891316111314,1.0,0.00024426653
10163,0.4640804835888276,0.99999994,0.0028135884
10164,0.3401901008915781,0.99999994,0.00085945625
10165,0.3462045782296341,1.0,0.0012937079
10166,0.3953894271810465,1.0,0.0
10167,0.5167770956846882,0.99999994,0.0068304157
10168,0.3327888384026392,1.0,0.0010946759
10169,0.4749393332136206,0.99999994,0.0002171258
10170,0.3643509567671374,0.99999994,0.0017279595
10171,0.3702678820647443,0.99999994,0.0005609083
10172,0.5122105140401522,1.0,0.0009770661
10173,0.3718310764195602,1.0,0.00040711087
10174,0.3002437689412479,0.99999994,0.0033111684
10175,0.6728401115453648,1.0,0.0025964626
10176,0.18610060811999,1.0,0.0045867823
10177,0.2598932693918699,0.99999994,0.0017279595
10178,0.4231202149421903,1.0,0.001275614
10179,0.4315121573810331,1.0,0.00026236035
10180,0.357824944680116,1.0000001,0.00019903199
10181,0.4874471377181204,1.0000001,0.0016374903
10182,0.6439252474991275,1.0,1.8093817e-05
10183,0.6135606803041008,1.0,0.00013570362
10184,0.3036123670477542,1.0,0.0015651152
10185,0.6750551508954409,1.0,0.0009680192
10186,0.3445149249804328,1.0,0.0011670511
10187,0.2537435040291696,0.99999994,0.0014836929
10188,0.301708859254654,0.99999994,0.000687565
10189,0.3048279265417185,0.99999994,0.0025421812
10190,0.3712205235997121,0.99999994,0.0003166418
10191,0.2999009675664703,1.0,0.0005156738
10192,0.7350750530513448,1.0,0.004993893
10193,0.2504915131628589,1.0,0.0007508934
10194,0.4637158475243997,1.0,0.00094087847
10195,0.2945041300202146,0.99999994,0.00019903199
10196,0.397070514521615,0.99999994,0.0018455692
10197,0.3755989902926607,1.0,0.00036187633
10198,0.404509298137809,1.0,7.237527e-05
10199,0.3429831135092968,1.0,0.00015379745
10200,0.4425617045379842,1.0,0.00011760981
10201,0.5859725406036024,1.0,0.0002261727
10202,0.4222442453807964,1.0,0.00036187633
10203,0.6155379979256224,1.0000001,0.00035282943
10204,0.6401922716822297,1.0,0.0010584883
10205,0.2803001694562915,1.0,0.00016284434
10206,0.587666952495324,1.0,0.0015017868
10207,0.380320813169129,1.0,0.00048853306
10208,0.2353636245227045,1.0,0.00048853306
10209,0.4108188249828484,1.0,0.00040711087
10210,0.2111677798382662,0.99999994,0.005039128
10211,0.3334611288951546,1.0000001,0.0004523454
10212,0.339889513402179,0.99999994,0.0021169765
10213,0.283527018348541,1.0,0.0010132537
10214,0.6141944154806152,0.99999994,0.001384177
10215,0.2546355368811365,0.99999994,0.0003075949
10216,0.3678440001791245,1.0,0.00072375266
10217,0.3390979061368561,1.0,0.0010223007
10218,0.3185541669964093,1.0,0.00023521962
10219,0.3490232803702821,1.0000001,0.001284661
10220,0.3125308874931594,1.0,0.0029040575
10221,0.5095436659278055,1.0,9.046908e-05
10222,0.5191407159390766,1.0,9.046908e-05
10223,0.3477319511954175,1.0,0.00050662685
10224,0.3614152164643406,1.0,0.0020084137
10225,0.5506462479388612,1.0,8.142217e-05
10226,0.3826948737004167,1.0,0.0004523454
10227,0.3494169488508545,1.0000001,0.0
10228,0.35447278738763,1.0,0.0
10229,0.6380829959673587,1.0,0.0013479893
10230,0.4236433249089482,0.99999994,0.00065137737
10231,0.5117760145252747,1.0,9.951599e-05
10232,0.3051021614625541,1.0,0.0008685032
10233,0.4947342307653053,1.0,0.00014475053
10234,0.4012010007160253,1.0000001,0.00070565887
10235,0.3350981660292754,1.0,0.0013932239
10236,0.3637149176924977,1.0,0.001185145
10237,0.4883291446923818,1.0,0.0008775501
10238,0.4742207298381855,1.0,0.0013208486
10239,0.3464815865708446,1.0,0.0010494414
10240,0.4208315202747456,1.0,0.00019903199
10241,0.5576022345241501,1.0,0.0042158593
10242,0.3326870544300608,1.0,0.0011580043
10243,0.4953483963749049,1.0000001,0.00187271
10244,0.4424567711159716,1.0,0.0006604243
10245,0.4978354028404783,1.0,0.0007599403
10246,0.3879897259755535,0.99999994,1.8093817e-05
10247,0.4530000732000522,1.0,3.6187634e-05
10248,0.4056148080128082,1.0,0.0
10249,0.4344600059486138,0.99999994,0.00070565887
10250,0.4779778844585937,1.0,0.00079612795
10251,0.3231478754969724,1.0,0.0013118017
10252,0.3603530744701145,1.0,0.001085629
10253,0.3459541273230695,1.0,0.00028045414
10254,0.4103532956022672,1.0,0.0049757995
10255,0.6454706610885534,0.99999994,0.0012032388
10256,0.2832383027541846,1.0,2.7140724e-05
10257,0.437435716048498,0.99999994,0.0015560682
10258,0.4190592861205864,1.0,0.0016374903
10259,0.2637380217805592,1.0,0.014782648
10260,0.4611936998717729,1.0,0.0031302304
10261,0.5673411715731427,1.0,0.00014475053
10262,0.3241230611131916,1.0,0.0009951598
10263,0.4257373969026897,0.99999994,5.428145e-05
10264,0.3932926858305011,1.0,0.00013570362
10265,0.4164360389638737,1.0,0.00035282943
10266,0.353303688754687,1.0,0.0020898357
10267,0.2996792815282479,1.0,0.00065137737
10268,0.3646919894528859,1.0,0.00062423665
10269,0.3890310164987917,0.99999994,0.00081422174
10270,0.4806718107541152,1.0,9.046908e-05
10271,0.5447321268524916,1.0,9.951599e-05
10272,0.4727815805537159,1.0,0.0005428145
10273,0.516347653244243,0.99999994,0.00036187633
10274,0.2237391446813035,1.0,0.006052382
10275,0.3130521752416527,1.0000001,0.0048581897
10276,0.6067755067904566,1.0,0.00023521962
10277,0.5925320497197192,1.0,0.001085629
10278,0.3786427191159145,1.0000001,0.003953499
10279,0.4739138442786127,0.99999994,0.0009680192
10280,0.2879633064777793,1.0,0.0032659338
10281,0.2835466736170465,1.0,0.0014655992
10282,0.2208988499087619,1.0,0.00020807888
10283,0.4793428419080128,1.0,0.0048672366
10284,0.2302094344912395,1.0,0.0008051748
10285,0.2818317824765302,1.0,2.7140724e-05
10286,0.3507679225555326,1.0,0.0017551002
10287,0.5502932456670228,1.0,0.0022255394
10288,0.6756859172422149,1.0,0.0006604243
10289,0.3919605722559363,1.0,0.0018636631
10290,0.6892419796027852,1.0,0.0
10291,0.4406353696023374,1.0,0.0012122857
10292,0.3373005380797469,1.0,0.0016917718
10293,0.3172122153019308,1.0,0.00048853306
10294,0.6857359290497195,1.0,0.0017189125
10295,0.2528057998842082,1.0000001,9.046908e-06
10296,0.643529932348575,1.0000001,0.001284661
10297,0.3319940702260233,1.0,0.0006423305
10298,0.3437805769669718,1.0,0.00037092323
10299,0.442060270287434,1.0000001,0.0008956439
10300,0.7120823488106012,0.99999994,0.0
10301,0.5379872382725644,1.0,0.003654951
10302,0.4092211115087147,0.99999994,6.3328356e-05
10303,0.3693067011795861,1.0,0.0006423305
10304,0.2399858276337236,1.0,0.0010584883
10305,0.5877018927118652,0.99999994,0.0011308636
10306,0.3473437062624556,1.0000001,0.003437825
10307,0.2640905271416272,0.9999999,2.7140724e-05
10308,0.2963094547895262,1.0,6.3328356e-05
10309,0.3309209075316052,0.99999994,0.0022164925
10310,0.5841840769484327,0.99999994,0.00094087847
10311,0.3361846146204901,1.0,0.00036187633
10312,0.2851726071241762,1.0,0.0030849958
10313,0.5743010178286827,1.0,0.0053648166
10314,0.2607381485918139,1.0,9.046908e-05
10315,0.4526812204784854,0.99999994,0.00028950107
10316,0.304351381472267,1.0,0.00011760981
10317,0.2957869261634876,0.99999994,0.0023160086
10318,0.1346004756123909,1.0,0.0003437825
10319,0.3219205365600843,1.0,0.0012122857
10320,0.4137291412814941,1.0,0.0010132537
10321,0.6747929495509046,0.99999994,0.00026236035
10322,0.2470494517678359,1.0,0.0011399104
10323,0.5750752112116636,1.0,4.523454e-05
10324,0.2700066316190901,1.0000001,0.00012665671
10325,0.4340702190020827,1.0,5.428145e-05
10326,0.5073333640682813,0.99999994,0.00014475053
10327,0.7201863614091696,1.0,0.0020807888
10328,0.4118629772379945,0.99999994,0.00081422174
10329,0.5478726284275212,0.99999994,0.0
10330,0.4235612392583087,1.0,0.0023341023
10331,0.4971741500014944,1.0000001,0.00050662685
10332,0.2092362574916076,1.0,0.0010765821
10333,0.5533839682699081,1.0000001,0.00014475053
10334,0.2545815277542936,1.0000001,0.00036187633
10335,0.5167687642389156,0.99999994,0.004043968
10336,0.3958560549859241,1.0,0.002976433
10337,0.3379376334702966,1.0,0.004749627
10338,0.3994714520006453,1.0,0.00024426653
10339,0.3715473062287421,1.0,0.0005428145
10340,0.3735327081301432,1.0000001,0.0015470213
10341,0.4298951176314901,0.99999994,0.0004342516
10342,0.4465610931755834,1.0,0.0012303796
10343,0.3171437578831655,1.0,0.0038811236
10344,0.2983277200517148,0.99999994,0.0006694712
10345,0.3796381322458867,1.0,0.003256887
10346,0.2880728826294063,1.0,0.00024426653
10347,0.4844521129789382,1.0,0.0
10348,0.340799047273131,1.0,9.046908e-05
10349,0.4311092196419784,1.0,0.00082326867
10350,0.6520584462847588,1.0,0.00025331342
10351,0.286694467066186,0.99999994,0.0034287781
10352,0.3678440001791245,1.0,0.0013027547
10353,0.337682000275846,0.99999994,0.0039806394
10354,0.2842995767068691,0.99999994,0.00039806397
10355,0.4484645714251921,1.0,0.0022345863
10356,0.4392368899761652,1.0,0.00029854797
10357,0.5036250809274727,1.0,0.0003437825
10358,0.3375586644587682,0.9999999,0.00083231553
10359,0.4080778370956985,1.0,0.0002171258
10360,0.5400111836927645,1.0,0.0031845118
10361,0.4266380593462049,1.0,0.0064323517
10362,0.4048151281173072,1.0,0.000687565
10363,0.2991557389279466,1.0,0.0009951598
10364,0.2265022804711448,1.0,0.0020265074
10365,0.2900434591693261,1.0,0.0012394264
10366,0.4129296409508053,0.9999999,0.004134437
10367,0.3016951706802763,1.0,0.00028045414
10368,0.6654345276027863,1.0,0.0062514134
10369,0.4221219690471385,0.99999994,1.8093817e-05
10370,0.4271758996522055,1.0,0.00084136246
10371,0.3798303526982896,1.0,0.0017641471
10372,0.4781699159886716,1.0,0.00070565887
10373,0.1871348369906901,1.0,1.8093817e-05
10374,0.6491355651863594,1.0,0.0006332836
10375,0.6269164501936545,1.0,0.004831049
10376,0.2773255221216497,1.0,0.0013389424
10377,0.4923505196722379,0.99999994,0.0053829104
10378,0.5469870782826306,1.0000001,0.00095897226
10379,0.6181766779915372,1.0,0.00050662685
10380,0.3825757664097274,1.0,6.3328356e-05
10381,0.5125333964132559,0.99999994,0.00059709593
10382,0.4405271984909625,1.0,0.0016917718
10383,0.4045488124169871,0.99999994,0.0004252047
10384,0.4909746967753922,0.99999994,0.022427285
10385,0.5410516491346472,1.0,2.7140724e-05
10386,0.5527511554618857,1.0,0.0002171258
10387,0.3051862978742799,0.99999994,0.00028045414
10388,0.2848684150277293,1.0,0.0
10389,0.3363731514172423,1.0,0.0019179445
10390,0.5007045243835611,1.0,0.00032568868
10391,0.3227644444843432,0.99999994,0.0014927399
10392,0.289601725248056,1.0,0.0003166418
10393,0.4474840329320453,1.0,0.00019903199
10394,0.329746249271752,1.0,0.005455286
10395,0.4780414147365364,1.0,0.00084136246
10396,0.3449602681128503,0.99999994,0.0007599403
10397,0.3054212965878168,1.0,0.001185145
10398,0.3228057565447873,1.0,0.0013298955
10399,0.2179491922132432,1.0,0.00018093816
10400,0.64725987281542,1.0,0.0009951598
10401,0.3047448878148357,0.99999994,0.000588049
10402,0.7381698622492986,1.0,0.0006151898
10403,0.2977598050936439,1.0,0.00020807888
10404,0.397763209905997,1.0,0.0014203646
10405,0.3542285388328229,1.0,9.046908e-06
10406,0.463562218888211,0.99999994,0.0
10407,0.3957218522447649,0.9999999,0.0046862983
10408,0.3384211560834531,1.0,0.0011399104
10409,0.3450230549543674,1.0000001,0.0030940427
10410,0.4233030064782184,0.9999999,1.8093817e-05
10411,0.3614006825688797,1.0,0.0005518614
10412,0.3376857734992678,1.0,0.0004523454
10413,0.3501231045078334,1.0,0.0036278102
10414,0.6890719342341356,0.99999994,0.00011760981
10415,0.2313693078391653,1.0,0.0017641471
10416,0.5157858937573486,1.0,0.0014203646
10417,0.3713173553518347,1.0,0.0032297461
10418,0.4158283918998159,0.99999994,0.00057900214
10419,0.5639179682139943,1.0,0.0018636631
10420,0.6319501479279683,1.0,0.000986113
10421,0.2783835883008941,1.0,0.0010494414
10422,0.2154241749628264,1.0,0.0036911385
10423,0.4050611390742925,1.0,0.0021169765
10424,0.61910493549497,0.99999994,0.00018093816
10425,0.2857932103264983,1.0,0.0018998507
10426,0.4661329327549334,1.0,8.142217e-05
10427,0.4477633842357058,1.0,0.001673678
10428,0.3803946817743852,0.99999994,9.046908e-05
10429,0.3800944967167453,1.0,0.00026236035
10430,0.4944941876844479,1.0,0.001474646
10431,0.3750904704194951,1.0,0.0007508934
10432,0.2417449257350047,1.0,0.00062423665
10433,0.2941043616029096,0.99999994,0.0011399104
10434,0.4152990737100274,1.0,0.0033202153
10435,0.447332535196641,1.0,0.004025874
10436,0.2484070285401134,0.99999994,0.00053376757
10437,0.5602827792700618,1.0,0.00072375266
10438,0.3131894869706893,1.0,0.0003166418
10439,0.3016518289544859,1.0,0.0022164925
10440,0.5041785772223814,0.99999994,0.0033111684
10441,0.5465066621481556,1.0,0.00018093816
10442,0.3650171535654055,1.0,0.0011580043
10443,0.3871646970700725,0.99999994,0.0017370064
10444,0.5740837085432893,1.0,0.0025874157
10445,0.3905109776183779,1.0,0.00014475053
10446,0.4600360894599201,0.99999994,0.00014475053
10447,0.3496488209167096,1.0,0.00014475053
10448,0.2349574825031327,1.0,0.0014022707
10449,0.2998058549060787,1.0,0.0016284435
10450,0.502744303951405,1.0,0.00081422174
10451,0.3664326061734667,0.99999994,0.0011489573
10452,0.90824210443576,1.0,0.0021350703
10453,0.307455658126188,1.0000001,9.951599e-05
10454,0.3668592749758184,1.0,0.0
10455,0.3485229280356197,1.0,0.0012032388
10456,0.3555612543876912,1.0,0.00028045414
10457,0.3319802586622263,1.0,0.00028950107
10458,0.4139346970731379,1.0000001,0.0015470213
10459,0.4156876302181824,0.99999994,0.0022345863
10460,0.2441462068835318,0.9999999,0.0006423305
10461,0.8796614303385227,1.0000001,0.00093183154
10462,0.4117564843317562,1.0,0.00018998508
10463,0.2093990126392243,0.99999994,0.0011670511
10464,0.3343124084592114,1.0000001,0.00084136246
10465,0.5101726361356874,1.0000001,0.0004975799
10466,0.3058468059247657,1.0,0.00016284434
10467,0.5506461372423272,1.0,0.00088659703
10468,0.3146159317067601,1.0,0.001185145
10469,0.345196672723546,1.0,0.00047043923
10470,0.4619723306618776,0.99999994,0.0071922923
10471,0.2671438746201537,0.99999994,0.001185145
10472,0.3251673329720469,1.0,0.0015289275
10473,0.3365269301133348,1.0000001,9.046908e-05
10474,0.6414711751445573,0.99999994,0.00013570362
10475,0.4006121281679899,1.0,0.00048853306
10476,0.5801639384186565,1.0,0.0015651152
10477,0.3581057167587986,1.0,0.00029854797
10478,0.4086388721386305,1.0,0.00023521962
10479,0.4379789689750636,1.0,0.0047134394
10480,0.4330692824337917,1.0000001,0.0005247207
10481,0.3914795003542981,1.0,0.00069661194
10482,0.3468980359320648,1.0,0.0007508934
10483,0.5076539509538677,1.0,7.237527e-05
10484,0.566208890281506,1.0,0.0028859638
10485,0.3107588063100648,1.0,0.0010223007
10486,0.3932695677293387,1.0,0.0008775501
10487,0.3814926632922891,0.99999994,0.0028859638
10488,0.3413248145676484,0.9999999,0.0012484733
10489,0.5240329634252878,0.99999994,0.000588049
10490,0.3081609184260275,1.0,0.0003437825
10491,0.3712625532148954,0.99999994,2.7140724e-05
10492,0.5453730994477967,1.0,0.0011218166
10493,0.3648539943959358,1.0,3.6187634e-05
10494,0.4498690875449097,1.0,0.0021350703
10495,0.9787107586567894,0.99999994,0.30621976
10496,0.3557819134761995,1.0000001,0.0010946759
10497,0.5918959521283673,0.99999994,0.00018998508
10498,0.2570652932516151,1.0,0.00037997015
10499,0.4597102007063742,1.0,0.0025421812
10500,0.2378270863397674,1.0,0.0010403944
10501,0.4069784875503467,1.0,0.0011127697
10502,0.8240879004620212,1.0,2.7140724e-05
10503,0.3535325656747,1.0000001,0.00060614286
10504,0.2975949071789862,1.0,0.0035644819
10505,0.3624724523683469,1.0,0.0027321663
10506,0.3604325270333552,1.0,0.0091826115
10507,0.2078534745694596,1.0,0.0059438185
10508,0.3570192677756854,1.0,0.00024426653
10509,0.3083043044190236,1.0,0.0026416972
10510,0.1816320753766657,1.0,0.00012665671
10511,0.2998925128757866,1.0,0.0005518614
10512,0.3490041532641066,1.0,6.3328356e-05
10513,0.4874216493717613,1.0,0.0015289275
10514,0.3874366565916793,1.0,6.3328356e-05
10515,0.3182126810357244,1.0,0.0025602751
10516,0.4018602490301026,1.0,0.002352196
10517,0.4208414802361309,1.0000001,0.0017641471
10518,0.3646990766501096,0.99999994,0.0005699552
10519,0.6655014591968592,0.99999994,0.0001085629
10520,0.4063216756150299,1.0,0.0015017868
10521,0.7740937278818318,1.0,0.009463066
10522,0.4408981877222221,1.0,3.6187634e-05
10523,0.7684638864424099,1.0000001,0.0006785181
10524,0.6674616441388761,1.0,7.237527e-05
10525,0.2161411775242046,0.99999994,0.00013570362
10526,0.3397339232275448,0.99999994,0.00037092323
10527,0.3797205971027283,0.99999994,0.0012665672
10528,0.2514905693329016,1.0000001,0.00048853306
10529,0.3825842773707469,1.0,0.0018003348
10530,0.3905011426762663,0.99999994,0.00018998508
10531,0.4976708190248691,1.0000001,0.0019903197
10532,0.4577733021862398,0.99999994,0.0
10533,0.6392597938020074,0.99999994,0.00057900214
10534,0.6436617722894661,1.0,0.0015108336
10535,0.2935590127404394,1.0,0.0010132537
10536,0.4980612728381551,1.0,0.00011760981
10537,0.5063855999028752,1.0,0.00028950107
10538,0.3853800662435852,1.0,0.000787081
10539,0.3166658755742666,1.0,0.0016193966
10540,0.2929671511340557,1.0,0.001972226
10541,0.2831960527646635,0.99999994,0.0002261727
10542,0.3057372790227145,1.0,0.0033744967
10543,0.2513459451437466,1.0,0.0023793369
10544,0.3633546465222489,1.0000001,0.0017641471
10545,0.2821859126919642,1.0,0.00053376757
10546,0.283146477324527,1.0,0.0013208486
10547,0.4200106383224368,1.0,0.0002171258
10548,0.350276510306159,1.0,0.00032568868
10549,0.4632736507208146,1.0,0.000787081
10550,0.3192835344886638,1.0,0.00038901705
10551,0.4869441451167364,1.0,0.0030126204
10552,0.4112721489657328,0.9999999,0.00024426653
10553,0.3727331097242811,1.0,1.8093817e-05
10554,0.2953905279737905,1.0,0.0013660832
10555,0.4069545196633413,1.0,7.237527e-05
10556,0.2990689871035641,0.99999994,0.0018003348
10557,0.3317472282533826,0.99999994,0.0014565522
10558,0.2645570656534399,1.0000001,0.0028859638
10559,0.2405912776982285,1.0,8.142217e-05
10560,0.2814119823665459,1.0,0.0021803048
10561,0.6270594303443969,0.99999994,0.0056271767
10562,0.6097204939610521,1.0,0.00053376757
10563,0.3572962543195261,1.0,0.00016284434
10564,0.4083210925207141,1.0,0.0027231195
10565,0.4548509064469125,0.99999994,0.0004342516
10566,0.4961840262799324,1.0,0.00026236035
10567,0.4131872191811915,1.0,0.000986113
10568,0.3904731900848935,1.0000001,0.0004523454
10569,0.3219458164611086,1.0000001,0.00040711087
10570,0.3845813211840428,0.9999999,0.00032568868
10571,0.4096604871913625,1.0,0.0004975799
10572,0.5096429593550896,1.0,4.523454e-05
10573,0.4013873380667977,0.9999999,0.00084136246
10574,0.6931363024845043,1.0,9.046908e-06
10575,0.3810497788813961,1.0,7.237527e-05
10576,0.3367644825087769,1.0,0.010051115
10577,0.4042871320386713,0.99999994,0.00025331342
10578,0.3834133561580575,1.0000001,0.0004523454
10579,0.504645999148037,1.0,0.00037092323
10580,0.4861046908785079,1.0,0.0
10581,0.3248345015020188,1.0,0.0017189125
10582,0.401816167511253,0.99999994,0.0003347356
10583,0.3354056916781187,1.0,0.0014022707
10584,0.4627827626866715,1.0,0.0025059935
10585,0.7495750847859126,0.99999994,0.0012394264
10586,0.3120533495909422,1.0,0.00025331342
10587,0.3780116728866172,1.0,0.002270774
10588,0.3970225929061368,1.0000001,9.046908e-06
10589,0.5067717087574064,1.0,0.0022164925
10590,0.3763633284112909,1.0,0.0019541322
10591,0.4012452431311309,0.99999994,0.00088659703
10592,0.2212023027074209,1.0,0.00020807888
10593,0.3645366265923855,1.0,0.0027412132
10594,0.7028646418349308,1.0,0.00039806397
10595,0.3769196008645459,1.0,9.951599e-05
10596,0.3151308998224927,1.0,9.046908e-06
10597,0.4673576418687712,1.0000001,0.005211019
10598,0.6312296826680424,1.0000001,0.0020807888
10599,0.5447504482443531,1.0,9.046908e-05
10600,0.3897310776998171,0.99999994,0.0005156738
10601,0.3268992747137716,1.0000001,3.6187634e-05
10602,0.5545326169954019,1.0,0.00036187633
10603,0.4540714338949679,0.99999994,0.0003437825
10604,0.7554841935925307,1.0,4.523454e-05
10605,0.388091375102752,1.0,0.00065137737
10606,0.3825383485060278,1.0000001,0.0030126204
10607,0.289419016749298,1.0,0.000986113
10608,0.3990918115354124,1.0,0.00065137737
10609,0.3638507261849265,0.99999994,0.0025421812
10610,0.4349021080912385,1.0,0.0005247207
10611,0.3763595183451841,1.0,0.00040711087
10612,0.2780273551782031,0.99999994,0.006821369
10613,0.345863779396255,1.0,0.0003075949
10614,0.2983331515373241,1.0000001,0.00025331342
10615,0.8257721890037397,0.99999994,0.0077984347
10616,0.4724953663756622,1.0,0.0013932239
10617,0.3468769956060408,0.99999994,0.0008775501
10618,0.4864107304209947,1.0000001,0.0007780341
10619,0.4230938763520102,1.0000001,0.00018998508
10620,0.5042005770946564,1.0,0.00035282943
10621,0.4460421604406726,1.0,0.0036730447
10622,0.4292730906131426,0.99999994,9.046908e-05
10623,0.5108517799569405,1.0,4.523454e-05
10624,0.376849981200277,0.99999994,0.00065137737
10625,0.4906959127781863,1.0000001,0.00013570362
10626,0.2653947587881993,1.0,0.000787081
10627,0.4498690875449097,1.0,0.0013570362
10628,0.3612445504575525,1.0,0.00017189125
10629,0.394311355503169,0.99999994,0.0004252047
10630,0.347904474682451,1.0,0.00026236035
10631,0.813383646076553,1.0,0.011055321
10632,0.220295664774059,1.0,0.003555435
10633,0.4283471704751799,1.0,2.7140724e-05
10634,0.4300092926664241,1.0,0.0002171258
10635,0.3198903654362024,0.99999994,1.8093817e-05
10636,0.3643684120645835,1.0,0.00069661194
10637,0.267715791440461,1.0,0.0003347356
10638,0.5928924912833823,1.0,0.008069842
10639,0.58490229643053,1.0,0.0008051748
10640,0.273131664363172,1.0,0.0017460533
10641,0.2579181179160924,1.0,0.0017641471
10642,0.3969499754925759,1.0,0.002759307
10643,0.3988915786307915,1.0,0.0037816076
10644,0.6579668082239309,1.0,0.0012575203
10645,0.7850970587206229,1.0,0.0008956439
10646,0.3537764865016742,1.0,0.0005518614
10647,0.3175271553240456,1.0,0.00019903199
10648,0.3686090079882336,1.0000001,0.0023431492
10649,0.5135653007457285,1.0000001,0.00011760981
10650,0.6627191334642715,1.0,0.00012665671
10651,0.4354943761600197,1.0,2.7140724e-05
10652,0.2305359787736261,1.0,0.0040801554
10653,0.3722556301451054,1.0,0.0005247207
10654,0.4692330372989434,1.0,0.0043787034
10655,0.3974668846120837,1.0,0.00071470573
10656,0.5743078993772511,0.99999994,0.00017189125
10657,0.2498961277348197,1.0,0.0015832089
10658,0.2913858031565904,1.0,0.0015108336
10659,0.4501022240446365,1.0,0.00187271
10660,0.500588840818192,1.0,0.0013660832
10661,0.6007614141634593,0.99999994,0.0008051748
10662,0.5541081184613402,1.0000001,0.00016284434
10663,0.379962804999441,1.0,0.000787081
10664,0.3089450768359787,1.0,0.00018998508
10665,0.4618022283528351,1.0,0.00035282943
10666,0.2700751543205622,1.0,0.001474646
10667,0.5154520665176613,1.0,0.00094087847
10668,0.5596924396412227,1.0,0.001384177
10669,0.4316710543828642,0.99999994,0.06995069
10670,0.3431288865066838,1.0,0.0015470213
10671,0.3948354510086939,0.99999994,0.0003075949
10672,0.2450972620630114,1.0,0.00062423665
10673,0.5920438745806906,1.0,0.00013570362
10674,0.2767253080460765,0.9999999,0.0006694712
10675,0.3895483872055998,1.0,0.00013570362
10676,0.6883117448813895,1.0,7.237527e-05
10677,0.3832843686656471,1.0,0.0010765821
10678,0.4712918775954793,1.0,0.00026236035
10679,0.4157347984117253,1.0,5.428145e-05
10680,0.4168813495572699,1.0,9.046908e-05
10681,0.3662119105035823,1.0,0.0017098656
10682,0.4104510353314169,1.0,2.7140724e-05
10683,0.2596052075159371,1.0,9.046908e-05
10684,0.3571456005630758,1.0,0.00011760981
10685,0.5163608314885516,0.9999999,9.046908e-06
10686,0.3245862209560893,0.99999994,0.0015651152
10687,0.4251598544567737,1.0,0.00016284434
10688,0.7035561159007123,1.0,0.0006694712
10689,0.3749567574222215,1.0,0.00044329852
10690,0.2958539932283923,1.0,0.0015108336
10691,0.3344582284485118,0.99999994,0.0
10692,0.288743937237638,1.0,2.7140724e-05
10693,0.5836891304843995,1.0,0.0044058445
10694,0.4064175880466726,1.0,0.00065137737
10695,0.4734526512744229,1.0,0.00025331342
10696,0.6816795175250305,1.0,0.00187271
10697,0.4341202448558025,1.0,0.0066404305
10698,0.3781007497573421,1.0,0.00044329852
10699,0.2837970979307812,1.0,0.0016374903
10700,0.2928005267482289,1.0,0.001176098
10701,0.3847088386126464,1.0,0.0033202153
10702,0.4364098933628798,1.0000001,0.0008956439
10703,0.6468615475865184,1.0,0.0021531642
10704,0.4717338352870098,1.0,0.0023431492
10705,0.3782444056217969,1.0,0.0036006696
10706,0.3602702743712794,1.0,0.00074184645
10707,0.2528526484806871,0.99999994,0.00040711087
10708,0.4263589449893383,0.99999994,0.00037092323
10709,0.3277734813913802,0.9999999,0.005554802
10710,0.3446197817493702,1.0000001,0.0007780341
10711,0.2905313586344648,1.0,0.00018998508
10712,0.3241689457544437,1.0,9.046908e-05
10713,0.6554610208464324,1.0,0.00047948613
10714,0.4177489428163504,1.0,0.0006694712
10715,0.7512379160511673,1.0,0.002569322
10716,0.4905362518446222,1.0000001,0.003057855
10717,0.4144354333122776,0.99999994,0.0005518614
10718,0.4518120979853623,1.0,0.00027140725
10719,0.5150425302864792,1.0000001,0.0016555842
10720,0.335496433907426,1.0,0.00237029
10721,0.3900892832034915,1.0,0.0016827249
10722,0.380978947568744,1.0,7.237527e-05
10723,0.475075761514379,1.0,0.00018998508
10724,0.4629717283315184,1.0,0.010820102
10725,0.5770544737044254,1.0,3.6187634e-05
10726,0.4056148080128082,1.0,0.0
10727,0.3659072349836184,1.0,0.0008685032
10728,0.4309986807688621,1.0,0.0030669018
10729,0.3670157895255347,1.0000001,0.00048853306
10730,0.3655786419411676,0.99999994,0.0008685032
10731,0.8529454677071968,1.0,0.007590356
10732,0.6853420778207869,1.0000001,0.012077622
10733,0.4006155992066476,1.0,9.046908e-05
10734,0.3212483452064161,1.0,0.0005156738
10735,0.3424118255344233,1.0,0.005211019
10736,0.5171444641375654,1.0,0.015994934
10737,0.3424352575299417,1.0,0.0023160086
10738,0.7758212669268693,1.0,0.0019812728
10739,0.6496302527599671,1.0,0.0008956439
10740,0.4741275133981307,1.0000001,4.523454e-05
10741,0.3349679458556225,1.0,0.0019812728
10742,0.6713462450473453,1.0000001,0.00036187633
10743,0.4392054270859498,0.99999994,0.0014384585
10744,0.6454741379958132,1.0,0.0001085629
10745,0.3451062658180402,1.0,0.0010675351
10746,0.3920170650662482,1.0,0.008060795
10747,0.2650483626549816,1.0,0.0002261727
10748,0.3187556673146354,1.0,0.00026236035
10749,0.4035187463725772,1.0,0.00053376757
10750,0.4368289547564342,1.0,0.002668838
10751,0.3873069491549744,1.0,0.0034921067
10752,0.193773688160372,0.99999994,0.00013570362
10753,0.5504494399194259,0.99999994,0.004731533
10754,0.3523518217760002,1.0,0.0
10755,0.5989779006905586,1.0,9.046908e-05
10756,0.3436945622332145,1.0,0.0012032388
10757,0.336737214285808,1.0,0.00012665671
10758,0.7799494765683598,1.0,0.00095897226
10759,0.5522798224958066,1.0,0.0001085629
10760,0.3416262602399483,1.0,0.00025331342
10761,0.4808604269171292,0.99999994,5.428145e-05
10762,0.4685838062026565,1.0000001,0.0006785181
10763,0.3245091704240223,1.0,0.0002171258
10764,0.5785429290057269,1.0,0.0015108336
10765,0.4730194709824382,0.99999994,0.00020807888
10766,0.3453106911807237,0.99999994,0.0004342516
10767,0.4880021964628915,1.0,0.0072284797
10768,0.3242760879377703,0.99999994,0.00038901705
10769,0.4192497831053751,0.99999994,0.00065137737
10770,0.4407150165225104,0.99999994,0.00047948613
10771,0.3749240080176592,1.0,0.00088659703
10772,0.4880937031425502,1.0,0.00015379745
10773,0.2709541157117065,1.0,0.0
10774,0.4228811431506371,1.0000001,0.0012032388
10775,0.2937902490238918,1.0,0.0022164925
10776,0.3392800829619078,1.0,0.0015198806
10777,0.3006918253981423,1.0,0.00028045414
10778,0.2947772479282291,1.0,9.046908e-06
10779,0.5952187543257544,0.99999994,0.00026236035
10780,0.4154572060093714,0.99999994,0.0
10781,0.3811902866084518,1.0,0.0003347356
10782,0.4577481622311857,0.99999994,4.523454e-05
10783,0.383481910708989,1.0,0.00012665671
10784,0.4632608644466268,1.0,0.0011670511
10785,0.3471955892102748,1.0,0.0017551002
10786,0.3559247631705153,1.0,0.007101823
10787,0.4939771764426701,1.0,0.0
10788,0.5562928341441106,1.0,2.7140724e-05
10789,0.3198127189575156,1.0,0.0005609083
10790,0.3386168973688347,1.0000001,0.0036730447
10791,0.3559247631705153,0.99999994,0.0019903197
10792,0.2904167776361167,1.0,0.0008956439
10793,0.8090039305715593,1.0,0.0037816076
10794,0.4469985504557542,1.0,0.00048853306
10795,0.560797975213243,1.0,0.0022979146
10796,0.3827216532463455,1.0,0.002759307
10797,0.3204571411065208,1.0,0.001176098
10798,0.4186689174422419,1.0,0.0020898357
10799,0.3910788820824693,0.99999994,2.7140724e-05
10800,0.5962766488104567,1.0,0.0017098656
10801,0.4818200347822777,1.0,0.0016465373
10802,0.5461419110392848,0.99999994,0.0005428145
10803,0.336184583128207,1.0,0.0013932239
10804,0.3682568419083868,1.0000001,0.0005247207
10805,0.3203838979422065,0.99999994,0.0010946759
10806,0.4817285411778897,1.0,0.002958339
10807,0.4171533098698878,1.0000001,0.003157371
10808,0.2225582675651138,1.0,0.00032568868
10809,0.512848412406696,1.0000001,0.0011218166
10810,0.5747245894195729,1.0,0.00028950107
10811,0.3118128767242824,0.99999994,0.00076898717
10812,0.4922777348534591,1.0,0.00035282943
10813,0.588583690661022,1.0,0.0010042068
10814,0.4120376986051915,1.0,0.006052382
10815,0.4093306519713938,1.0,0.0015560682
10816,0.7186001845288638,1.0,0.0011489573
10817,0.3023290097560155,1.0000001,0.002551228
10818,0.362423965189111,1.0,0.00088659703
10819,0.6517772536048536,1.0,0.00041615777
10820,0.4395140886433599,1.0000001,0.0004252047
10821,0.6246582962526365,0.9999999,0.0012122857
10822,0.2743951206420308,0.99999994,0.0006151898
10823,0.3396762267247249,0.99999994,0.00053376757
10824,0.472898818403543,1.0,0.00019903199
10825,0.2659635537939023,1.0,0.0003437825
10826,0.3929607455654934,1.0,0.0023069617
10827,0.5194152488963719,1.0,0.00082326867
10828,0.4800534389031354,0.99999994,0.0013660832
10829,0.4369871382250079,0.99999994,0.00028045414
10830,0.4299077483546869,1.0,0.0032387932
10831,0.3777719660356111,1.0,0.00047948613
10832,0.3305933942220125,1.0,0.0005156738
10833,0.3089860839825335,1.0,0.0019993668
10834,0.4873553044971868,1.0000001,0.00094992534
10835,0.4164360389638737,1.0,0.0002171258
10836,0.3141662240576696,1.0,0.0015470213
10837,0.3983663211769681,1.0,0.0012213326
10838,0.3506517004113964,1.0,9.046908e-06
10839,0.410153165051623,1.0,0.0015560682
10840,0.2972828597175422,1.0,0.0017189125
10841,0.765552834832896,1.0,0.0036097164
10842,0.8101071997677811,1.0000001,0.00015379745
10843,0.2564375417177101,1.0,0.0023069617
10844,0.469496676956946,1.0,0.00072375266
10845,0.2225018208603789,1.0,0.00065137737
10846,0.4156235875317446,1.0,0.00028045414
10847,0.5051436932805589,1.0,9.046908e-06
10848,0.3540633193218755,0.99999994,0.00044329852
10849,0.3548206546993606,0.99999994,0.00026236035
10850,0.3943501955490681,1.0,0.0007508934
10851,0.3426029345635353,1.0,0.00032568868
10852,0.4609224231344521,1.0,0.0038811236
10853,0.259705529009513,1.0,0.00023521962
10854,0.4862660684856377,1.0,0.0004613923
10855,0.3624732980032843,0.99999994,0.0013660832
10856,0.6092648506113391,1.0,0.0005428145
10857,0.2951373798283287,1.0,0.00187271
10858,0.6517414122957212,1.0,1.8093817e-05
10859,0.6143645942612919,1.0,0.0006604243
10860,0.3227058915796593,1.0,0.00016284434
10861,0.2246400238273669,1.0,0.0002171258
10862,0.2904744356693746,0.99999994,0.009933505
10863,0.3134180551105018,1.0,0.00018998508
10864,0.8160891057868491,1.0,0.0003166418
10865,0.4316320220804431,1.0,9.951599e-05
10866,0.5378534253140731,1.0,0.0003166418
10867,0.602161947839128,1.0,0.0005699552
10868,0.408548301737112,1.0000001,0.00053376757
10869,0.2571361627817536,1.0,3.6187634e-05
10870,0.2971634523142005,1.0,0.0029221515
10871,0.3048545022043654,0.99999994,3.6187634e-05
10872,0.6995618331271499,1.0,0.002551228
10873,0.7681564077863962,1.0,0.0047134394
10874,0.4564241650256293,1.0,9.046908e-06
10875,0.3490369374154838,1.0,0.001176098
10876,0.3065568377122155,1.0,0.005509567
10877,0.5232514624126846,1.0,0.0006423305
10878,0.4950832432553044,1.0,9.951599e-05
10879,0.3443681451175236,1.0,0.00085945625
10880,0.3035916406275645,1.0,0.002677885
10881,0.584960143183238,1.0,0.00079612795
10882,0.4593579895402955,0.9999999,0.0004523454
10883,0.3858276914241692,1.0,0.00037997015
10884,0.2604832895966754,0.99999994,0.00050662685
10885,0.3890533585536208,0.99999994,0.0002261727
10886,0.3469368489273439,0.99999994,0.0010765821
10887,0.7093056009756898,1.0,0.004053015
10888,0.4546051050891556,1.0,0.0007599403
10889,0.544456465843739,1.0,0.00035282943
10890,0.3537972663914785,1.0000001,0.0012122857
10891,0.4457412998394164,1.0,0.0014022707
10892,0.2541624830922561,0.99999994,0.0005609083
10893,0.5191974218258816,1.0,0.0
10894,0.277773288430107,1.0,0.0010223007
10895,0.2458778724676282,1.0000001,0.00093183154
10896,0.369003717638909,1.0,0.00018998508
10897,0.2945848598423534,1.0,0.0014203646
10898,0.3713534322913521,1.0,0.0033925907
10899,0.29176109881559,0.99999994,0.00074184645
10900,0.548754136102556,1.0000001,7.237527e-05
10901,0.3654985223882435,1.0000001,0.00062423665
10902,0.5017600235270437,1.0,0.0062604607
10903,0.3325088947942562,1.0,0.0019541322
10904,0.4701136961949883,0.99999994,2.7140724e-05
10905,0.3187406611225448,0.99999994,0.0006785181
10906,0.3026263769379934,1.0,0.0014927399
10907,0.4509161795688261,1.0,0.00028950107
10908,0.44616902959425,1.0,7.237527e-05
10909,0.3534198243270129,0.99999994,0.002062695
10910,0.4129277441259516,1.0,0.00037997015
10911,0.3624323220242185,1.0,0.00027140725
10912,0.4892111753426048,1.0,0.0007327996
10913,0.3999314076362806,0.99999994,0.0041887183
10914,0.7258319065844606,1.0,0.00014475053
10915,0.2736827906780453,1.0,0.003537341
10916,0.3900892832034915,1.0,0.0007327996
10917,0.528860772806209,1.0,0.00028950107
10918,0.4404147991904532,1.0,0.00017189125
10919,0.5180924228941439,1.0,8.142217e-05
10920,0.1554348385721797,1.0,0.0003347356
10921,0.4214532537785559,1.0,0.0020536482
10922,0.2993338932064963,1.0000001,0.00017189125
10923,0.5357569144811754,1.0,0.0004613923
10924,0.3099960499194055,0.99999994,0.00047948613
10925,0.40436600041496,1.0,0.009028815
10926,0.3315497623530937,1.0,0.00050662685
10927,0.5284373876463627,0.99999994,0.006794228
10928,0.3694605305218884,0.99999994,0.0010584883
10929,0.2146353783232364,1.0,0.0009046908
10930,0.4989764067138501,1.0,0.00013570362
10931,0.3855014517706484,1.0,0.001185145
10932,0.2873710842868703,1.0,8.142217e-05
10933,0.3249121401811115,0.99999994,0.0017189125
10934,0.2646894071209375,0.99999994,0.0005156738
10935,0.3510049939258144,1.0,0.0032387932
10936,0.3567463886409152,1.0,0.0006604243
10937,0.2603370156063958,1.0,0.0018546162
10938,0.3320694023334576,1.0,4.523454e-05
10939,0.5574121558773839,0.9999999,9.046908e-06
10940,0.57202029694992,1.0,0.00057900214
10941,0.3699614158216716,1.0,0.0004523454
10942,0.2470317791160658,0.99999994,0.00037092323
10943,0.3497004872395063,1.0,0.00085945625
10944,0.2982662026449411,0.99999994,0.00041615777
10945,0.4183038564121669,1.0,0.00025331342
10946,0.2763585458990139,0.99999994,0.0
10947,0.314925088942484,0.99999994,0.0016013028
10948,0.4052665702299496,0.99999994,0.0067308997
10949,0.3529776473486017,1.0000001,0.0031302304
10950,0.309148736952878,1.0000001,0.00016284434
10951,0.3645708787885411,0.99999994,0.0010313476
10952,0.278831280646661,1.0,0.00013570362
10953,0.3419691256298959,1.0,0.0010403944
10954,0.260258523671891,1.0000001,0.0017189125
10955,0.3941724472359475,1.0,0.00094992534
10956,0.274262502923058,1.0,0.00040711087
10957,0.2600527722990776,1.0,0.00037092323
10958,0.5698204581235934,1.0,0.0007780341
10959,0.4983657692775529,1.0000001,0.00023521962
10960,0.2885516805835765,1.0,0.0011308636
10961,0.4419618103294455,0.99999994,4.523454e-05
10962,0.3279570977509592,1.0,0.00561813
10963,0.4279429753303598,0.99999994,0.00025331342
10964,0.6139275810649846,1.0,4.523454e-05
10965,0.4399744400044532,0.99999994,6.3328356e-05
10966,0.3178014456396649,0.99999994,0.00024426653
10967,0.4523438015723319,1.0000001,0.0024878997
10968,0.7145703350631764,1.0,0.00029854797
10969,0.2061801892607634,1.0,0.00024426653
10970,0.3990057741428021,1.0,0.0009227846
10971,0.2950032135357333,0.99999994,0.00047948613
10972,0.2870373218819818,1.0,0.0015470213
10973,0.636907070719924,1.0,0.001275614
10974,0.4075217305568945,0.99999994,0.004550595
10975,0.4924588401959547,1.0,5.428145e-05
10976,0.4977018529834209,0.99999994,0.0009770661
10977,0.3568193965456939,1.0,0.00036187633
10978,0.5891993147881157,1.0,0.0
10979,0.246247872509672,0.99999994,0.00047043923
10980,0.3304630985790846,1.0000001,0.0013570362
10981,0.4442608794623748,1.0,0.0009770661
10982,0.4353578764333646,1.0,0.0010223007
10983,0.4884934581986085,1.0,0.0004252047
10984,0.2743443653046213,1.0,0.0057719275
10985,0.4795126200303905,1.0,9.046908e-06
10986,0.3511055517851121,1.0,0.0014565522
10987,0.2776919315031232,0.99999994,0.0011670511
10988,0.4675838729494583,1.0,0.00035282943
10989,0.3301113072062219,1.0,0.0020355543
10990,0.3759909761392881,1.0000001,0.0002171258
10991,0.3734255565912237,0.99999994,0.0017370064
10992,0.2183116629931109,1.0,9.046908e-06
10993,0.3362709865082525,1.0,0.001275614
10994,0.2650853781298912,1.0,0.00013570362
10995,0.3971060590107716,0.99999994,0.0005428145
10996,0.4408981877222221,0.99999994,2.7140724e-05
10997,0.7832013027166858,1.0,0.0016013028
10998,0.221910194949418,1.0,0.00038901705
10999,0.6388636131537818,1.0,0.00038901705
11000,0.2992230169761158,0.99999994,2.7140724e-05
11001,0.3761706144291381,0.99999994,0.00324784
11002,0.2380795858123154,1.0,0.0026869318
11003,0.5322765760477332,0.99999994,0.0008051748
11004,0.3371390870306248,0.99999994,0.0019360384
11005,0.4628686881338923,1.0,0.0
11006,0.3299656692121369,1.0,0.00083231553
11007,0.3483853626261974,0.99999994,0.0004975799
11008,0.3584787545322577,1.0,0.00062423665
11009,0.3598861965059816,1.0,0.0002261727
11010,0.3420542362004752,1.0,0.00028045414
11011,0.3349146157307489,1.0,9.046908e-06
11012,0.6023254633609223,1.0,0.00013570362
11013,0.3059227057501259,1.0,0.0003166418
11014,0.5081314410041934,1.0,0.00017189125
11015,0.4748936389570192,1.0,0.0002171258
11016,0.6339729347150431,1.0,0.0042610937
11017,0.613886455087855,1.0,0.0006332836
11018,0.4636843370383884,1.0,0.002270774
11019,0.377615995552185,1.0,0.00018998508
11020,0.4784384955241058,1.0000001,0.002451712
11021,0.2173628816008833,1.0,0.0006423305
11022,0.440407115810184,0.99999994,0.00065137737
11023,0.6166151008611553,1.0,0.0005609083
11024,0.6582790891994947,0.99999994,0.0014203646
11025,0.29222077029598,1.0,0.0013570362
11026,0.2553584293551785,1.0,0.00028950107
11027,0.3196239569242802,1.0000001,0.0031121364
11028,0.3727992367611444,1.0,0.00050662685
11029,0.7052090605241805,0.99999994,0.007979373
11030,0.2750407803227541,1.0,0.007671778
11031,0.2447235822640229,1.0,0.00036187633
11032,0.4631867578504433,0.99999994,0.0
11033,0.3131634122508444,1.0000001,0.003555435
11034,0.3183071594397021,1.0,0.0008775501
11035,0.4619242515382271,1.0000001,0.0024064777
11036,0.5973626399767148,1.0000001,8.142217e-05
11037,0.3096805228988816,1.0,0.00018998508
11038,0.7338351355006618,1.0,0.00020807888
11039,0.5366753421917716,0.99999994,0.00093183154
11040,0.2741783538897214,1.0,3.6187634e-05
11041,0.5081104361159654,1.0,0.00079612795
11042,0.5010012660027953,0.99999994,0.0016013028
11043,0.3830342768434852,1.0,0.000687565
11044,0.2128425827167568,1.0,0.0005518614
11045,0.4660739484097988,1.0,0.0002261727
11046,0.4231468991266755,1.0,0.0
11047,0.394578633838675,1.0,0.0019812728
11048,0.3832691654407135,0.99999994,1.8093817e-05
11049,0.3425972303228942,1.0,0.0001085629
11050,0.5234192444735243,1.0,0.0017822409
11051,0.4760567143397458,1.0,0.0003075949
11052,0.3667475558932494,1.0,4.523454e-05
11053,0.7228344393449961,0.9999999,9.046908e-06
11054,0.3547294631456789,0.99999994,0.00014475053
11055,0.4835681104441978,1.0,0.00015379745
11056,0.6741129513441974,1.0000001,1.8093817e-05
11057,0.3258388773121408,0.99999994,0.0023431492
11058,0.6280304225454483,1.0,0.0050572217
11059,0.3705325673130797,1.0,0.00018998508
11060,0.2581987366968613,0.99999994,0.00013570362
11061,0.6777079515363813,1.0,0.00018093816
11062,0.5182249387894209,1.0,0.00027140725
11063,0.5020661027633978,1.0,0.00011760981
11064,0.3453501834298771,0.99999994,0.001185145
11065,0.3105153842369264,0.99999994,0.0004252047
11066,0.4389343111392245,1.0,5.428145e-05
11067,0.174939870217187,0.99999994,0.0021441171
11068,0.4465475368525607,1.0,0.00018093816
11069,0.3479720634588735,1.0,0.00028045414
11070,0.5691377814004888,1.0000001,0.00024426653
11071,0.7046956621704549,1.0,0.0012032388
11072,0.429038225586788,1.0,0.00017189125
11073,0.3224889453750567,1.0,0.0041615777
11074,0.263697688053816,0.9999999,0.00074184645
11075,0.4092354243327481,0.9999999,0.0034287781
11076,0.456585383925763,1.0,0.0004975799
11077,0.4272019161857333,0.99999994,0.0
11078,0.3820500009435723,1.0,0.0011037228
11079,0.3452950733389159,1.0,0.0020898357
11080,0.3786367947560812,0.99999994,0.00024426653
11081,0.3537637363035414,1.0,0.00081422174
11082,0.4578800688613902,1.0000001,6.3328356e-05
11083,0.5398932139790166,1.0,0.00074184645
11084,0.4914981099964798,0.99999994,0.0004975799
11085,0.5531774210353686,0.99999994,0.0006785181
11086,0.3586163425673949,0.99999994,0.00026236035
11087,0.3704770463995714,1.0,0.0011399104
11088,0.4065795315962182,0.99999994,0.0027140724
11089,0.4598012254904547,1.0,0.0015560682
11090,0.3240261184146149,1.0,6.3328356e-05
11091,0.4313099434316661,0.99999994,0.0002171258
11092,0.4206302803026671,1.0,0.0021260234
11093,0.3317472282533826,1.0,0.002071742
11094,0.3271444679478466,0.99999994,0.0030940427
11095,0.4363312864606244,1.0,0.0005609083
11096,0.3695083933048383,1.0,0.0011308636
11097,0.4509610965360042,1.0,0.0014655992
11098,0.4166556302761094,0.99999994,0.00091373775
11099,0.3708223651709681,0.99999994,0.0
11100,0.5235821461360339,0.99999994,0.0008956439
11101,0.2948587370308729,0.9999999,0.0013932239
11102,0.4052705966577313,1.0,0.00036187633
11103,0.4478880504162271,1.0,0.000687565
11104,0.2889588973652582,0.99999994,0.0032749807
11105,0.3589543464950199,1.0,0.0013118017
11106,0.615710633668605,1.0,0.0016374903
11107,0.2942518018543948,1.0,0.0017822409
11108,0.35438077079509,0.99999994,0.00069661194
11109,0.3594364582040277,0.99999994,8.142217e-05
11110,0.3424368148474582,1.0,0.004903424
11111,0.3384552645371648,1.0,7.237527e-05
11112,0.3497120878712186,1.0,0.0010765821
11113,0.3533700837318431,1.0,0.00011760981
11114,0.5841515427502544,1.0000001,0.002171258
11115,0.621706991023775,1.0000001,0.00072375266
11116,0.3237358607909345,1.0,0.0003437825
11117,0.2975312242511819,0.99999994,0.0025783689
11118,0.3310999540660525,1.0,0.00016284434
11119,0.4026103931036081,0.99999994,7.237527e-05
11120,0.3457130571943144,1.0,0.0006604243
11121,0.6127428580072511,0.99999994,0.0014294115
11122,0.392145029028124,1.0,2.7140724e-05
11123,0.4441340649845436,1.0,0.00015379745
11124,0.5208601553776995,0.99999994,0.0023250554
11125,0.3454008703930749,1.0,0.0008775501
11126,0.3961881919600544,1.0,0.0017008188
11127,0.5140399287806701,1.0,0.00069661194
11128,0.5194588352662088,1.0,0.0009770661
11129,0.3349146157307489,0.99999994,0.00014475053
11130,0.2103130147225927,0.99999994,0.0016465373
11131,0.3666474942804124,0.99999994,0.00040711087
11132,0.452364031153111,1.0,0.010847243
11133,0.2744604527629938,0.99999994,0.0012665672
11134,0.3503664434084676,1.0,0.0007780341
11135,0.4463248000485008,1.0,0.00025331342
11136,0.3404319230715329,1.0000001,0.001085629
11137,0.3666956838158914,1.0,0.0017098656
11138,0.4001559236882097,1.0,0.001275614
11139,0.295543073282666,1.0,0.0025783689
11140,0.3755599299443404,0.99999994,0.0037906545
11141,0.2939580089676167,1.0,0.000986113
11142,0.3182851218924121,1.0,0.0036006696
11143,0.3371127174643287,1.0,9.046908e-06
11144,0.3774630692273132,1.0000001,0.00039806397
11145,0.5650160967999979,1.0,0.002171258
11146,0.3821706992859921,1.0,0.005229113
11147,0.319592473938945,1.0,0.0014203646
11148,0.3386040765126693,1.0,0.0017731941
11149,0.3051172080033166,1.0,0.0037001856
11150,0.3983051882379712,1.0,0.00062423665
11151,0.4698620027796623,1.0,9.951599e-05
11152,0.3828385215250624,1.0,0.0024245714
11153,0.391700603035633,1.0,0.0013208486
11154,0.4107996455926226,1.0000001,0.0014022707
11155,0.411042398536328,1.0000001,0.0007508934
11156,0.3955610963782184,1.0,0.00017189125
11157,0.3646445838244769,0.99999994,0.0
11158,0.4765355195849816,1.0,0.00041615777
11159,0.3264345774049305,1.0,9.046908e-06
11160,0.2795151160231041,1.0,0.0021260234
11161,0.3247288879470524,0.99999994,0.0015470213
11162,0.4545447069965464,1.0,0.0010765821
11163,0.5729145877807563,1.0,0.00026236035
11164,0.2661656848054055,1.0,0.0011941919
11165,0.3518967610298734,1.0000001,0.0011941919
11166,0.5191974218258816,1.0,3.6187634e-05
11167,0.2509846448297996,1.0,0.0003166418
11168,0.3122179082780876,0.99999994,0.0029311983
11169,0.3750904704194951,1.0,0.0009770661
11170,0.3718620428214076,1.0,0.0020265074
11171,0.4171289116402972,0.99999994,0.00026236035
11172,0.4327041667950987,0.99999994,0.0007327996
11173,0.3645587486557446,1.0,8.142217e-05
11174,0.6356090733384995,1.0,0.00025331342
11175,0.7557619185058538,1.0,0.00017189125
11176,0.32358000498016,1.0,4.523454e-05
11177,0.3384872104736432,1.0,0.0030397612
11178,0.3895421187138087,1.0,0.00017189125
11179,0.278465906264769,1.0,0.0005156738
11180,0.6059867654430546,1.0000001,0.0015379743
11181,0.2721550590941393,1.0,0.00026236035
11182,0.2596565939737766,1.0,0.0
11183,0.3349429389489805,1.0,0.00018998508
11184,0.2664592636180822,1.0,0.0011218166
11185,0.3281008576361056,1.0,0.00095897226
11186,0.2985646031598861,0.9999999,0.00094087847
11187,0.3904594561991561,0.99999994,0.007970327
11188,0.5826246512467087,0.9999999,0.0031845118
11189,0.2841037199157048,1.0,0.0020084137
11190,0.3033082321417871,1.0,0.0022798209
11191,0.56200257086397,1.0,0.0010223007
11192,0.2474115221571037,0.99999994,9.046908e-05
11193,0.2850505095674885,1.0,0.0010042068
11194,0.3545095445047593,1.0,0.0011489573
11195,0.4196961187271257,0.99999994,0.00019903199
11196,0.3143582941183998,1.0,0.0010042068
11197,0.5474626845018594,0.99999994,0.00032568868
11198,0.5447504482443531,1.0,0.0011308636
11199,0.3215323244830479,1.0,0.00032568868
11200,0.3706235764858263,0.99999994,0.00023521962
11201,0.4221234992677223,1.0,0.0021079297
11202,0.4034694398355005,1.0,0.0012394264
11203,0.5122770148847435,0.99999994,0.00074184645
11204,0.3773263690940613,0.9999999,0.0005247207
11205,0.5905973587550128,1.0,0.00079612795
11206,0.2482485004182429,1.0,7.237527e-05
11207,0.3534482257586571,1.0,1.8093817e-05
11208,0.4719496029481456,0.99999994,0.00082326867
11209,0.2381177675238331,0.99999994,0.0006423305
11210,0.3822155937761341,0.9999999,0.0006423305
11211,0.565175783853003,1.0,0.00019903199
11212,0.428085862160215,0.99999994,0.0006423305
11213,0.2775407108221309,1.0,0.001574162
11214,0.3460623310505412,1.0,0.0002171258
11215,0.7459130917602016,1.0,5.428145e-05
11216,0.4512820502250148,1.0,0.001284661
11217,0.5423963130508407,1.0,0.0012213326
11218,0.3641263137870764,1.0,0.0010223007
11219,0.3636691866341951,0.99999994,0.00024426653
11220,0.6115115727384922,1.0,0.0017912878
11221,0.3900238808483001,1.0,0.004451079
11222,0.4576079306823565,0.99999994,5.428145e-05
11223,0.5860668015634073,0.99999994,4.523454e-05
11224,0.2790604070579955,0.99999994,0.00018093816
11225,0.3091950699813408,0.99999994,0.00020807888
11226,0.4986854453401634,1.0,0.00037997015
11227,0.3360355193014906,1.0,0.0017641471
11228,0.4979426970151586,0.99999994,0.002650744
11229,0.4385949385748982,1.0,0.0044058445
11230,0.2300367306042155,0.9999999,0.000687565
11231,0.5865772928205304,0.99999994,0.00071470573
11232,0.239530263153105,1.0,0.0004252047
11233,0.4165088277982586,0.9999999,0.002551228
11234,0.3154377049510957,1.0,0.0014927399
11235,0.2821055417022913,0.99999994,0.0005247207
11236,0.4106782281833984,0.99999994,2.7140724e-05
11237,0.4520454480583589,1.0,0.0
11238,0.356019227713845,1.0,0.00028045414
11239,0.4671239501988056,1.0,0.00037092323
11240,0.3526707200332406,1.0,0.0017460533
11241,0.259886775501319,1.0,0.00047043923
11242,0.3578117305646373,0.99999994,0.00057900214
11243,0.357182518209816,1.0,0.0011127697
11244,0.5535616981568795,1.0,0.00011760981
11245,0.4246874698348601,1.0,0.00025331342
11246,0.3496339571147255,1.0000001,0.004243
11247,0.5109391982685698,1.0,0.00012665671
11248,0.4549127972495027,0.99999994,0.0002171258
11249,0.6363136222690764,1.0000001,0.0008956439
11250,0.5612170624650455,1.0,0.0005699552
11251,0.3459870301691928,1.0,0.0004523454
11252,0.4620739927206598,0.99999994,0.00018998508
11253,0.2888992546806158,1.0,0.0
11254,0.4107142855816146,1.0,0.00071470573
11255,0.4479381727101458,1.0000001,5.428145e-05
11256,0.3328286521996119,0.99999994,0.00013570362
11257,0.6270598414875889,1.0,0.00015379745
11258,0.5463855874953639,1.0,0.0033654498
11259,0.3905736437470032,1.0,0.001673678
11260,0.3929607455654934,0.99999994,0.0014113177
11261,0.6229209278938107,1.0,4.523454e-05
11262,0.5571438272204048,0.99999994,0.0011127697
11263,0.5183200878963771,1.0,0.0001085629
11264,0.2932476688223788,0.99999994,0.0017551002
11265,0.4529647201773478,1.0,5.428145e-05
11266,0.5717836513416775,1.0,0.00016284434
11267,0.433398148473786,0.9999999,0.0009046908
11268,0.2980358592003307,1.0,0.0016013028
11269,0.3593719689908082,1.0,0.00029854797
11270,0.531051742837284,1.0000001,0.00074184645
11271,0.3187813139919061,0.9999999,0.00029854797
11272,0.5510525120518206,0.9999999,0.0003437825
11273,0.5402184798041361,1.0,0.0003166418
11274,0.5858034635152748,0.9999999,0.00094992534
11275,0.2699438484090236,1.0,0.00017189125
11276,0.37671468199123,1.0,0.00091373775
11277,0.5242072958238703,1.0,0.0021441171
11278,0.3551281102420665,1.0,0.0009770661
11279,0.4794054219773928,0.99999994,0.00011760981
11280,0.4096148941837065,0.9999999,0.0004613923
11281,0.2173620451994554,0.99999994,4.523454e-05
11282,0.4650806986820435,1.0,0.0023883837
11283,0.3380341662199801,1.0000001,0.0004613923
11284,0.3961881919600544,1.0,0.005147691
11285,0.5841936192766337,0.99999994,0.0008775501
11286,0.3897951432197692,1.0,0.0044691726
11287,0.3505928570384342,0.9999999,0.00028950107
11288,0.3410355991681284,1.0000001,0.0018908038
11289,0.3857979662630312,0.99999994,0.00032568868
11290,0.198917413124515,0.99999994,0.00015379745
11291,0.4823705848374558,1.0,0.0008775501
11292,0.5546322156492859,1.0,5.428145e-05
11293,0.6656691519954007,1.0,0.00047043923
11294,0.3173302544849318,0.99999994,0.00079612795
11295,0.3210164741166686,1.0,0.002551228
11296,0.3409045826148414,0.99999994,0.0012484733
11297,0.4659318920421448,0.99999994,0.0025059935
11298,0.2686414494341335,1.0,0.0011218166
11299,0.4211315709692256,0.99999994,0.0025421812
11300,0.4238767747509011,1.0000001,0.0006604243
11301,0.5789171863413057,0.99999994,0.0017641471
11302,0.4223165203983708,1.0,1.8093817e-05
11303,0.3899088201317006,1.0000001,0.00053376757
11304,0.321418903338658,1.0,0.0020898357
11305,0.4388874146235192,1.0,0.0
11306,0.3424023738756636,1.0,0.0017641471
11307,0.5110272990978414,0.99999994,0.0005609083
11308,0.5567343298463419,1.0,0.00018093816
11309,0.3810071560104132,0.99999994,0.0003075949
11310,0.2306899989115748,1.0,0.0051838784
11311,0.2997915690096963,1.0,0.00047043923
11312,0.292610858357016,0.99999994,0.0003166418
11313,0.4197956384343577,0.9999999,0.0025421812
11314,0.285726592991378,1.0,0.0015832089
11315,0.3386948397570957,1.0,0.00012665671
11316,0.5511934068902151,1.0,0.0002261727
11317,0.5585137544025791,1.0,4.523454e-05
11318,0.4596808469978193,1.0,0.0011580043
11319,0.6354112497188283,1.0,0.00014475053
11320,0.3594866718707739,1.0000001,0.00072375266
11321,0.2702017476217818,1.0,0.00093183154
11322,0.3502406216430673,1.0,0.0010584883
11323,0.4047381002728705,1.0,0.00041615777
11324,0.3633777215985223,0.99999994,0.00039806397
11325,0.2055832844355305,1.0000001,0.0060433345
11326,0.3744783744124536,1.0,1.8093817e-05
11327,0.5441042256005297,0.9999999,0.0003166418
11328,0.333731011199087,0.99999994,0.0012394264
11329,0.3246624393244377,1.0,0.00076898717
11330,0.3800620627425505,1.0,0.0002261727
11331,0.4617934548617736,1.0,9.046908e-06
11332,0.2970093784852248,1.0,0.00018998508
11333,0.2198041860407678,0.99999994,0.00053376757
11334,0.4019407113988725,1.0,0.000986113
11335,0.5376082101246472,1.0,0.00071470573
11336,0.3188204104132946,1.0,9.046908e-05
11337,0.4077004092542136,1.0,0.001275614
11338,0.1935373825559225,1.0,0.00065137737
11339,0.583082157241331,0.99999994,0.0005609083
11340,0.334193903610135,0.9999999,5.428145e-05
11341,0.2790742932308345,1.0,0.0024969466
11342,0.595626199922652,1.0000001,0.000588049
11343,0.4046946334771315,1.0,0.00026236035
11344,0.3235086228620415,1.0,0.001574162
11345,0.3948865756785562,1.0,0.0012122857
11346,0.6109354475874371,0.9999999,0.0018908038
11347,0.2416946797015911,1.0,5.428145e-05
11348,0.3778841281571362,1.0,0.00062423665
11349,0.5698325556862427,1.0000001,0.0027954946
11350,0.2551218354183715,1.0,0.0009951598
11351,0.3427766837260401,1.0000001,0.00091373775
11352,0.3793752059437134,1.0,0.00047043923
11353,0.2810370923126156,1.0,0.0010403944
11354,0.5716150745437472,1.0,0.0013208486
11355,0.5650666842832517,0.99999994,4.523454e-05
11356,0.4421154280758738,0.99999994,0.0027321663
11357,0.5397744535618542,1.0000001,0.00018998508
11358,0.4435348254180033,1.0,0.0015560682
11359,0.3727981991758772,1.0,0.0017189125
11360,0.4361877464096819,1.0,0.0008956439
11361,0.5645258036133393,0.99999994,0.0017822409
11362,0.4550564852719199,1.0000001,0.0007327996
11363,0.5360164977462428,0.99999994,0.0003347356
11364,0.3434935949018745,1.0,0.00060614286
11365,0.2215854051399241,0.99999994,0.0
11366,0.3702084568799433,0.99999994,0.0013570362
11367,0.4299322002705427,1.0,0.00050662685
11368,0.3283169342182108,0.99999994,0.0019993668
11369,0.2890776546867397,0.99999994,0.0031392772
11370,0.3297423345657676,1.0,0.00012665671
11371,0.5355980005079592,1.0,0.0011308636
11372,0.3319954207325852,1.0,0.0028045415
11373,0.3972775235806602,1.0,0.0018274755
11374,0.4617161746320981,0.99999994,0.0017370064
11375,0.3523866374699606,1.0,0.0031211833
11376,0.2477689596650588,1.0,0.0014475053
11377,0.3137942333851737,1.0,0.001574162
11378,0.3507679225555326,1.0,0.0014836929
11379,0.2671277664589343,1.0,0.0059800064
11380,0.3688582285464468,1.0,0.00027140725
11381,0.5594186275262668,1.0,0.0006332836
11382,0.2996434530059146,1.0,0.00020807888
11383,0.4533142668187669,1.0,0.0017460533
11384,0.4345576541386871,1.0,0.0
11385,0.288913380280534,1.0,0.0014565522
11386,0.371764963803545,1.0,0.001176098
11387,0.3831167484814294,1.0,0.00093183154
11388,0.3010861165393309,1.0000001,0.00025331342
11389,0.417081728648356,1.0000001,0.0015198806
11390,0.4175027494276521,1.0,0.00053376757
11391,0.4397803066400266,1.0,4.523454e-05
11392,0.3817732597983543,1.0,0.00028045414
11393,0.4995693709407233,1.0,0.00012665671
11394,0.4358930733588709,1.0,0.0017189125
11395,0.3302048010588027,1.0,0.00025331342
11396,0.3674560590878785,1.0,0.00012665671
11397,0.58744161534099,0.99999994,0.0017189125
11398,0.3841697583725358,0.99999994,0.0007327996
11399,0.5775314165237784,1.0,0.00023521962
11400,0.4531563058292264,1.0,0.00018998508
11401,0.3147418407610994,0.99999994,0.0014655992
11402,0.2306697274104905,0.99999994,0.0
11403,0.1684520952238172,1.0,0.0011399104
11404,0.2904117964182187,0.99999994,0.00019903199
11405,0.5711864146565078,0.99999994,0.0021803048
11406,0.7926770807792445,1.0,5.428145e-05
11407,0.3853800662435852,1.0000001,0.00035282943
11408,0.475370319289585,1.0,0.00028950107
11409,0.2870511923167084,1.0,0.000787081
11410,0.3666433084240305,1.0,1.8093817e-05
11411,0.4520504649943547,1.0,0.00050662685
11412,0.5953123479863467,1.0,8.142217e-05
11413,0.3722263701966317,0.99999994,0.00053376757
11414,0.3115466333554282,1.0,3.6187634e-05
11415,0.3402093650086107,1.0,0.00036187633
11416,0.4584737139283918,1.0,0.0002171258
11417,0.3254885611519686,0.9999999,0.0012484733
11418,0.3430369943340796,0.99999994,0.0031754647
11419,0.4018118273838925,1.0,0.0014203646
11420,0.2958502528369489,1.0,0.0010042068
11421,0.3820279024671826,1.0,0.00070565887
11422,0.4675444968960647,1.0000001,6.3328356e-05
11423,0.4234513164635596,0.9999999,0.0006151898
11424,0.4103958705485963,0.99999994,9.046908e-05
11425,0.4707663779254251,0.99999994,0.00041615777
11426,0.3703387011105545,1.0,0.002071742
11427,0.4001717598448593,1.0,0.0024064777
11428,0.4612881156043106,1.0000001,0.0005247207
11429,0.3821545970221677,1.0,0.00015379745
11430,0.3290302137874924,1.0,0.0002261727
11431,0.3146402376009271,1.0,0.00053376757
11432,0.387776652124041,0.99999994,2.7140724e-05
11433,0.4513511178582906,1.0,0.002270774
11434,0.2980240493117221,1.0,0.00027140725
11435,0.4588984542825543,1.0,0.00018093816
11436,0.2999514063696502,0.99999994,9.046908e-06
11437,0.312712366453404,1.0,0.00071470573
11438,0.4379392297849416,0.99999994,0.0003347356
11439,0.1958018984985505,1.0,0.00038901705
11440,0.229876711919796,0.99999994,0.0006785181
11441,0.4794715929733472,0.99999994,0.0025331343
11442,0.4523173001083631,1.0,0.0006423305
11443,0.455619170604649,0.99999994,0.0
11444,0.3125288950885806,0.99999994,0.00039806397
11445,0.5833607663151259,1.0,0.00024426653
11446,0.2543907435400779,1.0,0.0022979146
11447,0.4013206410383888,1.0,0.005907631
11448,0.4908072685047204,1.0,0.010874384
11449,0.3589510596242478,1.0,0.002062695
11450,0.2821859108121656,1.0,0.0014655992
11451,0.6113285103573342,1.0,0.0002171258
11452,0.7455298362311318,1.0,9.046908e-06
11453,0.3224191029841203,1.0,0.0029673858
11454,0.2888946876437567,1.0,0.0024969466
11455,0.3925485709067493,1.0,0.0003166418
11456,0.3142187022245751,1.0,0.0014927399
11457,0.3765636681822592,1.0,0.001275614
11458,0.4039581053433916,1.0,0.00015379745
11459,0.6890719342341356,1.0,5.428145e-05
11460,0.3537407630324594,1.0,0.0006151898
11461,0.6646092187351643,1.0,0.00062423665
11462,0.4099204625493469,1.0,0.0011580043
11463,0.3058380545085672,1.0,0.0010313476
11464,0.5880240048814241,1.0,0.000787081
11465,0.3347189435515653,0.99999994,0.00059709593
11466,0.4460818869243144,1.0,0.0035644819
11467,0.3500464880273866,1.0,0.0043877503
11468,0.2901540235306839,1.0,0.00065137737
11469,0.3995624076775039,1.0,0.0019179445
11470,0.3664739079006028,1.0,0.0015379743
11471,0.4328706963411579,0.99999994,0.00014475053
11472,0.3849335688512992,1.0,7.237527e-05
11473,0.3520124858505865,0.9999999,0.0042068125
11474,0.4825471187716618,0.99999994,0.00019903199
11475,0.2375359636325747,0.9999999,9.951599e-05
11476,0.5000733458567252,1.0,0.0032026055
11477,0.3284426969005345,1.0,0.00025331342
11478,0.4535718075211072,1.0,0.0031302304
11479,0.3676176676571157,1.0000001,0.0005518614
11480,0.331352384046419,1.0,0.0005699552
11481,0.2189089779970258,1.0,0.0005156738
11482,0.426291565538679,1.0,0.006423305
11483,0.3994435715410744,1.0000001,0.0004975799
11484,0.7163744194217107,1.0,0.0016917718
11485,0.5452554618411082,1.0,0.0006151898
11486,0.4075528579256326,1.0,0.00016284434
11487,0.4139921967447863,1.0,0.0005428145
11488,0.3931119700918995,0.9999999,0.00037997015
11489,0.5163528858668972,1.0,0.00065137737
11490,0.4619559136088632,1.0,0.0011308636
11491,0.2876986304049503,0.99999994,0.00025331342
11492,0.6398575071382002,1.0,0.004496313
11493,0.3373116432912413,0.99999994,0.00016284434
11494,0.4863030952713986,1.0,0.0005428145
11495,0.3874978042482863,0.9999999,0.0006151898
11496,0.3110870823441088,0.99999994,0.0021983988
11497,0.7278712893436926,1.0,0.005129597
11498,0.3874121198057731,1.0,0.00012665671
11499,0.6155074488751437,0.99999994,0.0004252047
11500,0.3537504246082401,1.0,0.0019179445
11501,0.2983115806499264,1.0,0.0012575203
11502,0.4190179777062867,1.0000001,0.0016284435
11503,0.4565773875603537,1.0,0.00011760981
11504,0.5077911185778912,1.0000001,0.0042791874
11505,0.332098214636198,0.99999994,0.00060614286
11506,0.3815127052170737,1.0,0.00029854797
11507,0.3917168489896208,1.0,0.00060614286
11508,0.5249008193440434,1.0,0.0035282942
11509,0.4957345213603871,1.0,0.0006332836
11510,0.3733929083283062,0.99999994,0.0055728955
11511,0.3820957341993938,1.0,0.0024878997
11512,0.4510465124793874,1.0,0.0010223007
11513,0.4049357289092469,0.99999994,0.0005247207
11514,0.4821795050267686,1.0,0.010657258
11515,0.3901618964508019,0.9999999,0.005545755
11516,0.3483668125011828,1.0,0.00013570362
11517,0.481482533189746,1.0,0.0009227846
11518,0.2340138846893106,1.0,0.0010042068
11519,0.4884693445927003,1.0,0.0045867823
11520,0.3761237749939499,1.0,0.0031030895
11521,0.2072300155760659,1.0,0.0008956439
11522,0.3031135645098175,1.0,0.0021983988
11523,0.3220309321675019,1.0,9.046908e-06
11524,0.5073273127624502,0.99999994,0.00059709593
11525,0.6989239395749178,1.0,9.046908e-06
11526,0.2954608553707368,0.99999994,0.00011760981
11527,0.4908895037955997,1.0,0.0045234542
11528,0.4614417579742723,1.0,0.00035282943
11529,0.5231954107460601,1.0000001,0.0012484733
11530,0.389360550901215,1.0,0.00029854797
11531,0.3742540102131005,1.0000001,0.0010042068
11532,0.3352161174688147,1.0,0.0018817569
11533,0.5101815921233614,1.0,3.6187634e-05
11534,0.4759552716905328,1.0,0.0035916225
11535,0.2862699033601084,1.0,0.0027231195
11536,0.4636276692990301,0.99999994,3.6187634e-05
11537,0.6140263092039955,1.0,0.000986113
11538,0.3001505790047087,0.99999994,0.00040711087
11539,0.54674685706853,1.0000001,0.0006604243
11540,0.1648990813478464,1.0,0.0005518614
11541,0.4209539892369105,1.0,0.0003347356
11542,0.4655082514503286,0.99999994,0.00012665671
11543,0.4300553112370797,0.99999994,0.00011760981
11544,0.3001876635906596,1.0,9.046908e-05
11545,0.5714377713878906,0.99999994,0.0007599403
11546,0.3329246660382309,0.99999994,0.00079612795
11547,0.2730167425390722,1.0,0.00038901705
11548,0.2792798561010627,1.0,0.00025331342
11549,0.6162105837515502,1.0,1.8093817e-05
11550,0.3245385031883524,1.0,0.00020807888
11551,0.51914128169253,0.99999994,3.6187634e-05
11552,0.4130289136259978,1.0,0.0003347356
11553,0.7796018964389642,1.0,0.007364183
11554,0.5156424149021973,1.0000001,0.00032568868
11555,0.377060279952473,1.0,0.0
11556,0.356215823796474,1.0,4.523454e-05
11557,0.6788693602266798,0.99999994,0.003148324
11558,0.3876242027417707,1.0,0.002469806
11559,0.4294306503118321,1.0,0.00039806397
11560,0.4454383858000427,1.0,0.0010132537
11561,0.3797442111153729,1.0,0.0015108336
11562,0.5302638362842856,1.0,0.0003437825
11563,0.2552888495423235,0.99999994,0.00079612795
11564,0.485810470587783,1.0,0.0029131044
11565,0.5663086608360307,1.0,3.6187634e-05
11566,0.6038872685955882,1.0,2.7140724e-05
11567,0.3795239820762049,1.0,0.00020807888
11568,0.5004542972896944,1.0,0.00027140725
11569,0.3355288073553965,1.0,0.00094087847
11570,0.618391591149517,0.99999994,0.00044329852
11571,0.4711173618777932,1.0000001,0.0013208486
11572,0.3995258318491878,0.99999994,0.0010946759
11573,0.4290284460911597,1.0,0.0017822409
11574,0.500244075966832,1.0000001,0.0004252047
11575,0.2908871457031738,1.0,0.00094992534
11576,0.4134177542630736,1.0,0.00028045414
11577,0.2733965345205909,0.99999994,0.0020536482
11578,0.3683357761069713,1.0000001,0.0011580043
11579,0.4048230439200086,1.0,2.7140724e-05
11580,0.349364266023832,1.0,0.00019903199
11581,0.5793822996309604,0.9999999,0.0030849958
11582,0.5076540229288721,1.0,2.7140724e-05
11583,0.3235888494944781,1.0,0.00062423665
11584,0.6045236922274824,1.0000001,0.0058804904
11585,0.2938576370078672,1.0,0.0002261727
11586,0.5079985602622662,1.0000001,0.00048853306
11587,0.5017917370152442,1.0,0.00020807888
11588,0.5161701997369725,1.0,0.00013570362
11589,0.4051433979921888,1.0,0.00137513
11590,0.3741145178640922,1.0,0.003347356
11591,0.3572670421897512,1.0,0.0006604243
11592,0.6175550369982886,1.0,0.00037092323
11593,0.4313437683072731,1.0,0.0003347356
11594,0.6388287783322897,1.0,0.00095897226
11595,0.5768558214578282,0.99999994,0.00050662685
11596,0.4905023658126125,1.0,0.00013570362
11597,0.3377428845570718,0.99999994,0.00076898717
11598,0.2910087762026143,1.0,0.00015379745
11599,0.465300080576075,0.99999994,0.0019450852
11600,0.4067177881227997,0.99999994,0.0043696566
11601,0.472898818403543,1.0,0.0011399104
11602,0.577198990472235,1.0,9.951599e-05
11603,0.3599916572360753,1.0000001,0.0003437825
11604,0.667371119137346,1.0,0.0008775501
11605,0.7926770807792445,1.0,7.237527e-05
11606,0.2659753918600714,1.0,0.00026236035
11607,0.3231200717796149,1.0,0.0006151898
11608,0.4565773875603537,1.0,9.951599e-05
11609,0.3827094286515062,0.9999999,0.00027140725
11610,0.5663873255936483,1.0,0.0010403944
11611,0.3462360392194851,1.0,0.0014475053
11612,0.5814808290888089,1.0,0.00037997015
11613,0.879172932293284,1.0,0.00011760981
11614,0.2781916849106292,1.0,0.0020536482
11615,0.3875020994406833,1.0,0.0005518614
11616,0.5508031267387257,1.0,0.00047043923
11617,0.2713738891733848,1.0,0.00014475053
11618,0.6553360383764522,1.0,0.00013570362
11619,0.4358564605078837,0.99999994,0.0037725607
11620,0.486278862230466,1.0,0.00018093816
11621,0.2737533376656779,0.99999994,0.0008956439
11622,0.2795735378092471,1.0,0.0005156738
11623,0.2823019561705065,1.0,0.0011127697
11624,0.4915232977885261,1.0,0.00035282943
11625,0.5921757126729875,1.0,0.0015108336
11626,0.6674616441388761,1.0000001,9.951599e-05
11627,0.4147932628717092,1.0,9.046908e-06
11628,0.5040753728111992,1.0,0.0005518614
11629,0.5262616735944672,1.0,0.0
11630,0.5149826524010411,0.9999999,0.00015379745
11631,0.724855879417595,1.0,0.00062423665
11632,0.3831415873536177,1.0,0.0010765821
11633,0.3140980247917347,1.0,0.0034106844
11634,0.3970095467425089,1.0,5.428145e-05
11635,0.3539697644456545,1.0,0.001275614
11636,0.6605536112570526,0.99999994,0.00082326867
11637,0.514230899138723,1.0,0.00018998508
11638,0.3952820767418635,1.0,0.0010584883
11639,0.5460690864396442,1.0,0.001474646
11640,0.5484943885611416,1.0,0.0016555842
11641,0.3726503111044697,1.0000001,0.007906998
11642,0.3343779165369231,1.0,0.0016013028
11643,0.3104576371083785,1.0,0.0020084137
11644,0.5908157575893672,1.0,0.000687565
11645,0.3726507168065602,1.0,0.0009680192
11646,0.2823833167526948,1.0,0.001284661
11647,0.6563254929857235,1.0,0.00057900214
11648,0.5129859245040735,0.99999994,0.0080427015
11649,0.447332535196641,1.0,0.002071742
11650,0.3008435376434635,1.0,0.00039806397
11651,0.3796879920534697,0.9999999,0.0004342516
11652,0.4162958878641355,1.0,0.0014475053
11653,0.4000394653989181,1.0,0.0010494414
11654,0.7452993372681206,1.0,0.00015379745
11655,0.4001791635654599,1.0,0.0022074457
11656,0.4110461138663013,1.0,0.00032568868
11657,0.3334240273244778,1.0,0.0003075949
11658,0.4530329920062729,0.99999994,0.0006151898
11659,0.3951035708590897,1.0,0.0013118017
11660,0.7601055519255042,1.0,0.001963179
11661,0.4202307485014138,0.99999994,0.00071470573
11662,0.4948496360007129,0.99999994,0.0005518614
11663,0.5978081105808004,1.0,0.0011127697
11664,0.4087618321508719,1.0,0.00037092323
11665,0.37841227339293,1.0,0.00024426653
11666,0.3990214838942369,0.9999999,0.00083231553
11667,0.6633572291824431,0.99999994,3.6187634e-05
11668,0.5359667804673484,1.0,0.004840096
11669,0.2590988937417685,1.0,0.0003166418
11670,0.5177336862451114,0.9999999,0.00059709593
11671,0.4428454204029632,1.0,0.0029311983
11672,0.2695729282317902,0.99999994,0.0012484733
11673,0.29379357985797,1.0,0.0047134394
11674,0.3418572485612068,1.0,0.00039806397
11675,0.4099268886188446,1.0,0.0003347356
11676,0.4457386457988331,1.0000001,0.0012303796
11677,0.3492232059060219,1.0,0.00032568868
11678,0.3978484182644258,1.0,0.0010765821
11679,0.3684933466864554,0.9999999,0.0030035735
11680,0.4506093189445033,1.0,0.0014655992
11681,0.2837649005460697,1.0000001,0.0011670511
11682,0.4787167908363466,1.0,0.0007599403
11683,0.3677747634755585,1.0,0.0021531642
11684,0.2798219989926985,1.0,0.0014384585
11685,0.3774232933319295,0.99999994,0.00082326867
11686,0.2532296296657621,0.99999994,8.142217e-05
11687,0.5637007034834695,1.0,0.000986113
11688,0.3793305399173853,0.99999994,0.00028045414
11689,0.4281918231051177,1.0000001,0.0021079297
11690,0.2769077562654731,1.0000001,0.0
11691,0.3820579408969993,1.0,9.951599e-05
11692,0.3548590435247416,1.0,0.0011127697
11693,0.6278975505978703,0.99999994,0.0015017868
11694,0.3279174740695636,0.99999994,8.142217e-05
11695,0.4166423428716529,1.0,0.003347356
11696,0.296782851965298,1.0,0.0003075949
11697,0.3701429533945848,1.0,0.0019903197
11698,0.3875497054258792,1.0,9.951599e-05
11699,0.4350883074487074,1.0,0.00013570362
11700,0.3201859872620615,1.0,0.003256887
11701,0.2266256459587403,1.0,8.142217e-05
11702,0.4717178065650755,1.0000001,0.00032568868
11703,0.4033681117814527,1.0,0.00026236035
11704,0.5848530279052154,1.0,0.0013208486
11705,0.2745358981476372,1.0000001,0.0014113177
11706,0.4403830745557091,1.0,0.0018365224
11707,0.2720380435895564,1.0,0.0003166418
11708,0.5740837085432893,1.0,0.00037092323
11709,0.4273456579124473,0.99999994,0.0034197313
11710,0.4828792770370747,0.99999994,0.0002261727
11711,0.245628346738552,1.0,0.0010765821
11712,0.3666956838158914,0.99999994,0.00047043923
11713,0.3811013374694689,0.99999994,0.0011941919
11714,0.499572089270122,0.99999994,0.00072375266
11715,0.1822694746523079,1.0,0.00018093816
11716,0.5952525786482121,1.0000001,9.046908e-06
11717,0.4392343968353202,0.99999994,0.00026236035
11718,0.6029694495612057,0.99999994,8.142217e-05
11719,0.5678401772661851,1.0,0.00040711087
11720,0.3246772437886555,1.0,0.00048853306
11721,0.4021605196008285,1.0,0.0021350703
11722,0.3409015365150153,1.0,0.002949292
11723,0.6135852088042157,1.0,0.001673678
11724,0.2366593470629829,1.0000001,0.0002171258
11725,0.3557239771091715,1.0,0.0016103496
11726,0.5063978053580831,1.0000001,9.951599e-05
11727,0.3637187242315202,1.0,0.008124123
11728,0.4620739927206598,0.99999994,0.00025331342
11729,0.3840308100382913,1.0,0.005654318
11730,0.2737533376656779,1.0000001,0.00091373775
11731,0.7591634296029285,1.0,0.00040711087
11732,0.3710032753182912,1.0,0.0029221515
11733,0.3377399931526971,0.99999994,0.0013027547
11734,0.332849565864284,1.0000001,0.0032206993
11735,0.2032857370928407,0.99999994,0.0004252047
11736,0.3930199232355674,1.0,0.0035192473
11737,0.2388551035840711,1.0,0.0006694712
11738,0.3420412010749111,0.99999994,0.0026326503
11739,0.5570072843940672,1.0000001,3.6187634e-05
11740,0.2726584924674228,1.0,0.00037997015
11741,0.4041551186042846,1.0,4.523454e-05
11742,0.7009027307284034,0.99999994,0.00016284434
11743,0.4945654780854389,1.0,0.0069480254
11744,0.61910493549497,1.0,0.0005699552
11745,0.4276461572161293,1.0,0.0043153754
11746,0.5750752112116636,1.0,7.237527e-05
11747,0.6989935643061964,1.0,0.0019269915
11748,0.2868941961283139,1.0,0.0018636631
11749,0.5585171818824068,1.0,0.006314742
11750,0.429189513232268,1.0,0.00020807888
11751,0.3548137553577966,1.0,9.951599e-05
11752,0.3261919566059901,0.99999994,0.0003437825
11753,0.2733762236892447,1.0,0.0018636631
11754,0.4048895897084793,1.0000001,0.0011399104
11755,0.3456090096532305,0.99999994,0.00026236035
11756,0.3964483576100608,1.0,1.8093817e-05
11757,0.4296509324208359,1.0,0.0014927399
11758,0.5211657943165998,1.0,5.428145e-05
11759,0.3894147660171365,1.0,0.0005609083
11760,0.5458088276689775,0.99999994,0.0003347356
11761,0.2483540445725675,0.99999994,1.8093817e-05
11762,0.360697026461109,1.0,0.0017912878
11763,0.3555699696983138,1.0,0.00026236035
11764,0.6081413016131718,1.0,9.951599e-05
11765,0.3696367416785425,1.0000001,9.046908e-06
11766,0.3698025969430719,0.99999994,0.00082326867
11767,0.3586531332462796,1.0,0.0012937079
11768,0.4538460497169412,1.0,0.00019903199
11769,0.5273715860648356,1.0,0.00044329852
11770,0.4971734108391514,1.0,0.0007780341
11771,0.5095736827143624,1.0,0.0003437825
11772,0.3229455009949318,1.0,0.00028950107
11773,0.4221521749663578,1.0,0.00048853306
11774,0.5211177206143213,0.99999994,0.0014022707
11775,0.2929388965257235,0.99999994,0.0016465373
11776,0.4247799067335753,0.99999994,3.6187634e-05
11777,0.4581189543434623,1.0,0.0040801554
11778,0.2924744487596409,1.0,0.00094087847
11779,0.3656691661622994,1.0,0.0019088977
11780,0.2664086841599684,0.99999994,0.0003166418
11781,0.4410656143806258,1.0,0.0005609083
11782,0.4372068045782937,0.99999994,0.00018093816
11783,0.3197264788512077,1.0,0.0015560682
11784,0.3308989708334685,1.0000001,0.0020174605
11785,0.3945103323287885,1.0,0.00040711087
11786,0.5046148793307073,0.99999994,0.0026326503
11787,0.4519948279026863,0.99999994,0.0012937079
11788,0.336485498319198,0.9999999,0.000787081
11789,0.2945697771671581,1.0,0.00025331342
11790,0.2361818334951602,1.0,0.0011670511
11791,0.4810378832538319,1.0,0.00015379745
11792,0.4657376781088538,0.99999994,0.0035463881
11793,0.3785787777927478,1.0,0.0010132537
11794,0.3760489795215611,1.0,9.046908e-05
11795,0.2663929643741173,1.0,0.00018998508
11796,0.5303980708465768,1.0,0.00027140725
11797,0.3665316114379167,1.0,0.0019450852
11798,0.5914341581036847,1.0,0.0006423305
11799,0.625269284297235,1.0,0.00094087847
11800,0.4128859194770845,0.99999994,0.00015379745
11801,0.3823445616474387,0.9999999,0.0002171258
11802,0.3516327501702631,1.0,0.00016284434
11803,0.4084121307943922,1.0,0.0006151898
11804,0.3259527268250738,1.0,0.00018998508
11805,0.3539549170003815,0.99999994,0.004034921
11806,0.645690970588356,1.0,0.00028950107
11807,0.627638446978042,1.0,0.00012665671
11808,0.4586689113308057,0.9999999,1.8093817e-05
11809,0.3425006318317707,1.0,0.0012575203
11810,0.3166136294488931,1.0000001,0.0026959786
11811,0.2643925402582949,1.0,0.0001085629
11812,0.3339021316273926,1.0,0.00035282943
11813,0.1951095359795207,0.99999994,0.00023521962
11814,0.2300358209740985,1.0,0.00040711087
11815,0.2818419734709865,1.0,9.046908e-06
11816,0.4042455645892671,0.99999994,0.0009046908
11817,0.3997370381444312,1.0,0.0045777354
11818,0.5815705535815849,1.0,0.0012394264
11819,0.39564757656437,0.99999994,7.237527e-05
11820,0.3616270717347142,1.0,0.0030849958
11821,0.548754136102556,0.99999994,2.7140724e-05
11822,0.2072507930467892,0.99999994,0.00074184645
11823,0.3729613155125989,1.0,0.0034016375
11824,0.338916074433155,1.0,0.0037816076
11825,0.4685497890407494,0.99999994,0.00040711087
11826,0.2335536964008072,0.99999994,0.0003166418
11827,0.6438619715268578,1.0,0.0043877503
11828,0.3954770623230976,1.0,2.7140724e-05
11829,0.2221979447908596,0.99999994,1.8093817e-05
11830,0.4146981047674645,1.0000001,0.0017189125
11831,0.3630345422518303,1.0,0.00035282943
11832,0.4743130267756302,1.0,0.0037001856
11833,0.3301113072062219,0.99999994,0.0025150406
11834,0.7220166316394174,1.0,0.00062423665
11835,0.5890845678910566,1.0,0.0006785181
11836,0.3112290704976871,1.0,0.0017641471
11837,0.320970097874315,1.0,0.0003347356
11838,0.3463512941258228,0.99999994,0.003555435
11839,0.2676226163536225,1.0,0.0027140724
11840,0.3197442801459259,1.0,0.00053376757
11841,0.2969641584403206,1.0,0.00057900214
11842,0.5090205206156267,1.0,0.0032026055
11843,0.3556240469910037,0.99999994,0.00040711087
11844,0.3626026002985523,1.0,0.0010946759
11845,0.4381375024472168,0.99999994,0.00060614286
11846,0.3661268415252108,0.99999994,0.0014022707
11847,0.3822611039989366,0.99999994,0.003555435
11848,0.3591287055650137,0.99999994,0.0001085629
11849,0.5387835095520307,1.0,0.0016465373
11850,0.7429329908884624,0.99999994,6.3328356e-05
11851,0.4137249785513751,0.99999994,7.237527e-05
11852,0.5765465109643698,1.0,0.00037997015
11853,0.3888175755320999,1.0000001,0.00057900214
11854,0.2923412296576232,0.99999994,0.002162211
11855,0.5154694609641167,0.99999994,1.8093817e-05
11856,0.4141203842922972,1.0,0.0019993668
11857,0.4278645415183009,1.0,0.0017189125
11858,0.3498079008047189,1.0,0.00015379745
11859,0.7660197462511057,1.0,0.0021350703
11860,0.4133618281252065,1.0000001,0.00013570362
11861,0.3310999540660525,1.0,0.0004342516
11862,0.3797442111153729,0.9999999,0.003654951
11863,0.5123134506424573,1.0000001,0.00038901705
11864,0.6637649837424187,0.9999999,0.011254353
11865,0.2376959148004789,1.0,0.0006332836
11866,0.3451884446078089,1.0,0.0006694712
11867,0.2734469317309782,1.0,0.0020265074
11868,0.3413627372918472,1.0,0.0027140724
11869,0.3705779559112616,0.9999999,0.0013389424
11870,0.3298333202406935,1.0000001,0.00018093816
11871,0.3195594777916299,1.0,0.00084136246
11872,0.3103119578497454,1.0,0.00074184645
11873,0.5529216794872693,0.9999999,0.0016103496
11874,0.3353590598747371,1.0,0.002270774
11875,0.7047066077805777,1.0000001,0.0028135884
11876,0.4193092300387913,1.0,0.00014475053
11877,0.7870785284328254,1.0,0.0012122857
11878,0.2388907311644967,1.0,0.00084136246
11879,0.3897743074603589,1.0,0.00017189125
11880,0.3718489206541765,0.99999994,0.004595829
11881,0.3844522742617552,0.99999994,0.0014655992
11882,0.4203597168364144,1.0000001,0.0009046908
11883,0.5132625686419693,1.0,0.0006604243
11884,0.5535616981568795,1.0,0.00012665671
11885,0.2815897056882163,1.0000001,0.0012032388
11886,0.256846488446877,0.99999994,0.00062423665
11887,0.3884706324216937,1.0,0.0004975799
11888,0.4923940800553971,0.99999994,0.00018093816
11889,0.7192397841709518,1.0000001,0.0013027547
11890,0.3822585743884797,1.0000001,0.0003347356
11891,0.4081346997990243,0.99999994,0.0002171258
11892,0.4641659097696798,1.0,0.00028045414
11893,0.3419557206591587,1.0,0.00028045414
11894,0.3210634327869152,1.0,0.00029854797
11895,0.4128749222987983,1.0,0.00013570362
11896,0.5152486165220914,0.99999994,0.0011127697
11897,0.3933280160719865,1.0,0.0001085629
11898,0.3814452584573721,1.0,4.523454e-05
11899,0.4160766159911062,1.0,0.0001085629
11900,0.5197736159958761,1.0,0.0006785181
11901,0.3685836557511537,1.0,0.00028045414
11902,0.8317926895874079,1.0,0.015895417
11903,0.2885218566803086,1.0,0.0003166418
11904,0.3032191413451955,1.0000001,0.0011218166
11905,0.2805106075820459,0.99999994,0.0004613923
11906,0.506261578466715,1.0,0.00027140725
11907,0.5249008193440434,0.99999994,0.004043968
11908,0.4480778766279894,1.0,0.0016103496
11909,0.3120692940239415,1.0,0.00059709593
11910,0.3298497499335752,1.0,0.00032568868
11911,0.3820108485326967,0.9999999,0.0046139234
11912,0.4406858686391471,1.0,0.0005428145
11913,0.2402594454554178,1.0,0.00028950107
11914,0.4849288377388571,1.0,0.0006785181
11915,0.6289213576315189,1.0000001,0.00048853306
11916,0.525704837508736,1.0,0.00047043923
11917,0.8526488125855874,0.99999994,0.0651106
11918,0.4960992676568242,1.0,0.00027140725
11919,0.3423797644179933,1.0,0.00029854797
11920,0.5218968054869075,1.0000001,0.00039806397
11921,0.3821945438510496,1.0,0.0014836929
11922,0.4735143942773349,1.0,0.00076898717
11923,0.5613221400098718,1.0000001,0.0017098656
11924,0.5052136655091877,1.0000001,0.0022345863
11925,0.6652483230223789,0.99999994,0.0009680192
11926,0.3243827936461466,1.0,0.0025240874
11927,0.2928451518711932,0.9999999,0.0019269915
11928,0.8323076201789127,1.0,0.011462432
11929,0.4222505147809727,1.0,6.3328356e-05
11930,0.4813037767411408,1.0,0.0021079297
11931,0.4141203842922972,0.99999994,0.00081422174
11932,0.4507733244650279,1.0,0.0050753155
11933,0.4608307145832774,1.0,0.00011760981
11934,0.2566569847303097,0.99999994,1.8093817e-05
11935,0.3345853181078091,0.99999994,0.0035463881
11936,0.2668739744428968,1.0,0.00085945625
11937,0.3629106234333904,1.0000001,0.0018003348
11938,0.494137886798759,1.0,0.0020536482
11939,0.3494840421864675,1.0,0.00237029
11940,0.3049926987265858,0.99999994,2.7140724e-05
11941,0.4507937943218555,1.0,0.00324784
11942,0.5474807284573492,1.0000001,0.0019360384
11943,0.2799591221264131,1.0,0.00016284434
11944,0.2992533556712692,1.0000001,9.951599e-05
11945,0.4292799201382018,1.0,0.002759307
11946,0.2779596624749618,1.0,9.046908e-06
11947,0.5038741645679674,1.0000001,0.0005428145
11948,0.3091378886727938,1.0000001,0.00094992534
11949,0.49331532410948,1.0,0.00076898717
11950,0.5430542056763836,1.0,0.00035282943
11951,0.6461906768629557,1.0000001,0.0046048765
11952,0.5059426277369131,1.0000001,0.0003347356
11953,0.358650413076954,0.9999999,0.001963179
11954,0.585877751433366,1.0,0.00014475053
11955,0.4855996227857784,1.0,0.00094992534
11956,0.4048238453242798,1.0,0.002551228
11957,0.370480259702882,1.0000001,0.0004342516
11958,0.390437243961023,1.0,0.0004613923
11959,0.3319824318873818,1.0,0.0009046908
11960,0.403097269564838,1.0,0.0011941919
11961,0.4766716333400421,0.99999994,0.0006785181
11962,0.4124831940504719,0.9999999,0.0023793369
11963,0.6143645942612919,1.0,0.0006151898
11964,0.2935615464769098,0.99999994,0.002759307
11965,0.3641581628548624,0.99999994,0.00013570362
11966,0.4764557124074031,0.99999994,0.0004342516
11967,0.3041223619853339,1.0000001,0.000986113
11968,0.3345942167484352,1.0,0.000588049
11969,0.4236190169103802,1.0,0.0
11970,0.2686173136450072,1.0,0.0014113177
11971,0.6198252233254778,1.0,0.0010765821
11972,0.3876604820858939,1.0,0.00036187633
11973,0.3914218616854259,1.0,0.00037997015
11974,0.2809330459928997,0.99999994,0.00024426653
11975,0.3121503045458889,0.99999994,0.00094992534
11976,0.2959570188074913,1.0,0.0024155246
11977,0.2750917006583318,1.0000001,0.001963179
11978,0.4562310836134318,1.0,0.002551228
11979,0.3055063048663611,1.0,0.0004523454
11980,0.6024746661739199,1.0,0.0018546162
11981,0.6983429050784716,0.99999994,0.0024426652
11982,0.4694786690839637,1.0,0.0015108336
11983,0.503596732470187,1.0000001,0.0011489573
11984,0.4161973337331597,0.99999994,0.00076898717
11985,0.36409518580097,1.0,0.002876917
11986,0.302409873966492,1.0,0.004043968
11987,0.3285820309579366,1.0,0.00018998508
11988,0.2933263632122039,0.99999994,0.0014113177
11989,0.3330412099027343,1.0,0.0003347356
11990,0.3773674589827887,0.99999994,0.0013570362
11991,0.4564283427324769,0.9999999,0.00083231553
11992,0.3264311587733681,0.99999994,0.0008685032
11993,0.4783044334131205,1.0,0.0006423305
11994,0.321966708621462,1.0,0.00187271
11995,0.4360885548868017,1.0,0.00028950107
11996,0.4921244731710178,1.0,0.00012665671
11997,0.7015364673256244,1.0,0.00079612795
11998,0.2715275174328228,0.99999994,0.00085945625
11999,0.3391290473863995,1.0,0.0019179445
12000,0.2236106345139297,1.0,0.0001085629
12001,0.3207818101465307,1.0,0.005536708
12002,0.5478735255957587,0.99999994,0.0031754647
12003,0.2994923435341475,0.99999994,0.0013479893
12004,0.518287759013225,1.0,4.523454e-05
12005,0.3733365276418477,1.0,0.00012665671
12006,0.3174853004050322,1.0,0.00018998508
12007,0.3857168289639676,1.0,9.046908e-06
12008,0.5562018038245768,1.0,0.00026236035
12009,0.3783251048157959,1.0,9.046908e-05
12010,0.4779084738537423,1.0000001,9.951599e-05
12011,0.572673235880907,1.0,0.0004975799
12012,0.3267172290451346,0.99999994,8.142217e-05
12013,0.3861076003445816,0.99999994,0.0039806394
12014,0.3136110347106937,1.0000001,0.0014294115
12015,0.4420997980115426,1.0,0.000588049
12016,0.3170203596883438,0.99999994,0.0014113177
12017,0.4283391648592471,1.0,0.004043968
12018,0.3246723037407386,1.0,0.0010584883
12019,0.3187347148145807,1.0000001,0.0005156738
12020,0.4540207077299685,0.99999994,0.0002171258
12021,0.4309986807688621,1.0,0.0024788529
12022,0.5450995776875398,1.0,0.00016284434
12023,0.4285477866390733,1.0,0.0005156738
12024,0.1877214673374221,0.99999994,0.00037092323
12025,0.3856243005773191,1.0,0.0018998507
12026,0.2605172032419443,1.0,0.00013570362
12027,0.3842986425131505,1.0,0.00044329852
12028,0.2650884732743659,1.0,0.00084136246
12029,0.354936886075983,1.0,3.6187634e-05
12030,0.350641272149366,1.0,0.0005518614
12031,0.3808707042559419,1.0,0.00019903199
12032,0.2591285186998889,0.99999994,0.00044329852
12033,0.2484002619751637,0.99999994,9.046908e-05
12034,0.3452668015565132,0.99999994,0.003944452
12035,0.2387554679097615,1.0,0.00015379745
12036,0.5204409872436151,1.0,2.7140724e-05
12037,0.3633684418274971,1.0,0.0012937079
12038,0.4485049586316997,1.0,0.00032568868
12039,0.4505088419930982,0.99999994,0.0004252047
12040,0.3077202590226569,1.0,0.00059709593
12041,0.2788507594612358,1.0,0.0011941919
12042,0.4218104112347246,1.0,0.0038992174
12043,0.3403203465416914,1.0,0.0012937079
12044,0.4102264534211599,1.0,0.0021983988
12045,0.3562903315034721,1.0,0.00023521962
12046,0.3480458377959761,1.0,0.00014475053
12047,0.3818148480148396,1.0,0.0003166418
12048,0.4946943646604409,1.0,7.237527e-05
12049,0.4439315090232148,1.0000001,0.0022798209
12050,0.4105928280637301,0.99999994,0.0005428145
12051,0.3480925558350357,1.0,0.0045234542
12052,0.827109436986314,1.0,3.6187634e-05
12053,0.4293194819370675,1.0,0.00025331342
12054,0.1990328725539275,1.0,0.00026236035
12055,0.3336312033814273,1.0,0.001176098
12056,0.3998616805966078,0.99999994,0.0025059935
12057,0.2636586502264703,1.0,9.046908e-06
12058,0.4388141369136111,1.0,0.0007780341
12059,0.2698336931261711,1.0,0.00072375266
12060,0.2724048424888385,1.0,0.00027140725
12061,0.3425310832234697,0.99999994,0.0022526802
12062,0.3003293239431129,0.99999994,0.001284661
12063,0.7099774710781541,0.99999994,0.0005699552
12064,0.5226378524676828,1.0,2.7140724e-05
12065,0.5382392527301291,1.0,0.0012394264
12066,0.3206056458984977,1.0,0.0012303796
12067,0.5733062589032519,1.0,0.00029854797
12068,0.2560574494315811,0.99999994,0.00039806397
12069,0.3420956721983491,1.0,0.00019903199
12070,0.3243014162034539,1.0,4.523454e-05
12071,0.3414303373558883,1.0,0.0015108336
12072,0.441893387000713,1.0,0.00060614286
12073,0.3635071528279837,0.99999994,0.0002261727
12074,0.5637007034834695,1.0,0.0014836929
12075,0.4031248190229373,1.0,0.001474646
12076,0.3652867626748399,0.9999999,0.0046591577
12077,0.367850763037324,1.0,0.0026416972
12078,0.4108270898223504,0.99999994,0.0012665672
12079,0.631344592241781,1.0,7.237527e-05
12080,0.2239234869988914,1.0,0.00013570362
12081,0.6454072577588433,1.0,0.00013570362
12082,0.4977481092856298,1.0,0.00026236035
12083,0.458136921302853,1.0,3.6187634e-05
12084,0.5062369132308939,1.0,0.00047948613
12085,0.4945765739586023,1.0,0.0019269915
12086,0.3301320465581693,1.0,0.00017189125
12087,0.807722772073585,0.99999994,0.00016284434
12088,0.6492667986381188,1.0000001,0.0004975799
12089,0.3721671189752189,1.0,0.0
12090,0.3125409847742702,1.0,0.000687565
12091,0.3666562793121481,1.0,0.0005428145
12092,0.4547697088041351,1.0,0.00053376757
12093,0.3372354617474856,1.0,0.0013660832
12094,0.4228270786600426,1.0,0.00039806397
12095,0.4370980346178706,1.0,0.00018998508
12096,0.6436617722894661,1.0,0.0007780341
12097,0.2874884665670936,1.0,0.0012303796
12098,0.4747385559739579,0.99999994,0.00032568868
12099,0.4476337753968247,1.0,0.010593929
12100,0.5441709128631769,0.99999994,0.004993893
12101,0.7467496521305639,0.99999994,7.237527e-05
12102,0.5047651335182862,1.0000001,0.00013570362
12103,0.5130773543608955,0.99999994,0.0018274755
12104,0.3908491262481608,1.0,0.0009951598
12105,0.3318194287117913,1.0,0.00047043923
12106,0.2884027122750868,1.0,0.0005518614
12107,0.280544990149596,1.0,0.0004975799
12108,0.4739488290713717,0.99999994,0.002162211
12109,0.3765676541069142,1.0,0.0021983988
12110,0.2857763594218218,1.0,0.0013118017
12111,0.4045047369486494,1.0,0.0010584883
12112,0.2793145764520136,0.99999994,4.523454e-05
12113,0.4735252658930352,1.0,0.0002171258
12114,0.2772676397283662,1.0,0.00025331342
12115,0.60516518319003,1.0,0.0021983988
12116,0.3829070401412814,1.0,0.0018093816
12117,0.4507937943218555,1.0,0.0023793369
12118,0.5882696864437541,1.0,0.00020807888
12119,0.4373290356076744,0.99999994,0.0011489573
12120,0.6557513463302056,1.0,0.00093183154
12121,0.4664517411159315,1.0,0.002469806
12122,0.3298038920733473,1.0,0.0003166418
12123,0.56127807706072,1.0,0.00044329852
12124,0.382520311924309,1.0,0.00032568868
12125,0.5106405145372512,1.0,9.046908e-06
12126,0.5377596782221602,0.99999994,0.00012665671
12127,0.621486604920698,1.0,0.0004613923
12128,0.5978668080546372,0.99999994,0.0040982496
12129,0.3995306499410527,1.0,0.00137513
12130,0.5127630446820297,1.0,0.0007780341
12131,0.6491355651863594,1.0,0.00017189125
12132,0.4144354333122776,1.0,0.00039806397
12133,0.4102238196338889,0.99999994,0.00020807888
12134,0.7455618161263532,1.0,0.000986113
12135,0.549566005558018,0.9999999,0.00017189125
12136,0.6380673294858755,1.0,0.0014203646
12137,0.2901819308475318,1.0,0.0014022707
12138,0.4674798553541396,1.0,0.0021441171
12139,0.5834092812624725,1.0,0.0005609083
12140,0.5461002088385062,1.0000001,0.0
12141,0.3565649275898872,1.0,9.951599e-05
12142,0.4649920510268374,0.99999994,0.00237029
12143,0.6275173240078049,1.0,0.0027050255
12144,0.3245254517957099,1.0,0.0002171258
12145,0.4376946557255585,1.0,0.00014475053
12146,0.3288135683829179,0.99999994,0.0007599403
12147,0.3821233186274015,1.0,0.0
12148,0.3801321771152813,1.0,8.142217e-05
12149,0.3405931329269241,0.99999994,0.001574162
12150,0.3063333437649641,1.0,0.0012394264
12151,0.3402072913120751,0.99999994,0.00026236035
12152,0.4566482558039457,1.0,0.00028950107
12153,0.4985770933182446,1.0,0.0011218166
12154,0.2924665900667136,0.99999994,0.0003075949
12155,0.3945572709903395,1.0000001,0.00074184645
12156,0.5213501881906618,1.0,0.0015922559
12157,0.5754693698098571,1.0,0.00019903199
12158,0.657548577060527,1.0000001,0.002171258
12159,0.3817567860664921,1.0,0.0011218166
12160,0.4260568775402104,0.99999994,0.0031302304
12161,0.2544784667806696,0.99999994,0.0009046908
12162,0.250299515397152,1.0,0.0015922559
12163,0.4511459557927754,1.0,0.00047043923
12164,0.3210954244073793,1.0,0.0010765821
12165,0.2441851715135465,1.0,0.0004613923
12166,0.3098243164031597,0.99999994,0.0025240874
12167,0.2642898085038213,1.0,0.0010313476
12168,0.3648028214072243,1.0,0.0020355543
12169,0.5368496489346686,1.0,0.00011760981
12170,0.3118697647149407,1.0,0.00057900214
12171,0.2508008905470497,1.0000001,1.8093817e-05
12172,0.4943943595076223,1.0,0.011362917
12173,0.5350221950400911,1.0,0.00047043923
12174,0.3183741646031907,1.0,0.0014565522
12175,0.337809757768046,0.99999994,0.0023974306
12176,0.2959181117315075,1.0,0.0010765821
12177,0.5571164082853378,1.0,0.00023521962
12178,0.5406222730241834,0.99999994,0.00025331342
12179,0.5005119811948319,1.0,1.8093817e-05
12180,0.3712498602969581,1.0,0.0
12181,0.4151209361070078,1.0,0.0020536482
12182,0.3122330638013615,0.99999994,0.00037092323
12183,0.6695359417705702,1.0,0.008495047
12184,0.8157401882788318,1.0,0.0038720767
12185,0.2580437896730419,0.99999994,0.0010946759
12186,0.5255057463427756,1.0,0.00050662685
12187,0.4538460497169412,1.0,0.0021803048
12188,0.4733915643193133,0.99999994,9.046908e-06
12189,0.3672617835738199,0.9999999,0.002976433
12190,0.4604181849435502,0.99999994,0.00071470573
12191,0.3880166582482143,0.99999994,0.00044329852
12192,0.2547305744796472,0.99999994,0.0004252047
12193,0.2584589032658553,1.0,0.00094992534
12194,0.2678121877951947,1.0000001,0.0033292621
12195,0.7175183156608319,1.0,7.237527e-05
12196,0.4915281679345776,1.0000001,0.0017370064
12197,0.3900395980012773,1.0,0.0025783689
12198,0.4190650595750483,1.0000001,0.00085945625
12199,0.3150764396657496,1.0,0.0012575203
12200,0.583006618514156,1.0,0.00019903199
12201,0.328450788723323,1.0,0.00019903199
12202,0.2798131797956852,1.0,0.001176098
12203,0.4116612804383116,1.0,0.0021169765
12204,0.5716150745437472,1.0000001,0.00137513
12205,0.351356559146689,1.0,0.0006332836
12206,0.3192321450400913,1.0,0.0029854798
12207,0.3685925074881359,1.0000001,0.0012213326
12208,0.4198057190521382,1.0,0.00088659703
12209,0.3374860714378883,1.0,0.007065635
12210,0.3652867626748399,1.0,0.0026145566
12211,0.2826732771828843,1.0,0.0063599763
12212,0.7724172227032446,1.0,9.046908e-06
12213,0.593775614931462,0.99999994,0.00081422174
12214,0.6438619715268578,1.0,0.0006423305
12215,0.7242636893917711,1.0,0.0
12216,0.6251069277100636,1.0,9.046908e-06
12217,0.3495517815588861,0.99999994,0.0019088977
12218,0.5790235476517747,1.0,0.00013570362
12219,0.3366180103819301,1.0,0.0035463881
12220,0.2717867992705897,1.0,2.7140724e-05
12221,0.1785368293149629,0.99999994,5.428145e-05
12222,0.341822071639153,1.0000001,0.0013932239
12223,0.5620504894558621,1.0,1.8093817e-05
12224,0.7601055519255042,0.99999994,0.0009680192
12225,0.3397910339699904,1.0,0.00047948613
12226,0.36858247384308,1.0,0.002171258
12227,0.2417045193957823,0.99999994,0.00082326867
12228,0.375183462601907,1.0,0.0013389424
12229,0.3517570070675431,1.0000001,0.00084136246
12230,0.1641108152391665,1.0,0.00017189125
12231,0.381021965160958,1.0,0.0012213326
12232,0.3571367726038904,1.0,0.000787081
12233,0.2666843463471057,0.99999994,0.002352196
12234,0.4021554648521437,1.0,0.0005609083
12235,0.3045372794817683,1.0,0.0022526802
12236,0.3370977613017136,0.99999994,0.0013027547
12237,0.2490560301918543,1.0,0.00025331342
12238,0.3571009234320768,1.0,0.00076898717
12239,0.4158426037355449,0.99999994,0.00032568868
12240,0.6396191073355284,1.0,0.00017189125
12241,0.4149829830184907,1.0,0.00059709593
12242,0.58947311885075,1.0,0.00012665671
12243,0.2765805394888362,1.0,0.0006423305
12244,0.4072949494423195,1.0,0.00029854797
12245,0.379501877033084,1.0,0.00020807888
12246,0.4032230271542537,1.0,0.0029221515
12247,0.3851290397440048,1.0000001,0.0026055095
12248,0.343921436954264,1.0,0.0019450852
12249,0.3502752542100265,1.0,1.8093817e-05
12250,0.6551951341029408,1.0,0.0004342516
12251,0.341121299342949,1.0,0.0003075949
12252,0.3289817584414636,1.0,9.046908e-06
12253,0.2882018496857698,1.0,0.0010132537
12254,0.3041940108781938,1.0,0.010937712
12255,0.4779084738537423,1.0,0.0014927399
12256,0.2656059803254449,1.0,0.002469806
12257,0.4169728437840387,1.0,6.3328356e-05
12258,0.497114575976243,1.0,0.0006694712
12259,0.3099523979910435,0.99999994,0.0003166418
12260,0.3607060810020058,1.0,0.00012665671
12261,0.6692180582257685,1.0,0.0056362236
12262,0.4126745495357419,1.0,7.237527e-05
12263,0.4502360724146579,1.0000001,0.0
12264,0.453871760039758,0.99999994,3.6187634e-05
12265,0.538648891328122,1.0,0.0004342516
12266,0.385069755341197,1.0000001,0.0017822409
12267,0.2396050967862342,1.0,7.237527e-05
12268,0.3968271227289303,1.0,0.00032568868
12269,0.6657920308607348,1.0,0.0018636631
12270,0.3111790172566313,1.0000001,0.00079612795
12271,0.4534648511767253,0.9999999,0.001275614
12272,0.4774111375301189,0.99999994,0.00011760981
12273,0.6803043777874567,1.0,0.00016284434
12274,0.4061143447402297,1.0000001,0.0014927399
12275,0.5241827046560174,0.99999994,0.0022526802
12276,0.567054486787402,1.0,1.8093817e-05
12277,0.4213876756952635,1.0,0.0029673858
12278,0.3102305984910652,1.0,0.00024426653
12279,0.3929271291671306,0.99999994,0.0015017868
12280,0.3820424093808663,0.99999994,0.00023521962
12281,0.4701798649144593,0.99999994,0.00085945625
12282,0.6409308524289092,1.0,2.7140724e-05
12283,0.2722193809571104,1.0,0.00012665671
12284,0.5107944092259072,1.0,0.0031754647
12285,0.3487878888544806,1.0,0.0031754647
12286,0.3039311851741306,1.0000001,0.00032568868
12287,0.4469318871481065,0.99999994,0.00072375266
12288,0.3955003548908053,1.0,0.0063418825
12289,0.3005407042335425,1.0,0.0007327996
12290,0.2410339073718359,1.0,9.046908e-06
12291,0.40477707235292,1.0,0.00037997015
12292,0.4167891816644155,1.0,0.00013570362
12293,0.3153359578892118,1.0,0.0004975799
12294,0.3754505070369504,0.99999994,0.00018998508
12295,0.2947377073487028,1.0,0.00091373775
12296,0.3701291423395285,1.0,0.00023521962
12297,0.4041068624541237,1.0,0.0057900213
12298,0.3202804890672244,1.0,0.00069661194
12299,0.3568368865667233,1.0,0.0036006696
12300,0.3043259582281388,1.0000001,0.00016284434
12301,0.5931811332601417,0.99999994,0.0016013028
12302,0.2968539743872331,0.99999994,0.0011580043
12303,0.262304303783595,1.0,0.00053376757
12304,0.3233655950008919,1.0,0.0014927399
12305,0.5289749324468703,0.99999994,0.00065137737
12306,0.3542168331714403,1.0,0.0004342516
12307,0.3036073592455145,1.0,0.0013570362
12308,0.3989958740279519,0.99999994,0.00020807888
12309,0.4496430859705786,1.0,0.0026326503
12310,0.2531513437611853,1.0,0.00020807888
12311,0.4436297881384241,1.0,0.00014475053
12312,0.631344592241781,1.0,5.428145e-05
12313,0.4906335468881205,1.0,0.00048853306
12314,0.2191167131111477,1.0,0.00057900214
12315,0.2973887089639397,0.99999994,0.000787081
12316,0.529006282250076,1.0,1.8093817e-05
12317,0.4179998679518049,1.0,0.0003437825
12318,0.4531506181169114,1.0,0.0026416972
12319,0.3367383563807458,1.0,0.0017460533
12320,0.4642799733017083,1.0,2.7140724e-05
12321,0.322411296431305,0.99999994,0.0008504094
12322,0.3402881759828967,1.0,0.0011037228
12323,0.3698645865215139,1.0000001,0.00084136246
12324,0.6248726884815579,1.0,0.0020807888
12325,0.3822837553720303,1.0,6.3328356e-05
12326,0.3905832713064326,1.0000001,0.0005699552
12327,0.2406389229057084,1.0000001,9.046908e-06
12328,0.4765141821983806,0.99999994,0.0015108336
12329,0.6360325295045551,1.0000001,0.0005156738
12330,0.2965470547649805,1.0,0.000787081
12331,0.2711312413205329,1.0,0.0001085629
12332,0.3266674371560427,1.0,0.00027140725
12333,0.7276045991917657,1.0,0.00024426653
12334,0.3135424274477913,1.0,0.002768354
12335,0.5518719225137027,1.0,0.0008685032
12336,0.370868559022367,1.0,0.0012575203
12337,0.3902967489292255,0.99999994,0.00094087847
12338,0.5327901660278056,0.99999994,0.0019450852
12339,0.3816828727554493,1.0,0.00088659703
12340,0.3145966237136375,0.99999994,0.00013570362
12341,0.5743010178286827,0.99999994,0.0011127697
12342,0.5096815764178689,1.0,0.010856289
12343,0.3196992889920551,0.99999994,0.00081422174
12344,0.4056030358790212,1.0,0.0017189125
12345,0.4969293484426823,1.0,0.0006423305
12346,0.3189552093882583,1.0,0.0031664178
12347,0.2109164092464179,1.0,0.00036187633
12348,0.296688841122103,0.99999994,9.046908e-05
12349,0.3085054965061864,1.0,0.00095897226
12350,0.341932524836685,1.0,0.0015289275
12351,0.3349016519375163,1.0,0.00912833
12352,0.4324791474842768,1.0,0.0026145566
12353,0.4774411333375777,1.0,0.0010584883
12354,0.3185996416151613,1.0,0.00094087847
12355,0.3261487586140428,1.0000001,0.0032659338
12356,0.3290564066985206,1.0,0.0020355543
12357,0.2772972374456428,1.0,0.00027140725
12358,0.319928883644187,1.0,0.0015560682
12359,0.3635801705364436,1.0,0.00050662685
12360,0.5335124080981987,1.0000001,0.0009770661
12361,0.453879707351931,1.0,0.00018093816
12362,0.3388152898364558,1.0000001,0.0048672366
12363,0.44616902959425,1.0,1.8093817e-05
12364,0.3443967499401372,1.0,0.0025964626
12365,0.2941466818765826,0.9999999,0.0010675351
12366,0.5896780129835664,1.0,0.0021169765
12367,0.2365344171460141,1.0,0.00050662685
12368,0.4397063188739,1.0000001,0.00028045414
12369,0.3714285156115294,1.0000001,0.00017189125
12370,0.3952414602278569,0.99999994,0.00026236035
12371,0.334116852614175,0.99999994,0.000787081
12372,0.4348216636768504,0.99999994,0.00048853306
12373,0.3740256269448256,1.0,0.0005428145
12374,0.7043561383051262,1.0,0.00035282943
12375,0.2987126999088823,0.99999994,0.0012937079
12376,0.4576617369158248,1.0,9.951599e-05
12377,0.2546946516433293,0.99999994,0.0012213326
12378,0.5430542056763836,1.0,0.0010313476
12379,0.4096665781854561,1.0,0.0021350703
12380,0.3723941841566283,1.0,0.00015379745
12381,0.7313939611619985,1.0,0.00016284434
12382,0.6969550209659914,1.0,0.00014475053
12383,0.4771175303920041,1.0000001,0.0004342516
12384,0.2606112555538663,0.9999999,0.00137513
12385,0.3135566994296151,1.0,0.0010765821
12386,0.3928444843725061,0.99999994,0.0015017868
12387,0.3398676269195756,1.0,0.0011308636
12388,0.4422483901645288,1.0,0.0018817569
12389,0.3215346093253365,1.0,0.00085945625
12390,0.584349570530511,1.0,0.0
12391,0.3626166699884269,1.0,0.0008504094
12392,0.3516327501702631,1.0,0.0014113177
12393,0.5839574547350915,0.99999994,0.00050662685
12394,0.5111938065979561,1.0,0.00026236035
12395,0.3446172401636322,0.99999994,0.0006423305
12396,0.4129148714389161,0.99999994,4.523454e-05
12397,0.3038843957664184,1.0,0.00053376757
12398,0.3174757710916593,1.0,0.0013118017
12399,0.3274024636719892,1.0,0.00011760981
12400,0.3857386019757621,1.0,6.3328356e-05
12401,0.2646885140917929,0.99999994,0.00069661194
12402,0.7508365800722894,1.0,0.006007147
12403,0.2769408097644595,1.0000001,0.0019269915
12404,0.2785355430269551,0.99999994,0.0004975799
12405,0.4106500415336138,0.99999994,0.0033654498
12406,0.6840506048074193,1.0000001,9.046908e-05
12407,0.4026250243152983,0.99999994,0.004025874
12408,0.3485623258836837,1.0,0.002849776
12409,0.4567875682033906,1.0,0.00065137737
12410,0.3868469028646435,1.0,0.0019360384
12411,0.3425527535490999,1.0,0.0027321663
12412,0.2327327502639522,1.0,0.00020807888
12413,0.5086234805441067,0.99999994,0.0001085629
12414,0.3259547527474971,1.0,0.0020265074
12415,0.5521596001404689,1.0,0.00012665671
12416,0.429245411318735,1.0,0.002469806
12417,0.4157347984117253,1.0,9.951599e-05
12418,0.377903059471254,1.0,0.00062423665
12419,0.2885956133904639,1.0,0.0014836929
12420,0.653242634002024,0.99999994,0.0
12421,0.3009380879695962,0.99999994,4.523454e-05
12422,0.3739811773837837,1.0,0.00091373775
12423,0.3393609201598335,1.0,0.00023521962
12424,0.2663851166461782,1.0,0.0013479893
12425,0.4038768229409496,1.0,0.00037997015
12426,0.4024099615768116,1.0000001,0.0033744967
12427,0.4068588219786644,1.0,0.00038901705
12428,0.3560489122464702,1.0,0.0008685032
12429,0.4005192884531376,1.0,0.00017189125
12430,0.422687884992821,0.99999994,0.00028950107
12431,0.7009682189557458,1.0,8.142217e-05
12432,0.3269519978678626,1.0,0.0003347356
12433,0.4835243688069102,1.0,0.0027231195
12434,0.4596918494789039,1.0,0.008585516
12435,0.5262012206440198,0.99999994,0.0001085629
12436,0.6068426485597374,1.0,3.6187634e-05
12437,0.817112250956331,1.0,0.00041615777
12438,0.2896778854259105,0.99999994,0.004053015
12439,0.4103986244649402,1.0,0.00020807888
12440,0.4835588978230359,1.0,0.0011037228
12441,0.2771501775335178,0.99999994,0.00024426653
12442,0.4809372992240128,1.0,0.00040711087
12443,0.4353368454456784,1.0,9.046908e-06
12444,0.3486742242031415,1.0,0.00041615777
12445,0.3952820767418635,1.0,0.0028135884
12446,0.2190285024916446,1.0000001,8.142217e-05
12447,0.2988150780357175,1.0000001,0.0014203646
12448,0.445259602376721,1.0,0.00011760981
12449,0.2964258751692479,1.0,0.0075451215
12450,0.3019673626778251,1.0000001,0.003555435
12451,0.2851100969106492,1.0,0.0064594923
12452,0.3586076577456726,1.0,0.00070565887
12453,0.296533977624325,1.0,0.0012213326
12454,0.3649896241221696,1.0,0.0047858143
12455,0.6126119596638578,0.99999994,0.0016917718
12456,0.5605995305415037,1.0,5.428145e-05
12457,0.3122175422086334,1.0,0.0017279595
12458,0.3435244816814929,1.0,0.001574162
12459,0.5775314165237784,1.0,0.00032568868
12460,0.5009000161489,1.0000001,0.00062423665
12461,0.3216024783573937,1.0,0.0007508934
12462,0.3272966939751477,0.9999999,0.0010946759
12463,0.7171805777142349,1.0000001,0.006522821
12464,0.4130200885521154,1.0,0.0004523454
12465,0.3624805506566409,1.0,0.0018455692
12466,0.4044538245787,1.0000001,1.8093817e-05
12467,0.4814703865200415,0.99999994,0.00013570362
12468,0.4481812362658305,1.0,0.0003347356
12469,0.368709045622056,0.99999994,0.0006423305
12470,0.2909110621656786,1.0,0.00016284434
12471,0.5871633170999812,1.0000001,0.0013027547
12472,0.4858649569655252,0.99999994,0.0002261727
12473,0.2530907006784473,1.0,0.0017279595
12474,0.3821950717960464,1.0,0.00025331342
12475,0.4600419196533719,0.99999994,0.0010313476
12476,0.2998768939863904,1.0,0.00039806397
12477,0.3728285471124868,0.99999994,0.00072375266
12478,0.3982123059090014,1.0,0.0003347356
12479,0.4988312674944143,1.0,0.0011127697
12480,0.3358059079389643,1.0,0.0008051748
12481,0.4766995651755454,1.0,0.0
12482,0.4784136082451296,1.0,0.0013660832
12483,0.2861051108433283,1.0,0.00029854797
12484,0.3772594205458686,1.0,0.0003075949
12485,0.2549005540925863,1.0,0.0009770661
12486,0.33052019029758,0.99999994,3.6187634e-05
12487,0.2802588742541017,1.0,0.00035282943
12488,0.2784655969121523,1.0,0.0005428145
12489,0.5715410316465686,1.0000001,0.0012213326
12490,0.3930760208789452,1.0000001,0.0024245714
12491,0.4866242063611892,1.0,0.00036187633
12492,0.413447683233322,0.99999994,0.0018184285
12493,0.3061855605322229,1.0,0.00013570362
12494,0.2485391821863191,1.0,0.0010132537
12495,0.4639532622884919,1.0,0.0006694712
12496,0.5809994593908812,0.99999994,0.0011489573
12497,0.3500558352943577,1.0,0.0001085629
12498,0.5794507539400009,1.0,0.0012484733
12499,0.4196271425645155,1.0,0.0004252047
12500,0.4180017568584573,0.99999994,4.523454e-05
12501,0.3372022457289824,1.0000001,0.00026236035
12502,0.2256334639932164,0.99999994,9.046908e-06
12503,0.554872340858982,1.0,0.0
12504,0.3883989994100729,1.0,0.00038901705
12505,0.6475898740901589,1.0,9.046908e-06
12506,0.4273813348906362,0.99999994,9.046908e-06
12507,0.3713379308855266,1.0,0.0037001856
12508,0.4234513164635596,1.0,0.0016103496
12509,0.2982770757211239,1.0,0.00048853306
12510,0.3398879870165648,1.0,0.0005518614
12511,0.4254198393955169,1.0000001,0.00017189125
12512,0.2561178867032486,1.0,0.00025331342
12513,0.6028815471201707,1.0,0.0
12514,0.4574399258795463,1.0,0.0002261727
12515,0.4129296409508053,1.0,0.00076898717
12516,0.3566904305031595,1.0,0.0011941919
12517,0.2887382560285431,1.0,0.0001085629
12518,0.5070170370038822,0.99999994,0.0063509294
12519,0.3880515625142652,0.99999994,0.002062695
12520,0.6406564149831224,0.99999994,0.0005156738
12521,0.4326744356496775,0.99999994,0.0014475053
12522,0.3208196055643755,1.0,0.0013479893
12523,0.5284728971560191,0.9999999,0.00026236035
12524,0.5198176473191942,0.99999994,9.046908e-06
12525,0.3120244027285145,0.99999994,0.0012394264
12526,0.4711896569867685,1.0000001,0.0039625457
12527,0.6252117496372798,0.99999994,0.00020807888
12528,0.3470936709557721,1.0,0.0012665672
12529,0.474184501536991,1.0000001,0.00028950107
12530,0.3281487063305826,1.0,0.0029854798
12531,0.6208600945616217,1.0,0.0014113177
12532,0.3914520135899793,1.0,0.0014203646
12533,0.3657140581628116,1.0,0.0006423305
12534,0.6131172738960178,1.0,0.0008504094
12535,0.3470508153993513,1.0,0.0028950106
12536,0.3527071625474253,0.99999994,0.00026236035
12537,0.6126119596638578,1.0,0.00081422174
12538,0.7438741475258775,0.99999994,0.00012665671
12539,0.5318665103602388,1.0,8.142217e-05
12540,0.2779115877146174,0.99999994,0.0007327996
12541,0.5463446650669129,1.0,0.0053919572
12542,0.2920270686875619,1.0000001,0.001275614
12543,0.3624805506566409,1.0000001,0.0022526802
12544,0.4157547924009368,1.0000001,6.3328356e-05
12545,0.289724173489844,1.0,5.428145e-05
12546,0.378776569795772,0.99999994,0.000787081
12547,0.3792295081821945,1.0,0.00048853306
12548,0.3494840421864675,1.0,0.0032930747
12549,0.2706958717163899,0.99999994,0.0012484733
12550,0.3870431273265197,1.0,0.0042068125
12551,0.3995174991530265,1.0,9.046908e-06
12552,0.169337624578151,1.0,0.0
12553,0.4269629434865118,1.0,0.0005699552
12554,0.3123531047004122,0.99999994,0.00040711087
12555,0.588583690661022,1.0,0.0013298955
12556,0.4987513803155681,1.0,0.002668838
12557,0.4083786123312178,1.0,0.00032568868
12558,0.4183933889273282,0.99999994,0.012367124
12559,0.4825621669495548,1.0,0.00018093816
12560,0.6198638138851158,1.0,0.0004613923
12561,0.3638472639301207,1.0,0.0067761345
12562,0.2561488124904112,0.99999994,0.0
12563,0.3371717082715738,1.0,7.237527e-05
12564,0.6090670975047549,1.0,0.005952866
12565,0.3749242358227849,1.0,3.6187634e-05
12566,0.4421952737660861,0.99999994,0.004749627
12567,0.3835723002768315,1.0,0.0017189125
12568,0.3523163207153572,1.0,7.237527e-05
12569,0.4255961407339572,1.0000001,0.0003075949
12570,0.3190069293870982,1.0,0.002071742
12571,0.1504008654686264,1.0,0.0003166418
12572,0.3325828305784951,1.0000001,0.0036730447
12573,0.5097386227643618,1.0,3.6187634e-05
12574,0.4914013083265892,0.99999994,0.0007599403
12575,0.4132910128789027,1.0,9.951599e-05
12576,0.3087282876135072,1.0000001,0.0004523454
12577,0.5573374700995183,1.0,0.00050662685
12578,0.3476019743472673,1.0,0.005030081
12579,0.3971333278774506,1.0,0.00023521962
12580,0.4710390469174587,1.0,0.00035282943
12581,0.4876069140966407,1.0,0.00039806397
12582,0.158433832373841,1.0,0.00036187633
12583,0.2874815485559089,0.99999994,0.00020807888
12584,0.5210379329442381,0.99999994,0.0004342516
12585,0.6014698790327517,1.0,0.0004613923
12586,0.4335318846373425,1.0,0.0007327996
12587,0.2980358592003307,0.99999994,0.0034287781
12588,0.3971613478346483,1.0,0.000986113
12589,0.237141856143649,1.0,0.0005428145
12590,0.3835336677434389,1.0,0.0015560682
12591,0.648367528255572,1.0,0.0
12592,0.4018455552719514,0.99999994,0.0008685032
12593,0.387626908646856,1.0,0.000588049
12594,0.4625192989080104,0.99999994,0.0005428145
12595,0.3521704409265625,1.0000001,0.0012937079
12596,0.4622554671599928,0.99999994,9.046908e-05
12597,0.6105016245497872,1.0,0.0003437825
12598,0.3158854787282291,0.99999994,0.00085945625
12599,0.4751803357879502,1.0,0.0010584883
12600,0.3738338598983385,1.0,9.951599e-05
12601,0.6595500858374604,1.0,2.7140724e-05
12602,0.5015284862367575,1.0,0.0018546162
12603,0.3975904754219151,0.9999999,0.0005699552
12604,0.3543327139509347,1.0,0.0007508934
12605,0.4827004039395057,1.0,0.00020807888
12606,0.8294837211597623,1.0,0.0003347356
12607,0.3599254495535271,0.99999994,0.0015560682
12608,0.5425847460233267,1.0,0.00047948613
12609,0.516347653244243,1.0,0.0009770661
12610,0.4848651905035747,1.0,0.00017189125
12611,0.5834092812624725,1.0,0.0010313476
12612,0.2934850720845425,0.99999994,4.523454e-05
12613,0.3780124811661052,1.0,0.0021350703
12614,0.3625021924162367,1.0000001,8.142217e-05
12615,0.5109569705911456,1.0000001,0.0017008188
12616,0.4277920328560611,1.0,0.00040711087
12617,0.3871038411091989,1.0,0.00024426653
12618,0.4035182483754581,0.99999994,0.0028678698
12619,0.3672468305538218,1.0,0.0005518614
12620,0.2941990524642606,0.99999994,0.003356403
12621,0.5816072412293939,1.0,0.0
12622,0.3668852478087782,0.99999994,0.001384177
12623,0.4645686791135632,0.99999994,0.00093183154
12624,0.3327645476654048,0.99999994,0.0007508934
12625,0.5714507039546477,1.0,0.00059709593
12626,0.3762860299611467,0.9999999,0.00028950107
12627,0.2851973159629528,1.0,0.00018998508
12628,0.3999668548422036,1.0,0.0037182793
12629,0.8526488125855874,1.0,0.08829782
12630,0.3477877314102239,1.0,0.0026145566
12631,0.2408586884840301,1.0,0.00059709593
12632,0.4506093189445033,1.0,0.0019269915
12633,0.7093807893667983,1.0,0.0014203646
12634,0.3420325649438273,0.99999994,0.0017731941
12635,0.3602657027534102,1.0,0.002270774
12636,0.3116672596068598,0.99999994,0.00079612795
12637,0.5345486877834821,0.9999999,0.0013027547
12638,0.497114575976243,1.0,0.0002171258
12639,0.5627300206040429,1.0,8.142217e-05
12640,0.3781590430071323,1.0,0.00027140725
12641,0.4101252175821319,1.0,0.001185145
12642,0.4730094640348657,1.0,0.00019903199
12643,0.3166420745718328,0.99999994,0.00028950107
12644,0.5615005329505532,1.0,0.006106663
12645,0.3330156898106997,1.0,0.0017189125
12646,0.3834487558139233,1.0,0.0013389424
12647,0.2887298442451161,0.99999994,0.0016013028
12648,0.2652773468943392,1.0,0.00027140725
12649,0.3606367554033563,1.0,0.00013570362
12650,0.3482117683713541,1.0,0.0022798209
12651,0.4886890936315977,1.0,0.0016374903
12652,0.4861965043026319,1.0,0.00038901705
12653,0.257945436393659,0.99999994,0.0012665672
12654,0.3439060942456415,1.0,0.0008956439
12655,0.3570192677756854,1.0,0.0004252047
12656,0.571364364502573,1.0,0.00029854797
12657,0.2903173267330685,0.99999994,0.0018998507
12658,0.7244188046900935,1.0,2.7140724e-05
12659,0.307519243686756,1.0000001,0.0012032388
12660,0.3040904613275526,1.0,0.0005699552
12661,0.215159457387362,1.0,0.00018093816
12662,0.4806428232895596,0.99999994,5.428145e-05
12663,0.5204409872436151,0.99999994,9.046908e-06
12664,0.4718532532186173,1.0,0.00013570362
12665,0.4169147704556915,1.0,0.00057900214
12666,0.4549474337092199,0.99999994,0.0010313476
12667,0.325732164034265,0.99999994,0.00011760981
12668,0.3896159328356162,0.99999994,0.0005247207
12669,0.3817739673472934,1.0,1.8093817e-05
12670,0.3847162099788339,1.0,0.0014565522
12671,0.3382224609687544,1.0,0.0025964626
12672,0.6219314237149133,1.0,0.00028045414
12673,0.4454383858000427,1.0000001,0.0014384585
12674,0.4696008542342503,1.0,0.00027140725
12675,0.4359630486780608,1.0,0.005645271
12676,0.2856529161930188,1.0,0.00017189125
12677,0.3239159981882219,0.99999994,0.0006332836
12678,0.3617946810812404,1.0,0.00035282943
12679,0.3412471650792137,1.0,0.0014836929
12680,0.3160862099964344,1.0,0.0010132537
12681,0.4201142737216781,0.99999994,0.00028045414
12682,0.2238590998855684,1.0,0.00011760981
12683,0.2877249615658882,1.0,0.0008504094
12684,0.3035916406275645,1.0000001,0.0026055095
12685,0.2559979770618573,0.99999994,0.0032749807
12686,0.2411536937908843,0.9999999,0.00017189125
12687,0.4819908280368072,1.0,4.523454e-05
12688,0.4636276692990301,1.0,0.0
12689,0.3848598398094601,0.9999999,0.0020265074
12690,0.5554646587356711,1.0,6.3328356e-05
12691,0.2505477097251914,1.0,0.0019812728
12692,0.3871645132282987,1.0000001,0.0010313476
12693,0.6500870311877348,1.0,0.0011127697
12694,0.5402514050535263,1.0,9.046908e-06
12695,0.4161417622049307,0.99999994,0.00084136246
12696,0.2946627438447179,1.0,0.0010946759
12697,0.225361873601299,1.0,0.0076355906
12698,0.5030973873238691,1.0,0.0015651152
12699,0.3546843924000862,0.99999994,0.00028045414
12700,0.4043897988743946,1.0,0.0005156738
12701,0.296302582219156,1.0,0.0006423305
12702,0.5784651434242148,1.0,0.00012665671
12703,0.4645908512774652,1.0,9.951599e-05
12704,0.390294446147682,1.0,0.002071742
12705,0.3758053141354122,1.0,0.0018998507
12706,0.3850929472089738,1.0,0.0011399104
12707,0.393509577764317,1.0,0.0045686886
12708,0.4038737474238189,1.0,0.0013118017
12709,0.6538562743565471,1.0,9.046908e-06
12710,0.4129599826148254,0.99999994,0.00020807888
12711,0.373025332133835,0.99999994,0.0008956439
12712,0.4243146937420055,0.99999994,9.951599e-05
12713,0.5161151045786188,0.99999994,0.0010403944
12714,0.3735657872518972,0.99999994,0.0021350703
12715,0.2868941961283139,1.0,0.00069661194
12716,0.3098762516232312,1.0,0.002062695
12717,0.315270757645447,0.99999994,0.0012937079
12718,0.3920280191685257,1.0000001,0.0
12719,0.380848228601696,0.99999994,0.00059709593
12720,0.6244466647604658,0.99999994,0.00011760981
12721,0.3841706227789145,1.0,0.00037092323
12722,0.3856410364916823,0.9999999,0.0015832089
12723,0.3676617660341284,1.0,3.6187634e-05
12724,0.7381698622492986,1.0,0.00026236035
12725,0.4059262216137677,1.0,0.0025150406
12726,0.4790086014735935,1.0,0.0011399104
12727,0.3740225675882255,1.0000001,0.0015198806
12728,0.4292114679725251,1.0,0.013977474
12729,0.3752336112972326,1.0,0.0007508934
12730,0.3798343637198336,1.0,0.001972226
12731,0.2614914258927451,1.0,0.0005428145
12732,0.4112688458191886,1.0,0.00037997015
12733,0.4684517140645095,1.0,9.951599e-05
12734,0.562380074497808,0.99999994,5.428145e-05
12735,0.2722317409426266,1.0,0.0010946759
12736,0.3458915403895472,0.99999994,0.0015651152
12737,0.4845265949754346,0.99999994,0.001972226
12738,0.3507583301299949,1.0,0.0003437825
12739,0.2836276837297669,1.0,0.0
12740,0.323960924764908,1.0000001,0.0010494414
12741,0.2650129896951039,0.99999994,0.0010584883
12742,0.315755115734311,1.0,0.00028950107
12743,0.2473625369105884,1.0,0.0008956439
12744,0.3062119897588327,1.0,0.0014384585
12745,0.2741783538897214,1.0,1.8093817e-05
12746,0.1822900718711717,1.0,0.00028045414
12747,0.3787030033436536,1.0,0.01922468
12748,0.4483926194833201,1.0,0.00013570362
12749,0.3258505551727956,1.0,0.00057900214
12750,0.2341115377790429,1.0,0.00036187633
12751,0.4823810985490207,1.0,0.0023069617
12752,0.4436297881384241,1.0,0.00016284434
12753,0.5283850794598947,1.0,9.046908e-05
12754,0.5562018038245768,1.0000001,0.0016103496
12755,0.3722213127303738,0.9999999,0.0003166418
12756,0.3899408433144168,0.9999999,0.0014022707
12757,0.3116150075870706,0.99999994,0.00070565887
12758,0.5470830927073895,1.0,3.6187634e-05
12759,0.2859671792895958,0.99999994,0.0007327996
12760,0.3632782823688943,1.0,0.0013389424
12761,0.4747690330343079,0.99999994,6.3328356e-05
12762,0.4053118776411589,1.0,0.0003166418
12763,0.3763459490578276,1.0,0.001185145
12764,0.3486742242031415,0.99999994,0.0015832089
12765,0.7981272381712746,1.0,0.008811689
12766,0.4977152412493055,0.99999994,0.0016374903
12767,0.5151530555492986,0.99999994,0.024028588
12768,0.2465218419927816,0.99999994,9.046908e-06
12769,0.4166119488805864,1.0,0.00079612795
12770,0.3061266003377366,1.0,0.004324422
12771,0.4078754406282405,0.99999994,0.001384177
12772,0.3206103383308534,1.0,0.00013570362
12773,0.6836500308728246,1.0,0.0034197313
12774,0.4930201913188232,1.0,0.00023521962
12775,0.3071716791909411,0.99999994,0.00015379745
12776,0.2782452317883938,1.0,0.001185145
12777,0.7807005629192336,1.0,0.0067308997
12778,0.313998286645988,1.0,0.0015560682
12779,0.5262616735944672,0.99999994,0.0
12780,0.6069783638942231,0.99999994,0.0010042068
12781,0.3469502059320657,1.0000001,0.0035735287
12782,0.5356377066074144,1.0,0.003555435
12783,0.4138025821966284,0.99999994,3.6187634e-05
12784,0.3877873948259819,1.0,0.00036187633
12785,0.3702106925111356,0.99999994,0.0007327996
12786,0.2089449086181056,1.0000001,0.00019903199
12787,0.4206454597235374,1.0,0.0029402452
12788,0.1819537754490819,0.99999994,1.8093817e-05
12789,0.2999561098629354,0.99999994,0.00083231553
12790,0.4898543542629657,1.0,0.00071470573
12791,0.5016069218952511,1.0,0.0012303796
12792,0.3212320770296412,0.99999994,1.8093817e-05
12793,0.4561713727526059,0.99999994,0.0006332836
12794,0.4406372379857309,0.99999994,0.00039806397
12795,0.7165265309684796,1.0,0.002650744
12796,0.6037036271185451,0.99999994,9.046908e-06
12797,0.2822023916491756,1.0,0.00019903199
12798,0.2955341203552886,1.0,0.0027231195
12799,0.4108555309117307,0.99999994,0.00072375266
12800,0.3710312872787744,1.0,0.00047043923
12801,0.4105350626168066,1.0,0.001673678
12802,0.3653292894960144,1.0,3.6187634e-05
12803,0.329413913658941,1.0,0.0018817569
12804,0.7077548153081131,1.0,0.00060614286
12805,0.4498558765042252,1.0,2.7140724e-05
12806,0.543781274926718,1.0,3.6187634e-05
12807,0.3584402657050801,0.99999994,8.142217e-05
12808,0.5933119226274834,1.0,0.002352196
12809,0.4428499000591838,0.99999994,0.000687565
12810,0.5274820587651138,1.0,3.6187634e-05
12811,0.3226639030615429,1.0,0.00037092323
12812,0.4658730210507977,1.0,0.0012484733
12813,0.1983817354275317,1.0,0.0006423305
12814,0.4164018263702987,0.99999994,0.0030940427
12815,0.3856222668048102,1.0,2.7140724e-05
12816,0.2333587212405725,1.0,2.7140724e-05
12817,0.3075705600964038,1.0,0.0025602751
12818,0.4217124302889538,0.99999994,0.00024426653
12819,0.6030369825490778,1.0,0.00018998508
12820,0.6143172919637386,1.0,0.0031030895
12821,0.4335408981663934,0.99999994,0.00038901705
12822,0.4267843473376,0.99999994,0.0007599403
12823,0.5041785772223814,1.0,0.0012937079
12824,0.3265473944763125,0.99999994,0.0023974306
12825,0.4608731218858417,1.0000001,0.00044329852
12826,0.5742075077389942,0.9999999,0.00053376757
12827,0.4261961836676732,1.0,0.00017189125
12828,0.2034499721534063,0.99999994,0.0013027547
12829,0.2637383470074809,1.0,0.0008956439
12830,0.3385477701181608,1.0,0.0006604243
12831,0.4782025626643225,1.0,0.00074184645
12832,0.3423781280763278,1.0,0.00088659703
12833,0.6354112497188283,1.0,0.00020807888
12834,0.672733827030585,0.99999994,0.0027231195
12835,0.2143627805244733,1.0,0.0019179445
12836,0.569699708100602,1.0,0.001185145
12837,0.2529052726336908,1.0000001,0.00032568868
12838,0.624628172705051,1.0,0.0024969466
12839,0.2484874018952264,1.0,0.001574162
12840,0.4322962811069933,1.0,0.0011308636
12841,0.4134177542630736,1.0,0.00038901705
12842,0.7424081604295282,1.0,0.0020988828
12843,0.2725792869385401,0.99999994,0.0008956439
12844,0.3870129711693714,1.0,9.951599e-05
12845,0.625992594153611,1.0,0.0028316823
12846,0.6294370707606838,1.0,0.0056633647
12847,0.3667560710530602,1.0,0.0013208486
12848,0.3259449679530988,1.0,0.00084136246
12849,0.3897863604639019,1.0,0.001176098
12850,0.3753537461003033,0.99999994,0.0005428145
12851,0.4153448192684112,1.0,0.00093183154
12852,0.3477073781643922,1.0,0.00065137737
12853,0.6495989281533138,1.0,2.7140724e-05
12854,0.57596562698828,0.99999994,0.0019360384
12855,0.4546488402557821,1.0,6.3328356e-05
12856,0.4139822987713936,1.0,0.0019541322
12857,0.1638912851877563,1.0,0.0010313476
12858,0.3645334466767646,1.0,0.00015379745
12859,0.3122926819259422,1.0,0.0007327996
12860,0.2823833167526948,0.9999999,0.0012303796
12861,0.2374771474585159,1.0,0.00029854797
12862,0.4041068624541237,1.0,0.0087121725
12863,0.2988438910847906,0.99999994,0.0009680192
12864,0.5040440996652409,1.0,0.0011941919
12865,0.8869138492082951,1.0,0.057348352
12866,0.2194789243955038,1.0,0.0010765821
12867,0.3918927348122101,0.99999994,0.0003347356
12868,0.3633311242403578,1.0,0.00035282943
12869,0.2256334639932164,1.0,0.0004342516
12870,0.523365522292079,1.0,0.0018093816
12871,0.2633374357713416,0.99999994,0.0018817569
12872,0.3402048030064389,1.0,0.00024426653
12873,0.4368289547564342,1.0000001,0.001284661
12874,0.3384955323436969,1.0000001,0.0027231195
12875,0.3506066750298636,0.9999999,0.0005428145
12876,0.3968403274571265,0.99999994,0.0005609083
12877,0.3300666117765924,1.0,0.0002261727
12878,0.3884767647318797,0.99999994,0.0027140724
12879,0.4605339206358431,0.99999994,0.00026236035
12880,0.4358736102812971,1.0,0.0030307143
12881,0.6168177821900981,1.0,0.001384177
12882,0.2886694597031281,1.0,0.0011037228
12883,0.4069278358309589,1.0,0.00027140725
12884,0.7970179310357319,1.0,0.00018093816
12885,0.6109579269174088,0.99999994,0.006305695
12886,0.3319470351011706,1.0,0.0019269915
12887,0.2157971628818468,1.0,0.0010675351
12888,0.371555833459652,1.0,0.0015198806
12889,0.4941816761779831,1.0,0.002352196
12890,0.5409489608650314,1.0,0.0029945266
12891,0.5873278382594649,1.0,0.00018998508
12892,0.6816795175250305,1.0,0.0009227846
12893,0.3097650563687708,1.0,0.0011670511
12894,0.4272386738302494,1.0,0.0052562538
12895,0.3759541752659876,0.99999994,0.0031845118
12896,0.3800176023320994,1.0,0.0022979146
12897,0.857619717464064,1.0,0.0011127697
12898,0.3642821824966626,1.0,0.00020807888
12899,0.3272893695340387,1.0000001,0.0020355543
12900,0.505691824660681,1.0,0.00070565887
12901,0.3331357427107331,1.0,0.00079612795
12902,0.2689602366452618,1.0000001,0.00016284434
12903,0.2717787939559748,1.0,0.0017822409
12904,0.6904447803220717,1.0,0.0005247207
12905,0.2796240091400419,1.0,0.0012303796
12906,0.6077543219837194,1.0,0.0005609083
12907,0.5233143510017346,1.0,0.00036187633
12908,0.2917425840635431,1.0,0.0015379743
12909,0.3601985947212094,0.99999994,0.0022255394
12910,0.3217640936553789,1.0,0.00062423665
12911,0.3755599299443404,1.0000001,0.0005699552
12912,0.2667074991998677,0.99999994,0.00014475053
12913,0.4641010756901387,1.0000001,0.00059709593
12914,0.3517980928166231,1.0,0.0011127697
12915,0.3451318457789807,1.0000001,0.00037092323
12916,0.2705629141322047,1.0,0.0029673858
12917,0.3020976194096979,1.0,0.0018636631
12918,0.2890972938726895,1.0,0.0002261727
12919,0.3491176295834057,1.0,0.00020807888
12920,0.4726965183290688,0.99999994,0.003844936
12921,0.6016165209542892,1.0,0.00029854797
12922,0.6615131381939215,1.0000001,0.00059709593
12923,0.5505164202571874,0.99999994,0.00974352
12924,0.3707538222377255,1.0000001,9.951599e-05
12925,0.5448125284789069,1.0,0.00016284434
12926,0.3238808529769814,1.0,0.0046229702
12927,0.2887276344570948,0.99999994,0.0014022707
12928,0.4109725022464131,0.99999994,1.8093817e-05
12929,0.3596025611090001,0.99999994,0.0030397612
12930,0.563893157049706,0.99999994,0.0005609083
12931,0.4404881325390674,1.0,0.00028045414
12932,0.3519751017654741,1.0,0.0032206993
12933,0.2918119715551681,1.0,0.00076898717
12934,0.3850481493102426,1.0,0.0005156738
12935,0.3821950717960464,1.0000001,0.013027548
12936,0.4087603363223898,1.0000001,0.0003075949
12937,0.3962321509564673,0.99999994,0.00011760981
12938,0.3741891485097585,1.0,0.0013479893
12939,0.4635305612327806,1.0,0.0015832089
12940,0.2368090384696256,0.99999994,0.00029854797
12941,0.5885251607463224,0.99999994,7.237527e-05
12942,0.2380992157796698,0.99999994,0.00032568868
12943,0.3752980415772917,1.0,0.00012665671
12944,0.3574420190019564,1.0,0.0022436331
12945,0.3517273061894219,1.0,2.7140724e-05
12946,0.3823486878133163,1.0,0.0015560682
12947,0.3004014234636641,0.99999994,5.428145e-05
12948,0.3875486873960705,1.0,0.00044329852
12949,0.3507470719892696,1.0,0.00083231553
12950,0.4615312557379845,1.0,0.0004613923
12951,0.2695900478071869,1.0,0.0016917718
12952,0.5230384744271214,0.99999994,0.0002261727
12953,0.4538502545241749,1.0,0.0012032388
12954,0.4171533098698878,1.0,0.0026236034
12955,0.3174588844777647,1.0,0.00025331342
12956,0.3761609198779819,1.0,0.0009227846
12957,0.376939382796429,0.99999994,0.00062423665
12958,0.4363125456488357,1.0,0.00014475053
12959,0.3684654991929587,1.0,0.001474646
12960,0.3757341933403291,1.0,0.0010132537
12961,0.2658923292290701,0.99999994,0.0014022707
12962,0.4997116201570835,0.99999994,0.017071515
12963,0.4170381530291437,0.99999994,0.0010132537
12964,0.5097522330988629,1.0,0.0033111684
12965,0.4330234650578662,1.0,0.00050662685
12966,0.3560451047147623,1.0,0.0019088977
12967,0.3811769328922192,1.0,0.0045686886
12968,0.3286687453302184,1.0,0.00016284434
12969,0.4202008808072173,0.99999994,0.0029402452
12970,0.4184888982796047,1.0,0.00039806397
12971,0.4960632773125591,1.0,0.000588049
12972,0.4636843370383884,1.0,0.0013570362
12973,0.3473697345190732,1.0,0.00028045414
12974,0.3926184131815359,0.99999994,0.0032116524
12975,0.3433009716348249,1.0,1.8093817e-05
12976,0.5785429290057269,1.0,0.0015832089
12977,0.6864421581730618,1.0,0.0071380106
12978,0.6258475606338453,1.0000001,0.0
12979,0.2935311297398335,0.99999994,0.002270774
12980,0.4644845019951469,1.0,0.00027140725
12981,0.7527421342234295,0.99999994,0.0006785181
12982,0.65171068871011,1.0,0.00094992534
12983,0.1430699064494303,0.99999994,0.0003075949
12984,0.4455382542362352,1.0,6.3328356e-05
12985,0.4898543542629657,1.0,0.0003437825
12986,0.748330284947229,1.0,0.00074184645
12987,0.3148814780325205,0.99999994,1.8093817e-05
12988,0.47642573217849,1.0,0.0005699552
12989,0.5947741312093784,1.0,0.000787081
12990,0.3276782007834126,0.99999994,0.0013389424
12991,0.5398708168588875,1.0000001,6.3328356e-05
12992,0.4585978123517015,1.0,9.951599e-05
12993,0.290024670245562,0.99999994,0.0006785181
12994,0.4511300293886516,1.0,0.00015379745
12995,0.4888340512336848,0.99999994,0.0004613923
12996,0.4344741181333976,0.99999994,0.0026869318
12997,0.4747029265400014,1.0,0.0006694712
12998,0.3790517996209746,0.99999994,0.0026055095
12999,0.3081783185122016,1.0,0.0013208486
13000,0.4991409880851128,1.0,0.0013570362
13001,0.6081956511448935,1.0,0.00069661194
13002,0.6241923900803429,1.0,0.0011218166
13003,0.3529505747339378,1.0,0.00085945625
13004,0.4156876302181824,1.0,0.0008051748
13005,0.3782444056217969,1.0,0.004641064
13006,0.4873553044971868,1.0000001,0.001284661
13007,0.7767176807504135,0.99999994,0.00026236035
13008,0.3613701534525292,1.0,0.00053376757
13009,0.3065422738885371,1.0000001,0.00095897226
13010,0.6261978778288012,0.99999994,0.0013660832
13011,0.411623820608626,1.0,3.6187634e-05
13012,0.359890707710921,1.0,0.0075270277
13013,0.4234742584641184,1.0,0.00029854797
13014,0.669557356296488,1.0,0.001673678
13015,0.5342137734884376,1.0000001,0.000588049
13016,0.7509685858496757,1.0,0.000787081
13017,0.567261329188894,1.0000001,0.003835889
13018,0.367850763037324,1.0,0.003446872
13019,0.3993448305326502,1.0,0.0017551002
13020,0.5258333300488991,1.0,0.0007780341
13021,0.3760484717598379,1.0,0.0023431492
13022,0.2694591511848351,1.0,0.0023793369
13023,0.3681289803848993,1.0,0.00020807888
13024,0.4635159998342146,1.0,0.00091373775
13025,0.416203729316925,1.0,0.0019360384
13026,0.4120698708994402,1.0,0.0002171258
13027,0.4437751731116316,1.0,0.00065137737
13028,0.4790493810803282,0.99999994,0.0007508934
13029,0.5475593138788977,1.0,0.00027140725
13030,0.3567207497110549,1.0,0.0019088977
13031,0.3319648791898999,1.0,0.0
13032,0.2860688924756904,1.0,0.0001085629
13033,0.3526527669532685,1.0,0.0015289275
13034,0.4412468673333274,0.99999994,0.000687565
13035,0.388135551369312,1.0000001,3.6187634e-05
13036,0.2255387956349671,1.0,0.0003166418
13037,0.4211864363683356,0.99999994,0.0003437825
13038,0.5086234805441067,1.0,0.00018093816
13039,0.4362810680937636,1.0,0.00091373775
13040,0.7789565572918147,1.0,4.523454e-05
13041,0.2720214647295437,1.0,0.0027231195
13042,0.3377288959695087,1.0,0.0010494414
13043,0.3808548230880456,1.0,0.00026236035
13044,0.4426640850425723,1.0,0.0004975799
13045,0.4877672324863303,0.99999994,0.0004252047
13046,0.4944146595749372,0.99999994,0.00019903199
13047,0.3766046497459878,1.0,0.0006694712
13048,0.3023421919997846,1.0,0.00036187633
13049,0.6646092187351643,0.99999994,4.523454e-05
13050,0.5283935708857972,1.0,0.0011127697
13051,0.3060765201411626,1.0,0.0015832089
13052,0.5087759603559155,0.99999994,0.0033021215
13053,0.8566695232502411,1.0,0.00017189125
13054,0.3264322381392719,1.0000001,0.004252047
13055,0.4652385501365496,1.0,6.3328356e-05
13056,0.2600675675274214,1.0000001,0.0008051748
13057,0.3337167927545934,1.0,0.00081422174
13058,0.2694620944215513,1.0000001,0.0035011536
13059,0.5351037779397709,1.0,0.0040892027
13060,0.3639430296046597,0.99999994,0.00014475053
13061,0.428329407791812,0.99999994,4.523454e-05
13062,0.4725915473818489,1.0,9.046908e-05
13063,0.4240762372409317,0.99999994,0.0015289275
13064,0.3193207307722246,0.99999994,0.0011308636
13065,0.3484841707530349,1.0,0.00072375266
13066,0.6417290342730626,1.0,0.00041615777
13067,0.3708501257474472,1.0,0.0005247207
13068,0.7505948250814094,1.0,0.0053648166
13069,0.3382199381956748,1.0,0.0007508934
13070,0.4452809838241039,1.0,1.8093817e-05
13071,0.3781991809801716,0.9999998,0.0024607591
13072,0.420500255957154,1.0,0.0023431492
13073,0.4155205682157005,1.0,0.00084136246
13074,0.4000394653989181,1.0,0.0013660832
13075,0.4119992611221942,1.0,0.0027864478
13076,0.3441020654869969,1.0,0.0013208486
13077,0.3712797409607511,1.0,0.0015017868
13078,0.2843642272905711,1.0,0.0027864478
13079,0.3651418837353273,1.0,0.0017641471
13080,0.4067127063978066,1.0,2.7140724e-05
13081,0.3708246664324124,0.99999994,0.001185145
13082,0.6042472670468493,1.0000001,0.00019903199
13083,0.4347915294900346,0.99999994,0.00014475053
13084,0.376002683098824,1.0,0.00024426653
13085,0.5647105129145059,1.0,0.0015108336
13086,0.452364031153111,0.99999994,0.012774235
13087,0.2674093569615687,1.0,0.001176098
13088,0.385190160186069,1.0,0.0018817569
13089,0.4012923262064466,1.0,0.00057900214
13090,0.1724363432943731,1.0,0.0
13091,0.4003990072837632,1.0,0.0029221515
13092,0.4590823771358344,1.0,0.0015198806
13093,0.5070055363294007,1.0,0.000588049
13094,0.4914013083265892,0.99999994,0.0011127697
13095,0.2890751044927053,1.0,0.0009770661
13096,0.4348689419705516,1.0000001,0.0010223007
13097,0.3922401477511898,0.99999994,0.0006785181
13098,0.2882129687085596,0.9999999,0.0010132537
13099,0.3735657872518972,1.0,0.0014565522
13100,0.339267056293236,1.0,0.0016827249
13101,0.3808371124692831,0.99999994,0.001673678
13102,0.2098663408553585,1.0,0.00013570362
13103,0.332812310711897,1.0,0.00013570362
13104,0.2560225256537069,0.99999994,0.0014113177
13105,0.4174218394887955,0.99999994,4.523454e-05
13106,0.7013797530767408,0.9999999,3.6187634e-05
13107,0.5264388777188296,1.0,0.0020174605
13108,0.5914919957502937,0.99999994,0.00039806397
13109,0.2272355448516182,1.0,0.0009227846
13110,0.3785672373004672,0.99999994,0.00035282943
13111,0.4458561261262891,1.0,0.00079612795
13112,0.3121659323157039,1.0,0.0020084137
13113,0.5342953075736786,1.0,0.00035282943
13114,0.3192865919781483,1.0000001,0.002352196
13115,0.2885516805835765,1.0,0.00065137737
13116,0.3363310194724007,1.0,0.0018003348
13117,0.4735143942773349,1.0000001,0.0014475053
13118,0.3641384913713559,1.0,0.0029221515
13119,0.3120860332161969,1.0,0.0006785181
13120,0.3083172585566004,1.0,0.0010765821
13121,0.3099411900956413,0.99999994,0.0004523454
13122,0.3818133558194695,0.99999994,3.6187634e-05
13123,0.4777865082929917,1.0,0.0052562538
13124,0.4777529040305025,1.0,0.00047948613
13125,0.2054812812845172,0.99999994,0.0003075949
13126,0.2647252843905954,0.99999994,0.00016284434
13127,0.3890877123519952,1.0000001,0.007563215
13128,0.3357085471486242,1.0,0.0
13129,0.2355385212840291,1.0,0.0005609083
13130,0.2684906488678287,1.0,8.142217e-05
13131,0.5349565160929466,1.0,0.00014475053
13132,0.261564407193715,0.99999994,0.0011580043
13133,0.5167639282250174,1.0,0.0002261727
13134,0.3956441699757603,1.0,0.0021260234
13135,0.304603007679561,1.0,0.0002171258
13136,0.3491710132945082,1.0,0.0018184285
13137,0.6372689636831711,1.0,1.8093817e-05
13138,0.284151004295415,1.0,0.00019903199
13139,0.2860870987318532,1.0,0.003356403
13140,0.2936071094205742,1.0,0.00032568868
13141,0.4842326174543111,1.0,0.00071470573
13142,0.3601931585442956,1.0,0.0015922559
13143,0.3518118131709699,1.0,0.00025331342
13144,0.5830734538299164,1.0000001,0.0005156738
13145,0.273478313213829,1.0,0.0017279595
13146,0.7796018964389642,0.99999994,0.008078889
13147,0.4094594758797299,1.0,0.005011987
13148,0.3604792703504794,1.0,9.951599e-05
13149,0.3129593071710825,0.9999999,0.0015832089
13150,0.4623639909106345,1.0,0.00018093816
13151,0.6249825845622158,0.99999994,0.0047677206
13152,0.2826471734945677,1.0000001,0.0010675351
13153,0.385578839522329,1.0000001,0.00020807888
13154,0.3085756364956864,1.0,0.0019812728
13155,0.2757364757712571,1.0,0.00059709593
13156,0.2759742938290773,0.99999994,0.00062423665
13157,0.6353020627770323,1.0,0.0003166418
13158,0.2980926540768754,0.99999994,9.951599e-05
13159,0.3273971745810044,1.0,0.0025783689
13160,0.5397744535618542,0.99999994,0.0003166418
13161,0.4471129745675692,1.0000001,0.002270774
13162,0.4319443176827758,1.0,0.00035282943
13163,0.6068290544297381,1.0,0.0012303796
13164,0.4165146520394484,1.0,0.0
13165,0.2169028893871905,0.99999994,0.00018093816
13166,0.5732981840286671,0.99999994,0.0008685032
13167,0.3452891891993334,0.99999994,0.00018093816
13168,0.4842971362525557,1.0,0.00015379745
13169,0.584960143183238,1.0,0.00047043923
13170,0.2792995903036551,1.0,0.00038901705
13171,0.3744044057625532,1.0,0.002451712
13172,0.6698963682281136,1.0,0.00029854797
13173,0.3242825235313616,1.0,0.00094087847
13174,0.2438235709209706,0.99999994,0.00032568868
13175,0.3308777663985764,0.99999994,0.0013660832
13176,0.6701929044284857,1.0,0.0069932602
13177,0.3165258743924865,1.0,0.0061790384
13178,0.5351202776788567,1.0,0.0018093816
13179,0.5445430738478539,1.0,0.00037092323
13180,0.3538256823979628,0.99999994,0.004333469
13181,0.2928358987812122,1.0,0.0033202153
13182,0.427231798674142,1.0,0.0018274755
13183,0.2667911523689903,1.0,0.0017460533
13184,0.4422164343118948,1.0,0.00013570362
13185,0.4208958229197101,0.99999994,0.00082326867
13186,0.8744711154435153,1.0,0.0034649658
13187,0.293136322672247,1.0,0.00041615777
13188,0.260657049646682,1.0,4.523454e-05
13189,0.7275243428020397,1.0000001,0.0053919572
13190,0.5869061588038943,1.0,9.046908e-06
13191,0.290360232645771,1.0,0.006821369
13192,0.5073288542933476,1.0,0.0016827249
13193,0.3093656238239208,0.99999994,0.0009951598
13194,0.5525717811837986,1.0000001,0.0004252047
13195,0.577715768323604,1.0000001,0.0005699552
13196,0.7889099958942186,1.0,0.0006332836
13197,0.3600832505205339,0.99999994,0.00014475053
13198,0.4988854596304193,0.99999994,8.142217e-05
13199,0.4860690728290993,1.0000001,0.0011670511
13200,0.1976264663164547,1.0,0.0007780341
13201,0.3421444967024494,1.0,0.0016917718
13202,0.3384672719748044,1.0,0.0012484733
13203,0.5795724008055626,0.99999994,0.0028045415
13204,0.3515715463918235,1.0,0.00649568
13205,0.4974634003626566,1.0000001,0.00029854797
13206,0.2272410442394308,1.0000001,0.0008775501
13207,0.3156256166555536,1.0,0.0013479893
13208,0.414167994704038,1.0,0.0018365224
13209,0.2966825951083471,1.0,0.0017098656
13210,0.7093056009756898,0.99999994,0.0024245714
13211,0.5225311796853368,1.0,0.00015379745
13212,0.3018957992684625,1.0,0.0012303796
13213,0.3927357608789777,0.99999994,0.00094992534
13214,0.4256784679217754,0.99999994,0.0005428145
13215,0.3662906586236888,1.0,0.004252047
13216,0.4644439468778641,0.99999994,0.00060614286
13217,0.3743667984940267,0.99999994,0.0023883837
13218,0.4376801464432634,1.0,0.002162211
13219,0.3058580541480108,0.99999994,0.00029854797
13220,0.3351936738909631,1.0,0.0019179445
13221,0.3103012051467757,1.0,0.00014475053
13222,0.3071238985219103,1.0,0.0006423305
13223,0.2529059881757801,1.0,0.0012484733
13224,0.2352888007753971,0.99999994,3.6187634e-05
13225,0.7463442900563121,1.0,0.0002171258
13226,0.2379317351754597,1.0,0.00041615777
13227,0.501303786453125,1.0,0.0064775865
13228,0.3602349299807763,1.0,0.00085945625
13229,0.2662721212265391,0.99999994,0.0005518614
13230,0.3775098392179067,1.0,0.00029854797
13231,0.3142187022245751,0.9999999,0.0031121364
13232,0.3301977005367815,1.0,0.0023341023
13233,0.4375293196656751,1.0,0.0010313476
13234,0.3728662545926121,1.0,0.0017098656
13235,0.3927357608789777,1.0,0.0011399104
13236,0.5447321268524916,1.0,7.237527e-05
13237,0.3694478656713851,0.99999994,0.0023069617
13238,0.4515164665180991,0.99999994,0.0003075949
13239,0.3890701103636291,0.99999994,0.00082326867
13240,0.5092624871040342,1.0,0.0014565522
13241,0.3715398199382651,1.0000001,0.00027140725
13242,0.4782025626643225,1.0,0.0023069617
13243,0.3827701468621886,1.0,0.0017822409
13244,0.2981762653756272,1.0,0.0015198806
13245,0.3852767593720221,1.0,0.00137513
13246,0.348699465989516,1.0,0.00187271
13247,0.383891026633757,1.0000001,0.0034287781
13248,0.3603306164948048,1.0,0.00024426653
13249,0.4021789686110668,0.99999994,0.00085945625
13250,0.4990630274119599,1.0,0.0011399104
13251,0.4318286646730049,1.0,0.0020174605
13252,0.4109077996195424,0.9999999,0.0010494414
13253,0.7799494765683598,1.0000001,0.0010675351
13254,0.4627704980768796,1.0000001,0.0010132537
13255,0.5589510017384515,1.0,0.00032568868
13256,0.2636380959247124,1.0,0.0004523454
13257,0.340366204903605,1.0,0.00079612795
13258,0.3175025029524476,1.0,0.00094992534
13259,0.5023462331282117,1.0,0.00047043923
13260,0.4533232882620244,1.0,0.00017189125
13261,0.1472521471989789,1.0,0.0003166418
13262,0.6738456098050482,1.0,0.00088659703
13263,0.5447390084313751,0.9999999,0.00047948613
13264,0.4002471239415367,1.0,0.0013118017
13265,0.3614260579158464,1.0,0.002876917
13266,0.3752892000592178,1.0000001,0.0009046908
13267,0.4522844275932676,1.0,8.142217e-05
13268,0.3841993617685703,1.0,0.0021983988
13269,0.5101734969690952,1.0,0.00091373775
13270,0.5276781616350436,1.0,0.00015379745
13271,0.3742175553858791,1.0,0.0023341023
13272,0.3342544375465625,1.0,0.0006332836
13273,0.3027349587163107,1.0,0.003754467
13274,0.2886929277295184,1.0,0.00059709593
13275,0.339673924447702,1.0,0.00012665671
13276,0.3151478812255671,1.0,0.0008685032
13277,0.4148926803128428,1.0,0.0005699552
13278,0.3605645321253461,0.99999994,0.0029311983
13279,0.3368182914870056,0.99999994,0.0002171258
13280,0.2739081841811442,1.0,0.0014022707
13281,0.4607176300547288,1.0,4.523454e-05
13282,0.4410302433132719,1.0,0.0010494414
13283,0.3618554146338766,1.0,0.0022888677
13284,0.3302370142502924,1.0,0.0002171258
13285,0.4958378196145317,1.0,0.00035282943
13286,0.2229716174468057,1.0,6.3328356e-05
13287,0.4788645846148062,1.0,0.010602976
13288,0.287753363588433,1.0000001,0.0033835436
13289,0.4979426970151586,1.0,0.0031211833
13290,0.5788002749696662,1.0,2.7140724e-05
13291,0.23411440250255,1.0,0.0016555842
13292,0.5547847070523912,1.0,0.003853983
13293,0.5345595684814541,1.0,0.0016555842
13294,0.3510163708164428,1.0,0.0006604243
13295,0.3346590185058367,0.9999999,0.001972226
13296,0.4425782778000114,0.99999994,0.0013660832
13297,0.2469289630367021,1.0,0.00053376757
13298,0.807839222400336,1.0000001,9.951599e-05
13299,0.3451821543297244,0.99999994,6.3328356e-05
13300,0.6313278374293839,1.0,0.0014384585
13301,0.3709668739182313,1.0,0.00032568868
13302,0.4060817673200556,1.0,0.001275614
13303,0.3258428119228258,1.0,0.0008956439
13304,0.4598856870167037,1.0,0.00076898717
13305,0.4730186024776885,1.0,0.00081422174
13306,0.3702884853717438,1.0,0.0019450852
13307,0.1940211215715011,1.0000001,2.7140724e-05
13308,0.3481634462151046,1.0,0.0024788529
13309,0.3014941623218146,0.99999994,0.0004252047
13310,0.3744259178249216,0.99999994,0.00060614286
13311,0.3136200161859919,0.99999994,0.0039806394
13312,0.491709008981894,1.0,0.003926358
13313,0.3088632393737691,1.0,0.001673678
13314,0.3864865926643889,1.0,5.428145e-05
13315,0.4673325767720226,1.0,0.00057900214
13316,0.4964736215925195,0.99999994,0.00017189125
13317,0.3974325780197228,0.99999994,0.0004342516
13318,0.4551351467515838,1.0,9.046908e-06
13319,0.4710559723379023,0.99999994,0.0001085629
13320,0.4973685426608104,0.99999994,0.004432985
13321,0.4469473325491986,1.0,6.3328356e-05
13322,0.4640419868078866,1.0000001,0.00029854797
13323,0.378088298692,1.0,0.0008685032
13324,0.4354206103843562,1.0000001,0.00024426653
13325,0.4010635605234164,1.0000001,0.00071470573
13326,0.2282533531357047,1.0,0.00019903199
13327,0.4630858843758673,0.99999994,0.0030849958
13328,0.4718273017567848,1.0,0.00053376757
13329,0.3425479028290832,1.0,0.0
13330,0.4027471280310904,1.0,0.00039806397
13331,0.3673802775304994,1.0,0.0005609083
13332,0.3890172187377845,1.0,0.0023612431
13333,0.4412351082903805,1.0,0.00071470573
13334,0.3606740746078577,0.99999994,0.00047043923
13335,0.4576139342423646,1.0,0.0044058445
13336,0.360960686301937,1.0,0.0004342516
13337,0.3832611663130234,1.0,0.0006423305
13338,0.4666613846889099,0.99999994,9.046908e-05
13339,0.6434872174912135,1.0,0.0019541322
13340,0.4032230271542537,1.0,0.0040801554
13341,0.7255497391865071,1.0,4.523454e-05
13342,0.4684731722992609,1.0,0.005011987
13343,0.31509278031925,1.0,0.00026236035
13344,0.5078979823451214,0.99999994,0.00035282943
13345,0.4181490859799735,1.0,0.0004342516
13346,0.7419612298041057,0.99999994,0.0013389424
13347,0.3533418803358683,0.99999994,0.0014655992
13348,0.5215018044120742,1.0,0.00027140725
13349,0.485486071038742,1.0,0.0009951598
13350,0.4033236547070965,1.0,0.00062423665
13351,0.4129148714389161,1.0000001,0.0023974306
13352,0.4827800749877567,1.0,0.00012665671
13353,0.2813749253360612,1.0000001,0.002858823
13354,0.5332380353835222,1.0000001,0.00065137737
13355,0.2822244066326406,0.99999994,0.00012665671
13356,0.6500102251945491,1.0,0.00039806397
13357,0.4482303916784727,0.99999994,0.00018093816
13358,0.6245236278431895,1.0,0.0004252047
13359,0.3668235138765151,1.0000001,0.007481793
13360,0.5911208479793301,1.0,0.0059347716
13361,0.2917493790251311,0.99999994,0.0012665672
13362,0.3633311242403578,1.0,0.000687565
13363,0.3728285471124868,1.0,0.0022979146
13364,0.5766863236620748,1.0,0.0001085629
13365,0.5155411226345167,1.0,0.00074184645
13366,0.6018328237820564,1.0,0.008811689
13367,0.3678722958979698,1.0,0.0038630299
13368,0.4446759451342001,1.0,0.0051205503
13369,0.3669418552092449,0.99999994,0.0033654498
13370,0.5534383062327112,1.0,0.0072375266
13371,0.3752428085950398,1.0,0.0001085629
13372,0.1753889646943635,1.0,0.0006785181
13373,0.5941421825673789,0.99999994,0.0
13374,0.5237846653950338,1.0,0.00036187633
13375,0.3517122281228783,1.0,0.0021350703
13376,0.4197155286118482,1.0,0.0035463881
13377,0.4103483936496689,0.99999994,0.0016013028
13378,0.2737424438573084,1.0,0.0078436695
13379,0.4974652493005177,0.99999994,0.002677885
13380,0.2906789066875589,1.0,0.0009770661
13381,0.6356090733384995,1.0,0.00047043923
13382,0.4950804347016356,1.0,0.00013570362
13383,0.5092281264980176,1.0000001,0.00017189125
13384,0.3290296216340303,1.0,0.0013479893
13385,0.3470716189452477,0.99999994,0.00044329852
13386,0.380276920701131,1.0,0.0004342516
13387,0.8150750235205473,1.0,0.0014203646
13388,0.326872053944655,0.99999994,0.0024969466
13389,0.5317229833009824,0.99999994,0.00024426653
13390,0.3973481826841881,1.0,0.0013660832
13391,0.3777961313795587,0.99999994,0.0011941919
13392,0.5561866444483605,1.0,9.046908e-06
13393,0.266227918506606,1.0,0.0006604243
13394,0.2158217904722107,1.0,0.00026236035
13395,0.4746523321053584,1.0,0.001176098
13396,0.5819269119099304,1.0,0.0019179445
13397,0.5592722721742025,0.99999994,9.046908e-05
13398,0.3814900942835554,1.0,0.0010042068
13399,0.6650735163812672,0.99999994,0.0010132537
13400,0.3589970467107722,1.0,0.0010584883
13401,0.3174205517713421,1.0,0.0011489573
13402,0.4389914591825554,1.0,0.0009680192
13403,0.4274508394330094,0.99999994,0.0003437825
13404,0.6037485261964295,1.0,0.0059619127
13405,0.6223204664718619,1.0,0.0048220023
13406,0.339379070490995,1.0,0.00041615777
13407,0.3150037987228065,0.99999994,5.428145e-05
13408,0.3243879905034878,0.99999994,0.00094087847
13409,0.3755940895108938,1.0,0.001972226
13410,0.2524871857273928,1.0,0.00023521962
13411,0.3901128590067143,1.0,0.009698286
13412,0.4018423756826489,1.0,8.142217e-05
13413,0.3477998451762307,1.0,0.0048581897
13414,0.5868430371171576,0.99999994,0.0005699552
13415,0.3133563275637303,1.0,0.0009770661
13416,0.3477432370155271,1.0000001,0.0029402452
13417,0.3850561832006728,0.99999994,0.0
13418,0.5226378524676828,0.99999994,0.0002261727
13419,0.5748677188051933,0.99999994,0.002759307
13420,0.3232009911719766,0.99999994,0.0011489573
13421,0.8140754439244685,1.0,0.00016284434
13422,0.3911881016351834,1.0000001,0.0
13423,0.4277691733136307,1.0,0.0005428145
13424,0.2245969800603837,0.99999994,0.00018998508
13425,0.2906448483285352,1.0000001,0.0005247207
13426,0.3285861477277733,1.0,0.0017731941
13427,0.4789622449905611,0.99999994,8.142217e-05
13428,0.524490453204428,1.0,0.0017822409
13429,0.466440583240925,0.99999994,0.00048853306
13430,0.3999984819097794,1.0,0.00012665671
13431,0.3666555023162242,0.99999994,0.0005699552
13432,0.3854641376349576,1.0000001,0.00020807888
13433,0.4311970633280332,1.0,0.0010403944
13434,0.2454302843159402,0.99999994,0.00057900214
13435,0.5337719356322354,1.0,9.951599e-05
13436,0.5716445231205867,1.0,0.00013570362
13437,0.4032459789552026,0.99999994,0.00084136246
13438,0.4675343174092908,0.9999999,0.00038901705
13439,0.5627300206040429,1.0,2.7140724e-05
13440,0.3263320760571675,0.99999994,4.523454e-05
13441,0.3291171467938312,1.0,0.0005156738
13442,0.3996724673393522,1.0,0.0060704756
13443,0.3158306174310847,1.0,0.0021169765
13444,0.5327314039069386,1.0,0.0024155246
13445,0.4309818256838355,1.0,0.00095897226
13446,0.3570954540918944,1.0,7.237527e-05
13447,0.2973354961417141,1.0,1.8093817e-05
13448,0.4818200347822777,1.0,0.0003166418
13449,0.440657689440051,1.0,0.0021079297
13450,0.3564390377910018,1.0,0.0030397612
13451,0.372012826475724,0.99999994,0.00017189125
13452,0.6186654153102957,1.0,0.0011580043
13453,0.2226284072656616,1.0,9.951599e-05
13454,0.4548302972683411,1.0,0.000787081
13455,0.3820186278536083,1.0,0.00017189125
13456,0.36148841064743,1.0,0.0017731941
13457,0.4792057700403332,0.99999994,0.00047043923
13458,0.6639678091284602,1.0,0.0002261727
13459,0.2855092049491685,1.0000001,0.0028045415
13460,0.5798642569184157,1.0,0.0012032388
13461,0.4095386123682478,1.0,0.000986113
13462,0.4144681907099765,1.0,0.0005156738
13463,0.4797293035051501,1.0,0.0034016375
13464,0.3590914151016469,1.0,0.0019541322
13465,0.5073288542933476,1.0,0.00036187633
13466,0.6100878671970333,0.99999994,0.0
13467,0.5386306691953962,0.99999994,0.0010675351
13468,0.290662528501348,0.99999994,0.0010042068
13469,0.4085831201066615,1.0,0.00085945625
13470,0.3556240469910037,1.0000001,0.0027864478
13471,0.4244997599729242,1.0,0.0012394264
13472,0.3184378760384952,1.0,0.00047043923
13473,0.2166647662664158,1.0,0.00040711087
13474,0.4120539616267566,1.0000001,0.0029402452
13475,0.425437961179524,1.0,0.0016013028
13476,0.3288930232275807,1.0,0.0015922559
13477,0.2904285604478572,1.0,0.0012394264
13478,0.6028715599004307,0.99999994,0.0050662686
13479,0.4519601138766079,1.0,0.0005699552
13480,0.3821427999657643,1.0,9.046908e-06
13481,0.6269164501936545,1.0000001,0.0023341023
13482,0.4255961407339572,0.99999994,0.00019903199
13483,0.2243703853790395,1.0000001,0.0008956439
13484,0.2913885645252066,1.0000001,0.001185145
13485,0.4292799201382018,1.0,0.02378432
13486,0.6263341338545636,1.0,0.00029854797
13487,0.5154850283451471,1.0,0.00040711087
13488,0.3289061819944778,1.0,9.046908e-06
13489,0.4287398788643914,1.0,0.00027140725
13490,0.4587823041023108,1.0,0.0007780341
13491,0.6020055697913738,1.0,0.0011670511
13492,0.6134340978187709,1.0000001,0.002551228
13493,0.4458330082920053,0.99999994,0.00028950107
13494,0.4148562319410718,1.0,0.00037092323
13495,0.3087114987584565,0.99999994,0.00032568868
13496,0.3150420195467118,1.0,0.0012032388
13497,0.295947990597517,1.0,0.000687565
13498,0.3791689584993239,0.99999994,0.008585516
13499,0.6015571021194076,1.0,0.0023974306
13500,0.4285132722731583,1.0,0.0025421812
13501,0.6728401115453648,1.0000001,0.010223006
13502,0.3868135625135005,1.0,0.0021531642
13503,0.4776025807312024,1.0,0.0
13504,0.3377536967189443,1.0,0.00026236035
13505,0.3549929243539693,1.0,0.0001085629
13506,0.3362223828548007,0.99999994,0.0015560682
13507,0.5663873255936483,1.0,0.00053376757
13508,0.458336536229229,1.0,0.0019088977
13509,0.5054266126281078,1.0,0.0012303796
13510,0.2733651831488077,1.0,0.0007508934
13511,0.8869138492082951,1.0,0.024951372
13512,0.5031691994322793,0.99999994,0.00012665671
13513,0.3247658266922725,1.0,0.0027231195
13514,0.3344782856966146,0.99999994,0.0012575203
13515,0.3377650436638772,1.0,0.00017189125
13516,0.5172623695888747,1.0,0.00018093816
13517,0.4345118291380899,1.0,1.8093817e-05
13518,0.4593775784866648,1.0,2.7140724e-05
13519,0.2510025288519385,1.0000001,0.00095897226
13520,0.5697007828024007,1.0,0.0004342516
13521,0.3628886167283288,1.0,0.0011941919
13522,0.4454173583959555,1.0,0.0005156738
13523,0.2870573587159261,1.0,0.001185145
13524,0.3646598637834262,0.99999994,0.002650744
13525,0.4214014989944255,1.0,0.0019269915
13526,0.5691377814004888,0.99999994,0.0011399104
13527,0.647973409338368,1.0,0.00082326867
13528,0.6383850199187554,1.0000001,2.7140724e-05
13529,0.2823711525349644,1.0,0.0016827249
13530,0.4547711994208488,1.0,6.3328356e-05
13531,0.1925784711860076,1.0,0.00069661194
13532,0.3122096538754221,0.99999994,0.0019088977
13533,0.4035660720939941,1.0,0.006305695
13534,0.5505983258112065,1.0,0.0018546162
13535,0.3122552925606443,1.0,0.00029854797
13536,0.8464360992141727,1.0000001,0.0015560682
13537,0.4066546170527718,1.0,0.00012665671
13538,0.5364893402170511,0.99999994,3.6187634e-05
13539,0.4546151638539549,1.0,0.0033835436
13540,0.2203765579468106,1.0,0.00016284434
13541,0.2952997626336628,1.0,8.142217e-05
13542,0.452451720773608,1.0,0.007997467
13543,0.2104967215028717,1.0,0.00025331342
13544,0.414310624716276,1.0,0.0011308636
13545,0.2617465061814346,1.0,0.0021893517
13546,0.3239126194391868,1.0000001,0.0019903197
13547,0.4148562319410718,1.0,0.0007327996
13548,0.395491978734744,1.0,0.0
13549,0.3177943322571997,0.9999999,6.3328356e-05
13550,0.3925120930418743,1.0,0.0020536482
13551,0.3645952304958589,1.0,0.0046048765
13552,0.3233353823114842,1.0000001,0.0
13553,0.528162542569341,1.0000001,0.00047948613
13554,0.6014698790327517,1.0,0.0005518614
13555,0.3043405279310419,1.0,0.0006332836
13556,0.3035685879428594,0.99999994,0.0063599763
13557,0.3188263246366878,1.0,0.0011941919
13558,0.3726507168065602,0.99999994,0.000588049
13559,0.370868559022367,1.0,0.00023521962
13560,0.3246447792608529,1.0,0.00018998508
13561,0.2359838864401614,1.0,0.00015379745
13562,0.5457821910395176,1.0,0.0025964626
13563,0.4206837749834257,1.0,0.0076265438
13564,0.2816099799618511,1.0,0.0017008188
13565,0.3886395403439054,1.0,0.0002171258
13566,0.5938914365371104,1.0,0.00037092323
13567,0.8600909371494687,1.0,9.046908e-06
13568,0.3424317988312902,1.0,0.00012665671
13569,0.4914462406830371,1.0000001,6.3328356e-05
13570,0.5284373876463627,1.0,0.003437825
13571,0.3688615445258675,0.99999994,0.0003347356
13572,0.8095324013983811,1.0000001,0.005600036
13573,0.7479772294561959,1.0,0.002062695
13574,0.2951138251856826,1.0,0.000687565
13575,0.3136242740626503,1.0,0.0005156738
13576,0.4161383115419504,1.0,0.00060614286
13577,0.3581937489329279,1.0,0.0016013028
13578,0.3402881759828967,0.99999994,0.00027140725
13579,0.3767369652153512,1.0,0.0006694712
13580,0.2888623648160067,1.0,0.001673678
13581,0.4472615946736167,0.99999994,0.00072375266
13582,0.3680077966849003,1.0,0.002162211
13583,0.3501088202802896,1.0,0.00037997015
13584,0.2907447005843727,1.0,0.00057900214
13585,0.3635556033978063,1.0,0.00011760981
13586,0.5107525569043234,1.0,0.00023521962
13587,0.3743212974543186,1.0,0.0015922559
13588,0.4226632753924904,1.0,0.00018998508
13589,0.2467033843207162,0.99999994,8.142217e-05
13590,0.2260516018078952,0.99999994,0.0005428145
13591,0.4187148963676589,1.0,1.8093817e-05
13592,0.2729785531532522,1.0,0.00036187633
13593,0.2656948029387721,1.0,0.0003075949
13594,0.3918646647158121,1.0000001,0.0025059935
13595,0.4849938018092107,1.0,0.000588049
13596,0.1823250333178115,1.0,0.00060614286
13597,0.3414351173862897,1.0,0.00011760981
13598,0.3940348743031443,1.0,0.00016284434
13599,0.7779256052431371,1.0,0.00027140725
13600,0.6838554340973245,1.0,0.00019903199
13601,0.344955783632269,1.0,0.0017460533
13602,0.4513643545123301,1.0000001,0.0019360384
13603,0.322468480576064,1.0,0.0041163433
13604,0.4384024365187269,0.9999999,7.237527e-05
13605,0.6099966156629965,1.0,0.018862804
13606,0.460632247507804,1.0,0.00032568868
13607,0.3469507497243645,1.0,0.00079612795
13608,0.281433433804254,0.99999994,0.0020807888
13609,0.4338328324143416,1.0,0.002858823
13610,0.2879125452551268,1.0,0.00070565887
13611,0.285268119351693,1.0,0.0010675351
13612,0.2856399286725538,1.0,0.0026959786
13613,0.4285758094684828,0.99999994,0.00027140725
13614,0.4963560289387915,1.0,0.006007147
13615,0.4551351467515838,0.99999994,9.046908e-06
13616,0.389360550901215,0.99999994,0.00024426653
13617,0.4480903780718048,0.99999994,0.0031664178
13618,0.3934482835384051,1.0000001,0.00047043923
13619,0.349298817887099,1.0,0.00071470573
13620,0.3832402632185858,1.0,0.00088659703
13621,0.3896913653518635,0.99999994,0.00037997015
13622,0.3491496602154608,1.0,0.0004613923
13623,0.4662809014568801,1.0,0.0022617271
13624,0.5233298510155259,1.0,0.0006423305
13625,0.4592461469760706,1.0,5.428145e-05
13626,0.5646444042145553,0.99999994,0.0008051748
13627,0.481929002833141,1.0,0.0017279595
13628,0.7120437549001434,1.0,0.0020355543
13629,0.5997130710241027,1.0,0.0003075949
13630,0.5387966452052844,1.0,0.00015379745
13631,0.4048438691930008,1.0,0.002849776
13632,0.3032076077515482,1.0,0.0012122857
13633,0.5397440580495506,1.0,9.951599e-05
13634,0.4459766906539701,1.0,0.00037997015
13635,0.4318837757518349,0.99999994,0.0018365224
13636,0.4839817229744953,0.99999994,1.8093817e-05
13637,0.4083867959890673,1.0,0.0003075949
13638,0.2689055920251634,0.99999994,0.0022888677
13639,0.6069890060736461,1.0000001,4.523454e-05
13640,0.2798318301059734,1.0,0.0002261727
13641,0.7118566804431877,0.99999994,0.0028678698
13642,0.2730248895100564,1.0,0.0
13643,0.2574881486544694,1.0,0.0017189125
13644,0.7362121321524558,1.0,0.0014836929
13645,0.6406564149831224,1.0000001,0.00065137737
13646,0.3094186176051208,1.0,0.0011308636
13647,0.4690860157051291,1.0,0.0003075949
13648,0.6950662318929604,1.0,0.0002261727
13649,0.4187079506324488,1.0,0.00029854797
13650,0.5044808288626624,0.99999994,0.0035463881
13651,0.2818093589702252,1.0,0.002668838
13652,0.3654569105646977,1.0000001,0.00062423665
13653,0.5187748272881725,0.99999994,0.00035282943
13654,0.3888611975856392,0.99999994,0.00037997015
13655,0.3066977103975709,1.0000001,0.0019541322
13656,0.489265623700419,1.0,5.428145e-05
13657,0.6788693602266798,1.0,0.0038268422
13658,0.3896591306860292,1.0,0.00039806397
13659,0.483760591022851,1.0,0.001963179
13660,0.440971674752394,1.0000001,0.0014113177
13661,0.4632913879553781,0.99999994,0.003057855
13662,0.2311527156500414,1.0,0.00082326867
13663,0.3225026576122276,1.0,0.0013389424
13664,0.529743750379157,0.99999994,0.0018998507
13665,0.8317926895874079,0.9999999,0.004731533
13666,0.3805673222898258,0.9999999,0.00037092323
13667,0.3377570483271563,0.99999994,0.0004252047
13668,0.4985250319425465,1.0,0.0023250554
13669,0.5213501881906618,1.0,0.0005247207
13670,0.4296092705288315,1.0000001,0.0003437825
13671,0.3485979713499114,0.99999994,0.00039806397
13672,0.4417493657722195,1.0,0.009589722
13673,0.3113152795277088,1.0,3.6187634e-05
13674,0.3931887459602344,1.0,0.00028045414
13675,0.4867716432240243,1.0,0.0002261727
13676,0.3888527130104789,1.0,0.0014475053
13677,0.4474840329320453,1.0,0.00019903199
13678,0.3101103015720708,0.99999994,0.0030397612
13679,0.5891993147881157,1.0,3.6187634e-05
13680,0.336344505703208,1.0,3.6187634e-05
13681,0.4544576721553711,1.0,0.00053376757
13682,0.4658706185501485,1.0,6.3328356e-05
13683,0.4025165088085343,0.99999994,0.0012484733
13684,0.4941431241798421,1.0000001,0.0043787034
13685,0.3162892240979219,1.0,0.0026416972
13686,0.5815705535815849,1.0000001,0.00275026
13687,0.3284709085969413,1.0,0.00324784
13688,0.7146881854676385,1.0,0.00023521962
13689,0.4355521515152137,1.0,0.00048853306
13690,0.281300795794602,1.0,0.0010584883
13691,0.4886373799362199,1.0,0.0002261727
13692,0.5296043152428929,1.0000001,0.0041615777
13693,0.221719349009924,1.0,0.0005428145
13694,0.2979512075918569,0.99999994,9.951599e-05
13695,0.3560125511519103,1.0,0.00065137737
13696,0.5238285564084851,1.0,0.00093183154
13697,0.360640687439774,1.0,0.0003347356
13698,0.3492972592201265,1.0,0.0
13699,0.4514868135994785,1.0,0.00047948613
13700,0.4118330029239206,1.0,0.0011399104
13701,0.3729613155125989,1.0,0.0019450852
13702,0.2505185767706568,1.0,0.00040711087
13703,0.3402335580683304,0.99999994,0.0009680192
13704,0.3947451584134373,1.0,0.0005699552
13705,0.4461589121574123,1.0,0.00028950107
13706,0.5398747914517843,1.0000001,0.00085945625
13707,0.4085831201066615,1.0,0.0007780341
13708,0.469527571533252,0.9999999,0.0073551363
13709,0.3276132049412994,1.0,0.00020807888
13710,0.3011625075762139,1.0000001,0.0018908038
13711,0.2930204421526477,1.0,0.001176098
13712,0.4260633939630651,1.0,0.006712806
13713,0.3678774898416538,1.0,0.0019993668
13714,0.4888590975944156,0.99999994,0.0020807888
13715,0.3535136628190917,1.0,0.00014475053
13716,0.4453461097551323,1.0,0.00020807888
13717,0.3678774898416538,1.0,0.00037092323
13718,0.3124284346628254,1.0,0.0018908038
13719,0.3020794620342167,1.0,0.0005609083
13720,0.321356941607147,1.0,0.00069661194
13721,0.3181031973648304,1.0,0.0020988828
13722,0.5455637942201206,1.0,0.00018093816
13723,0.4033070790453956,1.0,0.002876917
13724,0.3122848417296563,1.0,0.00083231553
13725,0.3318945106747344,0.99999994,0.00041615777
13726,0.3443218472294672,1.0,0.0014655992
13727,0.2810273180522152,1.0000001,0.0012122857
13728,0.4400422506812343,1.0,0.0005609083
13729,0.3174143108448389,1.0,0.0013932239
13730,0.4949751151208491,1.0,0.00016284434
13731,0.5983499397258337,0.99999994,0.001384177
13732,0.5730871717530114,1.0,9.046908e-06
13733,0.3998003256144889,0.99999994,0.00028045414
13734,0.4042455645892671,1.0,0.0015108336
13735,0.4440635782623276,1.0,8.142217e-05
13736,0.2864429555686761,1.0,0.0013027547
13737,0.3630143886291457,0.99999994,0.00047948613
13738,0.4585859030651269,1.0000001,0.0005428145
13739,0.2926543835786714,1.0,0.0002171258
13740,0.436577436586944,0.99999994,0.0004523454
13741,0.3392557066243839,1.0,0.0021893517
13742,0.3814868487533107,1.0,0.001185145
13743,0.4827800749877567,1.0,0.0015560682
13744,0.3083463616819865,0.99999994,0.0011941919
13745,0.5929437270698816,1.0,0.00047948613
13746,0.3162798510954057,0.9999999,0.0
13747,0.4747029265400014,1.0,0.0022345863
13748,0.4693461702663635,1.0,0.0001085629
13749,0.2761683836589061,1.0,0.0016013028
13750,0.4164060220215068,1.0,0.0012575203
13751,0.3934668190995413,0.99999994,0.0
13752,0.2666342404377124,1.0,0.00187271
13753,0.4088904208194268,1.0,0.0004252047
13754,0.4673576418687712,1.0,0.00085945625
13755,0.532415842626281,1.0,0.00047043923
13756,0.3151486892208224,1.0,0.0015651152
13757,0.3826268841191149,0.99999994,0.0032116524
13758,0.3211493722738006,1.0,0.002768354
13759,0.4478749622300405,1.0,0.00020807888
13760,0.3487737348627067,1.0000001,0.0014836929
13761,0.4366996638432229,1.0,0.003645904
13762,0.7125124349980861,0.9999999,0.0026055095
13763,0.2978541305966458,0.99999994,0.0
13764,0.3629174508460737,1.0,0.0048220023
13765,0.5946853922172612,1.0,0.007852716
13766,0.6996279286228294,1.0,0.0010494414
13767,0.607196478785226,1.0,1.8093817e-05
13768,0.3276420369941055,0.99999994,0.0012665672
13769,0.375677059241169,0.99999994,0.0011941919
13770,0.4718273017567848,1.0,0.00018998508
13771,0.2724821756330402,1.0,0.0012122857
13772,0.6270598414875889,1.0,0.0004523454
13773,0.424792990336895,1.0,0.0012937079
13774,0.3196912667666055,1.0,0.004993893
13775,0.4001606506032556,1.0,0.00015379745
13776,0.4048498944576965,0.99999994,2.7140724e-05
13777,0.3073509914791988,1.0,0.0004523454
13778,0.4838624825825672,0.99999994,0.0005428145
13779,0.28708952595399,1.0,0.0035463881
13780,0.3445310194704113,0.99999994,0.0062876013
13781,0.376002683098824,1.0,8.142217e-05
13782,0.2910068260842725,1.0000001,0.0004523454
13783,0.4445713430263668,1.0,0.0005156738
13784,0.6897364166851737,1.0,0.00065137737
13785,0.3192318926366691,1.0,0.00035282943
13786,0.5534675991853065,0.99999994,9.046908e-06
13787,0.3057819705139519,1.0,0.00070565887
13788,0.8095324013983811,1.0,0.0026236034
13789,0.3320668954252123,0.99999994,0.006305695
13790,0.2983277200517148,1.0000001,0.0013570362
13791,0.4126400206546415,0.99999994,0.00028045414
13792,0.4579646860277108,0.9999999,0.0
13793,0.4062642280835941,0.99999994,0.0010403944
13794,0.2815588004179931,0.99999994,0.0012937079
13795,0.328680914993495,0.99999994,0.00017189125
13796,0.304905050787105,1.0,0.0019360384
13797,0.4134441104346736,1.0,0.00028045414
13798,0.4850936900166976,1.0,0.00324784
13799,0.4113674161479416,0.99999994,2.7140724e-05
13800,0.4910285882503064,0.99999994,0.0056362236
13801,0.2841953971564919,0.99999994,0.0008775501
13802,0.5869873255346658,1.0,0.00020807888
13803,0.310766349029396,1.0,0.00015379745
13804,0.3525421878982958,0.99999994,0.00039806397
13805,0.2398816088531424,1.0,0.00019903199
13806,0.3121719052076884,0.99999994,0.0016193966
13807,0.3744044057625532,1.0000001,0.0046139234
13808,0.7338351355006618,1.0,0.0003347356
13809,0.281962362948791,1.0,0.0011127697
13810,0.4966586490852291,0.9999999,0.0009046908
13811,0.4183879832092304,1.0,0.00048853306
13812,0.3528404460798283,1.0000001,0.00027140725
13813,0.2892662707650594,1.0000001,0.00050662685
13814,0.5077138045847607,1.0,0.0004252047
13815,0.3354151096717955,1.0,0.002958339
13816,0.3488800186632993,1.0,0.00084136246
13817,0.5790731787624478,1.0,0.0010765821
13818,0.6003490428274035,1.0,0.00050662685
13819,0.6588156652436962,0.99999994,0.0008775501
13820,0.2941527572134592,1.0,0.0018908038
13821,0.4727604910267928,1.0,8.142217e-05
13822,0.4105649710904229,1.0,0.0022164925
13823,0.3828792125378349,0.99999994,0.00023521962
13824,0.346388317168112,1.0,0.0019903197
13825,0.5024904332030355,1.0,0.00059709593
13826,0.7389862151267657,1.0,0.007291808
13827,0.6363205471948166,1.0,0.0010494414
13828,0.3875486873960705,0.99999994,0.0009227846
13829,0.3482289173670153,1.0000001,0.00032568868
13830,0.3440425954735413,0.99999994,0.00032568868
13831,0.3182758096619676,0.99999994,8.142217e-05
13832,0.3114074643546018,1.0,0.00024426653
13833,0.7911513651242384,1.0000001,0.0037635139
13834,0.3840308100382913,0.99999994,0.0022255394
13835,0.3040903055912765,1.0,0.0021079297
13836,0.4678585936618328,1.0,0.0
13837,0.4067670880219005,1.0,0.00011760981
13838,0.3163916471118606,1.0,0.0011489573
13839,0.3866206222658687,1.0,0.00094087847
13840,0.4628993658942694,1.0000001,0.0014294115
13841,0.5223869976229164,0.99999994,0.00069661194
13842,0.5520127633647554,1.0,0.00019903199
13843,0.4838974884516253,0.9999999,0.00028045414
13844,0.4249555843864719,0.99999994,0.0002261727
13845,0.3205209446702009,1.0,0.00017189125
13846,0.4051258197800088,1.0,0.00012665671
13847,0.6615182028238977,1.0,0.00032568868
13848,0.4947215468173127,0.99999994,9.046908e-06
13849,0.4926962105148473,1.0,0.00076898717
13850,0.5034363455390776,1.0,0.00028045414
13851,0.3633296174160282,1.0,0.0005428145
13852,0.3472807702923324,1.0000001,0.0019903197
13853,0.2752891075564767,1.0,0.00047948613
13854,0.6391508844295323,0.99999994,0.0006785181
13855,0.4860301143184948,1.0,0.00028045414
13856,0.4470108846303111,1.0,0.0002261727
13857,0.3393341379027962,1.0,0.0011399104
13858,0.4339631866724497,1.0,0.0005247207
13859,0.4564384944865819,1.0,0.0006785181
13860,0.4511089867193089,1.0000001,0.00028045414
13861,0.2822624408654594,1.0,0.0014655992
13862,0.2720227359544624,1.0,0.0004613923
13863,0.2315452712222548,1.0,0.0006151898
13864,0.5799067536507666,1.0,0.007300855
13865,0.562380074497808,1.0,0.00037092323
13866,0.5810564290487891,0.9999999,4.523454e-05
13867,0.3835723002768315,1.0,0.0053738635
13868,0.3157883590172149,1.0,5.428145e-05
13869,0.3275102167417027,1.0,0.00016284434
13870,0.429438783128858,0.99999994,0.00059709593
13871,0.2219942901712549,1.0000001,0.00065137737
13872,0.4128160223101624,1.0,9.046908e-05
13873,0.3419279923485782,1.0,0.00069661194
13874,0.2450707429956331,1.0000001,0.00028045414
13875,0.4674997107480811,1.0,0.0042068125
13876,0.2886988337499989,1.0,0.0030307143
13877,0.4897635179213009,0.99999994,0.0008504094
13878,0.4199754318782173,1.0,0.004749627
13879,0.3378335764043593,1.0,0.0023612431
13880,0.4263033325211579,1.0000001,6.3328356e-05
13881,0.2270514924918977,1.0,0.00053376757
13882,0.5017917370152442,1.0,0.00026236035
13883,0.7244188046900935,1.0,0.00011760981
13884,0.3758645016056283,1.0,0.0
13885,0.6345717376060991,1.0000001,0.00091373775
13886,0.3014414754776651,1.0,0.0017279595
13887,0.3401845521258688,1.0,0.0009680192
13888,0.5171444641375654,1.0000001,0.020554576
13889,0.3364791576036783,1.0,0.00012665671
13890,0.5009429447620264,1.0,0.00027140725
13891,0.5203273709172479,1.0000001,0.0006332836
13892,0.4384024365187269,1.0,9.046908e-06
13893,0.2978659806445697,0.99999994,0.00014475053
13894,0.4912454978698453,1.0,0.00072375266
13895,0.2698663841382055,1.0,0.0003437825
13896,0.3603440512803956,1.0,0.0005156738
13897,0.3398879870165648,1.0000001,0.00013570362
13898,0.3614103484163934,0.9999999,6.3328356e-05
13899,0.6843265027266494,1.0,0.0071561043
13900,0.8583846166027302,1.0,0.0002261727
13901,0.4417283287862487,1.0,0.001275614
13902,0.3088207180644664,0.99999994,9.046908e-06
13903,0.3880756455183326,1.0,0.0029673858
13904,0.6827370509045904,1.0,0.00036187633
13905,0.5051633839197305,0.99999994,0.00025331342
13906,0.4849603808488042,1.0,0.00023521962
13907,0.3407271163859815,1.0000001,0.0016465373
13908,0.6657920308607348,1.0,0.00062423665
13909,0.5308361069546725,1.0,0.00091373775
13910,0.7077548153081131,1.0,0.00017189125
13911,0.4315513828550533,1.0,0.0009227846
13912,0.3282116288175982,1.0,0.0005428145
13913,0.524484280550908,0.99999994,0.0006332836
13914,0.510150699234685,1.0000001,0.0014927399
13915,0.2725646031861112,1.0,0.00023521962
13916,0.4325385144978746,1.0,0.0036097164
13917,0.3859776978058794,1.0000001,2.7140724e-05
13918,0.3481665524353762,0.9999999,0.00024426653
13919,0.235242006795049,1.0000001,0.0015470213
13920,0.644940142170828,1.0,0.0001085629
13921,0.3784205069832331,0.99999994,0.0
13922,0.2480718732120024,1.0,0.002976433
13923,0.6308464523117376,1.0,0.00023521962
13924,0.3211350931612086,0.99999994,0.0018365224
13925,0.2904744356693746,0.99999994,0.008305062
13926,0.3533687395565089,1.0,0.0011127697
13927,0.4125543616644078,0.9999999,0.0007780341
13928,0.4116397249980244,1.0,9.951599e-05
13929,0.4553682120359341,1.0,0.0003347356
13930,0.3670711866825092,1.0,0.0003075949
13931,0.4870545063509227,1.0,0.0010132537
13932,0.2826021463638514,1.0000001,0.00072375266
13933,0.1408078567771905,1.0,0.00014475053
13934,0.4769426181578456,1.0,0.00053376757
13935,0.5414093106599297,0.99999994,0.0011127697
13936,0.3602597079994455,1.0,0.00037092323
13937,0.3534626098769338,0.99999994,2.7140724e-05
13938,0.2431456992231061,1.0000001,0.0010313476
13939,0.2999514063696502,1.0,2.7140724e-05
13940,0.3625021924162367,0.99999994,0.0017641471
13941,0.2993009431139943,1.0,0.00076898717
13942,0.3227378855640643,1.0,0.00013570362
13943,0.3200133160643753,1.0,0.0010946759
13944,0.6742139492153838,1.0,0.0069389786
13945,0.4303677988893846,1.0,0.0004342516
13946,0.7497863485735158,1.0,0.0003075949
13947,0.2884376946643238,1.0,0.0004252047
13948,0.7197346154155942,0.99999994,0.004333469
13949,0.3070910264216306,0.99999994,0.0025059935
13950,0.5557162548009933,0.99999994,0.0005156738
13951,0.2998242201628843,1.0,0.00039806397
13952,0.3281547657239492,1.0,0.00028950107
13953,0.4360897901149943,1.0000001,0.002270774
13954,0.3645164074022188,1.0,0.00023521962
13955,0.910099240506458,1.0,0.03622382
13956,0.3214550573486444,1.0,0.0029040575
13957,0.2795010083505463,1.0,7.237527e-05
13958,0.5598829647164234,1.0,0.00025331342
13959,0.3315539309625765,1.0,7.237527e-05
13960,0.7566919516269797,1.0,5.428145e-05
13961,0.15932047014279,0.99999994,0.00014475053
13962,0.5285941713746463,1.0,0.0
13963,0.2822832973797731,0.99999994,7.237527e-05
13964,0.3310549367466821,1.0,0.00039806397
13965,0.2985391347219205,0.99999994,0.001384177
13966,0.485837965194608,1.0,3.6187634e-05
13967,0.3739923931597184,0.9999999,0.00053376757
13968,0.3772113631918306,0.99999994,8.142217e-05
13969,0.2695248736023321,0.99999994,0.000588049
13970,0.349853870048523,0.9999999,0.00035282943
13971,0.2980459637867265,1.0,0.00023521962
13972,0.390451446011962,1.0,0.0024426652
13973,0.331895822978906,1.0,0.00036187633
13974,0.3918908916399162,1.0,0.00050662685
13975,0.4712723065152001,1.0000001,0.0002171258
13976,0.7051503781149094,0.99999994,0.0036730447
13977,0.6868357420175337,0.99999994,0.00041615777
13978,0.3138073054595179,0.99999994,0.0013208486
13979,0.4428499000591838,1.0,0.0019179445
13980,0.5572892148703977,1.0000001,4.523454e-05
13981,0.402842160461258,1.0,0.00020807888
13982,0.3269700333214239,1.0,0.0004252047
13983,0.6261959611781439,1.0,0.0008956439
13984,0.5747647071977529,0.99999994,0.0017731941
13985,0.4491508113759601,1.0,0.0010313476
13986,0.6537839619607874,0.99999994,0.00028950107
13987,0.2875170828594304,0.99999994,6.3328356e-05
13988,0.4968219834278431,1.0,0.0014384585
13989,0.4361841059327622,1.0,0.013932238
13990,0.3609245729780725,1.0,0.00028045414
13991,0.3254233056806416,1.0,0.0009227846
13992,0.3727085794106837,0.99999994,9.046908e-05
13993,0.6532090282518002,1.0,0.0009680192
13994,0.2394412995638628,1.0,0.00018998508
13995,0.3339904740073209,1.0,7.237527e-05
13996,0.309418565511887,1.0,0.0014565522
13997,0.3160335122859241,1.0,0.0040892027
13998,0.4762107700390404,1.0,0.00085945625
13999,0.2557367787628742,1.0,0.0011308636
14000,0.2747290233162838,1.0000001,0.0030397612
14001,0.5909898254065398,0.99999994,0.00014475053
14002,0.3385477701181608,1.0,0.0003347356
14003,0.4299426175772926,1.0,0.00037092323
14004,0.4643410337044265,1.0,0.00026236035
14005,0.3048054898178434,1.0,0.0034197313
14006,0.5157858937573486,1.0,0.0033021215
14007,0.4802777256083245,1.0000001,0.0005609083
14008,0.326783241657034,1.0,0.00094087847
14009,0.333392783603839,1.0,0.00082326867
14010,0.2559070083765264,0.99999994,0.0014294115
14011,0.4604181849435502,1.0,0.002162211
14012,0.7217941393273517,1.0,0.0009951598
14013,0.4249079418396678,1.0,0.009273081
14014,0.3847356895996891,1.0,0.0011941919
14015,0.4740047650498847,1.0,0.0
14016,0.4093632862171765,1.0,0.0015470213
14017,0.4588715667632189,1.0,0.00011760981
14018,0.3938956403302499,1.0000001,0.0008775501
14019,0.2627244206360818,1.0,0.00029854797
14020,0.2944717116600848,1.0,0.00032568868
14021,0.214300011345179,1.0,0.0001085629
14022,0.4765515239131003,1.0,0.0018636631
14023,0.3190095945683655,1.0,0.0030849958
14024,0.6485136333797022,1.0,0.002650744
14025,0.3847356895996891,1.0000001,0.0022436331
14026,0.438710431589446,1.0,7.237527e-05
14027,0.4150366273711581,0.99999994,0.00024426653
14028,0.3243600669410328,1.0,0.0015017868
14029,0.5952119450384661,1.0,0.00059709593
14030,0.6166151008611553,1.0,0.00028045414
14031,0.4082831546651112,1.0,0.00070565887
14032,0.3379696156302441,0.99999994,0.0011308636
14033,0.5124360214241016,0.99999994,0.0009227846
14034,0.5851022790272712,1.0,0.00028950107
14035,0.3375665569557854,1.0,0.0037001856
14036,0.3296132482918381,0.99999994,9.046908e-06
14037,0.3915638364846482,1.0,0.002270774
14038,0.4291614482714296,0.99999994,0.0002261727
14039,0.4974298819903546,1.0,0.0045867823
14040,0.5091697370888758,0.99999994,0.012339983
14041,0.5753768613387034,1.0,0.0003075949
14042,0.3097408717164079,1.0,4.523454e-05
14043,0.3149744554520592,1.0,0.0014836929
14044,0.417685276248439,0.99999994,0.00029854797
14045,0.3330546950168396,1.0,0.0032387932
14046,0.5115543506796676,0.99999994,0.00093183154
14047,0.3800172303272828,1.0,0.003356403
14048,0.2636689816091016,1.0,0.0017912878
14049,0.5762753408489429,1.0,1.8093817e-05
14050,0.3056563442571904,0.99999994,0.0031030895
14051,0.5205207022282997,1.0,9.046908e-06
14052,0.6630850237186979,1.0,0.0008051748
14053,0.4866442763742759,0.99999994,0.0001085629
14054,0.3812547891664083,0.9999999,0.00038901705
14055,0.5348327382959692,1.0,0.0
14056,0.5502834002732724,1.0,0.0028950106
14057,0.2186743698691623,1.0,0.0003437825
14058,0.4410594760807901,0.99999994,0.002071742
14059,0.2420993717574775,1.0000001,0.00017189125
14060,0.4733778688612193,1.0,4.523454e-05
14061,0.7479772294561959,1.0,0.0024607591
14062,0.4960207590466289,1.0,0.0012665672
14063,0.38335463911259,1.0,0.0025783689
14064,0.1945576195784757,1.0000001,0.0010946759
14065,0.2635397374878849,1.0,0.0013027547
14066,0.5312928569288473,1.0000001,0.00072375266
14067,0.3999126869625721,1.0,0.0011670511
14068,0.3849394039121056,1.0,0.0024878997
14069,0.6207280223479203,1.0000001,3.6187634e-05
14070,0.3061881528363985,1.0,0.00070565887
14071,0.3283281959593292,0.9999999,0.00035282943
14072,0.4741150425556407,1.0,0.0019269915
14073,0.5976928255829792,1.0,0.0024155246
14074,0.3153541432351169,1.0000001,0.0012937079
14075,0.5985690544343932,1.0,0.00020807888
14076,0.5630710885012664,0.99999994,0.00028045414
14077,0.3236280735548577,1.0,0.0037001856
14078,0.2751003630267509,1.0,9.951599e-05
14079,0.4325153428804228,0.99999994,0.0005699552
14080,0.3459852998753489,1.0,0.001474646
14081,0.3426177470038029,0.99999994,0.0013479893
14082,0.3156052295597195,1.0,0.0012303796
14083,0.5643269772980188,0.99999994,0.00037997015
14084,0.3235643492084648,0.99999994,0.00070565887
14085,0.5263565713152547,0.99999994,0.0008956439
14086,0.4001791635654599,0.99999994,0.005039128
14087,0.7464041664314133,0.99999994,9.951599e-05
14088,0.4403310008207931,1.0,0.00032568868
14089,0.3405654360007284,1.0,0.0015922559
14090,0.3403085037880285,1.0,0.00072375266
14091,0.2884965900105309,0.99999994,0.00053376757
14092,0.553719206038215,1.0,0.0001085629
14093,0.323232760350363,0.99999994,0.0016374903
14094,0.3424317988312902,0.99999994,0.00044329852
14095,0.3742625159845825,1.0,0.0025783689
14096,0.2438410340390367,1.0,0.0006694712
14097,0.4254210524486282,1.0,0.00081422174
14098,0.2849672474802043,1.0,0.0016646311
14099,0.3023841917933434,1.0,0.0024426652
14100,0.2512701812218905,1.0,0.00028045414
14101,0.3601715049261431,0.99999994,0.0055909893
14102,0.6857359290497195,0.99999994,4.523454e-05
14103,0.4237694190558658,0.99999994,0.00017189125
14104,0.3400908843284481,1.0,0.0
14105,0.4321103221330692,1.0,0.00014475053
14106,0.4870402310684204,1.0,0.00018093816
14107,0.4003990072837632,0.99999994,0.0011127697
14108,0.4199464981237559,0.99999994,0.0014022707
14109,0.3259011859071669,1.0,0.0004252047
14110,0.5281459200933298,1.0,0.003057855
14111,0.2953015880435687,1.0,0.00018093816
14112,0.3589318535346735,1.0000001,0.0026959786
14113,0.4757693780752184,1.0,0.0008504094
14114,0.4069545196633413,1.0,0.0010313476
14115,0.3374132270985007,1.0,0.0020807888
14116,0.70057500496505,1.0,0.0025783689
14117,0.347081175148167,0.9999999,9.046908e-06
14118,0.3582022546207937,1.0,0.0020536482
14119,0.356800496454275,1.0,0.00082326867
14120,0.6704008854645596,1.0,0.00047948613
14121,0.3245682344369018,0.9999999,0.003645904
14122,0.5021367968051955,1.0,2.7140724e-05
14123,0.5389633631861761,0.99999994,0.0013208486
14124,0.3214174103928432,1.0,0.0
14125,0.62152444579994,1.0,0.00081422174
14126,0.5799067536507666,1.0,0.0010946759
14127,0.5616320627806621,1.0,0.00187271
14128,0.5386986811444812,0.99999994,0.0009046908
14129,0.245544591346374,1.0,0.00047043923
14130,0.4410656143806258,1.0000001,0.0
14131,0.3182758096619676,1.0,3.6187634e-05
14132,0.4395922624190653,0.99999994,0.00028950107
14133,0.3877109359612316,1.0,1.8093817e-05
14134,0.2968225653572023,1.0000001,0.00069661194
14135,0.7313939611619985,0.99999994,0.0030397612
14136,0.6244592732351874,1.0,0.001185145
14137,0.4676092731056813,1.0,0.0021803048
14138,0.4858553331161556,1.0000001,7.237527e-05
14139,0.3750108989539533,0.99999994,0.0018184285
14140,0.3527919989498129,1.0,0.0
14141,0.4520454480583589,1.0,0.0
14142,0.381275866439044,1.0,0.00036187633
14143,0.4510465124793874,1.0,0.0010042068
14144,0.4012010007160253,0.99999994,0.0009227846
14145,0.2204897057748483,1.0,0.0013027547
14146,0.3748114821135164,1.0,0.00024426653
14147,0.2869566869428065,0.9999999,0.0003166418
14148,0.466215708695,0.99999994,0.0004342516
14149,0.7197785968447546,1.0,0.00038901705
14150,0.3478283809355354,1.0,0.00016284434
14151,0.2877887178928809,1.0000001,0.00040711087
14152,0.5661252603139161,1.0,0.000787081
14153,0.4148972935119706,1.0,0.00036187633
14154,0.2239503463923662,0.99999994,2.7140724e-05
14155,0.3195040814684735,1.0,0.00072375266
14156,0.3800946028682823,1.0000001,0.0040711085
14157,0.3126088971205996,1.0,0.00048853306
14158,0.4553731839482582,1.0,0.00018093816
14159,0.358288272590793,1.0,0.0032387932
14160,0.4152548940884902,1.0,8.142217e-05
14161,0.3487878888544806,1.0,0.0009770661
14162,0.4105986307269042,1.0,0.00016284434
14163,0.40110994622821,1.0,0.0005518614
14164,0.3618385196411111,1.0,0.000687565
14165,0.5673018577356648,1.0000001,0.00014475053
14166,0.3517584055475991,1.0,0.0004613923
14167,0.4428984172545649,0.99999994,0.0010042068
14168,0.3197009803489192,0.99999994,0.0010584883
14169,0.3272705715918311,1.0,0.0004342516
14170,0.3836633599315772,1.0,0.0002261727
14171,0.4003137948189817,1.0,0.00053376757
14172,0.4740047650498847,1.0,0.0016646311
14173,0.3161222225940837,1.0,0.0027050255
14174,0.5605995305415037,0.9999999,0.003944452
14175,0.3625631900504166,1.0,0.0028950106
14176,0.4744249819498551,1.0000001,0.0
14177,0.5955805691400656,1.0,0.0012665672
14178,0.4041289224026437,0.99999994,0.0057357396
14179,0.4033665189478215,1.0,0.00053376757
14180,0.374790787412524,1.0,0.0013479893
14181,0.2549944526202601,0.99999994,0.0015832089
14182,0.5414093106599297,1.0,0.00048853306
14183,0.6330596629977137,1.0,0.00024426653
14184,0.6151295297446466,1.0,0.0010223007
14185,0.4130208917593924,1.0,0.004650111
14186,0.2925304332821277,1.0,0.007400371
14187,0.5834100481096739,1.0000001,5.428145e-05
14188,0.2795956245824295,1.0,0.003736373
14189,0.2686532706984341,0.9999999,0.003935405
14190,0.3082880031596972,1.0,0.0009680192
14191,0.4795163095435314,1.0,0.00071470573
14192,0.4296737964999916,1.0,0.00044329852
14193,0.5708270873912525,1.0,0.00036187633
14194,0.3274115373224589,1.0,0.00040711087
14195,0.2897292990953515,1.0,0.0012394264
14196,0.4042974323477459,1.0000001,0.000588049
14197,0.4087941059248218,0.99999994,0.0002171258
14198,0.6093025159184153,1.0,0.0004523454
14199,0.6376820481559634,1.0,0.0017460533
14200,0.3123864690062435,0.99999994,0.0005609083
14201,0.2917740857439924,1.0,0.0001085629
14202,0.4946203237908061,1.0000001,0.00014475053
14203,0.3417543315647516,0.99999994,0.0011037228
14204,0.4406353696023374,1.0,0.00024426653
14205,0.5204826034008352,1.0,6.3328356e-05
14206,0.2886558517848271,1.0,0.0018184285
14207,0.2551293615995617,1.0,0.0017460533
14208,0.3541034931337243,0.99999994,0.00047043923
14209,0.337649687656837,1.0,0.0031845118
14210,0.3856307126340147,1.0,0.00071470573
14211,0.379962804999441,0.9999999,0.0024878997
14212,0.3405107891609378,0.99999994,0.0006604243
14213,0.4325374445010273,1.0,6.3328356e-05
14214,0.321841481512615,0.99999994,0.00083231553
14215,0.3706695432046434,0.99999994,2.7140724e-05
14216,0.2722736576544959,1.0,0.0022074457
14217,0.2930358119460958,0.99999994,0.0008504094
14218,0.386830932187188,0.99999994,0.00093183154
14219,0.3595191691528037,0.9999999,0.00060614286
14220,0.330288594086621,1.0,0.00085945625
14221,0.5623904359190075,0.9999999,5.428145e-05
14222,0.6497419241861073,1.0000001,0.0023250554
14223,0.4266040567229006,1.0,0.00036187633
14224,0.5784365512246403,1.0,0.005952866
14225,0.3696918235812685,1.0,7.237527e-05
14226,0.4275146993307313,1.0,3.6187634e-05
14227,0.4977018529834209,1.0,0.0007327996
14228,0.355670404418622,1.0,0.0017098656
14229,0.3332634779729574,1.0,0.00011760981
14230,0.3674063430602494,1.0,0.0014475053
14231,0.312356785745416,0.9999999,0.0014836929
14232,0.3307404410253841,1.0,0.00039806397
14233,0.4113246129809967,0.99999994,0.0019179445
14234,0.2585739443982509,1.0,0.00018093816
14235,0.5989348658345757,1.0,0.00053376757
14236,0.375943030069739,1.0,0.00040711087
14237,0.3396762267247249,1.0,0.0012213326
14238,0.415145107963478,1.0000001,0.0021350703
14239,0.2551030683155749,1.0000001,0.0024878997
14240,0.3860519288161913,0.99999994,0.0075360746
14241,0.4233030064782184,1.0,0.0
14242,0.3602610646496297,1.0,8.142217e-05
14243,0.2604113904279917,1.0,0.00037997015
14244,0.312190151466034,0.99999994,0.0008504094
14245,0.3474336160820216,0.99999994,0.00041615777
14246,0.7099774710781541,1.0000001,0.0006332836
14247,0.3832386395047436,1.0,0.0018365224
14248,0.5405661038037637,1.0,0.0013208486
14249,0.6038872685955882,1.0,0.00070565887
14250,0.5789119302423585,1.0,7.237527e-05
14251,0.6485087465735748,1.0,0.0024245714
14252,0.4473247790329697,1.0,3.6187634e-05
14253,0.5803684448868193,1.0,0.0007780341
14254,0.3123718613939385,1.0,0.0025331343
14255,0.5788818768606195,1.0,4.523454e-05
14256,0.2558213315047716,1.0,0.00011760981
14257,0.4659396145151466,1.0,0.00062423665
14258,0.363234559610502,1.0000001,0.0016465373
14259,0.5324584468092078,0.9999999,0.0005156738
14260,0.330969994972395,1.0,0.0027050255
14261,0.8517337359640178,0.99999994,0.00020807888
14262,0.3151405347338367,1.0000001,0.0017460533
14263,0.3491331576083594,1.0,0.0022164925
14264,0.4809503918125243,1.0,0.0014294115
14265,0.4032322465873517,0.99999994,9.046908e-06
14266,0.3497119692340741,1.0,0.0040801554
14267,0.2969096207935028,1.0,0.0005699552
14268,0.3620196074037293,1.0,3.6187634e-05
14269,0.5425847460233267,1.0000001,0.00053376757
14270,0.5519371139836172,1.0,0.011127697
14271,0.4285477866390733,1.0,0.0013570362
14272,0.3176437277153516,1.0,0.0001085629
14273,0.4894110631581158,0.99999994,0.00047948613
14274,0.4122087415680665,1.0,0.00035282943
14275,0.3341151722333551,1.0,0.0025421812
14276,0.5681525405108003,0.99999994,0.00028950107
14277,0.315691127710888,1.0000001,0.0005518614
14278,0.3074239699400248,1.0000001,0.0014475053
14279,0.3455025214676371,0.99999994,0.0011670511
14280,0.3791594173718632,1.0,0.00047043923
14281,0.3200711170185396,0.99999994,0.0028316823
14282,0.5061348052921244,1.0,0.0023250554
14283,0.3320790781817122,0.99999994,0.0005518614
14284,0.5382501509294086,0.99999994,0.00023521962
14285,0.3148745975075618,1.0,0.0
14286,0.4228423064325402,1.0,0.00083231553
14287,0.3683590758565416,0.99999994,9.951599e-05
14288,0.4267843473376,0.99999994,0.0006423305
14289,0.4877672324863303,1.0,0.00019903199
14290,0.3830438525423375,1.0,0.0002261727
14291,0.3425479028290832,1.0,2.7140724e-05
14292,0.2562833652838066,0.99999994,0.00085945625
14293,0.2194180439287728,1.0,0.0020355543
14294,0.3620359394951071,0.99999994,0.0014836929
14295,0.6269389359769428,1.0,0.0011127697
14296,0.6241923900803429,0.99999994,0.0024064777
14297,0.4066774220912604,1.0,0.0017008188
14298,0.3261487586140428,1.0,0.0012122857
14299,0.7516287963336112,1.0000001,0.017894784
14300,0.4035182483754581,1.0,0.0023250554
14301,0.278514518983247,1.0,0.0021983988
14302,0.2115058862330122,0.99999994,0.0005156738
14303,0.3413941444224084,1.0,0.0014836929
14304,0.2971897539080921,1.0,0.00035282943
14305,0.4900652070041173,1.0,0.0030126204
14306,0.2922952073380875,0.99999994,0.0004342516
14307,0.4963408942104201,1.0,0.0017460533
14308,0.3238963309317634,1.0,0.0016193966
14309,0.5753294090082324,1.0,0.0011037228
14310,0.2690420865868001,1.0,0.0017098656
14311,0.3813398093437853,1.0,0.00060614286
14312,0.3042491326537055,1.0,0.0011399104
14313,0.4489282345813513,1.0,0.000588049
14314,0.3341794221530864,1.0,0.0014294115
14315,0.3974785624262937,1.0,0.0036187633
14316,0.5365133687904667,0.9999999,0.00070565887
14317,0.4507874641288378,1.0,0.0030126204
14318,0.6563254929857235,1.0,0.00012665671
14319,0.3710849350714336,1.0000001,0.0001085629
14320,0.7497910441842712,1.0000001,1.8093817e-05
14321,0.5027215119915414,0.99999994,0.0003347356
14322,0.2702178338319867,1.0,0.00081422174
14323,0.3163869576519244,1.0,7.237527e-05
14324,0.2611269242832985,0.99999994,0.0021531642
14325,0.4321443746710718,1.0,0.00093183154
14326,0.4126243822480839,1.0000001,0.0003166418
14327,0.4677494841459806,1.0,0.00035282943
14328,0.2248185676237735,1.0000001,0.00082326867
14329,0.5338890399390328,1.0,4.523454e-05
14330,0.4875488369356755,0.9999999,0.00070565887
14331,0.3276514424184799,1.0,0.0010765821
14332,0.5772627685540399,1.0,9.046908e-06
14333,0.393498896646539,0.99999994,0.00050662685
14334,0.5330718667071634,1.0,0.0002261727
14335,0.3600929956631984,1.0,0.0005428145
14336,0.4820673904284559,1.0,0.00040711087
14337,0.6924254235712016,1.0,0.00026236035
14338,0.3029232386679212,0.99999994,0.000588049
14339,0.385113291109079,1.0,0.0007508934
14340,0.5582786723640724,1.0,0.00013570362
14341,0.2623079251020956,0.99999994,0.00062423665
14342,0.3444980176412262,0.99999994,0.0023160086
14343,0.3564671752810362,0.99999994,0.006405211
14344,0.2557601863006866,1.0,0.00018998508
14345,0.4022737192361583,1.0,0.00094992534
14346,0.5771997937887148,1.0,9.046908e-06
14347,0.4178418241834712,0.9999999,1.8093817e-05
14348,0.2635594737464092,1.0,0.00036187633
14349,0.4144681907099765,1.0,0.00028045414
14350,0.6251543606389691,1.0000001,0.00037092323
14351,0.4649920510268374,1.0,0.0010494414
14352,0.4165982047960027,1.0,0.00025331342
14353,0.6471657437501445,1.0,0.00082326867
14354,0.3510075772978714,1.0,0.002062695
14355,0.5036369832003176,0.99999994,0.00026236035
14356,0.4196457688552646,1.0,0.00026236035
14357,0.8865798645783178,1.0,0.00011760981
14358,0.5328443462875967,1.0,0.00014475053
14359,0.5109595122315015,1.0,0.0015922559
14360,0.3362098145784603,1.0000001,0.00011760981
14361,0.3308196128089415,1.0,6.3328356e-05
14362,0.2880805901234731,1.0,0.0013389424
14363,0.4727549717748992,1.0,0.0026055095
14364,0.4365252953161431,1.0,0.00048853306
14365,0.5876054172418734,0.99999994,0.0
14366,0.4860313145771497,1.0,1.8093817e-05
14367,0.5766393065231614,0.99999994,7.237527e-05
14368,0.4763841203653678,1.0000001,2.7140724e-05
14369,0.2669826335213487,1.0000001,0.0020265074
14370,0.3101970662996218,1.0,0.0017551002
14371,0.2376097072743298,1.0,0.00024426653
14372,0.456235819029727,1.0,0.0010675351
14373,0.3915536743782873,1.0,0.006694712
14374,0.4988321337024431,1.0,0.004351563
14375,0.475721430052952,1.0,0.00016284434
14376,0.288792815142069,1.0,1.8093817e-05
14377,0.3971613478346483,1.0,0.0016555842
14378,0.3577495571482755,1.0,0.00036187633
14379,0.5233143510017346,1.0000001,0.00044329852
14380,0.4090469348193875,1.0,0.00062423665
14381,0.5981831828905194,1.0,0.003953499
14382,0.3995174991530265,0.99999994,0.0
14383,0.3975274554108554,1.0,0.0044058445
14384,0.3785460737058386,1.0,0.00020807888
14385,0.4663531998686007,0.9999999,0.0017460533
14386,0.4269629434865118,1.0,0.0003347356
14387,0.140080553253694,1.0,0.0004523454
14388,0.3221977999084692,0.9999999,0.00026236035
14389,0.4123182493404305,0.99999994,0.0016193966
14390,0.3024482552781409,1.0,0.0014294115
14391,0.3989222120305459,1.0,0.00039806397
14392,0.4437782486853021,1.0,0.0013208486
14393,0.3357173552711779,1.0,0.00047948613
14394,0.4179607760795014,1.0,0.003835889
14395,0.2530285706587806,1.0,0.001185145
14396,0.6064752116926918,0.99999994,0.00024426653
14397,0.256808745485971,0.99999994,0.00029854797
14398,0.3668291941092287,1.0,0.0009046908
14399,0.3726984890306318,0.99999994,0.00060614286
14400,0.6024578985621187,1.0,0.00047043923
14401,0.2939491097842184,0.99999994,0.00025331342
14402,0.4380888757865428,1.0,3.6187634e-05
14403,0.4170909817132371,1.0,0.0037001856
14404,0.281093480558521,0.99999994,0.00070565887
14405,0.3456857447943097,1.0,0.00019903199
14406,0.5003936095193581,1.0,0.0015470213
14407,0.3004370348981756,1.0,0.0033383092
14408,0.2792798561010627,1.0,0.00037092323
14409,0.4641119416459672,1.0,0.002849776
14410,0.2457819619599332,1.0,0.0009951598
14411,0.2535427045811494,1.0,0.0011218166
14412,0.4684035148906282,1.0,0.00040711087
14413,0.4071105591097979,1.0,0.0005156738
14414,0.3995152492585253,1.0,0.00187271
14415,0.4243165911535364,1.0,0.0019541322
14416,0.5859725406036024,0.99999994,0.00020807888
14417,0.3906328418509919,1.0,0.0021893517
14418,0.3426343620497328,0.99999994,0.0056724115
14419,0.5533780043402972,1.0,0.0014565522
14420,0.6116416506652298,0.99999994,0.0023431492
14421,0.5383216519676206,0.99999994,0.004930565
14422,0.4787589568874865,1.0,0.0
14423,0.4204139277859505,1.0,0.004342516
14424,0.285524461818744,1.0,0.00070565887
14425,0.4671100981807753,0.99999994,0.0004613923
14426,0.3330238581482878,1.0,0.00048853306
14427,0.3784205069832331,1.0,1.8093817e-05
14428,0.5083856589214092,1.0,9.951599e-05
14429,0.3137942333851737,1.0,0.0027412132
14430,0.2225216701333197,0.99999994,0.0008775501
14431,0.4013639126980203,1.0000001,0.00062423665
14432,0.4232293327813919,0.99999994,0.001185145
14433,0.3509025764233543,1.0,0.00072375266
14434,0.4494076973980105,1.0,0.0010946759
14435,0.6994071502379243,1.0000001,9.951599e-05
14436,0.4763841203653678,1.0,9.046908e-06
14437,0.5900431907219623,0.99999994,0.00037092323
14438,0.5343951249885214,1.0,1.8093817e-05
14439,0.2677455432720257,1.0,0.0007780341
14440,0.3718832877914338,1.0,0.0018817569
14441,0.4211494860944256,1.0000001,0.0014113177
14442,0.3765108475156781,1.0,0.0004523454
14443,0.4397727751517659,1.0,0.0032116524
14444,0.2789699143033897,1.0,0.0008685032
14445,0.3243827936461466,1.0,0.0020446014
14446,0.4318519036328167,0.99999994,0.0018184285
14447,0.4066066163782838,1.0,0.0001085629
14448,0.3251781580155065,1.0,0.00011760981
14449,0.2627760140316777,1.0,0.0003166418
14450,0.359498091568368,1.0,0.0002171258
14451,0.6840506048074193,1.0,0.00023521962
14452,0.380614481585158,0.99999994,0.0003437825
14453,0.4546174001715525,0.99999994,0.00012665671
14454,0.3161156431105831,0.99999994,0.0016555842
14455,0.437595240640982,0.99999994,0.0010132537
14456,0.2852103666270365,0.99999994,1.8093817e-05
14457,0.6559190164518404,0.99999994,0.34287784
14458,0.4760734641251559,0.99999994,0.0023160086
14459,0.3504009328689582,1.0,0.0071470574
14460,0.4939880665632135,0.99999994,0.0049848463
14461,0.2892089096357325,0.99999994,0.00040711087
14462,0.6799955432116085,0.99999994,0.0011670511
14463,0.2664558944284796,0.99999994,0.0018908038
14464,0.4112721489657328,1.0,0.0003437825
14465,0.3700643934301119,1.0,0.00036187633
14466,0.6815756046585952,1.0,0.00020807888
14467,0.5645258036133393,1.0000001,0.003057855
14468,0.3494256185685134,1.0,0.0036730447
14469,0.3081143411951396,1.0,0.00035282943
14470,0.3615167782584008,0.9999999,0.0019450852
14471,0.6359159928949103,1.0,0.0006604243
14472,0.8180992074808491,1.0,0.00017189125
14473,0.4251918169788953,1.0,0.0005699552
14474,0.2115870411748096,0.99999994,0.0004523454
14475,0.3898726025215792,1.0,0.0013208486
14476,0.429245411318735,1.0,0.0017370064
14477,0.5324669767174697,1.0,0.00084136246
14478,0.4566609729828637,0.99999994,0.0006151898
14479,0.2728636019413543,1.0,0.0004613923
14480,0.4000014358536354,1.0,0.00037092323
14481,0.360049962914023,1.0,0.0073279957
14482,0.524490453204428,1.0000001,0.002062695
14483,0.4111459879699842,1.0,0.0011489573
14484,0.5327931288805875,1.0,0.00027140725
14485,0.612881064336762,1.0,0.0007327996
14486,0.2073642402515899,1.0,0.00024426653
14487,0.2821422070289279,1.0000001,0.00053376757
14488,0.3711983376944007,1.0,0.0010132537
14489,0.4573754546531816,1.0,0.0011037228
14490,0.3637783983804686,1.0000001,0.0004342516
14491,0.3279323566242635,1.0,0.00094992534
14492,0.3741133665816971,0.99999994,0.00012665671
14493,0.4183038564121669,1.0,0.0006694712
14494,0.4159871965583147,1.0,2.7140724e-05
14495,0.4472616762605854,1.0,0.00011760981
14496,0.4046855698930498,1.0,0.00028045414
14497,0.4234266447837226,1.0,3.6187634e-05
14498,0.4319892148432799,1.0,0.0015922559
14499,0.4329413066696965,1.0,0.0025059935
14500,0.4460421604406726,1.0,0.0004613923
14501,0.3936850765703532,1.0,0.0024155246
14502,0.8796614303385227,1.0000001,0.0018636631
14503,0.2771501775335178,0.9999999,0.0011218166
14504,0.4990267823017104,0.99999994,0.0012394264
14505,0.545903376874646,1.0,0.0006694712
14506,0.4999889306741996,1.0,0.0033744967
14507,0.480702476773388,1.0,0.00040711087
14508,0.4985770933182446,1.0,0.0011218166
14509,0.5000129028890387,1.0,0.00026236035
14510,0.4321446622589801,1.0,7.237527e-05
14511,0.2698637992233643,1.0,9.046908e-06
14512,0.5661491483164462,0.99999994,0.00069661194
14513,0.4003137948189817,1.0,0.00023521962
14514,0.2821859108121656,0.99999994,0.0010584883
14515,0.2887677853969452,0.9999999,0.0009046908
14516,0.3112612952478193,0.99999994,0.0027864478
14517,0.6147441686019871,0.99999994,1.8093817e-05
14518,0.5488672507291408,1.0,7.237527e-05
14519,0.6329285619170815,1.0,0.00015379745
14520,0.3219827563109456,1.0000001,0.0024336183
14521,0.6305451097863118,1.0,0.02379337
14522,0.3881300540088978,0.99999994,0.00028045414
14523,0.3651733560933328,0.9999999,0.0013118017
14524,0.3983680086356752,1.0,0.0014203646
14525,0.34460886265662,1.0,0.0013570362
14526,0.2842906109192183,1.0,0.0017279595
14527,0.69371232447727,1.0,0.0005609083
14528,0.4519191642909125,1.0,0.0020807888
14529,0.3466109112213653,1.0,0.00013570362
14530,0.3366742700423357,1.0,0.00091373775
14531,0.3750163537453667,0.9999999,0.0063690236
14532,0.608173160557553,1.0,0.00038901705
14533,0.4854187506098716,0.99999994,0.0004252047
14534,0.4136656981983338,1.0,9.046908e-05
14535,0.4115086557847447,1.0,0.00017189125
14536,0.3491874573546858,1.0,0.0019541322
14537,0.8002075939533958,1.0,0.032505542
14538,0.3384714813416869,1.0,0.00019903199
14539,0.5884411260094818,0.99999994,0.00060614286
14540,0.4022731200966397,1.0,0.00074184645
14541,0.5521379538588639,1.0,0.0003347356
14542,0.6993259702946876,0.99999994,0.00026236035
14543,0.4277920328560611,1.0,0.0010313476
14544,0.2652183802073579,1.0,0.0012575203
14545,0.4062548208658352,1.0,0.0001085629
14546,0.4528350572654546,1.0000001,0.002171258
14547,0.2979824001995099,0.99999994,0.0002171258
14548,0.3219402883925004,1.0000001,9.046908e-06
14549,0.3212108002257374,1.0,0.0010132537
14550,0.2980926540768754,1.0,0.0014022707
14551,0.4120270751998198,1.0,0.00035282943
14552,0.4273890287429578,0.99999994,4.523454e-05
14553,0.3144535531858406,1.0,0.00060614286
14554,0.6182365525672984,1.0,0.00018093816
14555,0.4879544715524408,1.0,0.00050662685
14556,0.5442554163269058,1.0,0.0032840276
14557,0.5350221950400911,1.0,0.0006694712
14558,0.3953670553442703,1.0,0.00017189125
14559,0.3495114286329669,1.0,0.0041615777
14560,0.5963249842454871,0.99999994,3.6187634e-05
14561,0.397324328145637,1.0,0.0020446014
14562,0.5491926025037275,1.0,0.00029854797
14563,0.2976500667867174,0.99999994,0.00011760981
14564,0.5722466281490343,0.99999994,2.7140724e-05
14565,0.5741356070633735,1.0,0.0008956439
14566,0.3363054061212689,0.9999999,0.00025331342
14567,0.6505102815060593,1.0,3.6187634e-05
14568,0.4136622531815447,1.0,0.0007599403
14569,0.474747738850991,1.0,0.00025331342
14570,0.5398369801315609,0.99999994,0.00028950107
14571,0.3228041253124718,1.0,0.0036006696
14572,0.4654710214304527,1.0,0.0034197313
14573,0.2807476379973613,0.99999994,0.0022888677
14574,0.3823874944542221,1.0,0.00072375266
14575,0.4728178485998107,1.0,4.523454e-05
14576,0.3087411568583879,0.99999994,0.0010313476
14577,0.3155687172048534,1.0,0.0017008188
14578,0.3671902830824102,1.0,0.002768354
14579,0.4020871921020293,1.0,0.0010223007
14580,0.417186582716419,1.0,0.0009227846
14581,0.2906899909640672,0.99999994,0.00037997015
14582,0.3856392424072776,1.0,0.0017279595
14583,0.3295773670482113,1.0,0.0027140724
14584,0.3718128747997198,0.99999994,0.00017189125
14585,0.4256238300667975,1.0,0.00011760981
14586,0.5387206979005086,1.0,0.0019541322
14587,0.3799485456034479,1.0000001,0.00187271
14588,0.2783162162958114,1.0,0.00032568868
14589,0.3140792845547392,1.0,9.046908e-05
14590,0.3118356221211878,1.0,0.0022436331
14591,0.4611936998717729,1.0,0.0007327996
14592,0.3517047771093828,1.0,0.0013570362
14593,0.4518781035192893,1.0,0.00029854797
14594,0.5964838502685008,1.0,9.046908e-05
14595,0.4243488028224672,0.99999994,0.0006332836
14596,0.3770528574682111,1.0,0.00016284434
14597,0.3429972536102606,1.0000001,0.0007508934
14598,0.3427300664890933,1.0,0.0015922559
14599,0.3032339260328219,1.0,0.00012665671
14600,0.5443299979429611,1.0,3.6187634e-05
14601,0.3641509933156798,1.0,9.046908e-06
14602,0.3644230818389507,0.99999994,0.00024426653
14603,0.2897770952296575,1.0,0.0023431492
14604,0.3051558122024015,1.0,0.0030307143
14605,0.3263171511340177,1.0,0.0005156738
14606,0.4001408524394852,1.0,0.0061518974
14607,0.3328552679827451,1.0,0.00026236035
14608,0.3263126566229423,0.9999999,0.0018184285
14609,0.3857620181683451,1.0,0.0011580043
14610,0.4717780707282559,1.0,0.0018274755
14611,0.6741635156201617,1.0,0.0022617271
14612,0.2289810291581535,0.9999999,0.00028045414
14613,0.6931363024845043,1.0,1.8093817e-05
14614,0.4357316451113266,1.0,0.0010223007
14615,0.6679590119624406,0.99999994,0.0049667526
14616,0.3587497965360745,1.0,0.00019903199
14617,0.4196457688552646,1.0,0.0006151898
14618,0.5246162334970592,0.99999994,0.0032206993
14619,0.2904098247289349,1.0,0.00059709593
14620,0.3686465991398172,0.99999994,0.0043877503
14621,0.5692392832296833,1.0,0.0030849958
14622,0.320986164821178,1.0,0.0019269915
14623,0.3368772644611606,1.0,0.0006332836
14624,0.4230224148109975,0.99999994,0.0015289275
14625,0.2884453336332528,1.0,0.00041615777
14626,0.295542480556438,0.99999994,0.0023069617
14627,0.4759737470489089,1.0,2.7140724e-05
14628,0.6030369825490778,1.0,7.237527e-05
14629,0.3922130185352492,1.0,0.0017551002
14630,0.4519948279026863,1.0,0.00983399
14631,0.8748550556861474,1.0,0.000588049
14632,0.375824294097657,1.0,0.00018093816
14633,0.5485327639215396,0.99999994,0.0
14634,0.6664643702717536,1.0,0.0023974306
14635,0.3673993938222956,1.0,0.00079612795
14636,0.2040115896483358,1.0,0.0003437825
14637,0.7463442900563121,0.99999994,0.015234994
14638,0.3500954186270612,1.0000001,0.00036187633
14639,0.350555189337591,1.0,1.8093817e-05
14640,0.4245311700336365,1.0,0.0
14641,0.4290022607687155,0.99999994,7.237527e-05
14642,0.6082547429866699,0.99999994,6.3328356e-05
14643,0.3168443438826781,1.0,0.00014475053
14644,0.4542092102384009,1.0,0.0018998507
14645,0.3163943030583631,1.0,0.0023431492
14646,0.1816784319194367,1.0,7.237527e-05
14647,0.3791563350542219,1.0,0.0021260234
14648,0.3446197817493702,1.0,0.0022526802
14649,0.3847653231462834,1.0,0.0013660832
14650,0.4383604271025121,1.0,0.0003075949
14651,0.2995256630218474,1.0,0.0001085629
14652,0.2581333653879736,1.0,9.046908e-06
14653,0.3827796700801748,1.0,0.0001085629
14654,0.2826943529200317,1.0,0.00053376757
14655,0.4460732335111257,1.0,0.00011760981
14656,0.4226951316040655,1.0,0.0005609083
14657,0.505151614616135,0.99999994,4.523454e-05
14658,0.2914950713332995,1.0,0.0011037228
14659,0.2585032127966963,1.0,0.0004613923
14660,0.4119796350384325,1.0,0.0009046908
14661,0.3916904738903442,1.0,0.00017189125
14662,0.3992119745137492,0.99999994,0.0052743475
14663,0.3228307412795654,1.0,0.00059709593
14664,0.4991401488058999,1.0,0.00026236035
14665,0.4851090074042498,1.0,0.00062423665
14666,0.3312017668709346,1.0,0.0006604243
14667,0.3713076112283536,1.0,0.0027954946
14668,0.5836891304843995,1.0,0.0024155246
14669,0.2684676992150843,1.0,0.00057900214
14670,0.391923411589765,1.0,0.00050662685
14671,0.3828927326976264,1.0,0.0010223007
14672,0.1464413033740903,0.99999994,0.00041615777
14673,0.3329797224065114,1.0,0.00065137737
14674,0.3583023991465016,0.99999994,0.001474646
14675,0.3928444843725061,0.9999999,0.00071470573
14676,0.3684198239327967,1.0,3.6187634e-05
14677,0.3669457789123567,1.0,0.0025150406
14678,0.3914851662499684,1.0,0.00047043923
14679,0.2810273180522152,1.0,0.0011580043
14680,0.4751834749081697,1.0,0.0023341023
14681,0.3857655279515538,0.99999994,0.0015108336
14682,0.4875617401628463,1.0,1.8093817e-05
14683,0.4580296202392813,1.0,0.0006151898
14684,0.4832005986925404,1.0,0.00048853306
14685,0.5059083067683561,1.0000001,0.00012665671
14686,0.3215975372982068,1.0,0.0012575203
14687,0.2627822275625924,1.0,0.0013660832
14688,0.3417277397082912,1.0,0.00019903199
14689,0.2835316512961668,1.0,0.00069661194
14690,0.3156158190106401,1.0,0.00018093816
14691,0.2790948810829791,1.0,0.0015017868
14692,0.6109019617047352,1.0,0.0010313476
14693,0.3464153349028631,1.0,0.0009046908
14694,0.3468412000758546,1.0,0.0011308636
14695,0.569316922400395,1.0,0.0
14696,0.3685925074881359,0.99999994,0.0023160086
14697,0.2619518087874117,0.99999994,0.0006785181
14698,0.3173331665992542,1.0,0.0013298955
14699,0.3666090528596349,1.0,0.0022255394
14700,0.393446645746295,1.0,0.0005247207
14701,0.2288528329788892,1.0000001,0.0
14702,0.1498711505359712,0.99999994,0.0002171258
14703,0.5947741312093784,0.99999994,7.237527e-05
14704,0.3345977994760603,0.99999994,0.0001085629
14705,0.4952152400972384,1.0,0.00065137737
14706,0.3470903721480213,1.0,0.0006423305
14707,0.6255839666482352,1.0,0.0006785181
14708,0.3937555700296978,1.0,0.00020807888
14709,0.5110772130001573,0.99999994,0.0014565522
14710,0.3497119692340741,1.0,0.0014113177
14711,0.3557692195542329,1.0,0.00018093816
14712,0.50060318513005,1.0,0.001972226
14713,0.6371395263185046,0.99999994,0.0039625457
14714,0.2911479410545761,1.0,0.0005156738
14715,0.5627651521190117,1.0,0.0
14716,0.2494012704528954,0.99999994,0.0018093816
14717,0.362528685419923,0.99999994,0.00091373775
14718,0.3469395959313022,1.0,0.00076898717
14719,0.3994435715410744,0.99999994,0.00015379745
14720,0.3884706324216937,1.0,0.002171258
14721,0.2913727617251517,0.99999994,0.00037997015
14722,0.2740868139017632,1.0,0.0025783689
14723,0.6005960489815857,0.99999994,0.0037816076
14724,0.3410085600349326,1.0000001,0.000787081
14725,0.2593847823423669,1.0,0.008739313
14726,0.4663554585384486,1.0,0.000787081
14727,0.688541526964366,1.0,0.0007327996
14728,0.5015402655121215,0.99999994,0.00047043923
14729,0.3708110254414128,1.0,0.0017460533
14730,0.4712766608119445,1.0,0.0
14731,0.4142642888407527,0.99999994,0.00018998508
14732,0.4424819540729074,1.0,0.0004252047
14733,0.6280877015280215,0.99999994,0.00137513
14734,0.3249546310433003,1.0,0.001176098
14735,0.29885810528139,0.99999994,0.00038901705
14736,0.4867498762472926,1.0,0.0021441171
14737,0.6287983828760779,1.0,0.00018998508
14738,0.2888992546806158,1.0,0.0
14739,0.2632360677054911,1.0,0.00088659703
14740,0.3174848171439007,0.99999994,9.046908e-06
14741,0.3077889619128441,1.0,0.00023521962
14742,0.4308388055101732,0.99999994,0.00012665671
14743,0.5520453692081636,1.0,0.0022255394
14744,0.4165359284245308,1.0,0.00028045414
14745,0.4625276326472235,1.0,0.0004523454
14746,0.4103986244649402,1.0,0.00026236035
14747,0.6391333091067231,1.0,0.0021260234
14748,0.5626707581143175,1.0000001,0.0005156738
14749,0.405956823420522,1.0,0.0
14750,0.299727403005681,1.0,2.7140724e-05
14751,0.2972335008916701,1.0,0.0006785181
14752,0.5953123479863467,1.0,1.8093817e-05
14753,0.3126488846767912,1.0,0.01038585
14754,0.5792586139759415,1.0,0.0009770661
14755,0.2889449056301873,1.0,0.00038901705
14756,0.3542312775714131,1.0,5.428145e-05
14757,0.3758026960876386,1.0,0.0006332836
14758,0.4070657022115814,1.0,0.00015379745
14759,0.3467512916426502,1.0,0.0004342516
14760,0.2491453237815496,1.0,0.00071470573
14761,0.4218456807403637,0.99999994,0.0003075949
14762,0.4167587523072558,1.0,0.0039987336
14763,0.3143608916513521,1.0,0.0032659338
14764,0.5544193825986296,1.0000001,0.00020807888
14765,0.3566717226951906,0.99999994,0.0020988828
14766,0.3962973926162265,0.99999994,0.0013660832
14767,0.4419208640627631,1.0,0.000588049
14768,0.403304478813102,1.0,0.0012665672
14769,0.3378408747667387,0.99999994,0.0004975799
14770,0.2864661683557948,1.0,0.0006332836
14771,0.5708394783149765,1.0,0.0012575203
14772,0.4578180203281983,1.0,0.004993893
14773,0.3967606791870459,1.0,0.00094992534
14774,0.5821218364504397,1.0,0.0002261727
14775,0.2332894530903533,1.0,0.0012937079
14776,0.4087761016217729,0.99999994,0.004233953
14777,0.2953680871932655,1.0,0.00072375266
14778,0.6954177697659449,0.99999994,0.004894377
14779,0.5125403362139418,1.0,0.0012303796
14780,0.5246162334970592,0.99999994,0.00038901705
14781,0.324355145155094,1.0,0.0012213326
14782,0.6794136033596069,1.0000001,6.3328356e-05
14783,0.3122615091664941,1.0,0.00026236035
14784,0.5402514050535263,1.0,0.0
14785,0.3505480063818227,0.99999994,7.237527e-05
14786,0.3883229081676029,1.0,0.0031845118
14787,0.4678771296790932,0.99999994,0.00053376757
14788,0.2974547287756107,1.0,0.0010584883
14789,0.5622015813389729,1.0,0.00037997015
14790,0.4724953663756622,1.0,0.00037997015
14791,0.3482269992422589,1.0,0.00028950107
14792,0.3408063220998428,1.0,0.0040982496
14793,0.5957050924998499,1.0,0.0006694712
14794,0.3242905404854231,1.0000001,0.0017912878
14795,0.5221781119892632,1.0,0.0002171258
14796,0.3807184237238191,1.0000001,0.0012937079
14797,0.4863427661505031,1.0,0.0014384585
14798,0.5893865445058812,1.0,9.046908e-06
14799,0.3834732643811085,1.0,0.0005609083
14800,0.2778571579004503,1.0,0.00035282943
14801,0.5125972988814846,0.99999994,0.00012665671
14802,0.2623573885637495,0.99999994,0.0010584883
14803,0.3291118778374198,1.0,1.8093817e-05
14804,0.5241827046560174,0.99999994,0.0015108336
14805,0.7058998645794151,0.9999999,0.00072375266
14806,0.2981762653756272,1.0,0.0008685032
14807,0.4593742560465215,0.99999994,0.00035282943
14808,0.5232514624126846,1.0,0.0008685032
14809,0.3718310764195602,1.0000001,0.0012937079
14810,0.3134113502514186,1.0,0.00187271
14811,0.3763633284112909,0.99999994,0.0025964626
14812,0.2910510537366308,1.0000001,0.00017189125
14813,0.3304004968327996,0.99999994,0.00091373775
14814,0.4317519716683969,1.0,0.001972226
14815,0.5595310700361142,1.0,0.0024426652
14816,0.2949089674364074,0.9999999,0.0013208486
14817,0.3829501108686614,1.0000001,0.0018003348
14818,0.5976734716613592,1.0,0.00018998508
14819,0.5687812508302809,0.99999994,0.00014475053
14820,0.3824484973235406,1.0,0.0006332836
14821,0.3423926040892244,1.0000001,0.00025331342
14822,0.3093470110021599,0.99999994,0.0010494414
14823,0.4222520658314513,1.0,0.0010675351
14824,0.6733805066185639,1.0,0.0011127697
14825,0.3494326078459674,1.0,0.0009770661
14826,0.2776919315031232,1.0,0.00079612795
14827,0.6380829959673587,1.0,0.012683765
14828,0.3276782007834126,1.0,0.002270774
14829,0.4866129113654043,0.99999994,0.00062423665
14830,0.2673490755411228,1.0,0.000588049
14831,0.3560187288160819,1.0,0.00076898717
14832,0.5437922758732516,1.0,0.00074184645
14833,0.4363404913475928,1.0,0.0022798209
14834,0.2982238340315743,1.0,0.0022164925
14835,0.2813498248429669,1.0,0.0014475053
14836,0.3834386413939563,0.99999994,2.7140724e-05
14837,0.293457077894635,1.0,0.004849143
14838,0.4932706487451733,0.9999999,0.00024426653
14839,0.4510135887528668,1.0,0.00015379745
14840,0.4831961057361116,1.0,2.7140724e-05
14841,0.3052665734966415,1.0,0.00091373775
14842,0.2505149672625333,1.0,0.00026236035
14843,0.3086655683631876,0.99999994,0.00069661194
14844,0.3422936537887198,0.99999994,9.046908e-06
14845,0.4950804347016356,0.99999994,0.00037092323
14846,0.4152796790722561,1.0,0.0013660832
14847,0.4326493167091646,1.0,0.00038901705
14848,0.3993645632344483,1.0,0.0011489573
14849,0.3423049245847316,0.99999994,0.0014655992
14850,0.6659003687310316,1.0,0.0011308636
14851,0.4590633188811225,1.0,0.0005156738
14852,0.2087049915475535,1.0,0.00040711087
14853,0.2788579632167708,0.99999994,0.0018365224
14854,0.5702612630609296,0.99999994,0.010213959
14855,0.174939870217187,1.0,0.0012484733
14856,0.3411204589649625,1.0,0.0004975799
14857,0.4713011234406954,1.0,0.00065137737
14858,0.2695651027185378,1.0,0.0015379743
14859,0.3285925123329029,1.0,0.004423938
14860,0.6940853093150066,1.0,0.0025150406
14861,0.5182249387894209,1.0,0.00082326867
14862,0.4728027947977641,1.0,0.0036187633
14863,0.3282583144921136,1.0,8.142217e-05
14864,0.1980344215443942,1.0000001,0.0005247207
14865,0.492769219671696,1.0,0.0097797075
14866,0.4029503214752163,0.99999994,0.0003437825
14867,0.3039625382696923,0.99999994,0.0011941919
14868,0.3614003825827526,1.0,0.002650744
14869,0.3373806127164353,1.0,0.0023250554
14870,0.6382132156303764,1.0,0.00025331342
14871,0.4068588219786644,1.0,0.0010675351
14872,0.5684086833698999,1.0,0.0022074457
14873,0.4156000130890405,1.0,0.0012213326
14874,0.5396218214912354,1.0,0.0008956439
14875,0.3154330091611779,0.99999994,0.0030759487
14876,0.4048253394394256,1.0,0.00072375266
14877,0.3708223651709681,1.0,1.8093817e-05
14878,0.4506266978164416,1.0,7.237527e-05
14879,0.4117927993935377,0.99999994,0.0023883837
14880,0.3995624076775039,1.0,0.0009227846
14881,0.3773854293016358,0.99999994,0.0012213326
14882,0.3497237701477932,0.99999994,0.0007599403
14883,0.4561287985298952,0.99999994,0.0
14884,0.3742238230496901,1.0000001,0.0017279595
14885,0.4707173510707356,1.0,0.0019812728
14886,0.3786086526148989,0.99999994,0.0014113177
14887,0.2071666487340368,1.0,0.003446872
14888,0.4921611725962771,1.0,0.0072556203
14889,0.7394417168383138,1.0,0.0012665672
14890,0.3777125570851856,1.0,0.0015108336
14891,0.3989542240082534,1.0,0.00029854797
14892,0.6251983710546913,0.9999999,9.046908e-05
14893,0.4814899035367631,1.0000001,0.0004613923
14894,0.53942477561289,0.99999994,0.0013570362
14895,0.3703599227973045,1.0,0.00038901705
14896,0.2578940835158024,1.0,0.0010946759
14897,0.4586217118428866,1.0,5.428145e-05
14898,0.3181031973648304,1.0,0.0004342516
14899,0.2827626288925281,0.99999994,0.0003347356
14900,0.2919668072053998,1.0000001,0.0004252047
14901,0.485837965194608,1.0,7.237527e-05
14902,0.4281657096552743,1.0,0.00037997015
14903,0.4875999233075608,1.0000001,0.00084136246
14904,0.2219300431607794,1.0,0.00023521962
14905,0.557837595470464,0.99999994,0.00026236035
14906,0.349611161216764,1.0,3.6187634e-05
14907,0.307102109489797,0.99999994,0.00018093816
14908,0.3222157154799615,1.0,6.3328356e-05
14909,0.4597419153534545,1.0,3.6187634e-05
14910,0.50087592530915,1.0,0.0010584883
14911,0.5606283350845848,1.0,0.0004342516
14912,0.5668998935023871,1.0,0.0006694712
14913,0.2987713899927692,1.0000001,0.0010313476
14914,0.3284988305955706,1.0,1.8093817e-05
14915,0.2078184369345616,1.0,0.0019812728
14916,0.4795508555885273,1.0,0.0013208486
14917,0.3241103738701309,0.99999994,9.046908e-05
14918,0.5416211696061531,0.99999994,0.00047948613
14919,0.3180911930743098,1.0,0.0013660832
14920,0.6481038683981187,1.0,0.0026416972
14921,0.4193498972120702,0.99999994,0.0024426652
14922,0.3491727949054191,1.0,0.001673678
14923,0.4012433827333729,1.0,0.005799068
14924,0.3743027190104703,0.99999994,0.0010223007
14925,0.441349522168601,1.0,0.0002261727
14926,0.4265121631603665,1.0,0.0019541322
14927,0.440149869544752,1.0,0.0
14928,0.2654774491843974,1.0000001,0.0020898357
14929,0.5144597969941946,0.99999994,0.00037092323
14930,0.2879933914766375,0.99999994,0.00039806397
14931,0.3192349263710751,1.0000001,0.00048853306
14932,0.5045639585074123,1.0000001,0.00047948613
14933,0.320346265147917,1.0,0.0036639979
14934,0.2842906109192183,0.99999994,0.0021983988
14935,0.3134425315255701,0.99999994,0.00024426653
14936,0.2724487993689642,1.0,0.0026869318
14937,0.3257804914941363,1.0000001,0.00037092323
14938,0.3601820223594474,1.0,0.001275614
14939,0.3231974208608303,1.0,0.000588049
14940,0.3062394444984341,1.0,0.0019269915
14941,0.5938914365371104,1.0,0.00036187633
14942,0.4854668982408714,1.0,6.3328356e-05
14943,0.2800229531308739,0.99999994,0.0002261727
14944,0.5193746116758692,0.99999994,0.002062695
14945,0.2386680684087778,0.99999994,0.00015379745
14946,0.2373248314850864,1.0,8.142217e-05
14947,0.4206122061309945,0.99999994,0.00047948613
14948,0.5741356070633735,1.0,0.0003437825
14949,0.3781007497573421,0.99999994,0.00079612795
14950,0.3845741991178146,1.0,0.0004523454
14951,0.3180096849576436,1.0,0.0039625457
14952,0.2533534430170401,1.0,0.00020807888
14953,0.3808866939231419,1.0,0.00020807888
14954,0.294093226928417,1.0,0.00060614286
14955,0.2793878284490954,1.0000001,0.0018908038
14956,0.3485704147056269,0.99999994,0.0022345863
14957,0.4838416083197349,1.0,0.0038901705
14958,0.4535731155085779,0.99999994,0.0015379743
14959,0.4152243923452199,1.0,0.00088659703
14960,0.3954136247187846,1.0,0.0020898357
14961,0.4242609400876168,1.0,0.00187271
14962,0.379933949131982,0.99999994,0.0022345863
14963,0.2710425085777293,1.0,0.002270774
14964,0.1996092621563917,1.0,6.3328356e-05
14965,0.6868357420175337,0.99999994,0.0004613923
14966,0.3879623081520502,1.0,0.00041615777
14967,0.2915832999052193,1.0,0.0006694712
14968,0.2963213531874024,1.0,0.0010765821
14969,0.3448089416176382,1.0,0.00044329852
14970,0.260849638150426,1.0,0.00028950107
14971,0.5725028583581997,1.0,0.0059257247
14972,0.3565750476096078,1.0,0.0010132537
14973,0.3967386397299051,1.0,0.00069661194
14974,0.3674212274097934,0.9999999,0.00070565887
14975,0.3344053937153046,1.0,0.0023612431
14976,0.3231503045382882,0.99999994,0.00079612795
14977,0.3861718968042154,0.99999994,0.0018817569
14978,0.5428382244690028,1.0,0.007499887
14979,0.5277991665641651,1.0000001,9.046908e-06
14980,0.2631991398939643,1.0,0.0006423305
14981,0.379336110496254,1.0,0.00028045414
14982,0.518635038127573,0.99999994,0.0006332836
14983,0.4661159894815975,1.0000001,0.0005156738
14984,0.3459521879399836,1.0,0.00029854797
14985,0.5693677621518016,1.0,0.0015470213
14986,0.29433734129816,1.0,0.000687565
14987,0.3697342336463696,1.0,0.0016827249
14988,0.423907273784886,0.99999994,0.00081422174
14989,0.4913476219213137,1.0,0.00029854797
14990,0.3617515583353273,1.0,0.00059709593
14991,0.492769219671696,1.0,0.0043606097
14992,0.4079922127591622,1.0,9.046908e-06
14993,0.5214292590181469,1.0,0.00029854797
14994,0.4357642827272849,1.0,0.0003347356
14995,0.672576816072175,1.0,0.0005699552
14996,0.2357495569483799,1.0,0.0003347356
14997,0.8257548245283142,1.0000001,0.00016284434
14998,0.3724557066089023,1.0,0.0023974306
14999,0.6392597938020074,1.0,0.00029854797
15000,0.6294370707606838,1.0,0.0024426652
15001,0.4662190664811306,1.0,0.0013570362
15002,0.4529923798728189,0.99999994,0.0034016375
15003,0.2498615948420018,1.0,0.00070565887
15004,0.5520127633647554,1.0,4.523454e-05
15005,0.4464750406311542,1.0,0.0001085629
15006,0.2958365595670155,1.0,0.00012665671
15007,0.4757599653767502,1.0000001,0.00083231553
15008,0.5059426277369131,1.0,0.00065137737
15009,0.3202255191958161,1.0,0.00020807888
15010,0.5418479816486943,0.99999994,0.001085629
15011,0.3297194307114379,1.0,0.0021260234
15012,0.7312511359682441,1.0000001,0.0005428145
15013,0.425508161052423,1.0,0.00016284434
15014,0.3982341603843748,1.0,0.0003166418
15015,0.4264101618337853,1.0,0.00083231553
15016,0.3364989432225053,1.0,6.3328356e-05
15017,0.360359117160051,0.99999994,0.002849776
15018,0.3730572810470099,1.0,0.000687565
15019,0.4587048044390797,1.0000001,0.00040711087
15020,0.2653276771966899,1.0,0.00028950107
15021,0.3771985125263452,0.99999994,0.0004342516
15022,0.3777022626793496,1.0,0.0006785181
15023,0.7497910441842712,1.0,0.00012665671
15024,0.5194735671843094,1.0,3.6187634e-05
15025,0.36122134248075,1.0,0.00024426653
15026,0.3827161236708801,1.0000001,0.000787081
15027,0.3868135625135005,0.99999994,0.0032749807
15028,0.4658508485310468,1.0,0.0002171258
15029,0.5151696099092734,1.0,0.0057809744
15030,0.3604800929019013,1.0,0.0004613923
15031,0.38171596021772,1.0,4.523454e-05
15032,0.5210816320416689,1.0,0.0
15033,0.3897766456980363,1.0,0.0004342516
15034,0.3733964273090661,1.0,0.00016284434
15035,0.3520223014034619,1.0,0.0005156738
15036,0.4327511726281153,1.0,0.0026869318
15037,0.3676622787633029,0.9999999,0.0004523454
15038,0.5730871717530114,0.99999994,9.046908e-06
15039,0.4090673873272775,1.0,0.0043153754
15040,0.2681906753729909,1.0,9.046908e-06
15041,0.6020290346485505,1.0,0.00374542
15042,0.4295783349688155,1.0,0.0035192473
15043,0.4853629271054437,1.0,0.0003166418
15044,0.3849170812985584,1.0,0.0011580043
15045,0.6295416935677073,1.0,0.0067761345
15046,0.3906328418509919,1.0000001,0.0
15047,0.3315186653600641,1.0,0.0020536482
15048,0.3907601199681933,0.99999994,0.0018817569
15049,0.6954872709169336,1.0,0.00019903199
15050,0.3425748959577068,0.99999994,1.8093817e-05
15051,0.6541284462196855,1.0,0.0015832089
15052,0.5149527770457512,1.0,0.00012665671
15053,0.3523812479558234,0.9999999,0.0
15054,0.4590055360518969,0.99999994,0.0010313476
15055,0.2968102867826605,1.0,0.00038901705
15056,0.5325910352667582,1.0,0.00095897226
15057,0.345428859933762,0.99999994,0.000588049
15058,0.3109672308974687,0.99999994,7.237527e-05
15059,0.431245498139253,1.0,0.0010675351
15060,0.3390950828633864,0.99999994,0.00070565887
15061,0.410807943160673,1.0,4.523454e-05
15062,0.5784365512246403,1.0,0.0003166418
15063,0.4547712210507799,1.0000001,0.001185145
15064,0.2910068260842725,1.0,0.0016917718
15065,0.5087864939858291,1.0,0.0012394264
15066,0.2791530852011352,1.0,0.0014927399
15067,0.4054542939650185,1.0000001,0.0009770661
15068,0.5244379736269815,1.0,0.0
15069,0.445491502889469,1.0,0.00012665671
15070,0.4660103386940809,1.0,0.0004523454
15071,0.3302139396969738,1.0,4.523454e-05
15072,0.3474386885941243,1.0,0.0008956439
15073,0.2587597316279264,0.99999994,0.00048853306
15074,0.4337867677132142,1.0,0.00037997015
15075,0.434724514157269,0.99999994,0.00014475053
15076,0.3315186653600641,0.99999994,0.0017370064
15077,0.3217762812737215,1.0,0.00036187633
15078,0.6803043777874567,0.99999994,0.00088659703
15079,0.5775860181916226,1.0000001,0.00038901705
15080,0.2839056229273963,1.0000001,9.046908e-06
15081,0.4044800428626462,1.0,0.0016013028
15082,0.4405936446407597,1.0,0.0011399104
15083,0.5343400135314643,1.0,0.0011127697
15084,0.4428454204029632,0.99999994,0.00072375266
15085,0.4410931168121646,0.9999999,0.0023069617
15086,0.4321614661261431,1.0,1.8093817e-05
15087,0.5581534394632498,1.0,0.011290542
15088,0.346957598430692,1.0,0.00016284434
15089,0.3141591635736351,1.0000001,0.00038901705
15090,0.3951035708590897,0.99999994,0.00059709593
15091,0.3922130185352492,1.0,0.0017189125
15092,0.4522072501202555,1.0000001,0.0032297461
15093,0.4062273414712565,1.0,0.00026236035
15094,0.4446607085429883,0.99999994,0.00019903199
15095,0.5205356494707074,0.99999994,5.428145e-05
15096,0.4706269924336493,1.0,0.00025331342
15097,0.2492477985735152,1.0000001,0.0010765821
15098,0.3536551696258937,1.0,0.0046048765
15099,0.6242594591823933,0.99999994,0.0043787034
15100,0.3795125381817544,0.99999994,0.00047043923
15101,0.4051940766266252,1.0,0.0038901705
15102,0.4357578127993712,1.0000001,0.0008956439
15103,0.2568346233637991,1.0,0.002858823
15104,0.3260619982171946,1.0,0.00011760981
15105,0.3131650197277539,1.0000001,0.00013570362
15106,0.6578666445442981,1.0,0.0001085629
15107,0.2364224173715247,1.0,0.00040711087
15108,0.6065481279114168,1.0,3.6187634e-05
15109,0.4046522754035943,1.0000001,1.8093817e-05
15110,0.3323011058255617,1.0,0.0010403944
15111,0.3784544656395234,1.0,0.0011218166
15112,0.4983747803216292,1.0,0.00018998508
15113,0.3197932105258225,0.99999994,0.00057900214
15114,0.2736440051279784,1.0,0.0021983988
15115,0.5033974369664621,1.0,0.00014475053
15116,0.5208601553776995,1.0,0.0017912878
15117,0.765552834832896,1.0,0.0033654498
15118,0.3257902075866289,0.99999994,0.0015289275
15119,0.4959080865206656,1.0000001,0.0032387932
15120,0.4156235875317446,1.0,0.0005247207
15121,0.5673277253198098,1.0,6.3328356e-05
15122,0.3332776063696236,1.0,0.0017279595
15123,0.4863427661505031,1.0,5.428145e-05
15124,0.4159072749694752,0.99999994,0.0008685032
15125,0.483982523636546,0.99999994,6.3328356e-05
15126,0.3701152579347713,0.99999994,0.00047043923
15127,0.2882769993357162,1.0,0.0010584883
15128,0.4588232738350115,0.99999994,3.6187634e-05
15129,0.3843384333915309,1.0,0.00037997015
15130,0.2814350473134042,1.0,0.00237029
15131,0.514574097577668,0.99999994,0.0007599403
15132,0.304091177829005,1.0,0.01012349
15133,0.6462636260029806,0.9999999,4.523454e-05
15134,0.3766661030640116,0.99999994,6.3328356e-05
15135,0.3849884892621418,0.9999999,1.8093817e-05
15136,0.3327691274772288,1.0000001,0.0005699552
15137,0.3021074343243696,1.0,0.00094992534
15138,0.3310251153646227,1.0,0.0017189125
15139,0.2563807416539765,0.99999994,0.00059709593
15140,0.3874315480262286,1.0,0.0020174605
15141,0.4032504975621783,1.0,0.00029854797
15142,0.297207975029812,0.99999994,0.0017731941
15143,0.3406520880100888,0.99999994,0.00040711087
15144,0.4614907905094211,1.0,0.0016013028
15145,0.4389579161811701,0.99999994,0.00072375266
15146,0.3400323963302804,1.0,0.0004975799
15147,0.3149615575760465,1.0,0.0010946759
15148,0.8803067562381045,1.0000001,0.0005156738
15149,0.2719365530037143,1.0,3.6187634e-05
15150,0.7392547901917266,1.0,0.0005156738
15151,0.3950618845762612,1.0,0.00035282943
15152,0.5388467859383981,1.0,0.0003437825
15153,0.4958378196145317,1.0,0.0008956439
15154,0.3955900575213036,1.0,0.00028045414
15155,0.3564169907138566,0.99999994,0.0008775501
15156,0.3958956058152031,1.0,0.005717646
15157,0.263231461001586,1.0,0.00072375266
15158,0.4487069800727784,1.0,4.523454e-05
15159,0.4142260865556416,1.0,0.0023974306
15160,0.3247236863200973,0.99999994,0.0010946759
15161,0.4382997771702367,1.0,5.428145e-05
15162,0.5926452478091941,1.0,0.00074184645
15163,0.5743008343864635,1.0,0.00037092323
15164,0.3420577157156979,1.0,0.00028045414
15165,0.3300483831534923,1.0,0.0030216672
15166,0.3719157409433437,0.99999994,0.0011308636
15167,0.3611203243898195,1.0,0.00082326867
15168,0.3279464805391213,1.0,0.00019903199
15169,0.4977458438900781,1.0,0.0002171258
15170,0.3170102475755345,1.0,0.0008051748
15171,0.4102264534211599,1.0,0.0018184285
15172,0.3781023303772514,1.0000001,0.0023612431
15173,0.3139058305963076,0.99999994,0.0008051748
15174,0.4934189760871675,1.0,5.428145e-05
15175,0.5017777595316868,1.0,0.002469806
15176,0.3005069213026496,1.0,0.000986113
15177,0.3673683900555624,1.0,0.0020265074
15178,0.3865865556922249,1.0,0.004423938
15179,0.353008176868983,0.9999999,0.0010223007
15180,0.2887513108222113,1.0,0.00069661194
15181,0.4741606835951688,1.0,0.0004342516
15182,0.2727186188105387,1.0,0.00076898717
15183,0.4407715987645862,1.0,0.0021441171
15184,0.6483985196168207,0.99999994,0.0006423305
15185,0.4404407348384024,1.0,0.0023431492
15186,0.3864704793420804,1.0,0.00047043923
15187,0.3298995449255819,1.0,0.0027321663
15188,0.672586280859932,0.99999994,9.046908e-05
15189,0.4329373448491665,0.9999999,9.046908e-06
15190,0.3954691778430149,1.0,0.00013570362
15191,0.4551613615504493,1.0,0.0030307143
15192,0.5374585877329704,1.0000001,0.0010042068
15193,0.4498771399539376,1.0,0.00026236035
15194,0.4022129973564874,1.0,0.0016465373
15195,0.3289629153867206,1.0,0.00027140725
15196,0.4707850604096535,1.0,0.0005518614
15197,0.2872272450742882,1.0,0.0013389424
15198,0.375616529911268,1.0,0.0018546162
15199,0.3666614124179601,1.0,0.0006151898
15200,0.2885566592972902,1.0,0.00083231553
15201,0.2413336560596372,1.0,0.00027140725
15202,0.4613936585105126,1.0,9.046908e-06
15203,0.4986048315552774,0.99999994,0.029782422
15204,0.827109436986314,0.99999994,2.7140724e-05
15205,0.4546614443802802,1.0,0.00018093816
15206,0.3735395595098617,1.0,0.00040711087
15207,0.3300653146852483,0.99999994,3.6187634e-05
15208,0.3690667491266131,1.0,7.237527e-05
15209,0.2858913785254103,1.0,0.0003347356
15210,0.5046148793307073,0.99999994,0.00088659703
15211,0.3486069148689373,1.0,0.0011399104
15212,0.595539593547025,1.0,0.0007599403
15213,0.2429644186434078,1.0,0.0006604243
15214,0.305457426219349,1.0,0.0015651152
15215,0.6251200159040258,1.0,0.0075360746
15216,0.3305678064470576,1.0,0.00020807888
15217,0.7138219069452432,1.0,0.00037092323
15218,0.3913620333240019,1.0000001,9.046908e-06
15219,0.6542771382503146,1.0,0.00039806397
15220,0.4531506181169114,0.99999994,0.0010494414
15221,0.2161364280691433,1.0,0.00016284434
15222,0.376664388124305,1.0,0.0005518614
15223,0.6209262538957124,0.99999994,0.00040711087
15224,0.4521229865227062,1.0,0.0011037228
15225,0.4046640071404054,1.0,0.00016284434
15226,0.4436962603051023,1.0,0.00069661194
15227,0.4500098466727146,0.99999994,0.0003437825
15228,0.4692330372989434,1.0,0.0012937079
15229,0.4814899035367631,0.9999999,0.0013208486
15230,0.7668852949584181,1.0,0.0007327996
15231,0.4749730922879819,1.0,0.00032568868
15232,0.5633548393772001,0.99999994,0.0026959786
15233,0.5238949159519269,0.99999994,3.6187634e-05
15234,0.5073810308214081,1.0,0.003853983
15235,0.2756271261550391,1.0,0.0014294115
15236,0.250672738412643,0.99999994,0.0010494414
15237,0.4065093653569134,1.0000001,0.00137513
15238,0.320758843876374,1.0000001,0.0025059935
15239,0.3450535460446736,0.99999994,0.0005518614
15240,0.5001895049498754,1.0,0.00018998508
15241,0.3274872965626579,0.99999994,0.0010042068
15242,0.436228408760305,0.99999994,0.000687565
15243,0.2590762725400021,0.99999994,0.00094992534
15244,0.250458989580863,0.9999999,0.00018093816
15245,0.2536290480820576,1.0,0.005048175
15246,0.4297453306611118,1.0,2.7140724e-05
15247,0.3841482869526151,1.0,0.0006332836
15248,0.3827451333313667,1.0000001,0.0003437825
15249,0.3900238808483001,1.0,0.0039987336
15250,0.4972670509111395,1.0,0.00018998508
15251,0.3941672302455444,1.0,0.00017189125
15252,0.3130776126905909,1.0,0.0
15253,0.4653987205242549,1.0,0.00065137737
15254,0.4073601284516699,1.0,0.0013118017
15255,0.3802238410948945,1.0,0.0032930747
15256,0.3196786269653844,1.0,0.0021350703
15257,0.5307108566567155,1.0,0.00070565887
15258,0.3282856374344101,1.0,0.0
15259,0.4321446622589801,1.0,8.142217e-05
15260,0.2971598192185681,1.0,0.00025331342
15261,0.4500505726405238,1.0,0.0024426652
15262,0.2936796743749282,1.0,0.0010584883
15263,0.3965567579499172,1.0,0.00018093816
15264,0.4465708032194203,1.0000001,0.001284661
15265,0.3850929472089738,0.99999994,0.0013570362
15266,0.4092499486853489,1.0,0.0013570362
15267,0.5918239885877443,1.0,0.0018455692
15268,0.2889662642780081,1.0000001,0.0007599403
15269,0.54674685706853,1.0,0.0008051748
15270,0.4086954111744389,1.0,0.0
15271,0.5355656979983168,1.0,0.015524494
15272,0.3034876281820277,1.0,0.0017460533
15273,0.5273347523994243,0.99999994,0.00014475053
15274,0.4545237137465643,1.0,0.0017731941
15275,0.264619269858722,1.0,0.0
15276,0.3013978256314831,0.9999999,0.00014475053
15277,0.3298245075785355,0.99999994,0.00041615777
15278,0.4922700937812732,1.0,9.046908e-06
15279,0.3451355201794252,1.0,9.046908e-06
15280,0.6384797262405445,1.0,0.0009680192
15281,0.4172183906985918,1.0000001,0.00047043923
15282,0.4667500076666752,1.0,0.00059709593
15283,0.4356276456621855,1.0,0.0
15284,0.3482030320293086,0.99999994,0.00016284434
15285,0.3513276890255991,1.0,0.00094992534
15286,0.3257084441470739,1.0,0.0035463881
15287,0.3851290397440048,1.0,0.0050210343
15288,0.2391686185781746,1.0000001,0.00044329852
15289,0.408457596072948,1.0,0.0019360384
15290,0.3299281452428326,0.9999999,0.0
15291,0.7013797530767408,1.0,0.00047043923
15292,0.5389633631861761,1.0000001,0.0010675351
15293,0.3935741837446456,1.0,0.0004252047
15294,0.3521730473467766,1.0000001,0.00082326867
15295,0.4835681104441978,1.0,0.0006332836
15296,0.4630559554422087,1.0,0.0011308636
15297,0.6364477633260206,1.0,0.00018093816
15298,0.5938365662810421,1.0,0.0
15299,0.6150967653605998,1.0,0.007300855
15300,0.343921436954264,1.0,0.0015379743
15301,0.319491404329301,0.99999994,0.00047948613
15302,0.3262011625507146,1.0,0.0025783689
15303,0.5620625671995431,1.0,9.046908e-06
15304,0.4755987802391175,1.0,0.0006604243
15305,0.5957327506667661,1.0,0.00027140725
15306,0.3979381747752389,0.99999994,0.00039806397
15307,0.3116355487680481,1.0,0.00013570362
15308,0.3719999222402718,1.0,0.0013479893
15309,0.6398575071382002,1.0000001,0.0006151898
15310,0.7201863614091696,1.0,0.0025783689
15311,0.3283683985093921,1.0,0.0015108336
15312,0.3665981523064471,1.0,0.00062423665
15313,0.3497588137271109,1.0,0.0003347356
15314,0.2334858722622986,1.0,9.046908e-06
15315,0.3535991696461505,1.0000001,0.00028950107
15316,0.4369658164497518,1.0,0.003256887
15317,0.2901087897924526,1.0,0.0009951598
15318,0.3200004505185552,1.0,0.0012575203
15319,0.5079612289978673,0.9999999,0.0008051748
15320,0.7099869968907428,1.0,0.00023521962
15321,0.5531759697118156,1.0,0.0003437825
15322,0.4147926738812589,1.0,0.00017189125
15323,0.3755436528166665,1.0000001,0.0035192473
15324,0.4424177400365602,1.0,0.0008504094
15325,0.4554468528821416,1.0,0.00071470573
15326,0.574396030987002,1.0,0.0013389424
15327,0.6388891719347456,1.0,0.0022979146
15328,0.4630095584291803,1.0,0.00047043923
15329,0.3082648331317041,1.0,0.0017912878
15330,0.4245616633878825,1.0,0.0006423305
15331,0.2922637425736167,1.0,0.0004523454
15332,0.241169730042355,0.99999994,0.00035282943
15333,0.3005029824185182,1.0,0.0007780341
15334,0.8241034195813896,1.0000001,0.00014475053
15335,0.4622299502278173,1.0,0.0009046908
15336,0.2135327070622264,1.0,0.00018998508
15337,0.5088540064487524,1.0,0.00017189125
15338,0.5171045298502669,1.0000001,0.0058623967
15339,0.412848028428036,0.99999994,0.00028950107
15340,0.4453237075634134,0.99999994,0.002469806
15341,0.2433473719647874,1.0,0.00070565887
15342,0.3495503121708851,0.99999994,1.8093817e-05
15343,0.6953143313975377,1.0,0.00062423665
15344,0.5063235585934664,1.0,0.00047043923
15345,0.7341655995888079,1.0,0.0011941919
15346,0.3580900855745005,1.0,0.0003437825
15347,0.2203419774483553,1.0,0.00083231553
15348,0.269840932275493,0.9999999,0.0
15349,0.2724313290192138,0.99999994,0.0008775501
15350,0.5224164706624742,1.0,1.8093817e-05
15351,0.4640804835888276,1.0,0.006893744
15352,0.2976756211259174,0.99999994,0.0024245714
15353,0.5009373299517501,1.0,9.951599e-05
15354,0.5837581483259836,0.99999994,0.0
15355,0.4349155158465859,1.0,0.00041615777
15356,0.4375756630133683,1.0,8.142217e-05
15357,0.3948888719327285,0.99999994,0.0022888677
15358,0.2991833240432788,0.99999994,0.0031664178
15359,0.3287224268353201,1.0,0.00026236035
15360,0.7087359503717936,0.99999994,0.0026236034
15361,0.2881327877824223,0.99999994,0.0017822409
15362,0.2904671764781533,0.99999994,0.0020355543
15363,0.7404092104523902,0.99999994,0.0022345863
15364,0.2446683594314339,1.0,0.0017098656
15365,0.3836633599315772,1.0,0.0006151898
15366,0.5044907061675643,1.0,0.00028950107
15367,0.3025989633779627,1.0,0.00069661194
15368,0.4815176946561315,0.99999994,0.00036187633
15369,0.3757555811257494,1.0,0.0
15370,0.3497383610505135,1.0,0.00047043923
15371,0.2948576046480814,1.0,0.00024426653
15372,0.2816850550389466,1.0000001,0.000588049
15373,0.5245432041778302,0.99999994,0.00038901705
15374,0.4763911733725358,0.99999994,0.00070565887
15375,0.3158306174310847,1.0,0.0017731941
15376,0.4798916788766955,0.99999994,0.00028950107
15377,0.4151988279468299,1.0,0.002569322
15378,0.368878194348899,1.0,0.00024426653
15379,0.5970757121570115,1.0,0.0
15380,0.4764048780879114,0.99999994,4.523454e-05
15381,0.5355963583595714,1.0,0.00016284434
15382,0.2277729783994161,1.0,0.00079612795
15383,0.6258290846707755,1.0,0.0030940427
15384,0.2900613670194476,0.99999994,0.00065137737
15385,0.2991998735101018,1.0,1.8093817e-05
15386,0.4217830592875771,1.0,0.0016374903
15387,0.4593917638214438,1.0,0.000986113
15388,0.3061036916518544,1.0,0.00071470573
15389,0.2447442380829788,1.0,0.0017822409
15390,0.1805571329643807,1.0000001,0.0002261727
15391,0.3238253593338665,1.0,0.0012122857
15392,0.2375700933964563,0.9999999,0.0009770661
15393,0.8407960225591082,1.0,0.0004252047
15394,0.4534648511767253,1.0,0.00028950107
15395,0.4566752254424783,1.0000001,0.00035282943
15396,0.3982123059090014,0.99999994,0.00012665671
15397,0.2652409596415497,0.99999994,0.0011399104
15398,0.4560301118148151,1.0,0.00041615777
15399,0.4102110426388813,1.0,0.0019993668
15400,0.2322324022519639,0.9999999,0.0009680192
15401,0.3297610419912642,1.0,7.237527e-05
15402,0.3394349153811036,1.0,9.046908e-06
15403,0.879172932293284,1.0,0.00018998508
15404,0.36721960577904,0.99999994,0.0031845118
15405,0.5303553164290326,0.99999994,0.0
15406,0.8503546633096468,0.99999994,0.00057900214
15407,0.3842983730440125,0.99999994,0.00011760981
15408,0.3636962308441347,1.0,0.0029945266
15409,0.5293937485417837,1.0,0.00013570362
15410,0.5064005273591337,1.0,0.00091373775
15411,0.4381375024472168,1.0,0.0013570362
15412,0.4969451575951042,1.0,4.523454e-05
15413,0.3356848892452296,1.0,0.0007780341
15414,0.3018138479323157,1.0,0.00048853306
15415,0.3873021956864592,0.99999994,0.0004252047
15416,0.3286509825237661,1.0,0.00082326867
15417,0.308656871245963,1.0,0.0020355543
15418,0.3632365151744312,1.0,0.0020174605
15419,0.3803912977504419,1.0,0.00037997015
15420,0.3066602240736527,1.0,4.523454e-05
15421,0.4210135051486891,1.0,1.8093817e-05
15422,0.3702819049982358,1.0,0.00018093816
15423,0.5121189122010557,1.0,0.0027321663
15424,0.5118524797147768,1.0,0.0004523454
15425,0.4739488290713717,1.0,0.0050210343
15426,0.7020994296075307,1.0,0.0014836929
15427,0.3056210510938977,1.0,0.0010042068
15428,0.1807283725288789,1.0,2.7140724e-05
15429,0.5377810800117754,1.0,0.00047948613
15430,0.3948564360851933,1.0,0.002270774
15431,0.4977786405656522,1.0000001,0.0006785181
15432,0.5335996712234741,1.0,0.0038630299
15433,0.3088961188561937,1.0,0.0009227846
15434,0.2645578868152122,0.99999994,0.0008775501
15435,0.2711432958248153,1.0,0.000687565
15436,0.3189657358790538,1.0,0.0011399104
15437,0.5241099597478531,1.0,0.0040892027
15438,0.3602349299807763,1.0,0.0010675351
15439,0.7392547901917266,1.0,0.00035282943
15440,0.3565442321766131,1.0,0.00047043923
15441,0.3720172026504856,0.99999994,0.0012303796
15442,0.250518265304636,1.0,0.0001085629
15443,0.2427579583135668,0.99999994,0.0010223007
15444,0.5708270873912525,1.0,0.00016284434
15445,0.2281542115871045,0.99999994,0.0008956439
15446,0.768380275534873,1.0,0.001972226
15447,0.3993437656289114,1.0,0.0003166418
15448,0.3694575761666644,1.0,0.0016646311
15449,0.5723515816804233,1.0,0.001185145
15450,0.5457809593472507,1.0,0.0003166418
15451,0.5392376331357909,0.9999999,0.00028045414
15452,0.3834685069772308,1.0,0.0056362236
15453,0.4801638634893979,1.0,0.0026145566
15454,0.301517907665247,1.0,0.0020446014
15455,0.2751841832259246,1.0,0.0011127697
15456,0.3238671267125265,1.0,0.00065137737
15457,0.3852715080268586,1.0,0.0042791874
15458,0.4866442763742759,0.99999994,0.0006423305
15459,0.3697476545397704,0.99999994,0.0029673858
15460,0.45625022771245,0.9999999,0.00023521962
15461,0.49075192987833,0.99999994,0.00029854797
15462,0.3053667838637035,1.0,0.00036187633
15463,0.4764417646784687,1.0,0.00041615777
15464,0.4074390221447741,1.0,0.0026145566
15465,0.4137464973661955,1.0,9.046908e-06
15466,0.2542873218008752,1.0,0.0012122857
15467,0.3311885447452901,1.0,0.0065590083
15468,0.8110763790088383,1.0,0.00047043923
15469,0.2787753334291825,0.99999994,6.3328356e-05
15470,0.3498786477508125,1.0,0.0012937079
15471,0.4347836224857933,1.0,0.0013479893
15472,0.4784451691942806,0.99999994,0.00029854797
15473,0.5355980005079592,0.99999994,0.00060614286
15474,0.312161208502461,0.99999994,0.007897951
15475,0.5979505021115384,1.0,0.00072375266
15476,0.3201420201732928,1.0,0.0033292621
15477,0.3143839853781628,1.0,0.001275614
15478,0.3469191170607789,1.0,0.001275614
15479,0.3670268800048271,0.99999994,0.0019269915
15480,0.4840394205128627,1.0,0.00024426653
15481,0.3500331629859691,0.99999994,0.00032568868
15482,0.2609566110325009,1.0,0.0016917718
15483,0.4199817338952911,1.0,0.0016917718
15484,0.3223928409762062,0.99999994,0.0009680192
15485,0.5897969469038981,0.99999994,0.00016284434
15486,0.2992872456396231,1.0,3.6187634e-05
15487,0.4488935454376073,1.0,0.00017189125
15488,0.2937405641495915,0.99999994,0.0007780341
15489,0.3156830079219188,1.0,0.0016646311
15490,0.3878364248641335,1.0000001,0.002949292
15491,0.4536112621980872,1.0,0.0013208486
15492,0.3193033712093659,1.0,0.00237029
15493,0.5623904359190075,1.0,1.8093817e-05
15494,0.3485871715102213,1.0,0.0013118017
15495,0.4893698031794301,1.0,2.7140724e-05
15496,0.1944811124973469,1.0,9.046908e-05
15497,0.7517411755824523,1.0,0.0003347356
15498,0.3191094436584646,0.99999994,0.012900891
15499,0.4043402411872951,0.99999994,0.002451712
15500,0.3284326748680838,1.0,0.000687565
15501,0.3182339903551177,1.0,1.8093817e-05
15502,0.3991106118693143,1.0,0.0003075949
15503,0.2762229239068469,1.0,0.00037997015
15504,0.4760396985745805,1.0,9.046908e-06
15505,0.3873521213549503,0.99999994,0.00036187633
15506,0.2889457740946512,1.0,1.8093817e-05
15507,0.4556395916193836,1.0,0.00018093816
15508,0.2668065651422789,0.9999999,0.00048853306
15509,0.3834386413939563,1.0,0.00039806397
15510,0.5247911156580831,1.0,0.0005518614
15511,0.2677172854628446,0.99999994,0.008648844
15512,0.2789254235309927,1.0,0.0024788529
15513,0.3590328553596233,1.0,0.00012665671
15514,0.2989308669984014,1.0,0.0004975799
15515,0.2895878894548194,1.0,0.0010403944
15516,0.4611297997313782,1.0,0.00018998508
15517,0.6542771382503146,1.0,0.000787081
15518,0.4111792330632139,1.0,0.00017189125
15519,0.3673136656292387,1.0,0.0017641471
15520,0.5468582643441887,1.0,0.00015379745
15521,0.6429690366243145,1.0,0.00053376757
15522,0.4844951164697691,0.99999994,0.00037092323
15523,0.3911769184506181,1.0,0.0015560682
15524,0.4442970393730396,1.0,0.00076898717
15525,0.506749906142712,0.99999994,0.00032568868
15526,0.2192429810867592,1.0,0.0010403944
15527,0.6533295040222361,1.0,0.0013479893
15528,0.3655892036517766,0.99999994,0.0016013028
15529,0.5644377581748545,1.0,0.0021803048
15530,0.3379376334702966,1.0,0.006197132
15531,0.5244980654252844,1.0,0.0011308636
15532,0.384239763064554,1.0,0.0010042068
15533,0.5629480057042521,0.99999994,0.00015379745
15534,0.4293228360482394,0.99999994,0.0016646311
15535,0.3342456353300676,1.0,0.00016284434
15536,0.4669434838423943,0.99999994,0.00014475053
15537,0.542744195547324,1.0000001,0.001574162
15538,0.578378670228515,1.0,0.0011399104
15539,0.4054848172213515,1.0,0.0014475053
15540,0.5241714845722463,1.0,0.0005428145
15541,0.3858544846698445,1.0,0.00083231553
15542,0.5733062589032519,1.0,0.0002171258
15543,0.3105534194247789,1.0,0.00028950107
15544,0.3424023738756636,0.99999994,0.00094087847
15545,0.3997351292704496,1.0,3.6187634e-05
15546,0.2815835172296247,1.0,0.00013570362
15547,0.3170671231779181,1.0000001,0.0009770661
15548,0.3698424685481819,0.99999994,0.010051115
15549,0.4098549823021823,1.0,0.000588049
15550,0.3277488612047878,1.0000001,0.0030669018
15551,0.4441746020843123,1.0,0.0
15552,0.2395136650739829,1.0,0.0014022707
15553,0.5170644067292027,1.0,0.0045144074
15554,0.4234147959921993,1.0,2.7140724e-05
15555,0.5063978053580831,0.99999994,0.00060614286
15556,0.403097269564838,1.0,0.0021893517
15557,0.3580502947056718,1.0,0.00069661194
15558,0.4347915294900346,0.99999994,0.0006694712
15559,0.3423920945020986,0.99999994,5.428145e-05
15560,0.3443335463569027,0.99999994,0.0010223007
15561,0.3490584786086475,0.99999994,0.0004975799
15562,0.3014941623218146,1.0,0.0010494414
15563,0.2497188191791912,1.0,0.0004252047
15564,0.3139546175795153,1.0,0.0025874157
15565,0.592208405787851,1.0,7.237527e-05
15566,0.4668794354824321,0.99999994,0.0019179445
15567,0.2666926560262151,1.0000001,0.00041615777
15568,0.6487362822581427,1.0,0.000787081
15569,0.4356652686493093,1.0,0.00038901705
15570,0.3191862779955656,0.99999994,0.0017731941
15571,0.3149019552812878,1.0000001,0.0032659338
15572,0.3589152574618853,0.99999994,0.0023069617
15573,0.4470207771021783,0.99999994,6.3328356e-05
15574,0.4248018061308528,0.99999994,0.0008775501
15575,0.2967816963941678,1.0,0.00085945625
15576,0.6030079768762359,1.0,0.0039082645
15577,0.3358504083384643,1.0,0.0029040575
15578,0.3332150449887757,1.0,0.00017189125
15579,0.3683614097889958,1.0,0.0041887183
15580,0.4531430646449195,1.0,0.00029854797
15581,0.3860118855324128,1.0,0.0004342516
15582,0.3307483757696394,1.0,0.0010946759
15583,0.4180833988600873,0.99999994,0.00057900214
15584,0.3196627259241124,1.0,0.00018093816
15585,0.4429444304017456,1.0,0.0016646311
15586,0.3620455325141334,1.0,0.0005428145
15587,0.7849765743047119,0.99999994,0.0005247207
15588,0.398297137713254,0.99999994,0.00047043923
15589,0.4678741483279655,1.0,0.00038901705
15590,0.5531457382741187,1.0,0.00082326867
15591,0.519710627489423,1.0,0.003048808
15592,0.3389186964568326,0.99999994,0.0006332836
15593,0.4737798862587635,1.0,0.00014475053
15594,0.3622825547982125,1.0,0.0005699552
15595,0.4092926919264896,1.0,0.0017008188
15596,0.3214243587532717,1.0,0.0025783689
15597,0.453871760039758,0.99999994,0.00016284434
15598,0.3039316940448623,0.99999994,0.0042158593
15599,0.3791563350542219,1.0000001,0.0017460533
15600,0.3232846943495515,1.0,0.0011580043
15601,0.4290284460911597,1.0,0.0020807888
15602,0.4064012706997468,0.99999994,9.046908e-06
15603,0.2881930238285761,1.0,0.00023521962
15604,0.3652747455583064,0.99999994,0.0017641471
15605,0.4644439468778641,1.0,0.00039806397
15606,0.3145199781568055,1.0,2.7140724e-05
15607,0.4601222074490219,1.0,1.8093817e-05
15608,0.4046946334771315,1.0,0.0002261727
15609,0.5715851727299389,1.0000001,0.0025783689
15610,0.5295876232184608,0.9999999,0.0036278102
15611,0.6524350113536174,1.0,0.0015379743
15612,0.470131032784373,1.0,0.00081422174
15613,0.3335434928785122,1.0,0.002668838
15614,0.5187868043828543,0.99999994,8.142217e-05
15615,0.4337912946330551,1.0,0.0012937079
15616,0.6969550209659914,1.0,6.3328356e-05
15617,0.6924190319081387,1.0,0.00028045414
15618,0.4016359305847837,0.99999994,0.0018093816
15619,0.3214927757419383,1.0,0.00029854797
15620,0.4048071678360797,1.0,0.00057900214
15621,0.7247778869107957,1.0,0.001185145
15622,0.3641127335041511,1.0,0.0005247207
15623,0.3700953250093043,0.99999994,0.0003075949
15624,0.3594041326803946,0.99999994,0.00015379745
15625,0.6150431822371687,1.0,0.008196499
15626,0.4751834749081697,1.0,0.0050210343
15627,0.311818219271011,0.99999994,0.0021803048
15628,0.6318455632932042,1.0,0.002162211
15629,0.3761727626239275,1.0000001,0.0036187633
15630,0.3643695937712106,1.0,0.0008504094
15631,0.2693467717915585,1.0000001,3.6187634e-05
15632,0.4535286211064816,0.99999994,0.0002171258
15633,0.337194543855173,0.99999994,0.0011399104
15634,0.3858730740759357,0.99999994,0.0018365224
15635,0.3328128391802071,1.0000001,9.046908e-06
15636,0.2273592568522486,1.0000001,0.001384177
15637,0.4980946308160012,1.0,0.0007508934
15638,0.3426618556804759,1.0,0.009092143
15639,0.3376118554535498,0.9999999,0.002569322
15640,0.4116976644985413,0.99999994,0.0005518614
15641,0.501777453909638,1.0,0.00047043923
15642,0.3978171489491997,1.0,6.3328356e-05
15643,0.3802923005562552,0.99999994,0.0018636631
15644,0.3885711566447183,1.0,0.0002171258
15645,0.4556681011080695,1.0,0.0004975799
15646,0.4756475906951722,1.0,0.0019450852
15647,0.6269369924544842,1.0,1.8093817e-05
15648,0.3369714342210064,1.0,0.0028407292
15649,0.3470936709557721,1.0,0.002071742
15650,0.4083688768892509,1.0,0.012104764
15651,0.438459341789728,1.0,0.00011760981
15652,0.6389467680767364,1.0,0.0004975799
15653,0.4890463325672669,1.0000001,0.0
15654,0.2928906184931214,0.99999994,0.00060614286
15655,0.451038051081393,1.0,0.0019269915
15656,0.3625428949051554,0.99999994,0.004650111
15657,0.3596580040612604,1.0,0.00039806397
15658,0.3057202469878024,1.0,0.00041615777
15659,0.3242627981938107,1.0,0.000787081
15660,0.3002802161137296,0.99999994,0.0006694712
15661,0.2528263954926182,1.0,0.000787081
15662,0.3834284113751662,1.0,0.0001085629
15663,0.522740741548359,1.0,0.0006604243
15664,0.6157949799050263,0.99999994,0.0
15665,0.6150967653605998,1.0,0.0009046908
15666,0.2616060577832871,1.0,0.00093183154
15667,0.3702134560142486,1.0,0.00044329852
15668,0.3723380060082324,1.0,0.0012394264
15669,0.4067017020440884,1.0,0.00065137737
15670,0.7110340450532018,1.0000001,0.0003166418
15671,0.3298595463322083,0.99999994,0.0014655992
15672,0.6229091746548312,0.99999994,0.0029673858
15673,0.5490083808467906,0.99999994,0.0
15674,0.2939491097842184,1.0,0.00047948613
15675,0.3841482869526151,1.0,0.00084136246
15676,0.3568840162081698,1.0,0.00040711087
15677,0.5643457689265675,0.99999994,0.020446012
15678,0.6076734420836004,0.99999994,0.000588049
15679,0.390838816078295,1.0,0.0016374903
15680,0.3004987542080234,0.99999994,0.0012394264
15681,0.3841944984957137,0.99999994,0.00029854797
15682,0.4271718720580252,1.0,0.0011670511
15683,0.4035660720939941,1.0000001,0.00013570362
15684,0.3274349827495078,1.0,0.0031754647
15685,0.5004192567676867,0.99999994,0.002162211
15686,0.2792080543007731,1.0,0.00014475053
15687,0.2838349925850663,1.0000001,0.00026236035
15688,0.3618128694665016,1.0,0.0018274755
15689,0.3833838905291758,1.0,0.0021893517
15690,0.4304076667344475,1.0,0.00011760981
15691,0.395677624945458,0.99999994,0.00015379745
15692,0.4184082965063317,0.99999994,0.0015017868
15693,0.4507671286907664,1.0,0.0015651152
15694,0.5010012660027953,1.0,0.00041615777
15695,0.4453237075634134,1.0000001,0.00076898717
15696,0.4390493669679089,1.0,0.00374542
15697,0.4903795703425924,1.0,0.00029854797
15698,0.5800752203491074,1.0,0.0017822409
15699,0.2580482799203032,1.0,0.0013932239
15700,0.4547701713578772,1.0,0.0003075949
15701,0.4690258840690214,1.0,0.0014565522
15702,0.5373593188161019,0.99999994,0.0006332836
15703,0.6275173240078049,0.99999994,0.003455919
15704,0.3421673717420272,1.0,0.00032568868
15705,0.3494326078459674,1.0,0.004903424
15706,0.3390529361078399,0.99999994,0.0011941919
15707,0.3917084599063474,1.0,0.00011760981
15708,0.3234377590625993,1.0,0.00095897226
15709,0.3050622952664094,1.0,0.0008775501
15710,0.521442221062352,1.0,0.0001085629
15711,0.6547572586114975,1.0,1.8093817e-05
15712,0.3304712455679084,1.0,0.001384177
15713,0.4142547206055303,1.0000001,0.00026236035
15714,0.4856125049086353,1.0,0.00025331342
15715,0.6780576051359055,1.0,0.0005247207
15716,0.4942996244625763,1.0,0.0
15717,0.4117622472993378,1.0,0.002270774
15718,0.2600775213921219,1.0,0.0013932239
15719,0.5391452768589452,1.0,0.001384177
15720,0.1938667017514403,0.99999994,0.0005428145
15721,0.5492723473634167,1.0,0.00018093816
15722,0.5470365901338952,1.0,0.00040711087
15723,0.4508050228666572,1.0,0.0001085629
15724,0.4243270962214298,1.0,0.00037997015
15725,0.3239822926127527,1.0,0.002162211
15726,0.3647649199624751,1.0,0.0013479893
15727,0.3474286338749167,1.0,0.00028950107
15728,0.3426568074384139,1.0,0.0008685032
15729,0.3209136614547853,1.0,0.00039806397
15730,0.3562050906470348,1.0,0.00019903199
15731,0.6605447311308005,1.0,0.0005699552
15732,0.3641263137870764,0.99999994,0.0011037228
15733,0.22023694360041,1.0,0.00023521962
15734,0.3434048677974703,1.0,0.0028316823
15735,0.6719593298719121,0.99999994,0.0005247207
15736,0.4066546170527718,1.0,0.00011760981
15737,0.4966586490852291,1.0000001,0.001384177
15738,0.6431287748783991,1.0,0.00013570362
15739,0.4140040708366617,1.0000001,0.00024426653
15740,0.2840211570465029,1.0,3.6187634e-05
15741,0.4306429938050516,0.99999994,0.0012575203
15742,0.4045129140513971,1.0,0.0014565522
15743,0.2793033759524517,1.0000001,0.0013479893
15744,0.5138571253644686,1.0,0.0058714435
15745,0.410153165051623,1.0,0.0021531642
15746,0.3485254083383753,0.99999994,0.0015289275
15747,0.2450147605215748,1.0,0.00035282943
15748,0.569097316036262,0.99999994,0.0010946759
15749,0.4350892611775604,1.0000001,0.0
15750,0.3116216873391261,1.0,0.0014927399
15751,0.3241348316045371,0.99999994,3.6187634e-05
15752,0.2657754521605226,1.0,2.7140724e-05
15753,0.3255813613412011,0.99999994,0.00025331342
15754,0.4307768991654931,1.0,0.0003347356
15755,0.5191954410852601,1.0,0.00016284434
15756,0.3566904305031595,0.99999994,0.0013570362
15757,0.7566919516269797,1.0,3.6187634e-05
15758,0.6093212968475079,0.99999994,6.3328356e-05
15759,0.3507905177912609,0.99999994,0.003636857
15760,0.4846318849531632,1.0,0.0040982496
15761,0.2892337749125689,1.0,2.7140724e-05
15762,0.2972160379909568,0.99999994,0.0013118017
15763,0.7692616331559881,1.0,0.0002171258
15764,0.2894443129826969,1.0,0.00071470573
15765,0.4259857010022932,0.99999994,0.00025331342
15766,0.2808102471574188,1.0,8.142217e-05
15767,0.304742708094648,1.0,9.046908e-06
15768,0.2854818173487804,1.0,1.8093817e-05
15769,0.2175634234270113,1.0,3.6187634e-05
15770,0.6306492742982247,0.9999999,0.00065137737
15771,0.3433043072464374,1.0,0.0015289275
15772,0.2818812732896077,1.0,0.0002171258
15773,0.3758302077111143,1.0,0.0004613923
15774,0.3465246178045516,1.0000001,0.00069661194
15775,0.4338573474411504,0.99999994,0.0013298955
15776,0.5437774842714408,1.0000001,0.00039806397
15777,0.2614193860092228,1.0000001,0.0002171258
15778,0.4075850905467474,0.99999994,4.523454e-05
15779,0.4746584003054984,1.0,0.0034016375
15780,0.3685981369598531,1.0,0.00018998508
15781,0.4596092031439517,1.0,0.00085945625
15782,0.3654360671518213,1.0,0.0008504094
15783,0.4593579895402955,1.0,0.00020807888
15784,0.2671984284000753,1.0,0.00011760981
15785,0.4915601303897832,1.0,0.0018003348
15786,0.3084882050121216,1.0,9.046908e-06
15787,0.5883204155919386,1.0,0.001972226
15788,0.4934289305549694,1.0,0.00053376757
15789,0.6773074736039888,1.0,0.00013570362
15790,0.2805519636201267,1.0,0.00018998508
15791,0.3518048363911344,1.0,0.0003166418
15792,0.3858119605312694,0.99999994,0.00023521962
15793,0.3914888341414721,1.0,9.951599e-05
15794,0.4126044988390711,1.0,0.0003347356
15795,0.4811838033871636,1.0,0.0002171258
15796,0.5516468731484104,1.0,0.0003166418
15797,0.3586906688660055,1.0,0.0014203646
15798,0.2976772559977803,1.0,0.0002261727
15799,0.3386462587583119,1.0000001,0.0035282942
15800,0.2220223540508885,1.0,4.523454e-05
15801,0.2851734707045166,1.0,0.0008051748
15802,0.5617478438641709,1.0000001,0.0010132537
15803,0.7373790695830998,0.99999994,0.0008956439
15804,0.4823705848374558,1.0,0.00035282943
15805,0.446957717470631,1.0,0.00014475053
15806,0.330580565075584,1.0,0.0006694712
15807,0.4642799733017083,0.99999994,0.0006785181
15808,0.4370773559566934,1.0,1.8093817e-05
15809,0.455696166468147,1.0,3.6187634e-05
15810,0.3271497954981095,1.0,0.0
15811,0.4523438015723319,0.99999994,0.00018998508
15812,0.5392376331357909,1.0000001,0.0003166418
15813,0.4022168997731034,1.0,0.0029673858
15814,0.5333397235843345,1.0,0.0033292621
15815,0.4376396792006832,1.0000001,0.000588049
15816,0.335231856539286,1.0000001,0.0013118017
15817,0.3761727626239275,1.0,0.00014475053
15818,0.3523336218481228,1.0,0.0004975799
15819,0.2381229319175548,0.99999994,0.0023612431
15820,0.3820500009435723,1.0,0.0023069617
15821,0.2883052305960335,1.0,0.0018455692
15822,0.4790493810803282,1.0,0.0006785181
15823,0.59930442621034,1.0,0.00071470573
15824,0.4466229596314745,0.99999994,0.0004523454
15825,0.3598464027393928,1.0000001,0.0005156738
15826,0.5024904332030355,0.9999999,0.00050662685
15827,0.2618847127949424,1.0,0.00020807888
15828,0.2841046897450852,1.0,0.00028950107
15829,0.6249825845622158,1.0000001,0.0003347356
15830,0.3309539871681964,1.0,0.00041615777
15831,0.6455600910496114,1.0,0.0010313476
15832,0.341822071639153,0.99999994,0.0014384585
15833,0.3429234289784772,1.0,0.0004523454
15834,0.2646856323355225,0.9999999,0.0
15835,0.3358618673542861,1.0,0.0010403944
15836,0.3430563362600111,1.0,9.046908e-06
15837,0.4370731907086693,1.0,0.00083231553
15838,0.50108315371966,1.0,9.046908e-05
15839,0.3314627827885132,1.0,0.0023793369
15840,0.5986475810182361,1.0,0.0004975799
15841,0.4769063939447316,1.0,0.00025331342
15842,0.4267463286686391,1.0,4.523454e-05
15843,0.2933429869151333,1.0,0.00015379745
15844,0.4435397484509686,1.0,0.00016284434
15845,0.3378575650968535,1.0000001,0.0015922559
15846,0.3846649996449837,1.0,0.00412539
15847,0.3753512498406651,0.99999994,0.001275614
15848,0.3354151096717955,1.0,0.0023883837
15849,0.1572166717230866,1.0,0.00082326867
15850,0.4986500988517307,1.0,0.00025331342
15851,0.4366160097529342,1.0,0.00015379745
15852,0.3706457570630454,1.0,0.0020355543
15853,0.4001784653880701,1.0000001,0.0016465373
15854,0.4308196074295097,0.99999994,0.0010494414
15855,0.4004920606629752,1.0,0.0024155246
15856,0.4435061005694706,0.99999994,6.3328356e-05
15857,0.2963646217890216,1.0,0.00032568868
15858,0.5156111415788879,1.0,5.428145e-05
15859,0.2724736584434128,1.0,0.0010132537
15860,0.8110763790088383,1.0,0.00032568868
15861,0.558034664376674,1.0,0.0007508934
15862,0.4018678591206914,0.99999994,0.0010675351
15863,0.2571990185421154,1.0,7.237527e-05
15864,0.3138201814518291,1.0,0.0001085629
15865,0.3274037948589327,0.9999999,0.0006332836
15866,0.5865725002949259,1.0,0.0011670511
15867,0.8524133850628336,0.9999999,0.00018093816
15868,0.428575792025686,1.0,0.0008956439
15869,0.3419106521230875,0.99999994,0.0028950106
15870,0.319592473938945,1.0,0.0011218166
15871,0.5841840769484327,1.0,0.00038901705
15872,0.3472105419251726,0.99999994,0.00039806397
15873,0.4082831546651112,1.0,3.6187634e-05
15874,0.4301506160201473,0.99999994,0.0045144074
15875,0.4989460340913133,1.0,0.0013208486
15876,0.3876569817710177,1.0,0.00062423665
15877,0.2693001071449168,1.0000001,0.00057900214
15878,0.6150569761006356,1.0,0.006568055
15879,0.3315454250116105,1.0,0.00071470573
15880,0.6054382703740621,1.0,0.001185145
15881,0.4819778765696954,1.0,0.0013298955
15882,0.3189887789005809,1.0,0.00015379745
15883,0.3003563698511402,1.0,0.0010403944
15884,0.4777798417956806,1.0,0.00275026
15885,0.7190645357707617,1.0,0.00018093816
15886,0.3258788304701881,1.0,1.8093817e-05
15887,0.3744143756441913,1.0000001,0.00013570362
15888,0.3055063048663611,0.99999994,0.0016555842
15889,0.5811101361672317,1.0,0.0043153754
15890,0.3946545561815101,0.99999994,0.0003347356
15891,0.224715594994965,1.0,4.523454e-05
15892,0.2858114961648955,0.99999994,0.00041615777
15893,0.4680094451261929,1.0,0.0016917718
15894,0.4641119416459672,1.0,0.0019903197
15895,0.4274728407298689,1.0,0.00018093816
15896,0.2885566592972902,1.0,0.0005609083
15897,0.303757940850709,1.0,0.0010403944
15898,0.453044894265029,1.0,0.0021803048
15899,0.3470915405667889,1.0,0.00084136246
15900,0.5880281485748431,1.0,0.0005156738
15901,0.2535835500660408,1.0,9.046908e-05
15902,0.597733098132819,1.0,0.00036187633
15903,0.4944745857163489,1.0,0.0050572217
15904,0.4921244731710178,1.0,0.00016284434
15905,0.4294483118133508,1.0,0.0019812728
15906,0.2278416616251503,0.99999994,0.0006604243
15907,0.375660582595388,1.0,0.0015470213
15908,0.4132678594718129,1.0,0.001185145
15909,0.7247778869107957,1.0,0.0007780341
15910,0.2545959265150881,1.0,0.00082326867
15911,0.3913526039958662,1.0,0.00018093816
15912,0.4473966754732457,1.0,0.00047948613
15913,0.3954833202812693,1.0,0.0006332836
15914,0.2114513983465638,1.0,0.0
15915,0.4898588587810927,0.9999999,0.0003166418
15916,0.6786248395634079,0.99999994,1.8093817e-05
15917,0.7970179310357319,1.0,0.00012665671
15918,0.5054266126281078,0.99999994,0.0016555842
15919,0.4460693412245817,1.0,0.0027412132
15920,0.4882673497691028,0.99999994,0.00017189125
15921,0.6343015001350782,1.0,0.0003075949
15922,0.531051742837284,1.0,0.00091373775
15923,0.3735373563834562,1.0,0.0
15924,0.3844522742617552,1.0,0.0012575203
15925,0.3756150395325051,1.0,0.001972226
15926,0.4404407348384024,1.0,0.000787081
15927,0.6373108922786132,0.99999994,0.0
15928,0.3140197321241625,1.0,0.0025874157
15929,0.3257006807359404,1.0,0.0026055095
15930,0.4300528860578037,1.0,0.0003347356
15931,0.449999336609004,1.0,0.0045053605
15932,0.2831292277149663,1.0000001,0.00083231553
15933,0.2700051443452534,1.0,0.0011218166
15934,0.2835758606572029,1.0,0.000588049
15935,0.39564757656437,0.99999994,0.0004252047
15936,0.3296928954277429,1.0,0.00083231553
15937,0.3290538328843782,1.0,0.0008685032
15938,0.3852374197084467,1.0,0.00024426653
15939,0.3979380911629145,1.0,0.0038630299
15940,0.3419974117250877,1.0,0.00026236035
15941,0.372450320908821,0.99999994,0.0040077805
15942,0.2426652653353398,1.0000001,0.00324784
15943,0.3141895654698038,1.0000001,0.00047043923
15944,0.4494434086208818,1.0,0.00028045414
15945,0.3547656668208496,0.99999994,0.0034016375
15946,0.5064709404821566,1.0000001,0.0
15947,0.422335487470668,1.0,0.00016284434
15948,0.5636723219188394,1.0,0.00018093816
15949,0.5188768410171708,0.99999994,0.0008051748
15950,0.4962096749366361,1.0,0.0017551002
15951,0.4576079306823565,1.0,0.0004523454
15952,0.3386733521704146,1.0,0.0018365224
15953,0.4740842122165759,1.0,0.00032568868
15954,0.3662573458519232,1.0,0.00047948613
15955,0.3529490628975956,1.0,0.00412539
15956,0.3192835344886638,1.0,0.0011670511
15957,0.2902210336251467,1.0,0.0013208486
15958,0.2543217463734407,1.0,7.237527e-05
15959,0.3671069877389162,1.0,0.00020807888
15960,0.3481814462885044,0.99999994,0.004423938
15961,0.3723977097108076,1.0,0.008884064
15962,0.3621233960987565,1.0,0.0037725607
15963,0.4759317005903428,1.0000001,0.0030397612
15964,0.4751718110912972,1.0,9.951599e-05
15965,0.4313864456583732,1.0,9.951599e-05
15966,0.2875888927795674,0.9999999,0.0012394264
15967,0.6324712912904934,1.0,0.0003437825
15968,0.2834884174856112,1.0000001,6.3328356e-05
15969,0.3697416116861117,1.0,0.00070565887
15970,0.4509699469349651,1.0,0.0008051748
15971,0.7155945786421256,1.0,0.000687565
15972,0.4033154884284939,0.99999994,0.00032568868
15973,0.4009570550872264,1.0000001,0.0024969466
15974,0.2643938106376162,1.0,9.951599e-05
15975,0.4042388501444704,1.0,0.00019903199
15976,0.5539165935951806,1.0,7.237527e-05
15977,0.4868310971869473,1.0,0.00039806397
15978,0.354524141683886,1.0,0.0045867823
15979,0.3923309106079187,0.99999994,0.0020355543
15980,0.5984055880446995,1.0,0.001972226
15981,0.5342209797748363,1.0,0.0002171258
15982,0.3472105419251726,1.0,0.00023521962
15983,0.3556079113509915,1.0000001,0.0018365224
15984,0.202773587821757,1.0,0.00012665671
15985,0.3455527725692551,1.0,2.7140724e-05
15986,0.3455011201357664,1.0,0.0010313476
15987,0.6068426485597374,1.0,0.00012665671
15988,0.4845265949754346,0.99999994,0.0020265074
15989,0.4806540197912687,1.0,0.0007780341
15990,0.3015757931862254,1.0,0.0010132537
15991,0.3067024383062905,0.99999994,0.0011670511
15992,0.402953642186329,1.0000001,0.0003347356
15993,0.312712366453404,1.0,0.00015379745
15994,0.3143171872008876,1.0,0.0023160086
15995,0.3216441594761071,1.0,0.0006785181
15996,0.3687360644600033,1.0000001,0.00044329852
15997,0.4801216752350976,1.0,0.001673678
15998,0.5494583208974012,1.0,0.0010132537
15999,0.2668516101979989,1.0,0.00026236035
16000,0.3712625532148954,1.0,0.00083231553
16001,0.5681525405108003,1.0,0.0002261727
16002,0.8803067562381045,1.0,9.046908e-06
16003,0.2449222673214142,1.0,0.00029854797
16004,0.3901498556666208,1.0000001,0.0019541322
16005,0.1876689062432942,1.0,0.00074184645
16006,0.3552194519368651,1.0,0.0
16007,0.6024578985621187,1.0,0.002162211
16008,0.3229438885628915,1.0,0.001574162
16009,0.2501105860698073,1.0,0.000588049
16010,0.5544193825986296,1.0,3.6187634e-05
16011,0.2976064717193035,1.0,0.0002171258
16012,0.409611226489903,1.0,0.0005699552
16013,0.5034968749278347,1.0,0.0039896867
16014,0.2996708482606272,1.0,0.00069661194
16015,0.278831280646661,0.99999994,0.0008685032
16016,0.4119035225714715,1.0,0.0014294115
16017,0.4349239302515194,1.0,0.0014475053
16018,0.4147160338788279,0.99999994,0.0004523454
16019,0.2306260317800454,1.0,7.237527e-05
16020,0.5188768410171708,1.0,0.0009227846
16021,0.2777311534264508,0.99999994,0.0078074816
16022,0.5484943885611416,0.99999994,0.0014655992
16023,0.4236569731840417,0.99999994,9.046908e-06
16024,0.451036499304931,0.99999994,0.00093183154
16025,0.4150127362926018,0.9999999,0.00044329852
16026,0.5561234381009085,1.0,0.003256887
16027,0.3644036712333613,1.0000001,0.0026236034
16028,0.4766128549106659,1.0,0.0021893517
16029,0.3810103640213563,1.0,0.0004252047
16030,0.3132277234349642,1.0000001,0.00082326867
16031,0.2812486708476077,1.0000001,0.0015017868
16032,0.5971310271195065,1.0,0.00094992534
16033,0.6479960764800448,0.99999994,0.00028045414
16034,0.3498364865932145,1.0,9.951599e-05
16035,0.3011658597765831,1.0,0.0024878997
16036,0.2339182942868043,1.0,0.0001085629
16037,0.3526449622887042,1.0,0.0016917718
16038,0.3258683047287663,1.0,0.0018817569
16039,0.3856392424072776,1.0,0.00088659703
16040,0.4379392297849416,1.0,0.0006423305
16041,0.4839942702154164,1.0,0.0007780341
16042,0.4327342621382549,1.0,0.00038901705
16043,0.4094205721627271,1.0,0.0022074457
16044,0.4282211093887378,1.0,0.00012665671
16045,0.6546153803238238,1.0,9.046908e-06
16046,0.2806547271342621,1.0000001,0.0003166418
16047,0.3688582285464468,1.0,0.0006604243
16048,0.5636916116931577,1.0,0.00011760981
16049,0.4058561892804822,0.99999994,0.00029854797
16050,0.2623731193419349,1.0,0.0010675351
16051,0.45266674033576,1.0,0.00038901705
16052,0.6064342957009442,0.99999994,0.0012213326
16053,0.3629046838209088,0.99999994,0.00029854797
16054,0.3392889066623816,1.0000001,0.00018998508
16055,0.3473360824498982,1.0,0.00025331342
16056,0.2141533692287226,1.0,0.00040711087
16057,0.3262157183675193,0.99999994,0.00014475053
16058,0.7029143031115329,1.0,0.005708599
16059,0.275588302214739,1.0,0.0014203646
16060,0.6987618056703099,1.0,0.0043877503
16061,0.4423168092858389,1.0,0.0007599403
16062,0.4569542666713437,1.0,0.0005156738
16063,0.3226806707943488,1.0,0.0020265074
16064,0.3879763297801444,1.0,0.0009227846
16065,0.5968851500229589,0.99999994,0.00039806397
16066,0.3568439423244198,1.0,0.00028045414
16067,0.3132900202665854,1.0,0.0007508934
16068,0.1868531292128928,0.99999994,0.00048853306
16069,0.3585050256580009,1.0,0.0003075949
16070,0.5441789063818174,0.99999994,0.0003437825
16071,0.4066435261371157,1.0,2.7140724e-05
16072,0.5608570388367434,1.0,0.00017189125
16073,0.445057818402103,1.0,0.00016284434
16074,0.4793428419080128,1.0,0.005247207
16075,0.4263279066567552,0.99999994,0.00048853306
16076,0.3663176049170314,1.0,0.0010584883
16077,0.7165265309684796,1.0,0.0017641471
16078,0.3382158308361621,1.0,0.00047948613
16079,0.4462349918850648,0.99999994,0.0014565522
16080,0.3736235294177454,1.0000001,1.8093817e-05
16081,0.6347901230357906,1.0,0.0027231195
16082,0.2932898713581076,1.0,0.0005518614
16083,0.3884085385467957,1.0,0.00037092323
16084,0.6893258392195548,1.0,2.7140724e-05
16085,0.4579268769988717,1.0,0.0019812728
16086,0.3902546131367282,1.0,0.0031935587
16087,0.7149296272293415,1.0,0.0020898357
16088,0.2859349753070198,0.99999994,0.0012937079
16089,0.3151334719822685,0.9999999,0.0056814584
16090,0.8524133850628336,1.0,0.00019903199
16091,0.2883196792686185,1.0,0.0004342516
16092,0.4876027655654558,1.0,0.0
16093,0.6989239395749178,0.99999994,1.8093817e-05
16094,0.295478952802886,1.0,0.00013570362
16095,0.5199907172012159,0.99999994,0.00040711087
16096,0.7505948250814094,1.0,0.0017822409
16097,0.3237279813580231,1.0,0.0009680192
16098,0.6349316067133415,1.0000001,0.00029854797
16099,0.4169426731204455,1.0,0.00044329852
16100,0.2491619524209622,1.0,0.0010223007
16101,0.2321348305713673,0.99999994,0.0004342516
16102,0.3169427826127658,0.99999994,9.046908e-06
16103,0.3952654071228024,1.0,0.0
16104,0.6983487053283803,1.0,0.0043606097
16105,0.5462553703933378,1.0,0.0
16106,0.2814293665577526,1.0,0.00012665671
16107,0.2039862154650008,1.0,0.00040711087
16108,0.3698689151043686,1.0,0.00016284434
16109,0.4197669640982175,1.0,0.0013479893
16110,0.2350988063066424,1.0,0.0024788529
16111,0.7649709110851275,1.0,0.0021350703
16112,0.5045482853018949,1.0,0.0047858143
16113,0.3018165967987527,1.0,0.00036187633
16114,0.622117537364382,1.0000001,4.523454e-05
16115,0.2787762194212229,1.0,0.0026959786
16116,0.2575358935006946,1.0,0.0025874157
16117,0.5214710821740464,1.0000001,0.0
16118,0.4437751731116316,1.0000001,0.0005699552
16119,0.5220085750451204,1.0000001,0.00014475053
16120,0.3497869556126076,1.0,0.0002261727
16121,0.4383604271025121,1.0,0.00038901705
16122,0.2618304050964937,0.99999994,8.142217e-05
16123,0.5827281106949979,1.0,0.0013208486
16124,0.2842021078144956,0.99999994,2.7140724e-05
16125,0.2279392713350097,1.0,0.00019903199
16126,0.3772113631918306,1.0,0.007065635
16127,0.5052399537599522,1.0,0.00059709593
16128,0.410844175844828,1.0,0.0011580043
16129,0.251824748389155,1.0,0.0001085629
16130,0.3449467320952942,1.0,0.001284661
16131,0.3494677059394777,1.0,0.0050753155
16132,0.3699712799876989,1.0,0.00018093816
16133,0.5133311783443684,1.0,0.0012937079
16134,0.2800072657225927,1.0,0.002668838
16135,0.230650457737505,1.0,0.0002261727
16136,0.4158671440076413,0.99999994,0.00028045414
16137,0.857619717464064,1.0,0.00057900214
16138,0.3469660993832484,0.99999994,0.00028045414
16139,0.3386524624864098,1.0,0.0020084137
16140,0.6131172738960178,0.99999994,0.0005156738
16141,0.3591370157833417,1.0,0.0026959786
16142,0.332509491104424,1.0,0.00035282943
16143,0.3530014638603946,1.0000001,0.00017189125
16144,0.3373899726796495,1.0,0.00017189125
16145,0.38171596021772,1.0,0.00018998508
16146,0.3624647237373233,1.0,0.0
16147,0.6561071556109638,0.99999994,0.0055638487
16148,0.2999240945957998,0.99999994,0.00027140725
16149,0.2318266844551689,1.0,0.00018093816
16150,0.2404270231437948,0.99999994,0.00069661194
16151,0.4284814787091095,1.0,0.0050753155
16152,0.4921217004641685,1.0,0.003636857
16153,0.2590408221121602,1.0,0.00093183154
16154,0.4760835442813576,1.0,0.001176098
16155,0.4342083206041172,1.0,0.00070565887
16156,0.3354697487415864,1.0,0.0002171258
16157,0.301911165403768,1.0000001,0.00035282943
16158,0.6428220377447372,0.99999994,0.002849776
16159,0.4296737964999916,0.99999994,0.0005518614
16160,0.3542168331714403,1.0,0.00057900214
16161,0.4760835442813576,1.0,0.0016284435
16162,0.4504925503770355,1.0,0.00019903199
16163,0.3619795669231189,0.99999994,0.0010132537
16164,0.2866082503689566,1.0,0.0038720767
16165,0.5798963080614435,0.99999994,0.0004613923
16166,0.364685041116747,0.99999994,0.0
16167,0.3197988776193913,0.99999994,2.7140724e-05
16168,0.3780114851330551,0.99999994,0.00038901705
16169,0.3043152655527061,0.99999994,0.00023521962
16170,0.3221788140295002,1.0,1.8093817e-05
16171,0.6244152696766869,1.0,2.7140724e-05
16172,0.5049724201156015,0.99999994,0.0007327996
16173,0.2939580089676167,1.0,0.0013298955
16174,0.2478150939175806,1.0,0.0020355543
16175,0.4219369468005978,1.0,0.005717646
16176,0.3458915403895472,1.0,0.0014655992
16177,0.5205207022282997,1.0,0.0
16178,0.3615730980098399,1.0,0.0046862983
16179,0.3409188833941419,1.0,0.0027954946
16180,0.342628610309549,1.0000001,0.00028045414
16181,0.3401240661357264,1.0,0.0012213326
16182,0.362423965189111,1.0,0.0015832089
16183,0.4855945060368302,1.0,0.00018998508
16184,0.3695083933048383,1.0000001,0.0021983988
16185,0.4275695481167739,1.0,0.00027140725
16186,0.4087333165713386,1.0,0.00059709593
16187,0.4595279717590532,0.9999999,0.0004975799
16188,0.3642442791366509,1.0,0.00082326867
16189,0.5859974666425484,1.0,0.00018998508
16190,0.2850503127129806,0.99999994,0.00011760981
16191,0.2806790756282846,0.99999994,0.0004342516
16192,0.5699529415395413,1.0,0.0009680192
16193,0.3320385487835883,1.0000001,0.0018093816
16194,0.2859710743075923,1.0,0.00023521962
16195,0.7095445302235345,0.99999994,0.0011218166
16196,0.3754298593811688,1.0,9.046908e-05
16197,0.3664103395253744,1.0,0.00037092323
16198,0.3893549932674472,0.99999994,0.001673678
16199,0.3638002681604236,1.0,1.8093817e-05
16200,0.7983555324790382,0.99999994,0.007689872
16201,0.3316426206388464,1.0,0.0015922559
16202,0.3666562793121481,1.0,0.0017370064
16203,0.528860772806209,1.0,9.046908e-06
16204,0.3658113583704687,0.99999994,0.00053376757
16205,0.3048829998892554,1.0,0.0010403944
16206,0.3345966378653983,0.99999994,0.0009951598
16207,0.3704008094361745,1.0,0.00047948613
16208,0.326984595509154,0.99999994,0.0002171258
16209,0.2731591158057374,1.0,0.001474646
16210,0.2289585009412655,1.0,0.0012213326
16211,0.5984627508182124,1.0000001,0.0
16212,0.2631484642092466,1.0,0.000787081
16213,0.3191884478517373,1.0,0.0018998507
16214,0.4080778370956985,1.0,0.00085945625
16215,0.3088874418780935,1.0,3.6187634e-05
16216,0.3112881661677203,1.0,0.0
16217,0.4477657725527039,0.99999994,0.0059981
16218,0.3797392814015701,0.99999994,0.00084136246
16219,0.4061943712722826,1.0000001,0.00012665671
16220,0.2635611589344761,1.0,0.0016284435
16221,0.5541081184613402,1.0,0.00074184645
16222,0.4527978151666202,1.0,0.0065499614
16223,0.3357777173636825,1.0,0.0031392772
16224,0.4108530001233486,1.0,0.005545755
16225,0.4983851194101069,1.0,0.00023521962
16226,0.2859609072831964,1.0,0.0003437825
16227,0.3116710346684843,1.0,0.00032568868
16228,0.3024724147051889,1.0,0.0
16229,0.4278645415183009,0.99999994,0.00020807888
16230,0.4544490801037218,1.0,0.0029402452
16231,0.5518719225137027,0.99999994,0.006866603
16232,0.6633619978960649,1.0,0.0037725607
16233,0.3496216333028287,1.0,0.0016193966
16234,0.612881064336762,0.99999994,0.0010765821
16235,0.358598519718276,1.0,0.0010132537
16236,0.3758958737435358,1.0,0.0012394264
16237,0.3975545336653399,1.0,0.0016646311
16238,0.417869299649211,1.0000001,0.0003347356
16239,0.2209682627936509,1.0,0.00040711087
16240,0.3972719719659335,1.0000001,0.0015198806
16241,0.4716166619797154,0.99999994,0.0004342516
16242,0.5673277253198098,0.99999994,0.004324422
16243,0.4775116009688331,1.0,0.00076898717
16244,0.3014638428775751,1.0,0.0003075949
16245,0.4614144313911392,1.0,0.00079612795
16246,0.3184979822006619,1.0,0.0017189125
16247,0.5340916518041383,1.0,0.0005247207
16248,0.3427854666355142,1.0,0.0012394264
16249,0.571134797471029,1.0000001,0.00012665671
16250,0.1752700349018807,1.0,0.00050662685
16251,0.4041289224026437,1.0,0.0027231195
16252,0.4010004129336353,0.99999994,0.0037906545
16253,0.5086295190143347,1.0,0.0004613923
16254,0.7350504047848275,1.0,0.0003347356
16255,0.3208456549564341,1.0,0.0018908038
16256,0.5521379538588639,1.0,0.00040711087
16257,0.4864107304209947,1.0,0.0008685032
16258,0.6300760025179651,0.99999994,0.00065137737
16259,0.2131028132522077,1.0,0.00071470573
16260,0.3700141209689234,1.0,0.00026236035
16261,0.4097276634377631,1.0,0.0008956439
16262,0.3002162818311895,1.0,0.005518614
16263,0.2841523340196719,0.99999994,0.0015198806
16264,0.3313585371587597,1.0,0.0002261727
16265,0.3482706834858126,0.9999999,0.00237029
16266,0.2366593470629829,1.0,0.00084136246
16267,0.6251546720758315,1.0,0.00028045414
16268,0.3586531332462796,1.0,0.00041615777
16269,0.3199850729877945,0.99999994,0.00081422174
16270,0.6475898740901589,1.0,0.0001085629
16271,0.4819178706156689,1.0,0.0039625457
16272,0.3811013374694689,1.0,0.002071742
16273,0.3501044527203498,0.99999994,0.00014475053
16274,0.4425617045379842,1.0,0.002677885
16275,0.4628507054753252,1.0,0.0020174605
16276,0.3984802446153297,1.0,2.7140724e-05
16277,0.755089807304652,1.0,0.00018093816
16278,0.4496341002798669,1.0,0.00059709593
16279,0.3495721136432931,0.99999994,0.001176098
16280,0.3667893557474027,1.0,0.0020355543
16281,0.3846721052524554,1.0,0.0
16282,0.5565148803260923,1.0,0.0009770661
16283,0.4098144528323275,0.99999994,0.0041615777
16284,0.2060098921076437,1.0,0.0002261727
16285,0.1843594961879594,1.0,0.0005518614
16286,0.5214710821740464,1.0000001,0.0011399104
16287,0.2947644089917838,1.0,0.00095897226
16288,0.3683614097889958,1.0,0.0023160086
16289,0.4535731155085779,1.0000001,0.0012394264
16290,0.3419557206591587,1.0,0.00057900214
16291,0.5195681296196861,1.0,0.00018093816
16292,0.3710282026186423,1.0,0.0016193966
16293,0.3054072543327093,1.0,0.00024426653
16294,0.4010831664643668,1.0,0.0020807888
16295,0.4166851692462657,1.0,0.00085945625
16296,0.341733348359741,0.99999994,0.0009227846
16297,0.4337912946330551,1.0,0.0023974306
16298,0.3346189286182486,1.0,0.0004613923
16299,0.6720973196403387,0.99999994,0.00048853306
16300,0.5858034635152748,1.0,0.00081422174
16301,0.2898300148994325,1.0,0.0019812728
16302,0.3447698073497846,0.99999994,0.0038268422
16303,0.3038369795325346,1.0,0.0008685032
16304,0.3175107696530005,1.0,0.0017189125
16305,0.4234209389722017,1.0,0.0003437825
16306,0.4400559832298379,0.9999999,0.0014655992
16307,0.3153822166681733,0.99999994,8.142217e-05
16308,0.3573678075417115,1.0,0.0006694712
16309,0.3837474387355708,1.0,0.00016284434
16310,0.2383408213529255,1.0,0.00029854797
16311,0.7220056762366098,1.0,0.0014384585
16312,0.4830997742992448,1.0,0.0026236034
16313,0.3409045826148414,0.99999994,0.0009951598
16314,0.2746714757124418,1.0,0.0004975799
16315,0.2999734002018982,1.0,0.0004523454
16316,0.5973151862917474,1.0,0.00081422174
16317,0.5816072412293939,0.99999994,0.00079612795
16318,0.3144743610358952,1.0,0.00029854797
16319,0.3171132083512588,0.99999994,0.0007508934
16320,0.6611158195001775,0.99999994,0.004143484
16321,0.770957655178198,0.9999999,0.00412539
16322,0.4928859496556866,0.99999994,0.00027140725
16323,0.2989970906099026,0.99999994,0.00091373775
16324,0.4189936508032274,1.0,0.00047043923
16325,0.3781467787231186,1.0,0.005346723
16326,0.3459107918929284,1.0,0.00027140725
16327,0.6231475994683219,0.99999994,0.00017189125
16328,0.3146045243985932,1.0,0.000787081
16329,0.7029143031115329,1.0,0.008142217
16330,0.4481604459211564,1.0,0.0030940427
16331,0.4374690602494587,1.0,0.0005518614
16332,0.3129815544937315,1.0,0.00028045414
16333,0.2872272450742882,1.0,0.0029673858
16334,0.2650485880182477,1.0000001,0.00039806397
16335,0.302577585178211,1.0000001,0.000687565
16336,0.7779256052431371,1.0,0.00044329852
16337,0.5648705037786933,1.0,0.00047948613
16338,0.5490678165384468,1.0,0.00017189125
16339,0.464875706755556,1.0,0.0005518614
16340,0.6087528623935753,1.0,0.0018274755
16341,0.5301730215060328,0.99999994,0.0014475053
16342,0.7432946216552359,1.0000001,0.0008685032
16343,0.5259130168397719,1.0,9.046908e-05
16344,0.3700194370599454,1.0,0.0010494414
16345,0.518994720269864,0.9999999,0.0025059935
16346,0.4861046908785079,1.0,0.0
16347,0.471981601778738,1.0,0.000687565
16348,0.3222902714711538,1.0,9.046908e-06
16349,0.3252155354084718,0.99999994,0.0045867823
16350,0.4278807576117497,1.0000001,0.00083231553
16351,0.5078031135130783,0.99999994,0.0005156738
16352,0.4034163689635477,1.0,5.428145e-05
16353,0.3102566691600677,1.0,0.0017279595
16354,0.4601838350097182,0.99999994,0.002777401
16355,0.2565623023294578,0.99999994,0.00037092323
16356,0.2957869261634876,0.9999999,0.0017460533
16357,0.3595082727632284,1.0,0.001176098
16358,0.5241651991162358,0.99999994,0.0025421812
16359,0.4229336126614116,1.0,0.0008504094
16360,0.3431537913406187,0.9999999,0.0014565522
16361,0.4076694048863428,1.0,0.0030669018
16362,0.6314645841794705,0.99999994,0.0044601257
16363,0.3679656060341849,1.0,0.00500294
16364,0.385114834018262,1.0,0.0014565522
16365,0.6855187543084766,1.0000001,0.002949292
16366,0.4348805316466522,0.99999994,0.00012665671
16367,0.322370154422738,1.0,0.0018003348
16368,0.3918118343165077,1.0,0.00059709593
16369,0.3063421435445074,1.0,9.951599e-05
16370,0.3050146540435433,1.0,0.0023974306
16371,0.5973149905724804,1.0000001,0.0006694712
16372,0.2978682431390961,0.9999999,1.8093817e-05
16373,0.573322793190702,1.0,0.00012665671
16374,0.6531703740117596,1.0000001,0.0037001856
16375,0.4837667033873067,1.0,0.00044329852
16376,0.3407142967377894,1.0,0.0001085629
16377,0.436905362703316,1.0,0.0017008188
16378,0.4360018863217609,1.0,0.004496313
16379,0.4127040414677566,1.0,0.00070565887
16380,0.4219024213396642,1.0,0.0004342516
16381,0.501451564567119,0.9999999,4.523454e-05
16382,0.5011966472074499,1.0,0.0007599403
16383,0.4297250158258295,1.0000001,0.00083231553
