feature_id,identifiability_score,decoder_norm,activation_frequency
0,0.5829096844906088,1.132743,0.0009979053
1,0.9998063838432684,0.05396003,0.004558
2,0.8233319103119238,0.66254747,0.0008001223
3,0.7739968064263341,0.8573452,0.0005933491
4,0.8153275345050812,0.82291234,0.0031465483
5,0.8856431241322485,1.1825755,0.00046748717
6,0.950538853305125,0.45429525,0.005735708
7,0.999994270484285,0.07022054,0.009080039
8,0.9468360846036326,0.42953745,0.010104915
9,0.901632563583511,0.77664876,0.000782142
10,0.9386810556338536,0.85997725,0.0016991361
11,0.831619108914757,0.9513419,0.0014564024
12,0.965810656310543,1.1420432,0.0036949466
13,0.9419474489625244,0.94139665,0.00041354634
14,0.7828829144550218,0.7575264,0.009502576
15,0.9368050074046144,0.6005221,0.0045939605
16,0.8895336322215959,0.6136698,0.0019238895
17,0.910648839855286,0.6778779,0.00095295464
18,0.8672919907430543,0.74924266,0.001627215
19,0.9567323831192912,0.70373195,0.0019778304
20,0.6234451011112631,0.9702099,0.0005034477
21,0.825263384972063,0.7844333,0.0021396528
22,0.9999871107937556,0.08546035,0.0083967885
23,0.8734667868345102,0.9557097,2.6970414e-05
24,0.999999891121753,0.080973014,0.004737803
25,0.7577597154809067,1.0033554,0.0016002445
26,0.9405087017263828,0.5360893,0.002085712
27,0.7775202939912602,0.93297964,0.0005663787
28,0.922317203485295,0.62937045,0.00043152663
29,0.8775766054139134,0.49791244,0.0068055345
30,0.9894394362284972,0.9076205,0.0006652702
31,0.6312298401725909,0.96749455,0.0008270927
32,0.9195373915504096,0.86434114,0.0026520907
33,0.7813546255633418,0.74551755,0.0024003668
34,0.5963791109811762,0.9807881,0.0021846036
35,0.9128082908946616,0.5894165,0.0060323826
36,0.9239971438451784,0.7464536,0.004953566
37,0.5545810103664577,1.0335776,0.00034162524
38,0.8214614957013954,0.9578604,0.0004944576
39,0.6975145407993291,0.96764123,0.0008360828
40,0.9544232709462208,0.7966464,0.0037039367
41,0.8897884136226544,0.9083143,0.0018160079
42,0.8535306022235787,0.93457997,0.00011687179
43,0.711506765437953,0.890053,0.00084507297
44,0.5964267229929106,1.0381098,0.0010158856
45,0.9999666445077944,0.055093773,0.008990138
46,0.7454369296868694,0.7990609,0.0018699487
47,0.7131255809005221,0.86860853,8.990138e-06
48,0.8365493970036699,0.70076734,0.00521428
49,0.7094035658328359,1.1528368,0.0033982722
50,0.8245712057498817,0.77618986,0.00260714
51,0.7903575069637986,0.8256736,0.005681767
52,0.7749556640100762,0.9881819,0.0007282012
53,0.833080182622063,0.7472545,0.0014024616
54,0.9999975818420288,0.06528946,0.009205901
55,0.6078675444286915,1.0519375,0.0015463037
56,0.9999996905692664,0.072479226,0.009493586
57,0.7601281118175822,0.8426716,0.00325443
58,0.8934864543476267,1.0247463,0.003326351
59,0.7847849377582683,0.98548746,0.0049086153
60,0.7991870844067072,0.67178863,0.00520529
61,0.9630664474789083,0.5437622,0.00015283235
62,0.8473470386589028,0.88788587,0.00046748717
63,0.7210152381843715,1.0654856,0.00011687179
64,0.7436169044982694,0.9611813,0.00095295464
65,0.792729608970527,0.62356156,0.0029128047
66,0.9246257021725892,0.6141512,0.003838789
67,0.9985533942426288,0.19351088,0.037345033
68,0.6986131209094202,1.0524604,0.0010248757
69,0.791806241080558,0.6924054,0.007686568
70,0.9999028356484608,0.54167116,0.0030926075
71,0.6824248066970873,0.835374,0.0068684653
72,0.8589198436971976,0.90018606,0.0013125602
73,0.7384777077930487,0.8813604,0.002229554
74,0.6388000420612262,0.08362625,0.0
75,0.9860007815465622,0.3699282,0.025756745
76,0.816434003723209,0.62299454,0.0001438422
77,0.8042492739307473,1.0000175,0.00021576331
78,0.9947462703452602,0.46395832,0.002148643
79,0.871003117689774,0.82164776,0.002867854
80,0.838947747446349,0.92686945,0.00087204337
81,0.932921628795479,0.6182331,0.0010338658
82,0.8198778338757964,0.8964297,0.00325443
83,0.9181429735886644,0.6747056,0.00391071
84,0.9634589283855772,0.70058453,0.002355416
85,0.8389349417250692,0.62193155,0.0014833728
86,0.992073547808689,0.28729975,0.01953557
87,0.9048898390555064,0.30872276,0.011902942
88,0.9906444737809084,0.9331702,0.0015912544
89,0.6752813702464175,1.1374923,0.0020677317
90,0.8524504304295698,0.675493,0.00130357
91,0.8342947661292801,0.87804675,3.596055e-05
92,0.8604085851338532,0.60508686,0.0054390333
93,0.8485153198169666,0.92926085,0.0010698264
94,0.6636393114833494,1.1526432,0.00017081262
95,0.9832356393003128,0.7146076,0.0003326351
96,0.9999987308537104,0.062087856,0.009394694
97,0.8305998151893254,0.61490524,0.0119299125
98,0.8764413974847104,0.76823723,0.0007282012
99,0.9409821625998588,0.55221194,0.0019508599
100,0.660263684368509,1.3157669,0.0016002445
101,0.768172489644891,0.8724201,0.0010248757
102,0.8113429505491275,0.9567331,0.0021126824
103,0.9617070508187384,0.44608507,0.004252335
104,0.9994836558993924,0.06629017,0.0024453176
105,0.8509869885608516,1.1625875,0.0005753688
106,0.7952969946498539,0.7103486,0.0108780665
107,0.760976848856463,1.0791415,0.0016631755
108,0.7704248567288459,0.9958054,0.0003326351
109,0.9889550641119752,0.23483501,0.049904253
110,0.7103879628292304,1.116,0.00022475344
111,0.9080533745332404,0.81542826,0.005690757
112,0.7400177093352465,0.9419496,0.0038927298
113,0.874591074991359,0.8515235,0.0028498736
114,0.8755835958120776,0.43546686,0.0017890374
115,0.7751571395070448,0.80182946,0.0043871873
116,0.7704875053739275,1.008459,0.0034162523
117,0.8389477488815328,0.90410626,0.0015373136
118,0.897965152364052,0.7954306,0.0005394083
119,0.8635636590803842,0.8546865,0.006436939
120,0.9152746358324352,0.6784171,0.0033623115
121,0.999993868915095,0.06130935,0.009340753
122,0.7932583238903347,0.73564285,0.0008091124
123,0.9112050130055718,0.5018894,0.0071561495
124,0.7784860723720683,0.7109571,0.0039017198
125,0.9381166877062654,0.80900306,0.00086305325
126,0.8598157702858625,1.1453223,3.596055e-05
127,0.8625999550879346,1.0102929,0.005286201
128,0.9378004228728412,1.00483,0.00094396446
129,0.6410629125032756,1.1701456,0.0007282012
130,0.8202828695200056,1.0042852,0.0023913768
131,0.9087540519267016,0.39874056,0.0053581223
132,0.9075297287377284,0.39351407,0.010302698
133,0.804391893831244,0.51640874,0.013871782
134,0.710389768642874,1.1692207,0.0073539326
135,0.9990429055344514,0.4367374,4.4950688e-05
136,0.7066512841061231,1.1947435,0.00026970415
137,0.8620480990396291,0.6892052,0.0019688401
138,0.7626062253886244,0.74157435,0.0026251203
139,0.7677407925473544,0.7823545,0.0005933491
140,0.6261179892967316,1.115137,0.0008091124
141,0.9950072286080356,0.906089,0.00048546743
142,0.5343657310285125,1.0849149,0.00019778303
143,0.784099742658246,1.0816013,0.0026251203
144,0.9524839362336606,0.34705532,0.00718312
145,0.8667182054428093,0.6345414,0.0023913768
146,0.7781524486393935,1.1895931,0.0006203195
147,0.5713111715715997,1.1685673,0.000782142
148,0.8177297548192927,0.6373028,0.0019508599
149,0.9967252001637292,0.58386123,0.0032184694
150,0.8186375859865919,0.48971075,0.0041444534
151,0.8432168951062298,0.53479725,0.0051783193
152,0.8395127567828775,0.9129915,0.0013305404
153,0.7766088515995704,0.83574533,0.0030836172
154,0.9999991927191662,0.06807242,0.009520556
155,0.9999982779052105,0.06910869,5.394083e-05
156,0.6889043173469792,1.2051066,0.000521428
157,0.8390668698026482,0.8067058,0.0019868205
158,0.7129807976097462,0.7508148,0.013269443
159,0.9360668256719592,0.49880525,0.008207995
160,0.7401406796932518,1.1622573,0.005286201
161,0.7044715669102148,1.1519797,7.19211e-05
162,0.9999928873584562,0.090790525,0.009430654
163,0.7979447235242907,0.60737854,0.009763289
164,0.5138808501468883,1.1441249,0.00034162524
165,0.9444476922463866,0.5780335,0.0010698264
166,0.9523843688352364,0.60775024,0.007965262
167,0.9953430034122764,0.44017798,0.024408225
168,0.9999994143966804,0.06820587,0.009511566
169,0.816004989680715,0.64878774,0.009907132
170,0.914159492522268,0.5340379,0.0051783193
171,0.788853765809788,0.62917316,0.008729423
172,0.774381559355486,0.61629105,0.009673389
173,0.7787280948734734,0.57003766,0.0041534435
174,0.7183610000300586,0.8007884,0.0005394083
175,0.752723132055838,1.1824642,0.0016991361
176,0.7686739546290758,1.1393822,0.002094702
177,0.6659362374016481,1.041912,0.0034432227
178,0.8299914279528126,0.53220594,0.015247274
179,0.9919678858207336,0.11974662,0.063434415
180,0.948331581114086,0.57648367,0.0018070177
181,0.6307619361991678,1.0870054,0.0003506154
182,0.8686120006423382,0.7846192,0.0005573885
183,0.9999991391155828,0.08157699,0.004953566
184,0.7925730718878834,0.55644876,0.0030746271
185,0.9999707709313326,0.0533238,0.0050614476
186,0.8622485887550175,1.0783092,0.001627215
187,0.824765981464586,0.74024534,0.0107072545
188,0.8587711416897079,0.86834896,0.0005573885
189,0.8131377179850756,1.0754411,0.0021126824
190,0.8942698840825856,0.6929427,0.008154055
191,0.7244522665779011,1.0069647,0.002229554
192,0.8605626934786823,0.8838892,0.000979925
193,0.976934541503872,0.57472473,0.007902331
194,0.7968340915480339,0.8131204,0.0007282012
195,0.7417945878614639,0.71828496,0.0025352188
196,0.6208798324585916,1.1248653,0.0005034477
197,0.8129179282412096,0.367834,0.007749499
198,0.9999987520762011,0.08048569,0.004719822
199,0.613960031831251,0.99096525,0.0032724102
200,0.8043335274372119,0.77457154,0.00651785
201,0.9168897874957618,0.76208663,0.0018429783
202,0.7161377901324109,0.45053896,0.003461203
203,0.9083187207107378,0.6516083,0.0024453176
204,0.8520855996842217,0.9915085,0.00042253648
205,0.8356984618365895,0.5915999,0.00651785
206,0.8500942836547436,0.68813765,0.006913416
207,0.7743400907164963,0.6340439,0.004899625
208,0.8974127392791911,0.43232852,0.0053581223
209,0.8404725986895234,0.79592997,0.00019778303
210,0.9215741323491004,0.87026167,0.0023284457
211,0.7075263902431477,1.117933,0.0003775858
212,0.6800736318434558,0.9465594,0.0032993807
213,0.7767674115812833,0.76704615,0.0016901459
214,0.8396203860504046,0.64498365,0.0012496292
215,0.7723016376752704,1.0538021,0.001366501
216,0.95913904693446,0.56404215,0.00652684
217,0.8205513772404085,0.8651029,0.0036230255
218,0.8916626833218693,0.5722703,0.00044051674
219,0.8401466211381554,0.82968915,0.00012586193
220,0.999990386712692,0.07978815,0.0045849704
221,0.8597151198336878,1.0250388,0.0021306626
222,0.8552940974400137,0.5711029,0.009205901
223,0.8384214384783909,0.6837701,0.0030206863
224,0.6681916711888235,0.79824865,0.0030836172
225,0.8249019706888345,1.0010403,0.0015193333
226,0.8689637649251273,0.6500282,0.0036949466
227,0.8443963840238369,0.8768696,0.0012765996
228,0.8476089956685684,1.0421749,0.0005663787
229,0.922029654075456,0.88610655,8.091124e-05
230,0.8443852917702607,0.80993736,0.0027240117
231,0.6673708770703297,0.8750042,0.0008990138
232,0.9397484874213224,0.5668521,0.0012046784
233,0.8904355719133448,0.7694033,0.0036589862
234,0.9999992493948624,0.06594321,0.009493586
235,0.6372682941805905,0.9822437,0.00020677317
236,0.7087643197354346,0.8045278,0.004513049
237,0.7296178668802125,0.8164615,0.00043152663
238,0.8182417965017897,0.88046485,0.0028139132
239,0.6666235360097508,1.0412673,0.003335341
240,0.8978367671392833,0.7835062,0.0019778304
241,0.5650441805497904,1.0958356,0.0012765996
242,0.8913722392242368,0.64429504,0.0046209306
243,0.756727123812983,0.9100946,0.0032903904
244,0.6987840466592151,0.8696634,0.0025172385
245,0.9081677764524928,0.77125037,0.0023733964
246,0.7259455547059375,0.9272734,0.0006922406
247,0.7536456711050756,0.94954157,0.0043871873
248,0.9932723198635852,0.524545,0.008306887
249,0.9999982499932962,0.081694245,0.0048726546
250,0.9131386352134744,1.0543884,0.0008360828
251,0.8894684879986262,0.656485,0.0016991361
252,0.827891375547608,0.717484,0.012163657
253,0.8728664013587439,0.7220021,0.006706643
254,0.8602182615046959,0.64548635,0.004162434
255,0.950432035919306,0.7134876,0.00017980275
256,0.917023495062099,0.7802652,0.0063380473
257,0.933075206596068,0.40957135,0.0006922406
258,0.9999992193251735,0.06543365,0.009457625
259,0.729607786130269,0.7065901,0.0078663705
260,0.815675384239182,0.79085475,0.0028948244
261,0.999939603007348,0.057283822,0.0044051674
262,0.8280185014593304,0.5307709,0.012145677
263,0.8398900872495395,0.81437314,0.002490268
264,0.9110289413099926,0.5396645,0.012334469
265,0.859529585531791,0.8935682,0.0040905126
266,0.9527901774006436,0.760127,0.0006652702
267,0.8020393053969157,1.15274,0.0007282012
268,0.9588533793905716,0.8019558,0.0007371913
269,0.738222957901778,0.89032394,0.003730907
270,0.7883031625017085,1.2024796,0.00046748717
271,0.9999980130778968,0.082459465,0.004953566
272,0.9926303650890402,0.22820461,0.010815136
273,0.8674034743202786,0.8815436,0.007569696
274,0.7492757811421931,0.85654205,0.0027060315
275,0.8038200700110805,0.93320525,0.005412063
276,0.9963889999913972,0.73133075,0.00011687179
277,0.8106261181193489,0.81005555,0.0005394083
278,0.8104757251310963,0.77129924,0.0010788166
279,0.7658601050417573,0.7631737,0.0021576332
280,0.7860745941139488,0.83349186,0.0018339881
281,0.6172644905401907,1.1014651,0.0021306626
282,0.8057855715892392,0.8882258,0.00029667455
283,0.968517426177118,0.4415998,0.0022475345
284,0.9269288401190074,0.8186337,0.0018160079
285,0.994441428917576,0.6763216,0.00017081262
286,0.9556356644630476,0.50682074,0.0039017198
287,0.8366597221901596,0.7496044,0.0031015975
288,0.7545004108278868,0.84885645,0.005681767
289,0.9273533997557938,0.37915254,0.004252335
290,0.6988432332717432,0.978048,0.0006203195
291,0.8643505165087535,0.87287885,0.0
292,0.9509582372250732,0.593473,0.0010338658
293,0.919780190259202,0.9264711,0.0005933491
294,0.7699758488111499,1.0767592,0.000719211
295,0.9954442286432326,0.33715892,0.009178931
296,0.7294080997943979,0.9167687,0.006221175
297,0.8413826078612405,0.665596,0.0033802919
298,0.9051139001311634,0.7302949,0.0016811558
299,0.7179490649299278,0.7837351,0.0075517157
300,0.8274539266478952,0.86312824,0.0042073843
301,0.9999995338200566,0.069190644,0.009475606
302,0.7354202231428487,0.8426892,0.0045849704
303,0.5673248438950168,1.2872468,0.00022475344
304,0.5632536012316509,0.996361,0.00024273372
305,0.9503972371813948,0.732303,0.0008360828
306,0.8561021089352474,1.17721,0.0018339881
307,0.9988147610066896,0.21826838,0.03704836
308,0.8497117595100464,0.9744524,0.002472288
309,0.8961204458504897,0.6674712,0.0019238895
310,0.5875540795937443,1.2273676,0.0007102209
311,0.8557882333693098,0.90218467,3.596055e-05
312,0.9425063856346044,0.7654961,0.00044051674
313,0.700654692833521,0.9123642,0.0043602167
314,0.7338656345415442,0.7679506,0.0019328797
315,0.7828240440954395,1.034737,0.00013485207
316,0.5247745202378613,1.1245941,0.0008540631
317,0.8474701371274096,1.070585,0.000719211
318,0.7991919186507732,0.77821386,0.007974252
319,0.6480253639090295,0.9042608,0.0036859566
320,0.9274151552180976,0.5822326,0.0010068954
321,0.9107162588996902,0.5605254,0.010248757
322,0.6261153505647998,1.0801711,0.00029667455
323,0.7021564091912103,0.9551634,0.0016541854
324,0.611140076254989,1.2276841,0.0005483984
325,0.7890975657111207,0.97083205,0.0011866982
326,0.8562357519876505,0.57105905,0.0004045562
327,0.90053107451126,0.8067104,0.0003326351
328,0.9561066056881714,0.8503257,0.0001438422
329,0.7068228960737466,1.1163411,0.0004045562
330,0.791997367000102,1.0041156,0.0001438422
331,0.8489290249928236,0.7914483,0.001366501
332,0.79093003513607,0.9459498,0.0026341104
333,0.9451274051919182,0.8870905,9.889151e-05
334,0.9969439293948638,0.6587167,0.0001438422
335,0.8544181714311293,0.48042017,0.0013395306
336,0.755273769054321,1.0702412,0.0016002445
337,0.753591207542574,0.6049536,0.0072820117
338,0.9027601961568764,0.50122476,0.0026790611
339,0.9630664474789083,0.5847507,0.00015283235
340,0.7451404295812811,0.80124694,0.0016182248
341,0.7262012209151488,0.96728253,0.003649996
342,0.9584925212824982,0.5892117,0.00015283235
343,0.7195476073945679,1.031178,0.0004495069
344,0.8912004241205445,0.6277937,0.0030386667
345,0.9820002160743776,0.79239357,0.00038657594
346,0.8916725327992295,0.8675155,0.0012316488
347,0.8730448380752508,0.719706,0.031096887
348,0.8610877120270761,0.51680034,0.0012676094
349,0.7790393150503632,1.3862703,0.0003146548
350,0.7586495059159215,0.9158037,0.0016991361
351,0.9653760323033608,0.29118535,0.00912499
352,0.6316885040315805,1.0481789,0.0009889152
353,0.8301528510564694,0.8097289,0.006733613
354,0.6263845105216602,1.0367328,0.00089002366
355,0.8997729489509071,0.72096467,0.0012855898
356,0.9284306348013877,0.7717422,0.0006203195
357,0.7572174299101344,1.1252309,0.00041354634
358,0.8286411087906544,1.2594118,0.0010788166
359,0.7749793231931157,0.44844106,0.007479795
360,0.9451261580156488,0.87657374,0.00011687179
361,0.9151311524716892,1.019002,0.0004944576
362,0.7912580956203675,0.7305442,0.0039466703
363,0.8739635603758846,1.1154056,8.990138e-06
364,0.7665856068958639,0.8074352,0.0068594753
365,0.8584713326404123,1.0349604,0.0017171163
366,0.8582586749028576,0.72776717,0.0019418697
367,0.9488164677324848,0.43941912,0.012037794
368,0.7379937785910813,0.74376416,0.0058256094
369,0.9864272820588724,0.62731266,0.008828315
370,0.6542099020120233,1.1051098,0.0025262288
371,0.943597247258812,0.48871648,0.0026970413
372,0.8728609047421215,0.9395285,0.000719211
373,0.8805600935026423,0.949803,0.0025621892
374,0.7818951819744928,0.88500845,0.0026970413
375,0.7634946305914883,1.0993763,0.0019059093
376,0.8640230700160387,0.86854213,0.0006652702
377,0.9601828143205604,0.51906866,0.0056368164
378,0.9999935968876474,0.07878225,0.0048007336
379,0.7491600862257697,1.0340621,0.006967357
380,0.966647686709041,0.48955494,0.0030116963
381,0.8847231973055701,0.7306246,0.010131885
382,0.8989989903524606,0.87288076,0.0004045562
383,0.7068644160994895,1.0362966,0.0004944576
384,0.668518334057496,0.9061336,0.002022781
385,0.9270330388693226,0.7943641,0.00013485207
386,0.942478907881543,0.4286099,0.009062059
387,0.8893376909735342,0.80677456,3.596055e-05
388,0.7674682684287557,1.1465497,0.0034162523
389,0.8337372273461049,0.8924369,0.0025801696
390,0.7409682710338572,1.0236131,0.007632627
391,0.8370726465968857,0.7772118,0.0071291793
392,0.9999997091297176,0.08030018,0.004737803
393,0.9916248563746132,0.29489034,0.013988654
394,0.9461617979572772,0.6512138,8.091124e-05
395,0.6864871369240579,1.1177305,0.005474994
396,0.9363316049819452,0.89965445,0.0009889152
397,0.9999990769245052,0.06348653,0.009340753
398,0.7059417428591388,0.9684626,0.0007282012
399,0.7099271310980695,1.0281322,0.0013575108
400,0.7818677225708558,0.79819185,0.002220564
401,0.6569462415845045,1.2489018,0.00020677317
402,0.6461566680557638,1.0762125,0.0008001223
403,0.6798055498564609,1.1457849,0.0013934714
404,0.88892088588158,0.61345387,0.007452824
405,0.870663253371586,0.4567911,0.005672777
406,0.8213660025121303,0.82901657,7.19211e-05
407,0.7643627027340416,1.0090235,0.0006023392
408,0.9136388434204962,0.68324053,0.00016182248
409,0.7660460969985963,0.90029615,0.0012855898
410,0.6749602397956533,0.91593266,0.0017530769
411,0.7675424377699482,0.8712951,0.0012945798
412,0.9999990972897698,0.0667869,0.009349743
413,0.8797202020302075,0.8296653,0.0010518461
414,0.8029744749594729,0.95428973,0.0054480233
415,0.967625975581901,0.78489417,0.0024363273
416,0.9158197209859118,0.35349154,0.0006382998
417,0.9659710289012596,0.6535524,0.0014024616
418,0.9879567780803368,1.0713861,7.19211e-05
419,0.8704032566611825,0.5031451,0.005798639
420,0.7354281661626737,0.85726476,0.00392869
421,0.9091883937159762,0.9427761,0.0001887929
422,0.650871824526919,1.2236936,0.004045562
423,0.9236324328994304,0.67344564,0.0007102209
424,0.7306181508632605,0.8364933,0.0056008557
425,0.8689943122021108,0.983377,0.0041983943
426,0.8362868289692689,1.0344493,0.0030566468
427,0.9624656887329331,0.76752126,0.00025172386
428,0.6833537900537706,1.019759,0.0009979053
429,0.9338058271708258,0.7769468,0.0003596055
430,0.9576106640754418,0.66080314,0.0008810335
431,0.9223580280096711,0.67818284,0.0046209306
432,0.793415541729563,0.88901323,0.0025531992
433,0.8942090969365359,0.60640126,0.009754299
434,0.8988569107602318,0.4954606,0.00029667455
435,0.8312512562189015,0.84241426,0.0027689624
436,0.7687826443155994,1.2617172,0.00012586193
437,0.9736432368038148,0.880015,0.0008360828
438,0.9999975548903168,0.06345165,0.009439644
439,0.8861217364275734,0.8373799,0.004045562
440,0.6560586321612197,0.95935845,0.001177708
441,0.6376390885575445,1.1496196,0.0021935937
442,0.7582853322601042,1.0267751,0.0048456844
443,0.9902575128000362,0.1278192,0.07422258
444,0.7564323232840106,0.4239243,3.596055e-05
445,0.9999848592865684,0.07540099,0.004504059
446,0.8217067135200924,0.6957462,0.0008990138
447,0.7853657406791941,0.8298374,0.0037938382
448,0.845296485226782,0.9237294,0.0013485206
449,0.8635405802501444,0.8236725,0.00010788166
450,0.7869721881195585,0.9460813,0.00087204337
451,0.9117457803403128,0.6315956,0.0049265954
452,0.9999996140404148,0.10150387,0.009214891
453,0.8357153586923738,0.70473075,0.003596055
454,0.9999993673325064,0.070539646,0.009430654
455,0.8157543676298565,0.84130716,0.0005663787
456,0.9709451601743366,0.34083167,0.003973641
457,0.9602033559780904,0.37964982,0.021908965
458,0.9999778012229824,0.060309675,0.0046209306
459,0.999936011727195,0.06804132,0.0065987613
460,0.985109539487118,1.2154349,0.00016182248
461,0.9555273982848967,0.4149566,0.007515755
462,0.7891016010481438,1.1184709,0.00011687179
463,0.5339088338014876,0.9562079,0.0003506154
464,0.8747645665457249,0.430446,0.009403684
465,0.7910874413732114,0.7354778,0.002733002
466,0.9998423725284148,0.08447205,0.007992232
467,0.8068936019684313,0.85805005,0.0018339881
468,0.8629174533172802,1.0195316,0.000521428
469,0.8760975487149139,0.53538406,0.012190627
470,0.9957099958444882,0.8273504,0.00012586193
471,0.8690284023869154,0.6376067,0.0022385444
472,0.8270607824499696,0.65187806,0.004953566
473,0.8411975280567416,0.7830782,0.0032814003
474,0.7703120941815849,1.2130098,0.00020677317
475,0.8109092367673689,0.5763362,0.006481889
476,0.9356735087236712,0.98729646,0.00024273372
477,0.591976395577279,0.9940586,0.0008001223
478,0.7198501623325237,0.8729425,0.0018609585
479,0.5497496425303213,1.2256194,8.990138e-06
480,0.9199749769102804,0.63720834,0.0004944576
481,0.6571061655481374,0.9943669,0.0008810335
482,0.999993142250332,0.056772437,0.0092868125
483,0.5963126199836782,1.2095777,0.0004495069
484,0.6653318103463088,1.0363468,9.889151e-05
485,0.6793975661493296,1.0238483,0.0012136686
486,0.8308201717298106,0.4681312,0.005016497
487,0.8592841880823021,1.0653703,0.0005573885
488,0.7471341009442287,0.9867104,0.0010068954
489,0.8237777775749809,0.5254507,0.0040096017
490,0.9024943186519244,0.570551,0.006239156
491,0.8251175292961096,0.984157,0.0029757356
492,0.890689447474457,0.5751679,0.0031465483
493,0.7519232810111673,0.9806175,0.0002876844
494,0.7043374340798901,0.9168466,0.0003326351
495,0.999997268215321,0.058059465,0.009250852
496,0.9992785994406724,0.09357816,0.09463918
497,0.8561758929493956,0.95100754,0.00058435893
498,0.7980109400851655,0.6999815,0.0006113294
499,0.813748047328229,0.5729884,0.0032184694
500,0.7926571676176857,0.70510256,0.0015283234
501,0.805456182792009,0.7876478,0.004692852
502,0.8387242557024056,0.52155733,0.0022475345
503,0.9296595506801116,0.704193,0.0036769663
504,0.952310470178218,1.008996,0.0006203195
505,0.8313579569689679,0.6219056,0.004980536
506,0.605937521851711,0.8857582,0.004054552
507,0.759925681558289,0.9298342,0.0025711795
508,0.9497675052540592,0.52606404,0.0032993807
509,0.8187805327101227,0.65702075,0.0053311517
510,0.4836984252091809,1.225874,0.00041354634
511,0.840375324781153,0.69111884,0.0051693292
512,0.9999977412105886,0.07483937,0.0063650175
513,0.8079089738306617,0.6782964,0.008738414
514,0.9320297592392636,0.700963,0.0048366943
515,0.9021264241578872,0.4010397,0.0064099682
516,0.7902560481988279,0.9802007,0.0005483984
517,0.9731699390065776,0.49535963,0.00392869
518,0.8189222644991613,0.73713374,0.006463909
519,0.6313429680017653,1.0346574,0.0012676094
520,0.7478018875262387,0.71431315,0.0049176053
521,0.8515758305511969,0.7245757,0.0011417475
522,0.8630213150550128,0.34011325,0.008801345
523,0.6783922314701417,1.546441,0.0003596055
524,0.7035605768172768,0.92735976,0.00016182248
525,0.9999884968222847,0.07570904,0.005492974
526,0.6251928149050519,1.3000569,0.0016451952
527,0.9240952857555852,0.58297616,0.004683862
528,0.8931557262501792,0.58237594,0.0006023392
529,0.9369553265212782,0.81640095,0.0022385444
530,0.7459794928537439,0.87657523,0.00019778303
531,0.8723543562402756,0.3600119,0.014141487
532,0.9323082834501192,0.37443027,0.010266737
533,0.7232674681885587,0.73615164,0.0024543076
534,0.812263072849285,1.0298134,0.0017440867
535,0.99999932791902,0.07295586,0.009457625
536,0.8720832947402546,0.85694474,0.0009889152
537,0.8858980077675084,0.6639441,0.002283495
538,0.9561241873436352,0.30340302,0.006382998
539,0.8523959281131059,0.75966525,0.008747404
540,0.8234029715678611,0.7722204,0.003847779
541,0.9007654182548216,0.59175223,0.006733613
542,0.8625161999365251,1.0719861,0.00029667455
543,0.9462840132783784,0.3279739,0.018465742
544,0.7314917820337693,0.8166637,0.0012226588
545,0.8036802884199745,0.66190624,0.00025172386
546,0.8919954082363182,1.2052914,0.00017980275
547,0.876133566009652,0.5229182,0.007641617
548,0.9739538587176604,0.52477276,0.0040905126
549,0.7985203355021997,0.68835694,0.003856769
550,0.824156481757852,0.7953716,0.0006922406
551,0.8053101868902584,0.65752923,0.0027599724
552,0.8908288902297719,0.73360336,0.0070302878
553,0.8813833031658813,0.43866524,0.008136075
554,0.8333828948025958,0.6896123,0.00038657594
555,0.7157458372606904,0.7250328,0.0046479013
556,0.9999988946803288,0.060206752,0.009304793
557,0.9961647057233174,0.34459937,0.008684473
558,0.9226865631252072,0.5302458,0.0055738855
559,0.999982712781441,0.056546424,0.004486079
560,0.8409537267386449,0.613594,0.0052502407
561,0.7754129573692984,0.92421544,0.00012586193
562,0.9088629642499024,0.5002547,0.009844201
563,0.9999918862918356,0.07510504,0.0043781972
564,0.8628928960798263,0.5191456,0.002346426
565,0.9421239816603656,0.58147603,0.0020317712
566,0.873446699682658,0.67342675,0.0029847259
567,0.6209876477728437,1.0513841,0.0010158856
568,0.8026553235932906,1.0248452,0.0040185917
569,0.8604967727122591,0.65336376,0.009754299
570,0.5965355119127347,0.9533843,0.0005394083
571,0.8500617530267986,0.6581764,0.009763289
572,0.9129835719508146,1.1108398,0.00017081262
573,0.8536005132835208,0.68029994,0.0018879289
574,0.7886766491269742,0.65127623,0.00010788166
575,0.9801186253364598,0.15038902,0.017503798
576,0.8239289356091315,0.942866,0.0013215502
577,0.9421239816603656,0.6090498,0.0017890374
578,0.71493381991405,1.1609489,0.0020317712
579,0.707289051530698,0.9606557,0.0021935937
580,0.7210957438496282,1.0309595,0.00015283235
581,0.966995635856501,0.2818248,0.014258359
582,0.7225042204477762,1.0987765,0.0019958105
583,0.8249928193995428,0.60434806,0.0049265954
584,0.7579734051159264,0.7477742,0.0069493763
585,0.9569210124433016,0.33315685,0.012631143
586,0.9986651480751664,0.43511623,0.002283495
587,0.7623455771420656,0.87921536,0.0035331242
588,0.9128082908946616,0.6546224,0.0048456844
589,0.723192652882257,0.9218981,0.001366501
590,0.7087368706543438,0.91448724,2.6970414e-05
591,0.81259897425507,0.7167873,0.0040635425
592,0.8444245852954829,0.90155816,2.6970414e-05
593,0.991921712585202,0.37737957,0.00195985
594,0.9766165705636038,0.16444395,0.010545432
595,0.8406465118243792,0.7813767,0.001438422
596,0.7709861553183872,1.2655945,0.001366501
597,0.8184381726327961,0.9470798,0.0019238895
598,0.920814079238488,0.6174092,0.006670682
599,0.8543456667586655,0.62935895,0.0053581223
600,0.9999986162957372,0.061404478,0.009187921
601,0.999999369825032,0.07343315,0.009529546
602,0.82651313399373,0.6675881,0.008765385
603,0.8951551779741402,0.59396774,0.0022655148
604,0.9488349976281087,0.8301841,0.000260714
605,0.924804879597822,1.0516231,0.0014743826
606,0.9998698887909048,0.27768505,0.005421053
607,0.9714985466577428,0.4264459,0.0032724102
608,0.9587570947625316,0.7619605,0.00013485207
609,0.999999670660754,0.07263749,0.009457625
610,0.8216818318412938,1.122483,0.00074618147
611,0.8133570879754649,1.1696024,0.001240639
612,0.7568867482216843,0.51055676,0.007371913
613,0.8108672683696616,0.88004035,0.005924501
614,0.8226457524277762,0.76942813,0.0072820117
615,0.7860212515337499,1.1651113,0.00013485207
616,0.9453851207477584,0.34804788,0.014465132
617,0.8923221603953078,0.46558097,0.008351838
618,0.8422665862485873,0.79102784,0.00077315187
619,0.7350344296415301,0.92748785,0.00041354634
620,0.8528971007760522,0.68000257,0.011822031
621,0.8775319764397638,0.87297744,0.0043152664
622,0.4795469194783191,1.1694837,0.001042856
623,0.8212728221318358,0.8795887,0.0016631755
624,0.9999885237500168,0.058309846,0.009089029
625,0.9170541858430024,0.7890775,0.0003326351
626,0.9999519191670933,0.05189394,0.009295803
627,0.8342688764776083,0.56850046,0.00089002366
628,0.9842267040528706,0.42501518,0.003649996
629,0.6082578972937964,1.0323185,0.0006922406
630,0.7595213012915562,0.68170923,0.0037488875
631,0.8063721562031184,0.83231264,0.0017440867
632,0.7795600065664208,0.9075142,0.008720433
633,0.7737400376614517,0.7585935,0.0055648955
634,0.8805411933611188,0.73304456,0.023698004
635,0.7741717072840413,0.99537337,0.0013934714
636,0.7089818983132457,1.1582029,0.000719211
637,0.8861217516512365,0.37304538,0.010194817
638,0.8478473407488689,0.80648166,0.00051243784
639,0.68760878459405,1.1212622,0.0010698264
640,0.9402986313253264,0.546363,0.005492974
641,0.8719834693977354,0.8887754,0.0018160079
642,0.7068240022143217,1.0336066,0.005501964
643,0.8009301941738014,1.3039958,0.0006652702
644,0.8637642090565402,0.55986875,0.0031105876
645,0.857486897342899,0.9145199,0.0014024616
646,0.9092292995056988,1.0918063,0.0003596055
647,0.7473419857051031,0.82050526,0.0019238895
648,0.7917378456754233,0.68727106,0.0004944576
649,0.9999993362775632,0.06828557,0.009511566
650,0.8375113568009175,1.0360714,1.7980276e-05
651,0.8811380855261655,0.5899536,0.0055109547
652,0.838972040126583,0.8130927,0.0062930966
653,0.9838306271319102,0.5048881,0.0115792975
654,0.93604044530678,0.54410475,0.004234355
655,0.8440784040629149,1.0092022,0.00041354634
656,0.705282848416756,1.3917739,0.0035511043
657,0.8591517509645046,0.64831424,0.0015373136
658,0.9999975495410488,0.090321094,0.005151349
659,0.8523848493006702,0.58381575,0.003389282
660,0.7900934554224256,0.8658662,0.0035511043
661,0.8127661879787786,0.8818366,0.0017350966
662,0.8489592845922275,0.6005703,0.000782142
663,0.6285913985367284,0.90871024,0.00011687179
664,0.97436779505716,0.6353457,0.00326342
665,0.7237139332776794,1.1376708,0.0006472899
666,0.8920734210930528,1.012424,0.0020587416
667,0.9641635754942068,0.35613626,0.009358734
668,0.8326438670328189,0.6529567,0.0011417475
669,0.9700386755423318,0.3098089,0.0042703156
670,0.9176364907116548,0.8011602,0.0033533215
671,0.7129068630217281,0.7422586,0.016011436
672,0.7088618132021516,1.219438,0.001366501
673,0.898847459969044,0.53069544,0.0059065204
674,0.8573122292750869,0.77934545,0.0018609585
675,0.8412015392166372,0.51711273,0.0017440867
676,0.8105119335687841,1.1563053,0.00045849703
677,0.5057022098834778,1.0569619,0.00036859565
678,0.8463933408194643,0.76809156,0.0040635425
679,0.9994847505131303,0.063266315,0.0021846036
680,0.9929533409837128,0.5970907,0.0017890374
681,0.743181004484648,0.8961139,0.0022475345
682,0.9705979491204152,0.9397564,0.0006293096
683,0.9999942590616716,0.057284385,0.009223881
684,0.9955512525002024,0.8388951,0.0
685,0.8021507812068311,1.0711732,0.0008810335
686,0.975512823826696,0.72253686,0.0043781972
687,0.8053967256214687,1.2645937,0.0007641617
688,0.9028918888425012,0.67700446,0.002355416
689,0.8617303424764261,0.7087026,0.0020048008
690,0.9999986043487868,0.13462007,0.0051873093
691,0.8870820872505754,0.6376789,0.0063560274
692,0.8386857977216421,0.7856834,0.003587065
693,0.9999958059787928,0.06024525,0.009241861
694,0.8531532770270919,0.65401876,0.00785738
695,0.8870820872505754,0.53322804,0.007048268
696,0.7624888624112702,0.7879219,0.008306887
697,0.7456562304267783,0.7581136,0.00021576331
698,0.9662788921023702,0.5801659,0.00845073
699,0.8700012976416445,0.9296352,0.0011417475
700,0.9760688441697328,0.47137526,0.009547526
701,0.8627471327062688,0.9680908,0.003452213
702,0.8824328162640334,0.48849425,0.00039556605
703,0.9969728917994454,0.47855136,0.001627215
704,0.9912270787844788,0.31516844,0.0105274515
705,0.8113429505491275,0.9424295,0.0019418697
706,0.7999682575619214,0.8090925,0.00010788166
707,0.8290173430611787,0.8457512,0.002022781
708,0.8339347706572818,1.2647607,0.00091699406
709,0.6959981676689436,1.1297488,0.003596055
710,0.8968085162638855,0.67851406,0.0013485206
711,0.7899598761368265,0.8838122,0.00024273372
712,0.5997275210656092,1.0601162,0.0002876844
713,0.7382849319735071,1.1041076,3.596055e-05
714,0.9952843728460586,0.6493044,0.00034162524
715,0.5897956703820475,0.9531154,0.0008540631
716,0.934104240559095,0.89128965,0.0041354634
717,0.92514989505092,0.7232487,0.0017530769
718,0.7822166250140058,0.7847871,0.00015283235
719,0.7143339172171554,0.675938,0.005295191
720,0.8990154003145481,0.8267255,0.0019868205
721,0.9999996986338195,0.06731035,0.009502576
722,0.8029744749594729,0.8155683,0.004638911
723,0.778615114130365,0.7669265,0.004953566
724,0.9419596910914584,0.3307897,0.010851096
725,0.8806979434964344,0.77531826,0.003200489
726,0.7908892134263825,0.7339847,0.0053671123
727,0.8631064587023611,1.0274285,0.002229554
728,0.972526476178895,0.7520574,0.0018339881
729,0.8703117285817905,0.57018954,0.0030926075
730,0.9293784596962124,1.0095731,0.0019328797
731,0.850060508970944,0.7602111,0.002876844
732,0.999990476715536,0.07876862,0.008315877
733,0.9451261580156488,0.8666743,0.00024273372
734,0.7603974323656613,0.71423644,0.004737803
735,0.8108269615171474,1.000183,5.394083e-05
736,0.765124048927761,1.2039406,0.0019238895
737,0.8942044493996689,0.71049446,0.00094396446
738,0.8470542840906675,0.9606609,0.00012586193
739,0.8120322242431605,0.69219977,0.0013485206
740,0.9057435719133932,0.94580424,0.0010878067
741,0.6171914530205896,1.3772907,0.00017081262
742,0.9295431595022774,0.47368267,0.0036050454
743,0.9189201104155088,0.59746516,0.0003596055
744,0.7570467404777491,1.0733917,0.001366501
745,0.9999695295072764,0.043738738,0.008909226
746,0.8184892108584377,0.8078181,0.009295803
747,0.9724866668928558,0.5445612,0.0040635425
748,0.8157554768925859,0.90713966,0.007416864
749,0.8404784371336438,0.95001614,0.0024093569
750,0.711023029866461,0.88455856,0.0017171163
751,0.9518359702644452,0.46484017,0.0006832505
752,0.9092321995751822,0.7986514,0.0010068954
753,0.8999673098770676,0.6407559,0.0048816446
754,0.6860139499725255,0.927918,0.0006203195
755,0.7052867834974003,0.9628068,0.0010788166
756,0.9936931804141698,0.34481907,0.023644062
757,0.8611601044458229,0.8487316,0.005942481
758,0.8280937797969709,0.8016312,9.889151e-05
759,0.7724044268433401,1.0010347,0.0024273372
760,0.7626864697460031,0.6981131,0.004225365
761,0.9999444595360192,0.11480626,0.0001887929
762,0.9601949202474264,1.0706503,0.0003056647
763,0.7537073711573895,0.74870545,0.00010788166
764,0.7814955630677511,0.8477439,0.009223881
765,0.7455080670770718,0.8748588,0.0033623115
766,0.6598789086411694,0.8876577,0.0058256094
767,0.9714644482784258,0.34062928,0.016640745
768,0.9275694131818256,0.3786213,0.0073988833
769,0.9093567732049792,0.63544685,0.008243957
770,0.8364382814058017,0.6816696,0.0018519684
771,0.745032350255056,0.94354224,0.0049086153
772,0.6173711753409404,0.9752657,0.0010338658
773,0.928893065935887,0.55987823,0.0007911321
774,0.9442513292606692,0.5558101,0.0058975304
775,0.8851509107846017,0.72473335,0.0010967968
776,0.7659121101518607,0.72209466,0.005295191
777,0.9005688049621929,0.8662751,0.0026251203
778,0.7759500112921744,0.9331372,0.0043602167
779,0.8616499219290615,0.99493206,0.00017980275
780,0.8953462812461275,0.8932972,0.0034162523
781,0.9239286782634992,1.0590048,0.0016092347
782,0.8850281081035868,0.62292653,0.001177708
783,0.798965345976524,0.49543628,0.0050704377
784,0.8969764152434223,0.5616254,0.0025352188
785,0.9753336636265072,0.4102536,0.0106892735
786,0.964606068263651,0.68496156,0.0026700709
787,0.6874554043361317,1.1397424,0.006472899
788,0.7848697841407976,0.8249431,0.0030386667
789,0.926733752793078,0.4379722,0.0077944496
790,0.9988087388476912,0.7858829,7.19211e-05
791,0.940002269027596,0.8588605,0.0013934714
792,0.8561758929493956,0.95170015,0.0003326351
793,0.9800503243341072,0.12838894,0.07072541
794,0.9604771904620012,0.8576043,0.0026610808
795,0.9069802586232822,0.9289678,0.0005483984
796,0.9883729341349018,0.5470894,0.0011237672
797,0.6908053292534355,1.0098599,0.00010788166
798,0.8100535835776925,0.7353774,0.0068864455
799,0.9904785727133192,0.25065705,0.02730305
800,0.7964085837546016,0.5434117,0.004719822
801,0.8979995002554053,0.86942315,0.007992232
802,0.8826525820976275,1.1168069,0.0029217948
803,0.8138919335349204,0.93145573,0.0006652702
804,0.8842051756608434,0.98434883,0.00036859565
805,0.9340913682832296,0.48302293,0.00716514
806,0.8264431269689462,0.89854074,0.0025801696
807,0.6724618370391008,1.4882284,0.0009979053
808,0.624043268349215,1.2757598,0.00024273372
809,0.6280881672893087,0.96776,0.0006113294
810,0.8779052417067494,0.5565131,0.0036769663
811,0.889101349864337,0.9634839,0.004638911
812,0.906813330912802,0.58277595,0.0033173608
813,0.8438626451858621,0.9729803,0.0024992584
814,0.9866352685237016,0.11414687,0.104834
815,0.911514613336052,0.68913203,0.0005394083
816,0.8740608778830189,0.64797145,0.008747404
817,0.7899651633457825,0.5839151,0.006850485
818,0.6545158213384329,1.1760932,0.0007102209
819,0.931559150911228,0.46044895,0.010617353
820,0.7720348044144055,0.7010656,0.0032724102
821,0.8215646473435565,0.84773487,0.0005394083
822,0.782120427753362,0.98378026,0.0025531992
823,0.76286123769872,0.7635285,2.6970414e-05
824,0.9999978499971044,0.061428443,0.009367724
825,0.8364989886972749,0.8746898,0.0013125602
826,0.7826727732857537,0.9650759,0.0078034396
827,0.9980534714677772,0.4317846,0.0006113294
828,0.6142910026491715,1.1693437,0.0003056647
829,0.8246330694985643,0.6198461,0.0058525796
830,0.7585299136828026,0.6477981,0.0033982722
831,0.9143007938736634,0.8272195,0.00021576331
832,0.9400911702550953,0.8135706,0.0045400197
833,0.7626994871498899,1.0803657,1.7980276e-05
834,0.7515056846506757,0.9147672,0.0011597278
835,0.8952612837829923,0.93533295,0.0007371913
836,0.9473545375291892,0.49418083,0.0036230255
837,0.8249281753087219,0.8358441,0.0028408836
838,0.9475056456826746,0.53039205,0.0012855898
839,0.646828743933361,0.961637,0.0014833728
840,0.9472301904713512,0.4696945,0.0072640316
841,0.8334680224515937,0.9937396,0.00058435893
842,0.8468015878734396,0.86282593,0.00025172386
843,0.9999837838058128,0.10115096,0.007488785
844,0.8612306453519126,0.69935745,0.0008091124
845,0.7882081966738563,1.058669,0.0
846,0.8577532906084916,0.48030195,0.0017350966
847,0.9999928225535896,0.12050293,0.006239156
848,0.9488519056802308,0.81158745,0.003730907
849,0.9999974485555616,0.08480335,0.0049985168
850,0.8249073242201811,1.0899363,0.0018339881
851,0.8724638493491492,0.73757935,0.004306276
852,0.729382745359437,0.9701974,0.0023913768
853,0.9638415143203553,0.4236897,0.016002445
854,0.9435924785598192,0.91783416,0.0006832505
855,0.7932387956693931,0.59005857,0.005735708
856,0.984450152724792,0.65479976,0.00089002366
857,0.8814137515545938,0.7014807,0.0014564024
858,0.9261782946274832,0.830278,0.007965262
859,0.9999996675651448,0.07328928,0.009484596
860,0.9999978997530116,0.08142107,0.004971546
861,0.999998852358175,0.07406381,0.009340753
862,0.5610519627894066,1.047092,0.0006922406
863,0.8112462169507697,0.55717885,0.00653583
864,0.9999981927126153,0.060372427,0.009241861
865,0.6631625796006813,1.0575148,0.01046452
866,0.43310210340314,0.9906074,9.889151e-05
867,0.8780286734961398,0.90504456,0.001240639
868,0.8850706065146735,0.7866635,0.001366501
869,0.9803285592940688,0.3971833,0.0066257315
870,0.9999997747597434,0.07194317,0.0047288127
871,0.8684250045762332,1.127015,0.004683862
872,0.9742498355058464,0.33447355,0.011201711
873,0.999998914727562,0.061758835,0.009529546
874,0.742670501448532,0.7112279,0.0016362051
875,0.564731306989108,1.1083784,0.00029667455
876,0.8394172489701395,0.58066577,0.008369818
877,0.6862731192310431,0.9859282,0.00029667455
878,0.9502206435625772,0.7989084,0.00045849703
879,0.7931401947518328,0.6879196,0.0015373136
880,0.582811334249483,1.2769266,0.0003775858
881,0.7291071401705294,0.9836396,0.001501353
882,0.9999949216632698,0.062223773,0.008909226
883,0.7949039092579417,1.0233006,0.0010068954
884,0.8824495090006447,0.95579696,0.0026251203
885,0.9582390282093294,0.6822746,0.00392869
886,0.915493255465043,0.7136199,3.596055e-05
887,0.9436062461223408,0.69678193,0.0035690847
888,0.7706633644953891,1.1242917,0.0008001223
889,0.8471169214821922,0.656391,0.005016497
890,0.6955458257907436,0.98967034,0.00039556605
891,0.999848159656472,0.07511022,0.00784839
892,0.9945886685829846,0.7516345,0.00020677317
893,0.89291981120263,1.0098503,0.0006652702
894,0.8036023875715792,1.0674878,9.889151e-05
895,0.8819945253259185,0.62821907,0.004180414
896,0.8135310217459362,0.72934455,0.0026970413
897,0.9879125289934352,0.3301775,0.007515755
898,0.7123003769568464,1.107614,0.0024093569
899,0.780455627053728,1.0303819,0.0015912544
900,0.9838847756665322,0.35424033,0.00045849703
901,0.8435132591878296,0.7034355,0.0014743826
902,0.9298998842077668,0.92547154,0.0009889152
903,0.8528964225393018,0.57775676,0.007686568
904,0.9016101089888802,0.83361256,0.00094396446
905,0.7706244713653327,0.76719475,0.0025801696
906,0.7806358962597598,0.90767854,0.001501353
907,0.918239184016012,0.6445028,0.007767479
908,0.7022113164344697,0.91625637,0.001375491
909,0.6693577034603369,1.1325395,0.0026431005
910,0.9817972633817792,0.8103001,0.00019778303
911,0.818760406875193,0.8708741,0.00044051674
912,0.8383212804782849,0.7751031,0.0060323826
913,0.987925780991894,0.5781279,0.0011956884
914,0.9397484874213224,0.5382933,0.0029397751
915,0.9739538587176604,0.59565955,0.0027689624
916,0.9999432114869816,0.030102786,0.06453121
917,0.7937741948751016,0.8116728,0.00032364496
918,0.9708069013918256,0.5465541,0.0016631755
919,0.9275845679045704,0.6932688,0.00844174
920,0.8710582260826439,0.67514616,0.008405779
921,0.5203410062378347,1.1278641,0.00034162524
922,0.7614256913024986,0.49379313,0.009547526
923,0.6777178438483585,1.1690888,9.889151e-05
924,0.8453671173342544,0.48121178,0.0041983943
925,0.7748914065640509,0.8498207,0.003587065
926,0.7600661904140436,1.0593108,0.0016541854
927,0.730385686239003,0.90572643,0.0008990138
928,0.7668119312655935,0.7404027,0.0030206863
929,0.8010920846372966,0.7864873,0.0015193333
930,0.8588856620986957,0.7388537,6.2930965e-05
931,0.7831520944478352,1.0433189,0.0043871873
932,0.9999984936273414,0.0823383,0.0043961774
933,0.8814199180925494,0.7813155,0.0019238895
934,0.8264113694552127,0.85323834,0.0014474122
935,0.9969439293948638,0.6909944,0.00012586193
936,0.91931458005631,0.81291056,0.00081810256
937,0.94565302131081,0.41832396,0.0007551716
938,0.6541469517182382,1.020267,0.00084507297
939,0.7144196313237252,1.2286448,0.00015283235
940,0.7734927811653804,1.0223106,0.00025172386
941,0.9093089992890504,0.87574184,0.0017710571
942,0.6780793756857949,1.0466506,0.0005753688
943,0.9454489783554492,0.5335911,0.007246051
944,0.8066633806786533,1.1202041,0.00032364496
945,0.9999225673575504,0.08144107,0.0021216725
946,0.9999903408487464,0.059826232,2.6970414e-05
947,0.6755745239225971,0.99740416,0.0004495069
948,0.7303964918094593,0.8674097,0.0046209306
949,0.6762922579717254,1.222615,0.0015373136
950,0.5478535744509645,1.2037874,0.0
951,0.8694926397295444,0.80826557,0.0073629227
952,0.7969748629345103,0.8151415,0.007237061
953,0.9443085107853672,0.65804476,0.001627215
954,0.8211566731468838,0.6959244,0.0016991361
955,0.6263301419279867,1.2044796,0.00025172386
956,0.8533613300949009,0.7033319,0.006445929
957,0.9315523678932408,0.7423204,0.0051333685
958,0.6678207198359041,1.1013705,2.6970414e-05
959,0.8311290242247127,0.8493562,0.0011507376
960,0.99907062707152,0.5186201,0.0033173608
961,0.9031096296930524,0.35060734,0.0040905126
962,0.9968533444490156,0.19748548,0.03931387
963,0.9999445494554298,0.07150092,0.002229554
964,0.8034391095251502,0.8603374,0.0029397751
965,0.8296698966551662,0.70562696,0.0033982722
966,0.7861008548563171,0.8640456,0.004459108
967,0.7843183525723876,0.8562429,0.007623637
968,0.9162030478176634,0.71937096,0.0007371913
969,0.9077961699508316,0.6140558,0.0071022087
970,0.999999372286574,0.07387961,0.009403684
971,0.9999990336658258,0.06699959,0.009493586
972,0.9118868292373696,0.71065444,0.000521428
973,0.7116657460230625,0.7240834,0.00034162524
974,0.9841179054318572,0.5685313,0.0001438422
975,0.9455926456693612,0.66587204,9.889151e-05
976,0.7615816573664854,0.9067727,0.0026520907
977,0.8063987413046891,1.0931774,0.00016182248
978,0.8485328973008055,0.75787497,0.0042882957
979,0.9403275312307668,0.54749036,0.004504059
980,0.8470430953868329,0.54357255,0.0112376725
981,0.597993253726017,0.91950005,0.0012945798
982,0.9999805913194084,0.057714168,0.008873266
983,0.8380599121295456,0.8334923,0.0024992584
984,0.8033151951140128,1.0620532,0.001105787
985,0.9645189755404504,0.60048497,0.0010698264
986,0.796738455915845,0.7725842,0.004962556
987,0.9265789321584788,0.76301986,0.006661692
988,0.9999981841001988,0.06259407,0.009430654
989,0.9900830717738808,0.52776897,0.0002876844
990,0.9546634689339302,0.8000583,0.0003146548
991,0.915169989426302,0.8235126,0.0002876844
992,0.8532243104929658,0.5866711,0.0017530769
993,0.8804995324456689,0.7661548,0.0012676094
994,0.8321851741191687,0.62815297,0.0036769663
995,0.7594970874693571,1.031555,3.596055e-05
996,0.8080016126125473,0.86187214,0.00011687179
997,0.6195611413925535,1.0885782,0.001429432
998,0.8373421892416378,0.8256903,0.0005573885
999,0.9336444364500022,0.90161467,0.0006922406
1000,0.775899682228256,0.8694405,0.0034162523
1001,0.8960119858154897,0.6316951,0.00039556605
1002,0.9276005077747556,0.5761897,0.0008001223
1003,0.8286801536421874,0.9916819,0.000782142
1004,0.5219978463395208,1.1335562,0.0003775858
1005,0.928486717088884,0.7389346,0.0021666232
1006,0.8399377930345973,0.8087512,0.0055828756
1007,0.953252019394528,0.9429225,0.0008360828
1008,0.6760116725380705,1.1220179,0.00012586193
1009,0.921494723430986,0.5557512,0.0045939605
1010,0.741123768657019,0.9843084,0.00084507297
1011,0.7386595947270111,1.1972097,0.0008001223
1012,0.6744528909947235,0.7827822,0.0004944576
1013,0.8123540493912551,0.7865293,0.0053940825
1014,0.8009664074519216,0.71065927,0.0038657594
1015,0.9137444189058396,0.71174264,8.091124e-05
1016,0.9999028356484608,0.5279161,0.003002706
1017,0.6960264575278541,1.2466604,0.00016182248
1018,0.8667498188376297,1.0524542,0.0003146548
1019,0.9937134149742995,0.21491246,0.013898753
1020,0.8415748258688937,1.0945326,0.0030926075
1021,0.943934170602024,0.59834874,0.0032814003
1022,0.9459265940596462,0.647009,0.0006742603
1023,0.7843463887363786,0.9621944,0.0003506154
1024,0.8696063810411905,0.4180172,0.006733613
1025,0.9999960335205051,0.06995694,0.009331763
1026,0.849829056509477,0.8078153,0.0018609585
1027,0.9960391281678772,0.36585742,0.009655408
1028,0.8964412419255957,0.7043027,0.024534086
1029,0.9051207500901656,0.7948127,0.0005933491
1030,0.9450579930185196,0.78723896,0.0005933491
1031,0.8534960895836403,0.54514503,0.0108780665
1032,0.8962869694157168,0.7773602,0.0015732741
1033,0.7441508407497092,1.1335742,0.00047647732
1034,0.6717226222465368,1.0546668,6.2930965e-05
1035,0.9999994186783197,0.06384584,0.009475606
1036,0.654051104640563,0.9722435,0.00032364496
1037,0.9367655734250688,0.7339104,0.00077315187
1038,0.8482840722329661,0.6053817,0.0055918656
1039,0.761279068269029,0.8286883,0.0019688401
1040,0.8966539408310703,0.6119247,0.0016092347
1041,0.8549690253202485,0.52859116,0.0060773334
1042,0.9231266207754047,1.0610584,0.0011327574
1043,0.8495903280259309,1.0848097,0.003119578
1044,0.9511152189961533,0.40267655,0.006967357
1045,0.7892384467553728,0.9970553,0.0001438422
1046,0.9719251262756308,0.9236943,0.0012496292
1047,0.8894602219872079,0.61214584,0.0027150216
1048,0.911303637637352,0.6645114,0.004027582
1049,0.8062568966740776,0.97812027,0.0008270927
1050,0.8174388615763131,0.7150822,0.003335341
1051,0.8973837510907029,0.5296797,0.0045490097
1052,0.9606999751331278,0.512612,0.009160951
1053,0.81734057392724,0.5977139,0.003838789
1054,0.7700432071959141,1.1570275,0.0004944576
1055,0.8162911413219738,1.0603895,0.0007911321
1056,0.9707362787763826,0.8681881,0.0014024616
1057,0.9167743668207076,0.6679306,0.003587065
1058,0.8335681064843525,0.92145395,0.003587065
1059,0.7206044875477773,1.2702961,0.0007911321
1060,0.6640879093026014,0.74554664,0.004261325
1061,0.8367440127173793,0.6052758,0.00027869426
1062,0.6097663995525906,1.2045379,0.0013215502
1063,0.6686087073844054,1.1327847,0.0027779527
1064,0.9206192263857372,0.7888366,0.0028858343
1065,0.8594666322765587,0.72994256,0.008037183
1066,0.800817973012435,0.69960755,0.0036859566
1067,0.7128004417868812,1.0006793,0.0020497513
1068,0.8219200354928456,0.88035166,0.0030746271
1069,0.816662075123729,1.0074267,0.0007641617
1070,0.9480471380364938,0.21136498,0.013898753
1071,0.6830976160541767,0.98556644,0.0003596055
1072,0.8452574486187108,0.90783733,0.0001438422
1073,0.6491965806271449,0.9712772,0.0016901459
1074,0.7645793690306607,1.0490704,0.001564284
1075,0.8592447061618205,0.9282204,0.0013125602
1076,0.7743313559894316,1.0392152,0.0
1077,0.7585322120322263,0.9605769,0.00022475344
1078,0.9793846782930642,0.70217806,0.004054552
1079,0.8377053535153227,0.9869811,0.0019148993
1080,0.7954221876912286,0.98720336,0.00015283235
1081,0.9999995701865828,0.07417587,0.004746793
1082,0.9997855953281248,0.056592174,0.002229554
1083,0.8341389948129898,0.6268806,0.0023104653
1084,0.8099756640864203,1.331102,0.0027869428
1085,0.9999996905692664,0.073164016,0.009493586
1086,0.9757581212286242,0.43495074,0.0057626786
1087,0.917622927872972,0.60072064,0.003838789
1088,0.9989331372371606,0.37816787,0.0013395306
1089,0.8215572817464696,0.9589046,0.0004045562
1090,0.6927594394525334,0.8980895,0.0012316488
1091,0.8270329035296017,0.94015193,0.002993716
1092,0.8039211675141571,0.5959263,0.0019238895
1093,0.9988825368336384,0.19317926,0.06592468
1094,0.8428166356559238,0.5600114,0.004225365
1095,0.7478652028512762,0.70278186,0.0061492543
1096,0.9999997424263146,0.104447834,0.009169941
1097,0.9999733711245314,0.07624987,0.006275116
1098,0.9464176562057868,0.84355783,0.0015193333
1099,0.983285582714468,0.30110794,0.03001807
1100,0.8575213660763211,0.8963562,0.0004045562
1101,0.9311557203398624,0.96233386,0.000979925
1102,0.7768327039920061,0.5996498,0.0021216725
1103,0.820268657534735,0.77146035,0.0063110767
1104,0.7429391999922097,0.5890949,0.009520556
1105,0.8880297183557683,0.45093414,0.009763289
1106,0.7797129075897538,0.94803923,0.00029667455
1107,0.7830764113858166,0.7413731,0.0035151439
1108,0.9464200651334778,0.7513045,0.00039556605
1109,0.8200951001762163,0.86292684,0.0019778304
1110,0.8571183646600902,0.68526673,0.0016721656
1111,0.8070052698452979,0.6693676,0.00027869426
1112,0.6981979583128576,1.1787808,0.0025531992
1113,0.8056905977771199,0.6259025,0.0016182248
1114,0.9999762788526664,0.057736345,0.008972158
1115,0.5683762694629008,1.1365505,0.0006472899
1116,0.9490005071961112,0.44317022,0.009421664
1117,0.8736780173755706,0.63739324,0.004764773
1118,0.8749562040383521,0.89170104,0.0017350966
1119,0.8587711416897079,0.7833955,0.00195985
1120,0.7483794767736617,0.825983,7.19211e-05
1121,0.9372604034808848,0.36265638,0.013943704
1122,0.8010920846372966,0.8693733,0.0011417475
1123,0.9804340315101784,0.52848494,0.00025172386
1124,0.8852694065665779,0.7980936,0.0015283234
1125,0.8719735226349878,0.95892173,0.0027599724
1126,0.904463415565185,0.46370995,0.009664399
1127,0.5725407104373375,1.1890802,0.00012586193
1128,0.8945484480024829,0.62377983,0.0014114516
1129,0.7343353307129084,0.88653076,0.0034342327
1130,0.7277397694592413,0.9846124,0.0005573885
1131,0.7230481562876806,1.3155247,0.00096194475
1132,0.7972874526114958,0.9278996,0.0003146548
1133,0.99998631801399,0.077656396,0.004629921
1134,0.7982553398613814,0.9760819,0.00094396446
1135,0.7824647817468549,0.78486544,0.00091699406
1136,0.8882237829743937,0.93729943,0.0010878067
1137,0.7560058066267269,1.0823287,0.0014114516
1138,0.7972608093297875,0.9500125,0.00019778303
1139,0.9790161823392752,0.54017514,0.0005753688
1140,0.6303560757763069,0.9114273,0.00095295464
1141,0.9070904776124922,0.9278775,0.0012855898
1142,0.7904605067444046,1.1083306,0.0045849704
1143,0.890689447474457,0.82118267,0.0008091124
1144,0.6285913985367284,1.0009978,0.0003506154
1145,0.9999994817758954,0.10549201,0.00979026
1146,0.9999969795212084,0.057980973,0.009304793
1147,0.6415307003033536,1.1417353,0.0002876844
1148,0.6793484936109964,0.92900765,0.002022781
1149,0.829494810189681,0.7246008,0.0012676094
1150,0.7476308562295282,0.83673495,0.005088418
1151,0.8270622525185057,0.55662376,0.009889152
1152,0.8630499535799729,0.83798295,0.002490268
1153,0.739694861431335,0.8797986,0.00010788166
1154,0.8471593420919685,1.2342987,0.0017350966
1155,0.8068374288673267,0.6799191,0.00081810256
1156,0.9778355704581074,0.99278635,0.0
1157,0.6973461599208839,1.107438,0.00042253648
1158,0.8136053451487444,0.8508418,0.004701842
1159,0.8261629828942604,0.8626888,0.0006293096
1160,0.8761634614798826,0.7328127,0.004773763
1161,0.9437454918299676,0.5026637,0.007947282
1162,0.7629224673617375,1.1439735,8.990138e-06
1163,0.969166905033658,0.7041858,0.0065628006
1164,0.9984582880578968,0.25885502,0.023059703
1165,0.9324692020167284,0.8423576,0.0006472899
1166,0.7407098010393183,0.7292108,0.0055199447
1167,0.7773348900793117,0.9300915,0.0059065204
1168,0.870014775084264,0.46704823,0.008019203
1169,0.8453755430828407,0.84897256,0.001762067
1170,0.8979635650140475,0.7540752,0.003587065
1171,0.7186833589107018,1.332244,0.00046748717
1172,0.859916439629716,0.971478,0.00084507297
1173,0.9523640069338416,0.3623209,0.016433971
1174,0.999946538767687,0.049982358,0.009151961
1175,0.8046942335792152,0.7721915,0.0045490097
1176,0.9121128153485,0.45993263,0.009880162
1177,0.8230412855707838,0.959751,0.0007371913
1178,0.692117805243388,1.0498754,0.0023913768
1179,0.9715769111413142,0.88822186,0.00032364496
1180,0.6725133697385515,0.9241534,0.00012586193
1181,0.8473175372132281,0.49853215,0.013862792
1182,0.8929551319543839,0.6047807,0.0024543076
1183,0.7670573674864619,0.9485761,0.0008360828
1184,0.7088519295454118,0.95764333,0.002490268
1185,0.7579169490915799,0.63380873,0.001240639
1186,0.7035957120983168,0.9357393,0.0012136686
1187,0.8241775365601482,0.6903836,0.011534347
1188,0.8860541759812973,0.45440304,0.009358734
1189,0.7385003930582266,0.8245826,0.0007911321
1190,0.9995331827061404,0.29377717,0.005960461
1191,0.9996624201140356,0.6033321,0.00023374359
1192,0.7990635123886212,1.0741895,0.0008810335
1193,0.9461017266898628,0.6114606,7.19211e-05
1194,0.9230960455449302,0.4171907,0.0119299125
1195,0.8755337763775561,1.4141805,0.0014923629
1196,0.7342873652853241,1.2301416,0.00025172386
1197,0.7541119789243141,0.83060664,0.0034971635
1198,0.9287291091048142,0.5498814,0.0032724102
1199,0.7432151277605676,1.0633769,0.0017171163
1200,0.6817303666051802,0.8581569,0.0038747494
1201,0.8550083261282702,0.84292936,0.0001887929
1202,0.9998997772495436,0.14376187,0.0048456844
1203,0.594628991619901,0.90803504,0.00074618147
1204,0.6463407060649877,0.99282765,0.0020317712
1205,0.8783625180144525,1.0182059,9.889151e-05
1206,0.7451222874718003,0.75269085,0.009520556
1207,0.9883166670967504,0.53988576,0.0036230255
1208,0.8028118527016819,1.0779996,0.0012765996
1209,0.9839263623004484,0.591794,0.00089002366
1210,0.7652197436899579,0.97023654,0.0025621892
1211,0.9785390175997416,0.24428721,0.0027240117
1212,0.7833279795052933,0.9629737,2.6970414e-05
1213,0.9400056030609972,0.6725226,0.003712927
1214,0.8141793195003737,0.6911227,0.0040725325
1215,0.7705205469450735,0.84629494,0.0025891596
1216,0.9391252572660344,0.9027672,0.00017081262
1217,0.7834475615478826,0.8496574,0.0036589862
1218,0.8218646116917703,0.7391627,0.0006562801
1219,0.7271325384233304,0.8460702,8.990138e-06
1220,0.830818310741412,1.3475358,0.000979925
1221,0.9355727954573216,0.6938437,0.005268221
1222,0.8517109707752207,0.7442654,0.0005304181
1223,0.6252710518815303,1.1179737,0.00048546743
1224,0.8896798745039207,0.58114034,0.006131274
1225,0.8197187157285002,1.0264882,0.002993716
1226,0.69990891390967,1.0807484,0.001762067
1227,0.8177389807416987,0.6990983,0.0075786863
1228,0.9004733939258076,1.151055,0.0004045562
1229,0.972234398499658,0.6175962,0.00022475344
1230,0.9837215239978824,0.53461826,0.005457014
1231,0.9872295426774986,0.33483425,0.03712028
1232,0.9496730594597784,0.7004096,0.0012586192
1233,0.8360492504391106,0.9727003,0.0004495069
1234,0.727101060148656,0.80878115,0.0018879289
1235,0.8256206947243226,0.6719156,0.0008270927
1236,0.8863794766456327,0.7225675,0.00058435893
1237,0.7417211470211768,1.0089253,0.0027240117
1238,0.9881205098157224,0.18149298,0.0112286825
1239,0.7089441356094983,0.8032573,0.0034881735
1240,0.7859031189224548,0.8920867,0.0043332465
1241,0.7880941423136603,0.88636655,0.0071471594
1242,0.7691904943219916,0.8520397,0.003524134
1243,0.7754704630928289,0.52504057,0.0045490097
1244,0.8194158485895708,1.0032951,0.0001887929
1245,0.7569461210108641,0.96411544,0.0013305404
1246,0.99999723857146,0.058337796,0.009331763
1247,0.99891868613069,0.27863613,0.013844812
1248,0.9486764725489965,0.6839535,0.0006382998
1249,0.9999984710164802,0.08828045,0.0050434675
1250,0.8122996729816844,0.7488554,0.0041264733
1251,0.999970914333865,0.053165562,0.0075517157
1252,0.6579374193493358,1.1384931,0.0014653924
1253,0.9415702167422472,0.78617436,0.0014743826
1254,0.8440784040629149,1.027769,8.9901376e-05
1255,0.8996516131105778,0.71356356,0.002220564
1256,0.9999982495176176,0.0634572,0.009457625
1257,0.8878249569297092,0.7153794,0.00027869426
1258,0.7571374696377184,0.87053746,0.0051243785
1259,0.8292561115149735,0.9831432,8.9901376e-05
1260,0.7173143620194595,1.1954435,0.0013844812
1261,0.6861570974685103,1.0387784,0.0001438422
1262,0.7251013010633958,0.918564,0.0009979053
1263,0.7113099714486991,0.9909506,0.0001438422
1264,0.7156803710929197,1.229081,0.0003596055
1265,0.7618951533242971,0.8145794,0.0029487652
1266,0.6398563003313769,0.9403508,0.0008091124
1267,0.8809841429388566,0.8950195,8.9901376e-05
1268,0.7734834650178563,0.7896975,0.0011507376
1269,0.8665933691627503,0.47632548,0.008387798
1270,0.6616970235824879,1.3041204,0.0014743826
1271,0.7966536172565422,0.7052768,0.0036949466
1272,0.5742259178596413,1.1301723,0.0005573885
1273,0.9441802691604751,0.92071646,0.0010158856
1274,0.867074206980919,0.6404744,0.0033713016
1275,0.7532359272971969,0.64769864,0.005412063
1276,0.8460358069500815,0.8691077,0.0011507376
1277,0.8191693492772116,0.6017137,0.0040815226
1278,0.7230115103227657,0.9038781,0.0043152664
1279,0.844546741708897,0.4442992,0.010671293
1280,0.9173067308926662,0.6116508,0.014078556
1281,0.9295060199811782,0.7067651,3.596055e-05
1282,0.8349714947563489,0.5397802,0.014087546
1283,0.7818677225708558,0.8680535,0.0018160079
1284,0.8643798883694852,0.5764844,0.0003775858
1285,0.7632697308726253,0.63843656,0.004459108
1286,0.8688397567718705,0.8476395,0.0026880512
1287,0.8573831566222389,0.86241466,0.004234355
1288,0.9349757504798945,0.39151046,0.0091070095
1289,0.8636894039667727,1.2252569,0.0010967968
1290,0.8277139959176067,0.9899785,0.0144022005
1291,0.8040641881545362,0.93679667,0.00034162524
1292,0.8723543562402756,0.3739462,0.011507376
1293,0.8491298526490354,0.67950124,0.0026970413
1294,0.9999965037956284,0.06072583,0.009304793
1295,0.7862044960233634,1.1649227,0.00012586193
1296,0.8064572496489789,0.6080238,0.0015822642
1297,0.8902152755571792,1.0225286,0.0023194556
1298,0.7954041427305938,0.52880603,0.0017710571
1299,0.9851310364027884,0.5923324,0.0010248757
1300,0.989679686555947,0.3622756,0.001177708
1301,0.78471793408483,0.6265337,0.0018429783
1302,0.8076612574638691,0.60862017,0.011714149
1303,0.8120371797994155,0.71095496,0.0036410058
1304,0.8614907136366521,0.96980184,0.00019778303
1305,0.876832287783025,0.8365174,0.0031015975
1306,0.9999994651888878,0.06683788,0.009475606
1307,0.8763397710899508,0.6506392,0.003191499
1308,0.9294507076965316,0.38094252,0.0014833728
1309,0.8375859933687473,0.8034111,0.003784848
1310,0.7095930933639115,0.8809125,0.0007551716
1311,0.763911273386989,0.6459474,0.005142359
1312,0.975706254687298,0.5926799,8.9901376e-05
1313,0.8104593125666399,0.49587232,0.008909226
1314,0.9999442654348129,0.059091076,0.0005933491
1315,0.9276710061811574,1.0395856,0.0007641617
1316,0.9173892998609512,0.3096508,0.013871782
1317,0.686791509060094,1.147881,0.0024363273
1318,0.7601064441086683,0.92642164,0.00017081262
1319,0.8557577306705725,0.6612531,0.0064099682
1320,0.7422888570261668,1.0581155,0.004899625
1321,0.8935234841412467,0.7794723,0.0016811558
1322,0.9742498355058464,0.36796162,0.009511566
1323,0.829072413446762,0.80355966,0.0022745049
1324,0.786125901177495,0.74962056,0.00016182248
1325,0.9999965731278548,0.0639034,0.009439644
1326,0.9273968550585971,0.637068,0.0012586192
1327,0.9976385737833844,0.2059545,0.053698093
1328,0.7715803368469426,0.6775803,0.0057806587
1329,0.7472323217043289,0.78082263,0.0038118185
1330,0.7335141001162275,0.8629329,0.00027869426
1331,0.9926240547995184,0.4764116,0.005546915
1332,0.975512823826696,0.77022773,0.00392869
1333,0.9157917713807592,1.0862808,0.0006113294
1334,0.9715521937567412,0.25938067,0.014869688
1335,0.8165715871183059,0.5143424,0.003326351
1336,0.9264216404226452,0.55574954,0.008333858
1337,0.7493030758187367,0.7930984,0.0010518461
1338,0.8981934426012125,0.85418063,0.0012136686
1339,0.9313269721933328,0.7100342,0.00013485207
1340,0.9503014814328844,0.66489035,0.0025531992
1341,0.9661132247410106,0.6765953,0.004306276
1342,0.9309023852334868,0.41185182,0.01040159
1343,0.8692587929313682,0.56744957,0.005349132
1344,0.9246266523666022,0.9062025,0.0021396528
1345,0.932052087921384,0.7261825,0.00016182248
1346,0.9421133917325524,0.5335206,0.0068594753
1347,0.7330980321528856,0.7505119,0.00029667455
1348,0.8918782885396893,1.074173,0.00048546743
1349,0.9248664328358768,0.7661531,0.004899625
1350,0.9999994035907572,0.064198256,0.009484596
1351,0.8411282692380955,0.5563859,0.008252947
1352,0.8143075692609305,0.7798303,0.0020407613
1353,0.8097288712729682,0.7738509,0.0005663787
1354,0.6629412474312133,1.2470357,0.0005933491
1355,0.7357881609623916,0.73905325,0.0045849704
1356,0.7451856370236242,1.0554657,0.0009889152
1357,0.7251576393575405,0.9394735,0.002733002
1358,0.9999924898334986,0.05838625,0.009331763
1359,0.975433377291033,0.48968336,0.0061672344
1360,0.8630123516889361,0.7488481,0.0033443312
1361,0.8686165623478964,0.76800877,0.0032094792
1362,0.7874998083281739,1.1174171,0.0003056647
1363,0.7217522637992688,0.9847878,0.0005933491
1364,0.8372729386113716,0.86952025,0.0008540631
1365,0.9005688049621929,0.6985329,0.0021576332
1366,0.6537320086453956,1.0266583,0.0015822642
1367,0.7779267025548465,1.0086646,0.00022475344
1368,0.6650033235603112,1.1765993,0.00043152663
1369,0.8578032164893568,0.6478895,0.0066257315
1370,0.7556089346264864,1.0534983,0.0006562801
1371,0.7932235401498162,0.90676033,0.0003506154
1372,0.8598157702858625,0.8812915,0.00016182248
1373,0.843857289065515,0.43996453,0.008855286
1374,0.8780286734961398,0.8394482,0.0008360828
1375,0.7930033412596955,0.83394414,0.0012136686
1376,0.9287291091048142,0.5904683,0.0036859566
1377,0.867310743523851,0.922047,0.001627215
1378,0.8841605413470178,0.55390006,0.00843275
1379,0.5903379125222458,1.0719577,0.0008001223
1380,0.9384769192480829,0.6851545,0.0043871873
1381,0.9008390296152452,0.85361207,0.0032454398
1382,0.839563050653501,0.68357867,0.0032814003
1383,0.8021475043586688,0.7820271,0.006176225
1384,0.8881135839670213,0.86197644,7.19211e-05
1385,0.8217073850494832,0.96091247,0.00084507297
1386,0.8901366737904314,0.7410689,0.006652702
1387,0.8404991733410877,0.6877276,0.002490268
1388,0.9870711416633968,0.49737352,0.005672777
1389,0.7594866075594691,0.7716133,0.001824998
1390,0.9948523930013212,0.9515249,0.00026970415
1391,0.8066273703218652,0.6640268,0.0023374357
1392,0.8695463352515118,0.741958,0.0026700709
1393,0.803395835917088,0.92295593,9.889151e-05
1394,0.980894481992475,0.2743635,0.010932008
1395,0.977210368509023,0.7819241,0.001240639
1396,0.9999892248581432,0.06405161,0.0046568913
1397,0.7892790246928714,1.0540816,0.0041534435
1398,0.7837101014997865,0.7468464,0.0071561495
1399,0.9999475206396432,0.051426034,0.06254439
1400,0.715088155976797,0.9015908,0.0013575108
1401,0.873801551662994,0.869204,0.00044051674
1402,0.5698873717406431,1.1505319,0.00017980275
1403,0.999996466382826,0.07703196,0.0046209306
1404,0.9447071298461716,0.8212764,0.0046119406
1405,0.7914565951699654,0.92907244,0.0029307848
1406,0.8359961703923007,0.8312428,0.0003056647
1407,0.6202263604506048,1.2404566,0.0012765996
1408,0.7641761927795885,1.1853651,0.001429432
1409,0.885674577770587,0.34406888,0.009160951
1410,0.9788307485282244,0.83523494,0.0004495069
1411,0.7705939549343244,1.1550105,0.0003056647
1412,0.703144161521424,1.0633023,0.003119578
1413,0.9462935416555464,0.53474265,0.0006832505
1414,0.9112207975168252,0.61783457,0.0030836172
1415,0.9007654182548216,0.51276296,0.012073755
1416,0.9999885237500168,0.059629936,0.00912499
1417,0.8673561148172098,0.49146092,0.0068325046
1418,0.8895286726388385,0.7413591,0.0003596055
1419,0.999666173479819,0.05521792,0.0048816446
1420,0.87389247166981,0.9020027,0.00021576331
1421,0.8396185871849263,1.0697587,0.007713538
1422,0.649374073268794,1.1938149,0.0006203195
1423,0.842143907552987,0.76393765,0.0006742603
1424,0.8368333860088513,0.7389866,0.0060953135
1425,0.9808116490555456,0.8891864,0.0024543076
1426,0.9493689384611792,0.46769738,0.00016182248
1427,0.5915275985495647,1.1038135,0.0006382998
1428,0.6845902889321006,1.0070745,0.00034162524
1429,0.7168866912823314,1.0928906,0.0008990138
1430,0.7882339958474602,0.7679235,0.0013934714
1431,0.8224367736556297,1.1323626,0.00043152663
1432,0.7161221775629181,0.7976462,0.00012586193
1433,0.7101013483616662,1.0046196,0.0043332465
1434,0.6629230142506766,0.964669,0.00019778303
1435,0.7196911875717499,0.96131045,0.005978442
1436,0.7964628691472893,0.94584286,0.0018699487
1437,0.9993342842608536,0.044186536,0.005951471
1438,0.4327027828333291,1.1174507,0.0003056647
1439,0.6219866424609751,1.0519724,0.00024273372
1440,0.6521747506530744,1.1877431,0.002220564
1441,0.8460816102938946,0.9969368,0.0013395306
1442,0.7985667226979938,0.7417934,0.007461814
1443,0.7909026402636464,1.0036644,0.0017530769
1444,0.895971641583774,0.7927399,0.0006652702
1445,0.7763641702724918,1.165825,0.00038657594
1446,0.8239283617126765,0.8906908,0.0025082484
1447,0.845492314283023,0.9661759,0.0016541854
1448,0.9999771899705132,0.05731065,0.008846296
1449,0.9936258921028848,0.3923305,0.0022475345
1450,0.9934429765034216,0.26246792,0.0207852
1451,0.6987407300760926,1.2350094,0.0010338658
1452,0.7985203355021997,0.6134754,0.0064908797
1453,0.8026837112996225,1.0864079,0.0005483984
1454,0.820610695528648,0.9771683,0.0007551716
1455,0.8278414368751623,0.9525778,0.0017350966
1456,0.8157489992608895,0.5448243,0.0035690847
1457,0.9719072712555858,0.6660085,0.000260714
1458,0.619501773882177,1.3353568,0.0010698264
1459,0.9737854499311714,0.6223218,0.0005034477
1460,0.8570828172628245,0.801714,0.0007282012
1461,0.9773415138959246,0.45319903,0.0074708047
1462,0.8751763524479187,0.7491094,0.0043332465
1463,0.8967714348789246,0.71867096,0.0048546745
1464,0.789281728200467,0.77951103,0.0005394083
1465,0.9999977412105886,0.072269134,0.006472899
1466,0.999999507928654,0.09926424,0.009026098
1467,0.9582927919052876,0.33318654,0.003200489
1468,0.626537955209953,1.1908627,4.4950688e-05
1469,0.7422703825073627,0.9840655,0.00011687179
1470,0.8681248073977326,0.75332934,0.00010788166
1471,0.971363758502796,0.557108,0.0022385444
1472,0.7325519486699529,1.1996007,0.0008360828
1473,0.9942235700562048,0.6282408,0.001429432
1474,0.8634350132897566,0.5680717,0.0021666232
1475,0.9197028536905762,0.6552072,0.0024093569
1476,0.9336945984193092,0.5695092,0.001177708
1477,0.6245297314612819,0.925859,0.0031105876
1478,0.8764556004304052,0.7118566,0.0023284457
1479,0.7428047587936518,0.6627973,0.0019958105
1480,0.999925400722578,0.0437221,0.009178931
1481,0.914301340561745,0.40949258,0.008909226
1482,0.804622250572258,0.81756467,0.000719211
1483,0.7359690982869136,0.9374346,0.00017980275
1484,0.9999965215199824,0.091831446,0.009295803
1485,0.895971641583774,0.7826529,0.0003146548
1486,0.9111047556446674,0.69385767,0.00027869426
1487,0.818438772964801,0.8773552,0.0068055345
1488,0.894389246738547,0.6093485,0.0022025837
1489,0.5264161643444779,1.1790024,0.00044051674
1490,0.9194124643000996,0.8574806,0.00034162524
1491,0.7347846124215014,1.4069107,0.00039556605
1492,0.7523993765871851,0.7626957,0.0023284457
1493,0.841606398866045,0.76279634,0.0038297987
1494,0.8232783528893522,0.78745383,0.0018070177
1495,0.6763939579304961,0.9266955,0.0006113294
1496,0.9999942590616716,0.056392204,0.00845073
1497,0.7111989563871444,1.1079986,0.004045562
1498,0.8185806498994499,0.7893258,0.0031825087
1499,0.864278390926752,0.75103503,0.0003506154
1500,0.97436779505716,0.59514,0.003191499
1501,0.9999781624783968,0.056861516,0.009241861
1502,0.520784241111818,1.0423021,0.0005034477
1503,0.6506668709156387,1.0513493,0.0003146548
1504,0.8606805308418441,0.8566136,0.0028948244
1505,0.9783545872410444,0.27241945,0.01109383
1506,0.7330230666574533,0.78733337,0.005492974
1507,0.9620898836741502,0.8685294,0.0014923629
1508,0.8241550977407914,0.6147771,0.005609846
1509,0.6842811413655895,1.0689722,0.0024183472
1510,0.943747202397912,0.47290888,0.004962556
1511,0.8615036588757291,0.6085853,0.0009259842
1512,0.8043712538486129,0.7249931,0.004755783
1513,0.842233935614296,0.93452716,0.0036050454
1514,0.8971484227661366,0.6294487,0.00011687179
1515,0.6193787462207413,1.2028146,0.00047647732
1516,0.8841605413470178,0.59685063,0.0035331242
1517,0.9502206435625772,0.73699045,0.0005034477
1518,0.999929494064546,0.081363246,0.006472899
1519,0.7956385841630296,0.785706,0.004935586
1520,0.7972881878457232,0.76776487,0.005933491
1521,0.7867699042666552,0.80517006,0.0031555383
1522,0.7696015396298418,0.75457823,0.0032184694
1523,0.6985589684674398,0.96424294,0.0006832505
1524,0.7299475755930436,1.1085702,6.2930965e-05
1525,0.9488017373049064,0.33873895,0.010806146
1526,0.9481251187853584,0.91027427,0.004306276
1527,0.8568074521676888,0.6941887,0.008199005
1528,0.9491175750754302,0.60651904,0.012019814
1529,0.9808648478103994,0.38406098,0.013485206
1530,0.7623180688858449,0.73987603,0.002733002
1531,0.7701512251961784,0.5869845,0.0073179724
1532,0.7467960642906442,0.58613795,0.0030746271
1533,0.7595433715868517,0.894929,0.0008810335
1534,0.7820836580964058,0.92321354,0.002085712
1535,0.9189295662935044,0.6582887,0.0030746271
1536,0.8435557518838518,0.31654558,0.0065807807
1537,0.9089235906612864,0.98322636,0.0008540631
1538,0.9999546404225728,0.048049804,0.009089029
1539,0.9999984000426184,0.09338193,0.009232871
1540,0.9995775492551692,0.036926325,0.04101301
1541,0.7711975504032952,1.3375663,0.00010788166
1542,0.8706164322987151,0.4569691,0.0055289348
1543,0.8450458141534058,0.5706693,0.009268832
1544,0.7429684455707412,1.1176531,0.0018879289
1545,0.8970653655343921,0.5153321,0.010113905
1546,0.961491806094768,0.6981154,0.0007911321
1547,0.935123051709886,0.4350299,0.0037398974
1548,0.8818022757732673,0.78624254,0.0011327574
1549,0.8741302482308668,0.5780891,0.0013934714
1550,0.8823294401972273,0.73952353,0.003128568
1551,0.9962418258871804,0.19974428,0.08602663
1552,0.7062018578236894,0.94083095,0.0018519684
1553,0.999923826455788,0.053605102,0.005268221
1554,0.7820453422198589,0.6390349,0.0053041815
1555,0.7592153705699006,0.93680036,0.0039466703
1556,0.8188447287656542,0.85082364,0.0041264733
1557,0.8919930538300062,0.724576,0.0048636645
1558,0.9089708451546804,1.0130068,4.4950688e-05
1559,0.7752831777678213,0.8271932,5.394083e-05
1560,0.8700008810597856,0.82441694,0.00042253648
1561,0.7924493141207104,0.6863094,0.0022924852
1562,0.9455878793824816,0.83704853,0.002355416
1563,0.8589198436971976,0.6649938,0.0028858343
1564,0.7254792586348457,1.0865141,0.00012586193
1565,0.8269862503877868,0.56288815,0.007965262
1566,0.7601365822285058,0.8710324,0.0017081262
1567,0.7770433399260319,0.61380136,0.0049086153
1568,0.7851885870593948,1.4203185,0.0015103432
1569,0.8486826916611308,1.2561004,0.00325443
1570,0.6661649175090611,0.9427547,0.0024003668
1571,0.5856444790725516,1.19538,0.0005933491
1572,0.7683257064756426,1.0203837,0.0005753688
1573,0.9182281335853404,0.7885378,0.004683862
1574,0.909459337036286,0.57386804,0.0013125602
1575,0.7229290594079365,0.6727304,0.001375491
1576,0.9470188246845118,0.5569993,0.0028498736
1577,0.8944404516680977,0.38163543,0.011255653
1578,0.972282444151583,0.32610974,0.015561929
1579,0.8853467206736108,0.8662859,0.0010788166
1580,0.9455878793824816,0.73780483,0.0018339881
1581,0.9117075534877116,0.31617534,0.014716855
1582,0.8840408257531839,1.0550206,0.0006382998
1583,0.7455350436149418,1.0048196,0.0018789388
1584,0.8142888502818618,0.68546337,0.007434844
1585,0.8828517168648523,0.86609095,0.00019778303
1586,0.9390985163401628,0.65785855,0.00022475344
1587,0.8913051647910539,0.55392206,0.0019238895
1588,0.93084867472787,0.4287107,0.0042073843
1589,0.8092748075745141,0.76426446,0.0015912544
1590,0.9843680754812756,0.54332757,0.0055289348
1591,0.8588931711264138,0.7730982,0.0048187138
1592,0.8446640578405856,0.9650022,0.0056188363
1593,0.972282444151583,0.24686986,0.03588863
1594,0.831802944328585,0.83395755,0.0018789388
1595,0.7742249415198258,0.60401696,0.002283495
1596,0.9999998203229142,0.07492431,0.009484596
1597,0.7439785264484802,0.9214468,0.004000611
1598,0.6160086094144096,1.1586152,0.0006472899
1599,0.9685589427631928,0.82103497,8.990138e-06
1600,0.8386829279637196,0.45842132,0.0078034396
1601,0.7388315276445828,1.1172999,0.0005483984
1602,0.8058097521786931,1.063155,0.0005394083
1603,0.9999996785899544,0.073581316,0.009502576
1604,0.9193373338130714,0.45664364,0.01756673
1605,0.8588856620986957,0.8665804,2.6970414e-05
1606,0.7090130196891222,1.0593252,0.00095295464
1607,0.9550919458993252,0.640973,0.0008810335
1608,0.9452601764811056,0.43220675,0.010374619
1609,0.7305553795682581,0.9566986,0.00039556605
1610,0.8064840019175558,1.0319878,0.0026341104
1611,0.8776771738368008,0.54297847,0.0010878067
1612,0.8852694065665779,0.74442583,0.0016721656
1613,0.8631452001767219,0.8543857,0.0006922406
1614,0.8606147007498386,0.72759956,0.0036859566
1615,0.7158531286807474,1.0328062,0.0025531992
1616,0.9212369662213268,0.84525234,0.0048636645
1617,0.8841399730816598,0.6672156,0.0022924852
1618,0.8387723515836958,0.8922132,0.0009259842
1619,0.8449657406263824,0.6005646,0.0063200668
1620,0.8578032164893568,0.6939178,0.011003928
1621,0.8848360662890608,0.99863726,0.0001438422
1622,0.9434020772766069,0.59493333,0.005474994
1623,0.5915008959001545,1.0172361,0.00021576331
1624,0.55826714626806,1.1193651,0.00013485207
1625,0.9714225133303782,0.52206635,0.0012226588
1626,0.6744907675264212,0.7897831,0.005744698
1627,0.7989355087598099,0.8915293,0.0003596055
1628,0.718431994736553,0.98073184,0.0024003668
1629,0.9601528536904528,0.54894423,0.003587065
1630,0.9917608920224456,0.14119184,0.06442333
1631,0.7650020465220269,0.8924789,0.000782142
1632,0.722303026809009,1.1774166,0.0007282012
1633,0.7493957084496738,0.81079096,0.0024543076
1634,0.7525123040813894,0.77578235,0.0029128047
1635,0.7581607270975222,0.63697517,0.0067965444
1636,0.8317561003160905,0.51346844,0.003982631
1637,0.7947226889196302,0.74660534,0.003721917
1638,0.8229619020610544,0.35973737,0.00849568
1639,0.8629801484990522,1.0716244,0.00084507297
1640,0.9999895973380812,0.053156137,0.00845073
1641,0.8106800002886926,1.0525849,0.0027689624
1642,0.8951675216680282,0.8987587,0.00027869426
1643,0.8399420321681468,1.272246,0.0003146548
1644,0.8882555304852232,0.62756145,0.0010518461
1645,0.7680942121591758,0.76297885,0.0025352188
1646,0.6822814400682965,0.88372517,0.0037758579
1647,0.890364779239311,0.39301464,0.019373747
1648,0.8128103523752814,0.43280882,0.0078394
1649,0.7716590187764295,0.9601626,0.0038208086
1650,0.996791409431931,0.20502858,0.07107603
1651,0.7825456626351415,0.70291775,0.0024453176
1652,0.9097039266211862,0.82935315,0.0028229032
1653,0.953758837772408,0.82020396,0.0010068954
1654,0.992068318572366,0.30982262,0.02478581
1655,0.5531867645337807,1.014727,0.0001887929
1656,0.708500365026379,1.0235754,0.0014833728
1657,0.7604157819170444,0.8043992,0.0018969191
1658,0.7220469828316913,1.0023307,0.0011597278
1659,0.7566252278689284,0.7870412,0.0010788166
1660,0.8967957579835898,0.6135449,0.0025621892
1661,0.8728562172610537,0.53645825,0.0058435895
1662,0.8771687159897699,0.44078365,0.006913416
1663,0.8204903433402104,0.8583464,0.0018160079
1664,0.9595216309294146,0.74653095,0.0017710571
1665,0.9127543549587306,0.6893966,0.0002876844
1666,0.6953685253925663,0.7406756,0.005412063
1667,0.908176065468659,0.6866186,0.0007641617
1668,0.941276393819695,0.6306176,0.0019508599
1669,0.9874186309074392,0.6238091,0.0025711795
1670,0.7412171884050375,0.8924674,0.00048546743
1671,0.6865000008396864,0.9942195,0.0020407613
1672,0.667780306221176,0.8567091,0.007219081
1673,0.9018231150171002,0.5633669,0.0056188363
1674,0.7852585715920954,0.70772105,0.003524134
1675,0.9829666595190576,1.0236421,7.19211e-05
1676,0.5532086351737028,1.0493339,0.00091699406
1677,0.8529608718708639,0.645462,0.003524134
1678,0.9656338887972968,0.718154,0.00029667455
1679,0.8999483629196798,0.54295355,0.0044051674
1680,0.911381007651793,0.37089226,0.007255041
1681,0.7368761796225158,1.0055983,0.00027869426
1682,0.999945175858766,0.1149545,0.0046209306
1683,0.9063326743589664,0.67323303,0.0037039367
1684,0.7017088850421913,0.9250631,0.0024992584
1685,0.7559453265633526,0.9465889,0.006068343
1686,0.7842196363785674,0.97771686,0.008306887
1687,0.9545206903158708,0.5140486,0.010176836
1688,0.7810917748233701,0.6132976,0.0018789388
1689,0.8762388656660658,0.4961899,0.005807629
1690,0.7786444853740088,0.8396402,0.003649996
1691,0.7281975492352503,1.0109551,0.00045849703
1692,0.8204304283839186,0.9684908,8.091124e-05
1693,0.7320535556746917,0.8474339,0.005537925
1694,0.9812998402002592,0.3122557,0.0018699487
1695,0.8794164456774439,0.83085686,0.003964651
1696,0.7045037371102347,0.9582724,0.0029307848
1697,0.8997472870247507,0.5115464,0.012226587
1698,0.7605034128057808,0.906287,0.0013485206
1699,0.9197653660938584,0.8932581,0.0015283234
1700,0.9152537827711782,0.21432948,0.024372263
1701,0.8686336175284377,0.65544814,0.0028139132
1702,0.8439906467611187,0.8524384,0.0027779527
1703,0.8335099672820501,0.9041305,0.0021126824
1704,0.8183719881757933,0.48122448,0.0078034396
1705,0.695775191417731,1.0639788,0.0019958105
1706,0.9743041908302305,0.49088037,0.010860086
1707,0.9999993519463714,0.0736882,0.0047288127
1708,0.8012519695150376,0.7501831,0.005034477
1709,0.821623479476184,0.5682206,0.0044051674
1710,0.9970669464684748,0.52832454,0.0013395306
1711,0.95728789446287,0.74406326,0.00021576331
1712,0.9388285259937982,1.0338379,0.0023194556
1713,0.8001866636277684,0.81280464,0.0031465483
1714,0.8520861987455143,0.3823507,0.008549621
1715,0.7617764581969693,0.95492625,0.0021306626
1716,0.8770454840096058,0.7603319,0.0020587416
1717,0.6839726596179474,0.8423527,0.0025082484
1718,0.9999996140404148,0.10174563,0.009160951
1719,0.9133614913840888,1.0334314,0.0005663787
1720,0.7948347478359146,0.8601444,0.0033623115
1721,0.688499666042647,1.241059,0.00077315187
1722,0.9648192748358946,0.5947981,0.0133503545
1723,0.7272414203740064,0.84228045,0.0012586192
1724,0.9821014969843792,0.723044,0.0005394083
1725,0.952310470178218,0.7372889,0.0005933491
1726,0.7623666817745218,0.9215265,0.00011687179
1727,0.7511579836204867,1.3192894,0.0024273372
1728,0.8211768384937075,0.85124755,0.0016541854
1729,0.7953468501485048,0.7853789,0.0024992584
1730,0.8327158461285747,0.86362344,0.0055559054
1731,0.748539993830587,0.8590611,0.0029487652
1732,0.9999918338425,0.08370052,0.0044680983
1733,0.8235690381505709,0.99150896,0.003461203
1734,0.7502855792342924,0.6559762,0.0044051674
1735,0.8984344535103128,0.57960886,0.007632627
1736,0.6985219384347949,1.0979831,0.00039556605
1737,0.9571902504972488,0.6223336,0.0029847259
1738,0.8535365102732984,0.6442118,0.0040725325
1739,0.8395898594903043,1.0937341,2.6970414e-05
1740,0.9680123938403128,0.5273321,0.0037398974
1741,0.8505044064226481,0.9425291,2.6970414e-05
1742,0.8599802469590503,0.7906283,0.00026970415
1743,0.8586639490698067,0.60312456,0.0119299125
1744,0.9170502755678184,0.778646,0.0041174833
1745,0.7793026636387368,0.9804854,0.0011237672
1746,0.862338962555043,0.6708551,0.0038297987
1747,0.9886189697379372,0.30343318,0.022286551
1748,0.7687312082867175,0.8677165,0.0026251203
1749,0.8677032665643558,1.0595411,1.7980276e-05
1750,0.9336660713488928,0.67020714,0.0033173608
1751,0.7626795977143397,0.50138205,0.0014743826
1752,0.8645175187696185,0.87802774,0.0049265954
1753,0.8836214408457358,0.9964782,0.0030386667
1754,0.8438834840362845,0.69143075,0.0028498736
1755,0.999981997385827,0.0843919,0.0011866982
1756,0.9489047597918696,1.0106074,3.596055e-05
1757,0.8770454840096058,0.84192806,0.0020048008
1758,0.9125320690634776,0.894009,0.0008360828
1759,0.8325617442794726,0.43198004,0.009349743
1760,0.9999977318223616,0.08498347,0.004980536
1761,0.8459111314550891,0.7734066,0.0013485206
1762,0.7911891216685165,0.90429235,0.0020407613
1763,0.940976644189385,0.925303,0.0025531992
1764,0.9999824685878168,0.08224145,0.004297286
1765,0.5248180235179845,1.0002631,0.00023374359
1766,0.7523516455624839,0.94472814,0.001114777
1767,0.9753538344446808,0.39053732,0.02216069
1768,0.7701347939948084,0.9128445,0.010644323
1769,0.8222578306856303,0.88705856,0.001438422
1770,0.9426056548535148,0.65963537,0.0023823865
1771,0.7398640585402154,1.0780087,0.00032364496
1772,0.8760175683497462,0.5655237,0.0074078734
1773,0.8561421870682643,0.49270588,0.00843275
1774,0.7353415944810543,0.92383754,0.0048636645
1775,0.9091835206403946,0.7642537,0.0007012308
1776,0.6682160681834722,0.9629258,0.0014474122
1777,0.9012569404337512,0.6069531,4.4950688e-05
1778,0.9852689453738877,0.31341803,0.013575108
1779,0.9999973065246738,0.082519665,0.004953566
1780,0.8335681064843525,0.93118644,0.0048007336
1781,0.9128177059534658,0.9511455,0.0030746271
1782,0.976276113561259,0.46263996,0.007776469
1783,0.9210274417846274,0.22651492,0.0076506073
1784,0.7596836508858336,1.0366226,0.0019688401
1785,0.8038384771522358,1.0049472,0.0007102209
1786,0.8529428666746,0.50610596,0.0043871873
1787,0.9170416729236688,0.8153637,0.0006472899
1788,0.8454350297976023,0.41767693,0.009943092
1789,0.7943292171205032,0.8694161,0.0023644064
1790,0.9875034270022404,0.7153375,6.2930965e-05
1791,0.967353121156848,0.43894768,0.005978442
1792,0.6815591442488342,0.84069,0.005501964
1793,0.7684323265896381,0.8701727,0.0027599724
1794,0.9999871566245,0.084051825,0.0028318935
1795,0.869705069468298,0.79268557,0.0035421143
1796,0.6964660198484216,1.0610139,0.0005573885
1797,0.7893242256369112,0.8939009,0.0031465483
1798,0.7997806712168141,0.8735355,0.0040185917
1799,0.9922084380859012,0.3514593,0.0050614476
1800,0.7281005116369039,0.8318533,0.0021396528
1801,0.6689319069180835,1.1783063,0.0025172385
1802,0.733171483281703,0.7391268,0.0009259842
1803,0.9522720075635116,0.32149598,0.02085712
1804,0.999988263346436,0.067863,0.0063020866
1805,0.83987201927271,0.7751108,0.004971546
1806,0.6454488141833856,0.9441549,0.00025172386
1807,0.7632876668809111,0.69639045,0.0058615697
1808,0.999992918950012,0.0734794,0.0043512266
1809,0.5028840303432496,1.2411143,0.0006293096
1810,0.6033188619383818,1.0197197,0.0012226588
1811,0.8310397087686732,0.95012325,0.0017980275
1812,0.8329058316115369,0.62393194,0.013278433
1813,0.8012519695150376,0.68959415,0.005960461
1814,0.706138327424619,1.0155183,0.0019958105
1815,0.8435940076356833,1.2639378,0.0040096017
1816,0.9999992938413472,0.09454465,0.0051693292
1817,0.9481251187853584,0.8905302,0.0029577552
1818,0.7902901911894211,1.0963398,0.0041983943
1819,0.9747020758095892,0.70355225,0.0004045562
1820,0.993433866741489,0.2359086,0.07567898
1821,0.925618283569426,0.7843014,0.00039556605
1822,0.7459477399522241,1.0190265,0.0032903904
1823,0.8885133783765631,0.6279185,0.0072910017
1824,0.868521700001053,0.7272189,0.0112286825
1825,0.9014672375244236,0.52830344,0.0017710571
1826,0.5930613836983825,1.0436933,0.000719211
1827,0.906798875975756,0.6373494,0.004683862
1828,0.7074678551084035,0.83152854,0.003596055
1829,0.9186642508176068,0.9649383,0.00012586193
1830,0.9999858042774932,0.07876199,8.091124e-05
1831,0.8401874019992082,0.9095831,0.00093497435
1832,0.9723591818010684,0.92437464,0.007497775
1833,0.9205194678997416,0.8919676,0.0006203195
1834,0.7894359669068247,1.009492,0.000521428
1835,0.6054727756616478,1.0393417,0.0016092347
1836,0.7795912172664983,0.7572216,0.0024273372
1837,0.9987653164958876,0.05260305,0.0059155105
1838,0.9152918345710472,0.66833043,0.0042703156
1839,0.9097488294318802,0.4353075,0.013997644
1840,0.7534747665826409,0.8000868,0.002211574
1841,0.870231266882417,1.1736816,0.0017890374
1842,0.9933228498006949,0.24063309,0.033515234
1843,0.8773987913337568,0.8110583,0.00081810256
1844,0.8545083382248615,0.8344594,0.00093497435
1845,0.6771259485636394,1.0518329,0.00091699406
1846,0.8274752406617302,0.5639338,0.0067965444
1847,0.9999991934509326,0.06303383,0.009439644
1848,0.8872568449281896,0.628566,0.0049895267
1849,0.9956926325862664,0.51546186,0.0026880512
1850,0.9999976292792048,0.06122323,0.009403684
1851,0.9006189881790506,1.0601352,0.0020317712
1852,0.7268383272711962,1.0388956,0.006445929
1853,0.8275441163158617,0.837233,0.00024273372
1854,0.7251203501096986,1.0433127,0.0018070177
1855,0.6913381570330535,1.1245676,3.596055e-05
1856,0.8190155933995806,0.63937736,0.0003146548
1857,0.9470587258858938,0.35622928,0.012118706
1858,0.9946498856167904,0.4740759,0.0003326351
1859,0.8238804023796855,0.88541627,0.0023104653
1860,0.9481728798855714,0.7221276,0.0029847259
1861,0.8211388414289582,0.9980808,0.00011687179
1862,0.8887114562945643,0.606122,0.0015103432
1863,0.9059220560285618,0.593351,0.0020677317
1864,0.857548030172987,0.5124382,0.011246663
1865,0.8534795314048096,0.671107,0.0061043035
1866,0.7359447302176474,1.0266137,0.00077315187
1867,0.8194285728218736,0.79758793,0.0025801696
1868,0.7610221342392589,0.7610936,0.00326342
1869,0.7589102262540062,0.97970784,0.0006293096
1870,0.9540085477545506,0.16587219,0.013620059
1871,0.9106191786334648,0.99628603,0.0015732741
1872,0.9635945114210592,0.701157,0.0003506154
1873,0.8889301238095603,0.69963753,0.0043152664
1874,0.8435132591878296,0.8291081,0.0018519684
1875,0.998155681913873,0.23404679,0.038306978
1876,0.9659710289012596,0.82489115,0.0014204418
1877,0.8251291788500994,1.0527006,0.0022565245
1878,0.824765981464586,0.64314115,0.008945188
1879,0.7717115466455069,0.93259984,0.0043242564
1880,0.8437341585614482,0.8055164,0.00043152663
1881,0.9430406950932416,0.37816474,0.026628789
1882,0.9820885615756232,0.4981826,0.0038657594
1883,0.8943309142342806,0.5935168,0.0071201893
1884,0.8546816394074533,0.9291501,0.0011507376
1885,0.9159598414447816,0.83993113,0.00021576331
1886,0.8266110743500888,1.2030666,0.00260714
1887,0.9999943230555588,0.060826518,0.009358734
1888,0.9284306348013877,0.8431662,0.00043152663
1889,0.9469703415830611,0.8105242,0.0007641617
1890,0.9999452301550232,0.08023138,0.006391988
1891,0.9888002435305971,0.38946304,0.01046452
1892,0.8503742073991967,1.0041234,0.0018519684
1893,0.732164763322961,0.937326,0.0005304181
1894,0.9189171014167752,0.48127306,0.005717728
1895,0.9999930790848832,0.06675275,0.0045939605
1896,0.8284246762656284,1.1406873,0.0010248757
1897,0.913058009342828,0.7509254,0.0015912544
1898,0.9173903642022418,0.80872935,0.005672777
1899,0.9497846690607026,0.5631833,0.0064099682
1900,0.8631837969795432,0.8775519,0.0015912544
1901,0.9704002588005668,0.99097407,0.00026970415
1902,0.8273753877771634,1.042809,0.0014564024
1903,0.9188966188434494,0.76164484,0.0006832505
1904,0.930902524206632,0.8840804,0.0041084928
1905,0.7110954270499668,1.0774294,0.0014564024
1906,0.8528971007760522,0.7741271,0.012918828
1907,0.8454477551003047,1.0207386,0.002346426
1908,0.7486344033870576,0.9696734,0.0021216725
1909,0.7606682331267547,0.7956228,0.004692852
1910,0.9692462556985127,0.66673696,0.0026341104
1911,0.9091188199754596,0.635194,0.002741992
1912,0.9894394362284972,0.6357087,0.0006652702
1913,0.9798264429269262,0.28875145,0.0031555383
1914,0.9999934647506844,0.05541131,0.009205901
1915,0.9968958265411156,0.18921226,0.063811995
1916,0.8564960828736741,0.90362376,0.0036769663
1917,0.9718412178697982,0.5531924,0.0020407613
1918,0.7866907990654524,0.67622125,0.0032814003
1919,0.7428489965079195,0.92638373,0.00392869
1920,0.9999972800997684,0.05992134,0.009430654
1921,0.8556109939906619,0.550282,0.009763289
1922,0.7468483272571729,0.91750586,0.0005483984
1923,0.8002587139210622,1.2414285,0.0011597278
1924,0.849010662295421,0.7714756,0.00024273372
1925,0.9144279830627996,0.53724825,0.004737803
1926,0.7885534092792291,0.8219223,0.0060323826
1927,0.6941780252303489,0.11158044,0.0
1928,0.6216383964229144,1.1680943,0.0023823865
1929,0.7825940329937787,0.64532864,0.0066796723
1930,0.773511246362264,0.94540393,3.596055e-05
1931,0.7115864760573896,0.9440386,0.0012136686
1932,0.8157569468740584,0.87835246,0.00046748717
1933,0.784099742658246,0.8669382,0.002220564
1934,0.917377359988568,0.3813973,0.0070842286
1935,0.7710008823181475,1.0669551,0.0010788166
1936,0.6809409958787429,1.3733516,5.394083e-05
1937,0.829556317792934,0.93505377,0.0018879289
1938,0.6445988890485774,0.95474184,0.0010248757
1939,0.990153231956602,0.5719097,0.0016182248
1940,0.8837163119153192,0.9231609,0.0018339881
1941,0.8223605777485518,0.7607536,0.0037488875
1942,0.6436295934005054,0.99871385,0.00095295464
1943,0.9828186727284266,0.49285614,0.003784848
1944,0.739511771075201,0.9915426,0.0019508599
1945,0.7982907601100463,0.96870846,0.003452213
1946,0.9657266702421764,0.6571224,9.889151e-05
1947,0.743993950775237,0.6645886,0.002355416
1948,0.5873911356940495,1.2073774,0.0007911321
1949,0.9681712876355648,0.53052855,0.0057716686
1950,0.9837684945700578,0.4126389,0.008082134
1951,0.815429280555228,0.9677271,0.0026610808
1952,0.8264113694552127,0.7060145,0.004827704
1953,0.7566989296239279,0.66939884,0.00846871
1954,0.7913626776687328,0.87242025,0.0010518461
1955,0.8609361221467353,0.5237895,0.00029667455
1956,0.6788141758514228,0.86746824,0.0041174833
1957,0.9915829885606706,0.112757556,0.06586175
1958,0.9726285104222904,1.0694306,0.00015283235
1959,0.7243283050332637,0.9560715,0.00077315187
1960,0.9426252069014572,0.6451116,0.0006203195
1961,0.7107078196262226,0.9450778,0.0025891596
1962,0.8567815809457454,0.34993306,0.008765385
1963,0.8099447511122642,0.7453095,0.0041174833
1964,0.8088529028743966,0.9740655,0.0003146548
1965,0.9782539443905436,1.3360599,0.0001438422
1966,0.7070235432707774,1.0297806,0.00019778303
1967,0.7416622857068831,1.1869024,1.7980276e-05
1968,0.7985267875315473,0.77335614,0.0045849704
1969,0.745176317821371,0.8762373,0.0020317712
1970,0.7349345673772294,0.83047575,0.0007911321
1971,0.685556268550227,0.84346443,0.0058885403
1972,0.999976693290246,0.053408865,0.004890635
1973,0.9946498856167904,0.4706604,0.00038657594
1974,0.8459891566560145,0.623501,0.0049086153
1975,0.9999927853785896,0.06422297,0.009223881
1976,0.8633166416768392,0.6543945,0.003955661
1977,0.9999982282756712,0.061519973,0.009349743
1978,0.7508027208968217,1.0494789,0.00039556605
1979,0.8131271715989881,0.70493037,0.0013395306
1980,0.9233967049453834,0.5423999,0.010851096
1981,0.8475388282989316,0.89360416,0.00024273372
1982,0.999991439478513,0.10690673,0.008945188
1983,0.8672803286664881,0.8471025,0.00081810256
1984,0.8491171838569651,0.7178286,0.0031825087
1985,0.7435514955937691,0.90658015,0.0027779527
1986,0.6832556706708858,1.1025838,0.002229554
1987,0.8841549346953347,0.5989513,0.006275116
1988,0.98742816526354,0.5658958,0.000260714
1989,0.9926723952144711,0.20413691,0.052538365
1990,0.8262007830743233,1.0927457,0.00077315187
1991,0.7915353449554381,1.0501655,0.0055559054
1992,0.7112249411220238,1.0588677,0.0008810335
1993,0.9803756874504228,0.9933798,0.00041354634
1994,0.9609820839436404,0.7745247,0.000260714
1995,0.9576091069929876,0.8206037,0.0066257315
1996,0.7936237866579949,0.79167,0.004027582
1997,0.967299556551652,0.53878057,0.0059694517
1998,0.9703568773279476,0.49507347,0.0038208086
1999,0.86308169844,0.5175,0.0058256094
2000,0.7636278893272422,0.9632709,0.0006742603
2001,0.9999786721463886,0.05884802,0.00912499
2002,0.7911596571665723,0.9729265,0.001824998
2003,0.7979635784056498,0.72257876,0.003721917
2004,0.7953080296060349,0.64888453,0.00326342
2005,0.7741499548100405,0.59017736,0.007722528
2006,0.940437541950665,0.95261383,0.0007012308
2007,0.9259769774088088,0.6506766,0.0010967968
2008,0.9270911135095352,0.44380447,0.0060953135
2009,0.8793454614318172,0.8056699,0.0012226588
2010,0.9443053306036628,0.8951206,0.0007371913
2011,0.6863520931024317,1.252818,0.0008990138
2012,0.8126528843903781,0.9764708,0.0003775858
2013,0.5849214349763188,1.3238026,0.00015283235
2014,0.8258519738407754,0.61208856,0.00784839
2015,0.8816840957931511,0.48072004,0.007758489
2016,0.7832123416131562,0.92070675,0.00719211
2017,0.8683291192831707,0.44946456,0.004306276
2018,0.8009739454974321,0.64440584,0.007722528
2019,0.9753358976150676,0.5898447,0.0017890374
2020,0.8316319858384815,0.8282688,0.0045759804
2021,0.7389249355864325,1.308369,0.0022025837
2022,0.9999987620045137,0.08319288,0.004935586
2023,0.542878015670851,1.14473,0.00015283235
2024,0.792265615437954,0.7530008,0.0039466703
2025,0.786517575281863,1.1924589,0.001501353
2026,0.6900312083932076,0.7161608,0.0036410058
2027,0.8437150008122468,0.752509,0.00015283235
2028,0.656823335845182,0.8849201,0.0002876844
2029,0.9338626809763032,0.7389554,0.0041174833
2030,0.8814269127341865,0.7332489,0.001240639
2031,0.8577531469201816,0.65885115,0.00261613
2032,0.8296178660997385,1.013785,0.0005394083
2033,0.9273243935697846,0.3274643,0.011417475
2034,0.9450579930185196,0.89008087,0.0007102209
2035,0.7406308122209869,0.9002768,0.0017261065
2036,0.9463608149669788,0.80479264,0.0005753688
2037,0.9481259676296044,1.048208,0.00022475344
2038,0.6730035834952007,0.8843908,0.0014743826
2039,0.8893199778719172,0.42305562,0.008001222
2040,0.6184605592327779,0.94236845,0.0006922406
2041,0.8693159397153599,0.5832483,0.0065987613
2042,0.7721388895043704,0.91354066,0.0006023392
2043,0.810662990825387,0.80404717,0.0008001223
2044,0.910010306914145,0.40951052,0.01502252
2045,0.927995395552474,0.86144406,3.596055e-05
2046,0.5351570425651926,1.0593569,0.00024273372
2047,0.9295060199811782,0.57063967,7.19211e-05
2048,0.8894602219872079,0.63573265,0.003838789
2049,0.886384584507712,1.1000297,0.0023374357
2050,0.970262573881737,0.66677284,3.596055e-05
2051,0.8951675216680282,0.96327156,0.0006023392
2052,0.8198740080369629,0.9005103,0.0005483984
2053,0.8341565849573143,0.8828993,0.0017530769
2054,0.9139865815327228,0.58353627,0.008621542
2055,0.8611931731366641,0.39006427,0.012631143
2056,0.7052604448504008,1.1100678,0.00023374359
2057,0.8495875338839316,0.38747984,0.0023644064
2058,0.9651957383622184,0.4024256,0.0064279484
2059,0.7848029260138205,0.5797658,0.0040185917
2060,0.9805067131969776,0.73031926,0.0011507376
2061,0.9005593027351003,0.74762523,0.00094396446
2062,0.8769937232214065,0.870627,0.0017261065
2063,0.8819945253259185,0.71771014,0.0038657594
2064,0.8134400462143905,0.5460415,0.01237043
2065,0.8697400400640337,1.1627533,0.0025711795
2066,0.7373062701961995,0.93951714,0.005744698
2067,0.8459111314550891,0.6466554,0.0032094792
2068,0.8617214276014774,0.5671355,0.003587065
2069,0.710828391307347,1.0797858,0.00091699406
2070,0.7815080343830623,0.9617609,0.003335341
2071,0.9293685500351292,0.7771204,8.990138e-06
2072,0.9273533997557938,0.4506741,0.0035780747
2073,0.8882495022978445,0.6428804,0.0010518461
2074,0.9098901724126222,0.90215945,0.00024273372
2075,0.9047519187499018,0.69552225,0.0032993807
2076,0.8378085602794679,0.7600033,0.0016092347
2077,0.8020095218345935,0.6040076,0.008297897
2078,0.9999974630329252,0.06476399,0.009250852
2079,0.9975026664889008,0.30622017,0.019823253
2080,0.9760157695993844,0.2848463,0.0066347215
2081,0.8002303975301694,0.96365523,0.0014743826
2082,0.7615943116453666,0.684608,0.0070302878
2083,0.912821410829743,0.75204164,0.0017081262
2084,0.8484953718986916,0.872482,0.00038657594
2085,0.8923384907725853,1.2281132,0.0007282012
2086,0.8182218236858285,0.78900313,0.0045849704
2087,0.9603091410709604,0.78266156,0.003712927
2088,0.904520557692192,0.68365926,0.001762067
2089,0.7748914065640509,0.8953146,0.006850485
2090,0.9407597284460888,1.1382551,0.0004944576
2091,0.9538345182856244,0.50597966,0.0012586192
2092,0.9998116160707522,0.05352212,0.0048456844
2093,0.9997209094391752,0.06624559,0.0075607058
2094,0.9150041981442124,0.74045295,0.00090800395
2095,0.99789554211535,0.5040558,0.001627215
2096,0.8439906467611187,0.6147378,0.0037398974
2097,0.6950740233725835,1.2580718,0.00032364496
2098,0.8449227581639849,0.77595896,0.00017081262
2099,0.8878249569297092,0.7927344,0.0003326351
2100,0.7916903710979818,1.1710993,0.0003056647
2101,0.9214517489886396,0.53005475,0.0046479013
2102,0.7002603704830002,0.94121546,0.0021666232
2103,0.681051708150217,0.96193343,0.0010878067
2104,0.8738708607801976,0.86023176,0.0017350966
2105,0.9999994286325784,0.07016054,0.009403684
2106,0.938449258773202,0.79143053,0.00086305325
2107,0.860135472786826,0.70028156,0.0012676094
2108,0.8598645721961171,0.91549486,8.9901376e-05
2109,0.8195230204280477,0.8792467,0.0016541854
2110,0.7957558840593228,0.9427016,0.002022781
2111,0.881858396214243,0.8061764,0.0043242564
2112,0.7097812191087378,0.8746309,0.0022475345
2113,0.7098325250542266,0.7714131,0.0008540631
2114,0.9159807274190244,0.5777628,0.021459458
2115,0.7890896310462889,1.0779256,0.0008990138
2116,0.5747362711766094,1.3249781,8.091124e-05
2117,0.6800480847842526,1.0653065,0.0010608362
2118,0.9218310566673826,0.81852406,0.0032814003
2119,0.8922129389505755,0.606612,0.00012586193
2120,0.8386829279637196,0.40052134,0.006769574
2121,0.7934931044536527,0.9550353,0.0054480233
2122,0.9494655102310292,0.6299242,0.00022475344
2123,0.8945746555533203,0.36428875,0.006436939
2124,0.9999991514299372,0.08208683,0.004953566
2125,0.8868025987356334,0.9491749,0.0
2126,0.8718999122414111,0.8688094,0.0010967968
2127,0.8779180243381879,0.45668617,0.006194205
2128,0.9999983973931263,0.06223232,0.009421664
2129,0.8258395463935984,1.2185568,0.0010158856
2130,0.7347170985998488,0.7835434,0.0055828756
2131,0.818937783345294,0.7493516,0.0006832505
2132,0.9391413997909224,0.4515383,0.013602079
2133,0.6611701166361559,1.0395297,0.0007641617
2134,0.8244357579699074,0.5431109,0.010500481
2135,0.743781482937662,0.954106,0.0035690847
2136,0.8464078940487934,0.5677794,0.0053131715
2137,0.8376078309735064,0.927246,0.00017980275
2138,0.8147088154576808,0.70967734,0.0019778304
2139,0.7193733955422223,0.75677556,0.002733002
2140,0.7658066933134751,1.1610874,0.0030926075
2141,0.8762101136139434,0.7973243,0.00038657594
2142,0.6127316283262212,0.70526195,0.0
2143,0.9999995533743048,0.07391424,0.009511566
2144,0.944106134943406,1.072988,8.990138e-06
2145,0.679547185060176,0.96770406,0.004369207
2146,0.6261103758823872,1.0221761,0.0053311517
2147,0.9834443646817136,0.6321141,0.00058435893
2148,0.871500706268801,0.77747554,0.002733002
2149,0.6610475190210259,1.1153288,0.0022924852
2150,0.8755297148116091,1.0166403,0.0017980275
2151,0.8205296986062828,0.72982275,0.00719211
2152,0.8321899335627521,0.6342717,0.0026880512
2153,0.6287952471127348,1.0864334,0.0006832505
2154,0.481488225525399,1.180938,0.0003506154
2155,0.8813833031658813,0.4551071,0.005403073
2156,0.7353641394265436,0.90010166,0.0040096017
2157,0.8476089956685684,0.8545065,0.0030296764
2158,0.8313330977771468,0.44893366,0.0014833728
2159,0.7421147782932638,0.84615904,4.4950688e-05
2160,0.7216462066869531,1.1974887,0.00025172386
2161,0.9293658955943414,0.514834,0.004441128
2162,0.9419117750110672,0.4888227,0.0021756133
2163,0.7171542135033186,1.0483829,0.003721917
2164,0.9999949283048196,0.075699,0.004486079
2165,0.5609161219348762,0.9646015,0.0008990138
2166,0.615761399727192,1.0135268,0.0010698264
2167,0.9839757887729336,0.38083073,0.015454047
2168,0.8076980943309033,0.84818816,0.003524134
2169,0.9314215643178818,0.51740265,0.0041174833
2170,0.7166204649768451,0.936954,0.0031735187
2171,0.9999990874321898,0.0832991,0.004980536
2172,0.7493786043386299,1.0060989,0.0030116963
2173,0.7617080656933874,0.8760507,0.0021216725
2174,0.7368957465052374,0.91707313,0.0038657594
2175,0.895643050062569,0.9719021,0.002993716
2176,0.7937536028535608,1.0042434,0.00021576331
2177,0.8616074503289068,0.89359117,0.0008360828
2178,0.8500366342039911,0.95694363,0.00091699406
2179,0.8533726573730966,0.8822456,0.00086305325
2180,0.7877779999479109,1.0906023,0.0021935937
2181,0.8922824826846214,0.46290904,0.006769574
2182,0.7745108291608147,0.8743358,0.0012855898
2183,0.991611366365175,0.6214199,5.394083e-05
2184,0.8393374093049071,0.6960114,0.001762067
2185,0.8520896966590437,0.9572528,0.0010158856
2186,0.8964412419255957,0.9832352,0.011624248
2187,0.8258058310629113,0.8029247,0.0012046784
2188,0.944853750501082,0.68085927,0.0019418697
2189,0.999999637071362,0.07015247,0.009529546
2190,0.7377299854835142,1.2249097,0.00016182248
2191,0.9998930377449382,0.05935295,0.006472899
2192,0.9111702764544772,1.0841856,0.010068954
2193,0.7186831767186634,1.1328377,0.0012586192
2194,0.8556714917373526,0.88281226,0.00019778303
2195,0.8473470386589028,0.8468657,0.0006203195
2196,0.9999795995455332,0.058701854,0.0045939605
2197,0.8334680224515937,1.1537356,0.0009259842
2198,0.9519818481331472,0.7558049,0.001177708
2199,0.9243526843102768,0.92425317,0.00038657594
2200,0.889621952849394,0.8720755,0.0006562801
2201,0.5783139806429499,1.0131401,5.394083e-05
2202,0.7744563011983688,0.8921888,0.0035421143
2203,0.7830389736147936,0.6831136,0.00391071
2204,0.9999942344386088,0.057822436,0.009412674
2205,0.8736345583379674,0.8878135,0.0010608362
2206,0.8302632521199974,0.9237377,0.00087204337
2207,0.9423227398277334,0.6193317,0.0048007336
2208,0.765083156227484,1.0042937,0.0012945798
2209,0.8297725456801768,0.9326041,0.0009259842
2210,0.9020717304731732,0.8486122,0.00016182248
2211,0.739718898817774,1.0818372,0.00010788166
2212,0.8886801010311671,0.85781705,0.0031105876
2213,0.8836247212882,0.92201203,0.0010698264
2214,0.6952372718940032,0.88886124,0.0018879289
2215,0.7806858588476033,0.7791915,0.0045759804
2216,0.7376231681785579,0.95481056,0.005807629
2217,0.8646457413333396,0.7314338,0.0012855898
2218,0.8846677025562257,0.90488046,0.0001438422
2219,0.8343105306424201,0.893222,0.004755783
2220,0.9550323159453348,0.7636838,0.0007551716
2221,0.9337087426546417,0.34509876,0.0030206863
2222,0.6920894678107307,1.1159961,0.001105787
2223,0.8184976230499529,0.6178475,0.0008091124
2224,0.7596164636613727,1.2342585,0.00039556605
2225,0.7918955244702535,0.7253605,0.0041534435
2226,0.7579934046425358,0.8381246,0.0028408836
2227,0.894362977097787,0.857325,0.0014653924
2228,0.7852554191886272,0.39237478,0.009619447
2229,0.7768044745248013,0.6084813,0.0031015975
2230,0.8048246730383999,0.66228193,0.0060953135
2231,0.7995728470827407,0.7974428,0.0017530769
2232,0.5018572708196523,1.1149473,0.0027150216
2233,0.9036328490646006,0.7543632,0.0026790611
2234,0.8393837668151738,0.9420124,4.4950688e-05
2235,0.9151599757630304,0.67983973,0.0082169855
2236,0.7542056879838646,0.9497552,0.003389282
2237,0.8817922584798442,0.6722257,0.005457014
2238,0.7940582904416529,1.050225,0.00020677317
2239,0.8926861268037847,0.7340302,8.9901376e-05
2240,0.781236699099006,0.72114414,0.0053761024
2241,0.7497736565699827,0.8389605,0.0004495069
2242,0.7441490389913704,0.816929,0.0019508599
2243,0.8993096553478,0.7674439,0.0016362051
2244,0.6659351231320441,0.97536314,0.00058435893
2245,0.8936709049077962,1.0669574,0.0006113294
2246,0.8585775888362753,0.9414413,0.009214891
2247,0.729405113565345,1.0106499,0.0016991361
2248,0.7522690506729625,1.0428039,9.889151e-05
2249,0.9579034352305762,0.17020597,0.030260803
2250,0.6494254322652655,1.0332439,0.0030296764
2251,0.723575303263662,0.7843654,0.0007012308
2252,0.8871377141161912,0.956785,0.0012316488
2253,0.8794252121569879,0.8264464,0.0028408836
2254,0.932439706103493,0.5704372,0.0003056647
2255,0.9093294118762152,0.6021288,0.002220564
2256,0.8379616332979409,0.92633843,0.00090800395
2257,0.7441508407497092,1.0563499,0.0006203195
2258,0.946092782700422,0.55011684,0.0049086153
2259,0.8379957953137785,0.7509402,0.005457014
2260,0.6110142434218118,1.3660152,0.0016901459
2261,0.9999748779245872,0.05796691,0.009340753
2262,0.8701503890723066,0.54759026,0.004710832
2263,0.7244132908525819,1.0907514,0.00034162524
2264,0.8265201389030993,1.3230637,0.0
2265,0.7927072902780534,1.2774532,0.00090800395
2266,0.99364223019763,0.5362302,0.0030296764
2267,0.7780808325897022,0.72495455,0.0048816446
2268,0.8945163795656615,0.6326613,0.0043961774
2269,0.7348164769012627,0.6437066,0.00093497435
2270,0.6975939995655112,1.0057948,0.0033083707
2271,0.8229140135076048,0.6057952,0.004944576
2272,0.7847879437534657,1.0308771,1.7980276e-05
2273,0.9605687352222616,0.52257144,0.004261325
2274,0.9328371991818444,0.5849037,0.0029577552
2275,0.7975387565663328,0.76204616,0.011992844
2276,0.6928515787260238,0.93540716,0.0042703156
2277,0.8997777017494974,0.7700218,0.004054552
2278,0.8453800243980324,0.80138505,0.006904426
2279,0.9118503693202102,0.6828861,0.0019148993
2280,0.9732434658080146,0.81353784,0.001501353
2281,0.8909308503141968,0.6142646,9.889151e-05
2282,0.9447071298461716,0.71572274,0.00844174
2283,0.9999995581878376,0.069774315,0.009547526
2284,0.8267950602661649,0.7395743,0.0050794277
2285,0.8535277633490472,0.6756964,0.0049265954
2286,0.8516631676899362,0.76516664,0.002993716
2287,0.8119722828643312,0.6609708,0.0047288127
2288,0.7557543023301619,0.9930911,0.00020677317
2289,0.8978470014711906,0.85662585,0.00043152663
2290,0.8364380888802498,0.90934914,0.0016451952
2291,0.8868740356024623,0.7384593,0.004459108
2292,0.9410431486333206,0.62053514,0.032903906
2293,0.9935254196961112,0.47998548,0.00024273372
2294,0.8133096831121721,1.113348,0.002022781
2295,0.6944126153292801,1.0852768,0.0007282012
2296,0.6961058733887223,0.98498863,0.000979925
2297,0.9851310364027884,0.5993722,0.0010878067
2298,0.9999965981775644,0.05967876,0.009412674
2299,0.7288366708153725,0.8468876,0.0049265954
2300,0.9009253761733996,0.76423216,0.0006023392
2301,0.8209184374929275,0.7899567,0.0010608362
2302,0.7919909620485489,1.0798093,0.00010788166
2303,0.8834757433996943,1.086158,1.7980276e-05
2304,0.811962879814756,0.750235,0.0041444534
2305,0.8718029897740562,0.671147,0.0020497513
2306,0.7297315446974137,1.0683718,0.0025711795
2307,0.785819078449654,0.7623667,0.0019508599
2308,0.6294205227170614,1.2550269,8.990138e-06
2309,0.691368707268363,1.0155371,0.0020407613
2310,0.7472902692722804,0.70004755,0.01242437
2311,0.9302505341011876,0.84146553,0.0005394083
2312,0.8067785698442581,1.014138,0.0019778304
2313,0.8943286650725293,0.7566833,0.0011417475
2314,0.9896992811217036,0.8294885,0.003991621
2315,0.887944001925741,0.46287215,0.00652684
2316,0.880216075358131,0.91347,0.00021576331
2317,0.9267109460249644,0.4210136,0.0032094792
2318,0.992140860522497,0.19900545,0.022673128
2319,0.8233509509496952,0.8661652,5.394083e-05
2320,0.7475895860071032,1.1042439,0.0016092347
2321,0.8443392054116134,0.57961154,0.0068055345
2322,0.7754704630928289,0.72631055,0.004027582
2323,0.9999410044797508,0.055616677,0.062265694
2324,0.6205291483527268,0.9555945,3.596055e-05
2325,0.7987342607308232,0.8553138,0.0036050454
2326,0.8980042318517705,0.6440327,0.0020767218
2327,0.9225877154523986,0.98956954,0.000260714
2328,0.8369288634172941,0.94205445,0.0018339881
2329,0.8577492575535323,0.7669919,0.0025531992
2330,0.6243997209619461,0.9707386,0.00021576331
2331,0.8004181838085953,0.49829233,0.0058795502
2332,0.87538308253221,0.48420596,0.0027959328
2333,0.9999897603512944,0.0559915,0.009187921
2334,0.7870300526768768,0.75356317,0.003596055
2335,0.9065030753822476,0.61174554,0.000782142
2336,0.9339761282359093,0.47174296,0.004297286
2337,0.9512510423355148,0.5025258,0.0046209306
2338,0.9745908787150676,0.52248985,0.004719822
2339,0.6509057019849285,1.0117172,0.0006832505
2340,0.7864850945929776,0.64373255,0.0063650175
2341,0.9229811875823062,0.8574203,0.0007911321
2342,0.7539945214706081,0.8040164,0.008378808
2343,0.8534056907516998,0.74729204,0.0024273372
2344,0.9999995732789952,0.07623558,0.009448634
2345,0.7904591591784348,0.5152875,0.0038837395
2346,0.6936740015514312,0.94452727,0.0040815226
2347,0.9070145130216392,0.73655796,0.00047647732
2348,0.794694913959059,0.87057006,0.002804923
2349,0.9162944149785852,0.9544783,0.0026610808
2350,0.9999973499331148,0.060265306,0.009457625
2351,0.8016869289189936,0.98996913,0.0007282012
2352,0.8232791696398971,0.99329466,0.0001887929
2353,0.8697400400640337,0.96070164,0.003730907
2354,0.9218310566673826,1.0183644,0.003191499
2355,0.9488164677324848,0.6223263,0.0076146466
2356,0.7399719943902081,0.8888102,6.2930965e-05
2357,0.6317535377330019,1.2313113,0.00013485207
2358,0.945754919893013,0.7673549,0.0001887929
2359,0.9554799063075275,0.43244115,0.018600594
2360,0.5247765814832035,1.1496229,0.0025801696
2361,0.7352360863604842,1.0067791,0.00091699406
2362,0.8945435040743837,0.82503057,0.00096194475
2363,0.8858644330999994,0.8047367,0.0010518461
2364,0.6101969176508302,1.2446022,0.0013395306
2365,0.8435583588462032,1.1065527,0.0040905126
2366,0.6798739129935275,1.0504652,2.6970414e-05
2367,0.8901077844551403,0.4617072,0.00046748717
2368,0.7582867706657455,1.0657876,0.0010158856
2369,0.7168468160290741,0.9568001,0.003712927
2370,0.7481701830937401,0.9581323,0.00010788166
2371,0.9999997979728796,0.07789999,0.004746793
2372,0.8389753854106414,0.63559294,0.004297286
2373,0.8260985880234641,0.5884764,0.01238841
2374,0.838487383723001,1.0028319,0.0007911321
2375,0.8502797925149335,1.2743411,0.0026880512
2376,0.8408909132495508,0.7423277,0.0006562801
2377,0.8364116434620005,0.72169036,0.0007102209
2378,0.6738765579005418,0.98180443,0.0040995027
2379,0.8000043265632872,1.0501045,0.0021756133
2380,0.9480616903226649,0.93767375,0.002858864
2381,0.6866003182045846,0.76032364,0.003326351
2382,0.9296278826950736,0.46048492,0.007695558
2383,0.792184995666854,1.2684846,0.00043152663
2384,0.8671137495245143,0.83159745,0.0005034477
2385,0.9980534714677772,0.32876155,0.001501353
2386,0.999143113846478,0.11000379,0.002346426
2387,0.9552250692407248,0.7364948,0.0018429783
2388,0.7258656025176986,1.0145893,0.010140875
2389,0.8957769055431198,0.44060802,0.007632627
2390,0.8376474991146181,0.8475891,0.008127085
2391,0.8420284547214109,0.8035424,0.0019778304
2392,0.922017938372094,0.99979174,0.00097093487
2393,0.9999162843983936,0.056523416,0.00456699
2394,0.9999927773722784,0.07829397,0.0046209306
2395,0.7861645942676357,1.0834893,0.0014923629
2396,0.9287591312466352,1.0551916,0.0007102209
2397,0.9021561266693754,0.6268022,0.00043152663
2398,0.9997530263763188,0.1435635,0.0022025837
2399,0.8242837816814735,1.0069436,0.0008091124
2400,0.7456709761358669,0.9563196,0.0034971635
2401,0.887191131574811,0.59168875,0.0050794277
2402,0.7848392934457077,0.90051544,0.0008270927
2403,0.7146848480992383,0.8887263,3.596055e-05
2404,0.9999996986609472,0.072936274,0.009502576
2405,0.7394317442118618,0.932176,0.00259815
2406,0.787209137191375,1.0392056,0.0013395306
2407,0.906135582849956,0.5655381,0.007722528
2408,0.9562108212382234,0.68766683,0.0005753688
2409,0.8064712536609779,1.1006854,0.0009979053
2410,0.9756549293455866,0.5055744,0.0034252426
2411,0.8832254631541782,0.86624175,0.0014653924
2412,0.6979510660731766,1.0800831,0.0026251203
2413,0.896964307757296,0.6113837,0.0054390333
2414,0.9438987089795472,0.34494072,0.0027959328
2415,0.8024347787162374,0.7556843,5.394083e-05
2416,0.992785237403427,0.80639714,0.00010788166
2417,0.7118300994262682,0.9185033,0.0005933491
2418,0.7123652561433794,1.3927513,0.0004495069
2419,0.8945688134889338,0.89545584,0.0073629227
2420,0.9211620182731132,0.40260735,0.008109104
2421,0.8784606199427892,0.6025813,0.0016631755
2422,0.9999995665207384,0.069075316,0.009529546
2423,0.8197767111997769,0.9038843,0.0068325046
2424,0.92514989505092,0.7387429,0.0022924852
2425,0.763388653734645,1.1308317,0.0004495069
2426,0.7907169161749411,0.69444996,0.003587065
2427,0.601821791301543,1.0347861,0.00034162524
2428,0.7354424830256574,0.8865184,0.00012586193
2429,0.894090820147053,1.0572492,0.0018519684
2430,0.8046942335792152,0.9771143,0.006670682
2431,0.6679032938378006,1.009662,0.00036859565
2432,0.7638010882732382,1.0534136,0.0008990138
2433,0.7091796028909028,0.93478966,0.0017530769
2434,0.7077846789205156,1.09048,0.0016362051
2435,0.8489270431428444,0.88525844,0.0005933491
2436,0.8549884505988441,0.70737755,0.0042703156
2437,0.8919879533036653,0.97154164,0.00043152663
2438,0.5858314144926052,1.3040974,0.00032364496
2439,0.945730289940356,1.1615207,0.0005573885
2440,0.9248146502456231,0.3497432,0.007956272
2441,0.9002426521737938,1.0549859,0.0016631755
2442,0.7214449442170472,1.1755241,0.0007282012
2443,0.9886913746718544,0.73703396,0.0012945798
2444,0.8068302165396395,0.84973955,0.0035421143
2445,0.6436730804980857,1.0480878,0.0009889152
2446,0.7833119060230566,0.97596616,0.0016002445
2447,0.8048906340539719,0.8036005,0.0078124297
2448,0.7790341970428583,0.9165188,0.003326351
2449,0.7968716855273531,0.9443968,0.001105787
2450,0.7946871023591018,1.1637219,9.889151e-05
2451,0.8888867998682295,0.49817172,0.0017171163
2452,0.9607532544060716,0.5112682,0.0070752385
2453,0.99998284952301,0.06414901,0.008414769
2454,0.9585260242326804,0.3914838,0.002750982
2455,0.7095637374375305,0.9387036,0.00130357
2456,0.7335637069350982,0.85852486,7.19211e-05
2457,0.8517530868729815,0.7152301,0.0013395306
2458,0.9398638410104188,0.59046596,0.00016182248
2459,0.9896235527148796,0.48696524,0.0036949466
2460,0.967987172805375,0.7143769,0.0004944576
2461,0.997739556734937,0.12554021,0.046335172
2462,0.9077407000585506,0.3433712,0.0094666155
2463,0.8986877414853872,0.9785469,0.0075607058
2464,0.9221601618287192,0.47017553,0.01044654
2465,0.8268478621263181,1.032519,0.00084507297
2466,0.7110035801607112,0.9943644,0.002229554
2467,0.7293897997190372,1.0939616,0.00020677317
2468,0.8503957562322679,0.5898147,0.0010698264
2469,0.8477016303035141,0.5925118,0.009484596
2470,0.7185365253632054,0.7864568,0.0021935937
2471,0.9463893542218724,0.60278434,0.008154055
2472,0.6686143573592309,0.93482584,0.0016092347
2473,0.7248694553863826,0.80571663,0.011489396
2474,0.8655930236988876,0.8591853,0.009008118
2475,0.8699192700563501,0.79241306,0.009044079
2476,0.8120792015302765,0.64044464,0.0056547965
2477,0.8027005990800017,0.7239982,0.0030296764
2478,0.8957009713021654,0.7156361,0.00043152663
2479,0.7547439980876864,0.8249942,0.00011687179
2480,0.7742202245038635,1.0436379,0.0025801696
2481,0.913342234021988,0.87276155,0.00094396446
2482,0.7847879437534657,0.8603103,0.00010788166
2483,0.9768292798582028,0.3621833,0.0034072623
2484,0.876106024907523,1.2872483,0.00051243784
2485,0.9399286175230503,0.51238316,0.0051693292
2486,0.7195803357922743,0.8653477,7.19211e-05
2487,0.9639674746183652,0.5872461,0.00041354634
2488,0.6319609857422608,1.1965286,0.0005034477
2489,0.7769108680800088,0.92744315,0.0015463037
2490,0.8121626473184915,0.87039775,0.00077315187
2491,0.9999992483214764,0.06883282,0.009475606
2492,0.6004120599054672,0.99708587,0.0003326351
2493,0.9472880641296418,0.46164724,0.014249369
2494,0.7211542246953835,0.914962,0.0008001223
2495,0.7414939247418716,1.0769694,0.0010608362
2496,0.999950244527144,0.035475038,0.06730916
2497,0.7479181373381992,1.2886165,0.0006922406
2498,0.8069064467050402,0.71893275,0.004027582
2499,0.9999822275846514,0.05417952,0.0071561495
2500,0.8431337651778901,0.7770908,0.0016451952
2501,0.9295800864716705,0.44245592,0.00047647732
2502,0.7746044895415284,0.74974424,0.0011327574
2503,0.9055922982897188,0.6127135,0.0011417475
2504,0.9999646113734112,0.050033476,0.009187921
2505,0.7851489434281009,1.30235,0.0019688401
2506,0.8986879586553017,1.1035775,0.0006113294
2507,0.9422650165237628,0.84852195,0.00015283235
2508,0.8809231784066931,0.9723779,0.0006922406
2509,0.9148770786901386,1.0065459,0.00027869426
2510,0.9892305156342662,0.6874723,0.0015822642
2511,0.6393668563680375,0.9852213,0.001240639
2512,0.9999927242949238,0.07310451,0.0048097237
2513,0.6384898712847142,1.1072121,0.0023014753
2514,0.8412369083581274,1.0439281,0.0016092347
2515,0.7665989202212132,0.7077515,0.008900236
2516,0.8584171108588816,0.7392272,0.0028858343
2517,0.7765279551283417,0.7390141,0.006733613
2518,0.8444187407978739,1.1156898,0.00047647732
2519,0.7872782732281097,0.92656696,0.0016182248
2520,0.6034530286629918,1.2313067,0.0005394083
2521,0.7709215680582843,0.5188117,0.0023284457
2522,0.8798382452782665,0.6250647,0.005466004
2523,0.939321775805424,0.6477342,0.00097093487
2524,0.9822602591289278,0.48976973,0.0053671123
2525,0.822125400104736,1.0451187,0.0026880512
2526,0.7610647308784407,0.8948894,0.00032364496
2527,0.6571184109490212,1.3610631,0.0003506154
2528,0.9161134290085146,0.69228995,0.00026970415
2529,0.8497319500231065,0.6869131,0.0070662485
2530,0.8735012688225531,1.0176536,0.0002876844
2531,0.7429667832658993,1.1370523,0.0022745049
2532,0.999999476301159,0.06473302,0.009430654
2533,0.7496030681883529,0.8813088,0.002733002
2534,0.8460179082723671,0.80489135,0.002220564
2535,0.8440204317481312,0.39237443,0.0082259765
2536,0.8154319176582082,0.81770194,0.0017800473
2537,0.8821507310963892,0.5821453,0.0056547965
2538,0.7600205103136624,1.0046713,0.0011417475
2539,0.9821965736362324,0.33907434,0.0007282012
2540,0.7343613798307346,1.0699661,0.00042253648
2541,0.7887589024260295,1.0418181,0.00024273372
2542,0.5855134041541132,1.2011286,0.000782142
2543,0.9357967299007834,0.45186603,0.004890635
2544,0.9999696114195856,0.08184007,0.006463909
2545,0.8362470199599269,0.94952124,0.00019778303
2546,0.9475996108244764,0.70262367,3.596055e-05
2547,0.8595872413887742,0.83194166,0.0010518461
2548,0.9141915396421192,0.74323606,0.0035331242
2549,0.8005115750819302,1.11381,0.003389282
2550,0.9057602775598416,0.9989632,0.0015552938
2551,0.9900820182143426,0.3128233,0.0140605755
2552,0.8268089698767779,0.6321737,0.007704548
2553,0.6866505115782537,1.0976666,0.0004045562
2554,0.7283845360294313,1.3292124,0.0015463037
2555,0.4592052020447845,1.1296818,0.0012765996
2556,0.9999864990856652,0.06142985,0.0045220396
2557,0.7762018290575924,1.0097728,0.0012855898
2558,0.7537530719187684,0.9410459,0.00091699406
2559,0.8825985763533992,0.502752,0.010761195
2560,0.9326684207755284,0.5296049,0.0043152664
2561,0.9293685500351292,0.5501437,0.0
2562,0.8955373658565744,0.35659674,0.0058345995
2563,0.7083635624073557,1.2600142,0.00058435893
2564,0.9073614699347528,0.741808,0.00038657594
2565,0.7320667964236897,0.8501337,0.0013305404
2566,0.8759166558598729,0.82491636,0.0005483984
2567,0.6916816011008204,0.95319533,8.9901376e-05
2568,0.8226833557196775,0.8394096,0.0034791834
2569,0.8208085902448191,0.6065442,0.00717413
2570,0.6758935700116938,1.1096761,0.004629921
2571,0.857118010808796,0.77088636,0.0010788166
2572,0.7222254743915687,1.1567714,0.00034162524
2573,0.7815825951321499,0.9473389,0.0014743826
2574,0.7325583495573863,0.9651868,0.00022475344
2575,0.939879647310132,0.18580833,0.011462426
2576,0.9339596432330036,0.4826969,0.00130357
2577,0.9062585157669548,0.5852076,0.0018070177
2578,0.8853089642682702,0.85437316,0.00717413
2579,0.9719072712555858,0.7644904,9.889151e-05
2580,0.8008870341670806,0.5124639,0.010680283
2581,0.8716889323043683,0.915859,0.0058166194
2582,0.9421053409379988,0.7924196,0.0010248757
2583,0.9999977138379216,0.07056892,0.0046029505
2584,0.8410431600420691,0.63680744,0.0004045562
2585,0.841177892728203,1.1385623,0.004225365
2586,0.6464915385601631,0.90745384,0.0004944576
2587,0.9477184372684044,0.76015526,0.00021576331
2588,0.999747840255276,0.0714006,0.008828315
2589,0.9588760863926408,0.63194054,0.00022475344
2590,0.7175345311110302,1.2412688,0.00041354634
2591,0.9999992286998792,0.06314368,0.009484596
2592,0.8157364579916674,0.88863367,0.00044051674
2593,0.8202005377946979,0.49542567,0.008207995
2594,0.7843463887363786,0.9855102,0.00058435893
2595,0.7484776521625245,0.8783519,8.091124e-05
2596,0.846825178556073,0.6720993,0.0053850925
2597,0.9832356393003128,0.70878035,0.00034162524
2598,0.9999991982263516,0.06512799,0.009457625
2599,0.603738600248778,0.935441,0.00046748717
2600,0.8766465029700032,0.8328987,0.0036140354
2601,0.7917138526430069,0.85688835,0.0041534435
2602,0.9375048365601636,0.47352082,0.009394694
2603,0.7706040959517754,1.0597925,0.0012945798
2604,0.9999758638406028,0.07194128,0.0056458064
2605,0.8826030059980714,0.8643042,0.00044051674
2606,0.7800404787324885,0.7973156,0.0035690847
2607,0.6829528656830546,1.2932388,0.00058435893
2608,0.8402701109007963,0.79605615,0.00010788166
2609,0.7951211991389658,0.7559931,0.00087204337
2610,0.7345942842665398,0.86858743,0.0057087373
2611,0.9870692454843414,0.062423006,0.008190015
2612,0.7856733211264062,0.7981715,0.000979925
2613,0.8637466250475103,0.91732275,0.0006023392
2614,0.799923780659818,1.3520813,0.0006832505
2615,0.942720970020221,0.12633614,0.013089641
2616,0.948419098825576,0.85481256,0.00045849703
2617,0.9999973000401962,0.08225334,0.004971546
2618,0.697225951646051,1.178788,0.0013215502
2619,0.9999996903760237,0.07096241,0.009493586
2620,0.913762068648778,0.46117243,0.0003056647
2621,0.8980769183981097,0.5880546,0.012918828
2622,0.6535084719766899,1.1232631,0.0005483984
2623,0.8425013820262455,1.0005369,0.0009259842
2624,0.8980926295491922,0.6383822,0.0033802919
2625,0.9644248801723452,0.56927466,0.0012136686
2626,0.9902490129910836,0.7442409,0.00017980275
2627,0.8437341585614482,0.620838,0.0006742603
2628,0.9156768513378756,0.59984857,0.006652702
2629,0.9474929624173788,0.71092594,7.19211e-05
2630,0.9391136170722332,0.47577047,0.0001438422
2631,0.8227226312165514,0.7015463,0.00086305325
2632,0.7262603571273898,0.7229555,0.016757617
2633,0.9193529866424288,1.000976,0.0027779527
2634,0.7358371058550554,0.8711054,0.0016092347
2635,0.7988001804539862,0.5783533,0.009889152
2636,0.930419267590657,0.8428536,0.00017081262
2637,0.7107039643904578,1.0010127,0.000260714
2638,0.9664430303232182,0.90719175,0.00096194475
2639,0.7812544478748975,0.9524448,0.0003506154
2640,0.8204706197840037,0.7117375,0.0015193333
2641,0.8420974433877666,0.55616957,0.0036320158
2642,0.7174702963146449,0.99983436,0.0023014753
2643,0.8337723443828458,0.5822781,0.0027869428
2644,0.6182923955922554,0.95654756,0.00017081262
2645,0.7741356209116312,1.105218,0.0014743826
2646,0.962188196068173,0.74151844,0.005007507
2647,0.9145124434653866,0.72359675,0.0058615697
2648,0.8853155739791245,0.3363715,0.011255653
2649,0.6431258942534005,1.1251686,2.6970414e-05
2650,0.99789554211535,0.45624888,0.0017800473
2651,0.8674549538633748,0.6016368,0.002481278
2652,0.9259682155257626,0.82397753,0.00027869426
2653,0.6348138540410757,1.0538757,0.0001438422
2654,0.9038085692159664,0.69742703,0.0057626786
2655,0.834095176158864,0.61229855,0.0063470374
2656,0.6779641085433639,0.79651326,0.0016991361
2657,0.8814393293069905,0.44215295,0.0082259765
2658,0.8091370124361231,1.0131038,6.2930965e-05
2659,0.7162570255506023,1.1957088,0.00016182248
2660,0.9995735396074418,0.063001215,0.008001222
2661,0.7240659831508793,1.090493,0.0046209306
2662,0.8393041952809658,0.5901084,0.004980536
2663,0.9726502720947336,0.99298817,0.0011237672
2664,0.9596074936341422,1.04871,0.0019958105
2665,0.807024481334769,0.9393601,0.003065637
2666,0.6877509445125177,1.0129923,0.00023374359
2667,0.7388124530347312,1.0600415,0.001177708
2668,0.7262935521603088,0.8716145,4.4950688e-05
2669,0.7493730233207019,0.8195002,0.001042856
2670,0.8687110768994413,1.0260191,0.0020677317
2671,0.7898927980065676,0.84331656,0.0021666232
2672,0.8201789549806764,0.75094825,0.0040096017
2673,0.9233003972678888,0.5120699,0.0006832505
2674,0.5978512081739806,1.1238768,0.0005573885
2675,0.7082718135940376,1.0013826,0.005798639
2676,0.999985000034585,0.06891823,0.0057087373
2677,0.8647157253779505,1.1207393,0.0008810335
2678,0.7781364304505888,0.9192116,0.002741992
2679,0.9724540940502652,0.368013,0.01236144
2680,0.7222127083612669,1.0006188,0.0006832505
2681,0.7975057664450038,0.97675943,0.0011597278
2682,0.7409066348672326,0.88619685,0.0001887929
2683,0.803129840395774,1.0359823,0.00034162524
2684,0.7747082597951236,1.0668231,0.00058435893
2685,0.7481874460633708,0.67139435,0.0048187138
2686,0.9418159867179892,0.51264244,0.0053401417
2687,0.759718595890625,1.256611,0.0
2688,0.8760413071256382,0.47516006,0.016263159
2689,0.9999991862120876,0.06696594,0.0094666155
2690,0.8973687302692926,0.8247343,0.0013305404
2691,0.9070145130216392,0.8969919,0.00047647732
2692,0.6940701775040463,1.2284397,3.596055e-05
2693,0.6205719569020943,1.1152557,0.00093497435
2694,0.8810855413258852,0.7475289,0.0037398974
2695,0.9999833863520856,0.056852616,0.004638911
2696,0.9999162843983936,0.05800572,0.0045849704
2697,0.9983408437870326,0.16484985,0.078088336
2698,0.7996866601829616,0.84681714,0.0005663787
2699,0.9526732486649896,0.6089406,0.0003146548
2700,0.8015468992861491,0.68109405,0.004513049
2701,0.8698193134345131,0.7878329,0.0006113294
2702,0.8149096424342801,0.885437,0.00089002366
2703,0.918030298998643,0.4778675,0.0058885403
2704,0.7726046871046527,0.95514727,0.004045562
2705,0.8783363564176274,0.76604784,0.001177708
2706,0.8601865815044585,0.954961,4.4950688e-05
2707,0.8526455241517955,0.7135281,0.0062930966
2708,0.9699546782755504,0.66596746,0.001114777
2709,0.9185956138905724,1.0358399,0.00089002366
2710,0.8297908575273001,0.5652632,0.00782142
2711,0.8601378499488513,0.58815736,0.0030926075
2712,0.782934805720933,0.8798276,0.0012945798
2713,0.9868142050498524,0.62544507,0.001762067
2714,0.8060153464516011,0.78781015,0.0080461735
2715,0.9062276098525444,0.9703345,0.0004045562
2716,0.9320481294522386,0.32267788,0.02540613
2717,0.8395898594903043,0.9971998,4.4950688e-05
2718,0.778615114130365,0.5276124,0.0041174833
2719,0.73896672764134,0.93486667,0.0036230255
2720,0.781106664585558,0.6954512,0.0034432227
2721,0.930412282527222,0.55090517,0.002858864
2722,0.7741563029883463,0.73668694,0.00044051674
2723,0.9806086789324442,0.5835078,0.002022781
2724,0.9712697570604776,0.6829501,0.0005304181
2725,0.7797129075897538,1.0442188,0.0002876844
2726,0.8495614563212878,0.94684416,0.00095295464
2727,0.8699190634143343,0.7674308,0.002085712
2728,0.5406070055044572,1.2805368,0.0005933491
2729,0.6740138428089282,1.1886538,0.00016182248
2730,0.8709142379398911,0.6703893,0.012235577
2731,0.843736458254809,0.8416845,6.2930965e-05
2732,0.8276338700579778,0.8817968,0.0019059093
2733,0.9239658837403996,0.7016053,0.0071022087
2734,0.7840569895089463,0.5489175,0.0049985168
2735,0.8875601969119585,0.79354185,0.000782142
2736,0.9999981741040308,0.057465497,0.009295803
2737,0.9727047907503428,0.5963653,0.00016182248
2738,0.9999902148218948,0.07321141,0.004459108
2739,0.7786077541731506,0.9534849,0.0020317712
2740,0.871500706268801,0.92259324,0.0015732741
2741,0.913342234021988,0.77563953,0.00097093487
2742,0.7231103882578829,0.9842324,0.002211574
2743,0.7480540290971617,1.0464592,0.00086305325
2744,0.9356696228800352,0.6694494,0.0035331242
2745,0.676386960162455,1.1863964,0.00015283235
2746,0.7949706752913438,0.8023328,0.0006652702
2747,0.955470187767946,0.70169586,0.0003596055
2748,0.8563335025916807,0.9879825,0.0024273372
2749,0.6454815491513,0.95410186,0.000260714
2750,0.9829498073421138,1.0742203,0.00020677317
2751,0.7670474694597809,0.7386482,0.0045849704
2752,0.7905775229706885,0.6523778,0.0011507376
2753,0.6721046665624819,1.1844211,0.0013125602
2754,0.7210152381843715,1.071203,0.0002876844
2755,0.9879223924975022,0.15797815,0.04967051
2756,0.9688728756647054,0.65575445,0.00074618147
2757,0.8962010999889485,0.68391424,7.19211e-05
2758,0.8047040732793288,0.6236642,0.011705159
2759,0.9999992947915236,0.10718763,0.009700359
2760,0.6300317020665501,1.316972,0.0003146548
2761,0.9772095714966078,0.54453903,0.006976347
2762,0.9623447126456788,0.48953348,0.011480406
2763,0.9397717838764286,0.35491398,0.016245179
2764,0.8852171505014715,0.9954981,0.0053850925
2765,0.9999445494554298,0.07883305,0.0020497513
2766,0.9186381009732332,0.9420548,0.004450118
2767,0.8316162700427261,0.88791215,0.004504059
2768,0.9999702676369804,0.05398357,0.008351838
2769,0.958928657465484,0.6043916,0.0007551716
2770,0.8698525056620194,0.6375895,0.012568213
2771,0.7812467527991831,0.85737103,0.0041084928
2772,0.9743041908302305,0.53622955,0.013242473
2773,0.9498575209804776,0.6195239,0.004962556
2774,0.8381084991205338,0.65904206,0.0022655148
2775,0.7540448403834928,0.88635767,0.0060773334
2776,0.8850105692112502,0.9524376,0.0016631755
2777,0.8845569564362245,0.8520768,0.007632627
2778,0.9308447205903247,0.24036635,0.012945798
2779,0.9726365546471908,0.73698956,8.990138e-06
2780,0.6860761967353235,0.6101561,0.0004944576
2781,0.9402986313253264,0.6026801,0.0028408836
2782,0.8782895966512602,0.5937102,0.005753688
2783,0.8625900449363786,0.8017113,0.0028139132
2784,0.8408633491188234,0.6035608,0.0024003668
2785,0.9527081605186548,0.7029903,0.0
2786,0.7099733711320759,1.0882385,0.0013934714
2787,0.9194124643000996,0.91799957,0.00017980275
2788,0.9798264429269262,0.25378323,0.003200489
2789,0.9059557285900572,0.7355066,0.00090800395
2790,0.7469467843408149,1.3394456,0.002472288
2791,0.991907996039311,0.27261335,0.014231388
2792,0.626689015297742,1.4041353,0.0008360828
2793,0.6418354255341486,1.0264585,0.0003775858
2794,0.9103595127982076,0.7048242,0.00058435893
2795,0.9654282745584174,0.17957862,0.030944055
2796,0.8570612100850841,0.5411009,0.0004495069
2797,0.9494221955471986,0.71393377,0.000782142
2798,0.90876601597145,0.7123623,0.0018070177
2799,0.8112196682431236,0.7313721,0.0010248757
2800,0.7963276547158571,0.69536597,0.0030386667
2801,0.9778355704581074,1.1027126,3.596055e-05
2802,0.8862838919020883,0.94395685,6.2930965e-05
2803,0.9465213188001852,1.2669582,8.990138e-06
2804,0.789755307931859,0.8624724,0.0030926075
2805,0.999996466382826,0.08167582,0.0046479013
2806,0.8622712870862442,0.6576989,0.0006652702
2807,0.8860216640889664,0.729944,0.006994327
2808,0.7086092699496651,1.1405686,0.0010608362
2809,0.8122973763251091,0.46729398,0.006670682
2810,0.9215551033819604,1.0634899,1.7980276e-05
2811,0.8814137515545938,0.6832335,0.00017081262
2812,0.8555811712857306,0.7106278,0.0017890374
2813,0.9878372211620712,0.36274266,0.009160951
2814,0.7833279795052933,0.89647454,2.6970414e-05
2815,0.9172600986506084,1.0646276,0.00038657594
2816,0.7461680497757031,0.88061637,0.0011507376
2817,0.8327274553549358,0.809023,0.004953566
2818,0.7895966366051006,1.4844826,0.00019778303
2819,0.5861813792411733,0.9442297,0.00034162524
2820,0.9999962526811972,0.12428228,0.009241861
2821,0.8448963597364784,0.75425524,0.0030386667
2822,0.9275467789732688,0.6626769,0.0014653924
2823,0.7996607846739218,0.6974758,0.004441128
2824,0.8680787669993851,0.47290388,0.0062930966
2825,0.8037742573160418,0.8848109,0.008190015
2826,0.9999993395010672,0.067876294,0.009457625
2827,0.9999992246709178,0.108024895,0.009062059
2828,0.9947442469548636,0.5862809,0.0006203195
2829,0.8360942099254296,0.9752322,0.0005483984
2830,0.8458817710168303,1.048739,0.00022475344
2831,0.8710297051081123,0.7374198,0.0029487652
2832,0.8064282735472131,0.7473429,0.00259815
2833,0.7899230396533736,0.14502692,0.0
2834,0.8096878587690433,0.8228866,0.004746793
2835,0.9373128370878218,0.3821519,0.0073359525
2836,0.9358622131878016,0.90122604,0.00012586193
2837,0.8696063810411905,0.448144,0.010554422
2838,0.9546628560654208,0.7150404,0.0016901459
2839,0.94688524943906,0.72778225,0.00011687179
2840,0.701318264390059,1.0692127,0.0014474122
2841,0.8220670851672743,0.5019002,0.0021216725
2842,0.8781590114708007,0.79505074,0.0014204418
2843,0.9102033350158656,0.9199229,0.00051243784
2844,0.8180142273399588,0.8505964,0.0023374357
2845,0.7305123896256682,0.50324184,0.0070572584
2846,0.9900192017179844,0.6726518,0.00036859565
2847,0.8101066180816019,0.640822,0.0041084928
2848,0.8778421583716488,0.8445868,0.0004045562
2849,0.938100472135722,0.7936559,0.00012586193
2850,0.9183540530290568,0.37284437,0.008270927
2851,0.7416580757132397,0.94721997,0.004558
2852,0.8532648675595047,0.7437418,0.0019328797
2853,0.9999994375851782,0.09215154,0.004755783
2854,0.8199449749119427,0.55808175,0.006194205
2855,0.8185648329142534,1.0760409,0.0013485206
2856,0.7178808452812422,1.0933652,0.0003596055
2857,0.6678207198359041,1.0381219,7.19211e-05
2858,0.7788999640713411,0.9672464,8.091124e-05
2859,0.9948459548364412,0.06634773,0.08216986
2860,0.7474769232237932,0.8906792,0.0047827535
2861,0.9942735102245632,0.29082337,0.027500832
2862,0.9452811033192504,0.9642771,0.0010608362
2863,0.9478815301532748,1.1094246,0.0003506154
2864,0.9601528536904528,0.5718012,0.0030566468
2865,0.8203739832948972,0.924848,0.0012586192
2866,0.6782495704975462,1.1213655,0.0003056647
2867,0.9999902148218948,0.06534523,0.004432138
2868,0.8274192475256777,1.0341951,0.00010788166
2869,0.6736012123638422,0.9606818,0.0016991361
2870,0.7587246944402518,1.0481484,2.6970414e-05
2871,0.7848140385433054,0.8631286,0.0027689624
2872,0.767915603823171,0.63559294,0.0027599724
2873,0.8186022206479755,0.42280892,0.011840012
2874,0.9342323855474216,0.17727679,0.024641968
2875,0.8365099961544658,0.372618,0.0060863234
2876,0.8525108274040372,0.7040713,0.009547526
2877,0.7904572185912695,1.0925307,0.0039017198
2878,0.8245816817033758,1.1164305,0.00021576331
2879,0.9006306106859482,0.90706116,0.0006832505
2880,0.9700188497711132,0.38885164,0.008414769
2881,0.8280914848555293,0.7426498,0.001824998
2882,0.9999444595360192,0.11548611,0.0
2883,0.8172007287032539,0.926311,5.394083e-05
2884,0.9999830299870612,0.05710546,0.009205901
2885,0.6449328863791026,1.0906762,0.0005663787
2886,0.7609224306067833,0.9265259,0.00036859565
2887,0.9735321867319852,0.55474955,0.0059155105
2888,0.9438457271925866,0.7871424,0.00012586193
2889,0.7017357537405715,0.86030936,0.0005394083
2890,0.8215364147193726,0.7757984,0.00017081262
2891,0.999995425202078,0.06517069,0.008414769
2892,0.7542130346289321,0.7773908,0.0016451952
2893,0.9999979238192576,0.059953425,0.009430654
2894,0.9530255594307248,0.42765394,0.01110282
2895,0.8577492575535323,0.80193204,0.0021396528
2896,0.9845477237219616,0.46993864,0.00024273372
2897,0.8008237308334429,0.7432171,0.002993716
2898,0.9999696114195856,0.077274024,0.006643712
2899,0.8082103735001593,0.8450459,0.0026520907
2900,0.9923838295494756,0.9097121,0.00048546743
2901,0.920133863892113,0.92361253,0.0007551716
2902,0.8728631438979237,0.55959684,0.017270055
2903,0.7008378863528218,1.1083677,0.0006293096
2904,0.8719594974666169,0.71775246,0.0006652702
2905,0.8512833578937185,1.0546069,0.00051243784
2906,0.5806554436391524,1.1273355,0.0010878067
2907,0.9647609957564596,0.7612114,0.0014024616
2908,0.7409481374773825,1.1253995,0.0008091124
2909,0.9377202024358308,0.5350331,0.0010518461
2910,0.7043968532491888,1.1972936,0.00032364496
2911,0.5683198183578333,1.1039257,6.2930965e-05
2912,0.9587570947625316,0.6380037,0.00036859565
2913,0.9044449909640032,1.1821002,1.7980276e-05
2914,0.8268659526470126,0.56377137,0.0029757356
2915,0.9999999011703836,0.079964206,0.0047288127
2916,0.899404742255552,0.9549768,0.00017081262
2917,0.8088529028743966,0.9946007,0.00017980275
2918,0.9156924671244115,0.6833653,0.0008540631
2919,0.7182189763716861,1.030538,0.0002876844
2920,0.9138642496557154,0.5308541,0.008666493
2921,0.6921237511272822,0.917172,0.006248146
2922,0.9616537224135232,0.5908967,0.00096194475
2923,0.8231671794745746,0.90374476,0.003002706
2924,0.865733977926706,1.0463569,0.0007911321
2925,0.9920758046708572,0.22327653,0.04040168
2926,0.720922691240959,0.9303794,0.00022475344
2927,0.9904173044553508,0.18029632,0.05026386
2928,0.9852776753363416,0.34961677,0.028390855
2929,0.950243697674052,0.6732163,0.00022475344
2930,0.9991219954530356,0.48308668,0.009304793
2931,0.8280460963586541,0.9719652,0.0015283234
2932,0.999997669217652,0.08346516,0.004962556
2933,0.8866981953319788,0.8965454,0.004710832
2934,0.8677224918229668,0.5558139,0.0019418697
2935,0.8977582614708849,0.7977605,0.0005573885
2936,0.9002258201368621,0.71598566,0.002355416
2937,0.9930511139985368,0.18997747,0.0017980275
2938,0.5815501078385795,1.0262549,0.0006472899
2939,0.7551895658065055,1.2419845,2.6970414e-05
2940,0.8895789436340835,1.0748696,0.0013844812
2941,0.7909930486914526,0.82416207,0.00038657594
2942,0.7355171335965919,0.8476898,0.0006472899
2943,0.7200503326744014,1.0307175,0.0041264733
2944,0.8642827166944782,1.2583746,0.0006742603
2945,0.996557784888818,0.20603703,0.030125951
2946,0.8491096755909024,0.74309754,0.00048546743
2947,0.9549060355157616,0.56266475,0.0014743826
2948,0.5851965103733852,1.1155034,0.00026970415
2949,0.9384754638817576,0.46624193,0.012783976
2950,0.8953845032099972,0.38529968,0.011552327
2951,0.999295382527582,0.40726268,0.009430654
2952,0.6853865107890129,1.4580017,0.001824998
2953,0.8421041614115269,0.72413987,0.004737803
2954,0.8624683135833972,0.75299245,0.00027869426
2955,0.9237889940368942,0.5312171,0.00026970415
2956,0.9887295553885984,0.6319716,0.0007102209
2957,0.765667862966043,0.88592106,0.0065448205
2958,0.7080366128954595,0.82748884,0.0024453176
2959,0.7661803594849562,0.7399573,0.001762067
2960,0.999987724734522,0.042188432,0.06463909
2961,0.7754421772399628,0.650206,0.004890635
2962,0.9475117576630908,0.6977294,0.0027599724
2963,0.8663600953939368,0.8597807,0.0061132936
2964,0.8760413071256382,0.73229176,0.008828315
2965,0.8364495977717793,0.7072348,0.008783365
2966,0.807854685815834,0.9678727,0.0020587416
2967,0.8789301852186151,0.83725965,0.0015822642
2968,0.8018078134154218,1.1178857,0.0007551716
2969,0.9999950682224312,0.31604227,8.990138e-06
2970,0.8043310079610062,0.725875,0.0024543076
2971,0.8280455407375736,0.80028087,0.0012855898
2972,0.9413127500129768,0.6756653,0.00023374359
2973,0.7748727518182598,0.74531645,0.0007012308
2974,0.620371192837779,1.1293863,0.00325443
2975,0.7783846118364408,0.6500349,0.0023194556
2976,0.9467386306241754,0.45412898,0.00912499
2977,0.7800522659198461,0.85404265,0.002472288
2978,0.8100194231546494,0.696351,0.0063560274
2979,0.7646326187925588,0.91747046,0.002750982
2980,0.94492648271693,0.6615578,0.00017081262
2981,0.9998702896563448,0.09327806,0.0021846036
2982,0.9305862781108872,0.9695881,0.00012586193
2983,0.8793790840552365,0.64673114,0.0052502407
2984,0.6986643612643572,1.0563955,0.00013485207
2985,0.9999990613785804,0.074569635,0.004701842
2986,0.9396009173976676,0.6023002,0.003730907
2987,0.9999994006197463,0.06576338,0.009520556
2988,0.9191240532525504,0.8377835,0.0034162523
2989,0.7398510459717913,0.6579314,0.00091699406
2990,0.7877452248503383,0.9148305,7.19211e-05
2991,0.8131271715989881,0.8106774,0.0010608362
2992,0.8831559566560299,0.7738249,0.00026970415
2993,0.6965471343395753,1.0161672,0.0010158856
2994,0.81800407023194,1.0174855,0.0011327574
2995,0.6682400611693323,0.9993965,0.00090800395
2996,0.9818009346984468,0.3672354,0.01305368
2997,0.7203552855590776,1.2490312,0.0007551716
2998,0.801447547646589,0.854592,0.0011687179
2999,0.9359858326966352,0.7168292,0.0012945798
3000,0.7938615296722422,0.67071867,0.004962556
3001,0.8774538764326547,0.55356777,0.006994327
3002,0.8253945638075322,0.6601869,0.0028858343
3003,0.8875601969119585,1.0103635,0.0003775858
3004,0.7369918804701485,0.84515774,0.0023733964
3005,0.6873967810125378,1.0931572,0.0006562801
3006,0.7834840228205046,0.61101747,0.007767479
3007,0.7730247788509645,0.8287807,0.0015552938
3008,0.9104090227277806,0.38626173,0.014195427
3009,0.8533136171900232,0.48186457,0.0037578775
3010,0.7245058283435437,1.0452007,7.19211e-05
3011,0.7920672251714592,0.8788218,0.0026251203
3012,0.8904839342766869,0.5556617,0.0022655148
3013,0.686557140836182,1.1638011,0.0012945798
3014,0.9998191264671656,0.06669304,0.008055164
3015,0.9173903642022418,1.0108249,0.0035780747
3016,0.9396520969451062,0.6906927,0.0004045562
3017,0.9652879218558452,0.33623007,0.039394785
3018,0.992279932949874,0.25025767,5.394083e-05
3019,0.8839611403175228,0.4874185,0.008136075
3020,0.855982642399997,0.50566006,0.019364757
3021,0.7955356869546968,1.2889909,1.7980276e-05
3022,0.990149258988395,0.7108602,0.0014114516
3023,0.8184609246293223,0.9779856,0.002741992
3024,0.9567323831192912,0.5032166,0.0025531992
3025,0.6660928019075272,1.1358714,0.0042073843
3026,0.8439201416745874,0.7511801,0.0015463037
3027,0.9165777238277116,0.48068923,0.005933491
3028,0.6654701984877817,0.9866912,0.0023284457
3029,0.8515876912813284,0.93272036,0.00086305325
3030,0.8436995646142901,0.42494547,0.008765385
3031,0.8344896891088045,0.8178588,0.0031825087
3032,0.8801943267960575,0.8276565,0.0004495069
3033,0.834650618219519,0.8755129,0.0072100908
3034,0.9956786224983232,0.5448873,0.0010338658
3035,0.8107907164102117,0.4485641,0.0032993807
3036,0.6994072641987198,1.0946369,0.0014024616
3037,0.9837684945700578,0.44446453,0.00845073
3038,0.7961576869340523,1.184505,0.0011687179
3039,0.9808564490091238,0.807402,0.0010158856
3040,0.9271473438382818,0.80014247,0.00096194475
3041,0.8583567656075728,0.661009,0.0019418697
3042,0.9995968495520628,0.056096546,0.0022924852
3043,0.6995468385190884,1.1679214,0.00022475344
3044,0.8829489321003814,0.95982707,0.0032184694
3045,0.8854840603762055,1.0617286,8.9901376e-05
3046,0.6830976160541767,1.0608038,8.9901376e-05
3047,0.9648787067289658,0.6987751,0.0008990138
3048,0.5897519267666427,1.0241339,0.0006203195
3049,0.8652841129370152,0.43318647,0.003856769
3050,0.6775825065635105,1.124311,0.001240639
3051,0.7798481060275595,0.54691166,0.0066796723
3052,0.9667103170043576,0.89145523,0.000782142
3053,0.7860745941139488,0.9613339,0.0017261065
3054,0.9156051459124754,0.82786417,0.000719211
3055,0.7812339005103883,0.6404489,0.0022745049
3056,0.6709167549550104,1.1442246,0.00013485207
3057,0.7188775294185032,0.97773224,0.0015373136
3058,0.5954426902066045,0.8939921,0.0041534435
3059,0.7020496130921874,0.93584657,0.0006382998
3060,0.9402625780306576,0.6936997,0.0029577552
3061,0.7732757492082127,0.8945446,0.0009889152
3062,0.999995425202078,0.062670186,0.008621542
3063,0.6033083552260918,1.0930029,0.00026970415
3064,0.9957099958444882,0.7557059,0.0001438422
3065,0.8811710832504926,0.83176595,0.0022475345
3066,0.7455862310404198,1.0922494,8.091124e-05
3067,0.9043020133249614,0.36119962,0.007956272
3068,0.7083325366760314,0.87774426,0.0035780747
3069,0.9909109950655768,0.7176859,0.00979925
3070,0.90413780875401,0.7851597,0.0001438422
3071,0.877980256763108,0.79521644,0.00084507297
3072,0.7398759626405542,0.7077762,0.006382998
3073,0.9780320009107244,0.80861807,0.0011417475
3074,0.7040556582409102,1.2243003,0.0003506154
3075,0.8335664988261684,0.80075026,0.0016541854
3076,0.8605695670766038,0.9178747,0.0016182248
3077,0.878374282599959,1.0570675,0.001429432
3078,0.7629878676356124,0.8543701,0.00023374359
3079,0.8875966351443941,1.0806397,0.0016631755
3080,0.999997877306448,0.061422605,0.009304793
3081,0.7536649478557248,0.87056905,0.002085712
3082,0.9085940621847398,0.8142877,0.0057626786
3083,0.9254738471697164,0.4363594,0.009232871
3084,0.675091102033581,1.089072,0.001177708
3085,0.975740486216613,0.5193995,0.00021576331
3086,0.9996658678585084,0.23609328,0.06445929
3087,0.7622181988983049,1.2498254,0.0036769663
3088,0.658926779278573,0.8719905,0.004629921
3089,0.9997689823322072,0.05841902,0.0052592307
3090,0.8805268219045335,0.5886675,0.0014474122
3091,0.8007418596482438,0.3859732,0.009448634
3092,0.7575387530477319,0.8614625,0.0041444534
3093,0.7823885068413127,0.8873634,0.005483984
3094,0.766707169345196,0.35676545,0.0063650175
3095,0.8647252877935099,0.56004626,0.0024093569
3096,0.6513603454552968,1.0233303,0.0003326351
3097,0.7728994692803973,0.92959124,0.0024453176
3098,0.8713455675316355,0.55136025,0.007902331
3099,0.8611601044458229,0.83103204,0.005942481
3100,0.9933980850104468,0.5261024,0.0011417475
3101,0.8719700676809593,0.72895813,0.0018789388
3102,0.90563256227492,0.5819032,0.00074618147
3103,0.7345597517900537,0.8815512,0.003002706
3104,0.6816133658440315,1.0959783,0.00047647732
3105,0.8990285708618182,1.0982271,0.0014743826
3106,0.8584753370728371,1.0296075,0.0037398974
3107,0.8702255456204497,0.6566285,0.0046029505
3108,0.9999970759009532,0.057604246,0.009367724
3109,0.8426005189395518,0.71485627,0.003649996
3110,0.9353750361760136,0.4773081,0.008603562
3111,0.8521567323672578,1.3760476,0.0046568913
3112,0.789133098176786,0.97066236,0.0007012308
3113,0.9054136099615692,0.38967898,0.015624859
3114,0.8648787300122586,0.7053985,0.004252335
3115,0.6856918414638224,1.0377185,0.0016362051
3116,0.7840779986899213,0.9882343,0.0014833728
3117,0.7796383624128709,0.8705119,0.00020677317
3118,0.746817108617076,1.0691957,0.0017171163
3119,0.8402271017159556,1.3163847,0.0007282012
3120,0.7023300945031119,1.0254229,0.0003775858
3121,0.9998247770699092,0.4180966,0.00012586193
3122,0.9845476409396788,0.4190154,0.0022924852
3123,0.7542756244339556,0.9350129,0.0030836172
3124,0.7097772125204195,0.95876735,8.990138e-06
3125,0.94595046913097,0.8177831,0.0004045562
3126,0.7986104992306562,1.1023223,0.0009259842
3127,0.8172971416330911,1.0421216,0.0029757356
3128,0.9999964306621676,0.058218498,0.009367724
3129,0.8265460600676795,0.75552726,0.011678189
3130,0.6066469414315915,1.1453462,0.001177708
3131,0.9480785171135744,0.60419434,0.0014653924
3132,0.901053649599357,0.8217988,0.0015822642
3133,0.999997016623476,0.08203646,0.0048816446
3134,0.9549332360253866,0.8220482,0.00051243784
3135,0.6357509172743869,1.1986979,0.0012316488
3136,0.9934156591434568,0.23704626,0.029298859
3137,0.7653165152597833,1.0933648,0.00022475344
3138,0.9999980414947032,0.058239847,0.009304793
3139,0.717963593972164,0.8529751,0.0
3140,0.999996940868157,0.081726186,0.004719822
3141,0.9999975358676136,0.06013311,0.009403684
3142,0.9999995835030084,0.08313175,0.004719822
3143,0.9908667611502096,0.23172459,0.016119316
3144,0.8651744933075145,0.5146412,0.0009259842
3145,0.8332476031468952,0.66542894,0.006391988
3146,0.7979115438922668,1.0642301,0.0025801696
3147,0.7763392057153752,0.5631112,0.00391071
3148,0.8198004635882892,0.69888246,0.00017980275
3149,0.7952587092748793,1.0512407,0.0010338658
3150,0.7341278737224374,0.9130336,3.596055e-05
3151,0.99998967606162,0.061309803,0.0022565245
3152,0.815684875281604,0.76243824,0.0023374357
3153,0.8405103848424158,0.8599284,0.00089002366
3154,0.7763845753457065,0.8402228,0.0013844812
3155,0.7630508241378082,1.192347,0.00013485207
3156,0.9952222721394404,0.18100086,0.055756833
3157,0.7359376341552615,1.050579,0.00013485207
3158,0.8888023160134563,0.592058,0.002283495
3159,0.91751015738267,0.8739367,0.0007551716
3160,0.7719707152109024,1.1396806,0.0042073843
3161,0.8643732435662899,0.6650106,0.003461203
3162,0.9999959542755166,0.056907333,0.009232871
3163,0.8343184592784036,1.0216844,0.0033802919
3164,0.9990170939176716,0.52333605,0.00025172386
3165,0.818438772964801,1.2231779,0.0033713016
3166,0.7070740075635251,1.1561924,0.0020048008
3167,0.6996623548999696,0.9160479,0.0040096017
3168,0.9997713082779578,0.64506847,0.00260714
3169,0.8094371128417466,0.751029,0.0014564024
3170,0.8100535835776925,0.82949394,0.0050704377
3171,0.924648493012232,0.6775165,0.0019508599
3172,0.8154181699182934,1.1416626,0.0008270927
3173,0.7807019986512498,0.8101003,0.0038028283
3174,0.8493755919509465,0.8648986,0.0009889152
3175,0.8325948380272657,0.8943733,0.00036859565
3176,0.6390117884723479,1.1991997,0.0014564024
3177,0.6423671824009122,1.1880171,0.00019778303
3178,0.927881919411214,0.6598656,0.0056547965
3179,0.4910594867688857,1.2029883,0.0001438422
3180,0.9999156019880626,0.6001071,0.00020677317
3181,0.832954374023142,1.236572,0.00023374359
3182,0.7656657750828183,1.1370951,0.00195985
3183,0.9999389115351092,0.056108363,0.009205901
3184,0.9470275175556178,0.6118725,0.002741992
3185,0.9633368980649092,0.8467778,0.0033802919
3186,0.8552762743305016,0.75526327,0.0006113294
3187,0.7558946124745375,0.9990034,0.0021756133
3188,0.8511838972214794,0.39759183,0.008567601
3189,0.8399709984146172,0.7236242,0.0010878067
3190,0.7578338545786344,0.9682523,0.0014204418
3191,0.7679104905770102,0.9326202,0.0016631755
3192,0.7123899127576204,0.97104603,0.000260714
3193,0.919232641086557,0.7432869,0.0006023392
3194,0.8279127810281999,0.5094574,0.0033713016
3195,0.9717366938950688,0.9833912,0.0016631755
3196,0.9819610260021984,0.53838736,0.0065807807
3197,0.6423142654528392,0.9796226,0.00021576331
3198,0.932468681054834,0.49077925,0.006769574
3199,0.8436995646142901,0.44133395,0.004477089
3200,0.7795499677392983,0.46612042,0.0064279484
3201,0.7174504235788377,1.0266007,0.0025531992
3202,0.7893618876344415,0.98754853,0.0006023392
3203,0.7920208582598477,0.68788147,0.0048366943
3204,0.9400864143728588,0.549888,0.0056997472
3205,0.739223289227783,0.8712745,0.001240639
3206,0.9293806605883634,0.52037746,0.00046748717
3207,0.7403781813565768,0.9122199,0.00016182248
3208,0.9165928390935736,0.69359136,0.0011327574
3209,0.8846941680931062,0.7183204,0.00021576331
3210,0.8076286984818895,0.671628,0.008190015
3211,0.7978865736200544,1.0863991,0.002750982
3212,0.6653318103463088,1.006803,5.394083e-05
3213,0.6861570974685103,1.0458832,0.0003775858
3214,0.8135266102254702,0.40988126,0.0070572584
3215,0.8894284702821071,0.8922104,0.00022475344
3216,0.8380133398628249,1.0856961,5.394083e-05
3217,0.7488133029969253,1.2011569,0.00090800395
3218,0.6379395350530342,1.1262624,0.00019778303
3219,0.7406592397670002,0.6246318,0.0038837395
3220,0.8360198612916595,0.6739643,0.0014833728
3221,0.7367846381102798,0.8599344,0.006958367
3222,0.746619538698967,0.8159548,0.00096194475
3223,0.7844891410854373,0.76905644,0.0027869428
3224,0.9870138152602268,0.18180846,0.042136777
3225,0.7874653265883301,0.8184095,0.003973641
3226,0.6994732564875299,0.9600788,0.0009259842
3227,0.8935912146894575,0.39385465,0.0074708047
3228,0.8187741638375664,0.7823968,0.0005304181
3229,0.9999369426066504,0.051482264,0.004755783
3230,0.7464919083308043,0.8024852,0.0012945798
3231,0.674840659471381,0.97374696,0.0008810335
3232,0.9103494429319232,0.91142935,8.091124e-05
3233,0.8460831155179996,0.84936905,6.2930965e-05
3234,0.7538669876987919,1.2151043,0.0006832505
3235,0.8358257339600029,0.6909541,0.006769574
3236,0.9237411712940438,0.6511186,0.0032364496
3237,0.8348993627867811,0.68659234,4.4950688e-05
3238,0.7827257176139315,1.0492253,0.0012226588
3239,0.6707120921465756,0.8277823,0.0010608362
3240,0.782732932400392,0.5652287,0.0039017198
3241,0.9420127811962944,0.5441227,0.0035331242
3242,0.6220393488967277,1.1397214,0.0028408836
3243,0.752004507107811,0.91893697,0.009754299
3244,0.6911253339474683,1.3169851,0.0003326351
3245,0.9491175750754302,0.6615276,0.014123507
3246,0.91931458005631,0.5830984,0.0010698264
3247,0.9050430738958766,0.9914806,0.0012586192
3248,0.972234398499658,0.44951817,0.00016182248
3249,0.765705414355372,1.044313,0.0024453176
3250,0.7864914617956863,1.1340897,0.00017081262
3251,0.8632205847761608,0.4426326,0.009277822
3252,0.9197055378728404,0.8735364,0.0004944576
3253,0.9996720653313532,0.3140156,0.009493586
3254,0.8277715511176054,0.08265192,0.0
3255,0.8902800904287362,0.6837465,0.0046029505
3256,0.7770337924584073,0.9987266,0.00021576331
3257,0.7249144079331249,0.91295916,0.0017710571
3258,0.9258753280876126,0.8056963,0.0
3259,0.7143393037625907,0.8235905,0.005609846
3260,0.9810658945740908,0.3784837,0.012846907
3261,0.7406308122209869,0.8229265,0.0020677317
3262,0.8575357314001564,0.64125746,0.007956272
3263,0.9196493095576008,0.96901065,0.000521428
3264,0.929954747159765,0.5036459,0.0039197
3265,0.9876655177454504,0.24178882,0.03849577
3266,0.7203799354350073,1.0412621,0.00023374359
3267,0.9242260064789404,0.44582504,0.00038657594
3268,0.7649887677035563,0.7773409,0.0017530769
3269,0.6778263356638004,1.1323391,0.00036859565
3270,0.6789783355048289,1.0886436,2.6970414e-05
3271,0.8596573178081377,0.64437336,0.0045490097
3272,0.9660261567795206,0.20592767,0.03792939
3273,0.8967390614526737,0.908413,0.0006562801
3274,0.9537339691065098,0.49102265,0.0034881735
3275,0.8806401714498697,0.49732053,0.003128568
3276,0.9999975154808844,0.062363103,0.009421664
3277,0.9827043369948756,0.979727,0.0011956884
3278,0.8340421273026446,0.5363547,0.006967357
3279,0.8381718403638991,0.82651097,0.001762067
3280,0.7256253475450694,1.1206956,0.000719211
3281,0.9904773537706242,0.72826153,8.9901376e-05
3282,0.8595144757701927,0.93901414,0.0015283234
3283,0.8354921084285638,1.1459,0.0006023392
3284,0.921494723430986,0.5143886,0.0045490097
3285,0.7834955460736466,0.96153057,0.00081810256
3286,0.588173568624092,1.2142332,0.0005394083
3287,0.8902124310295827,0.5975387,0.0020677317
3288,0.698251798467147,0.8567917,0.0007551716
3289,0.9620898836741502,1.0194036,0.00130357
3290,0.984402921117736,0.38493228,0.016137298
3291,0.8459348442205282,0.5786052,0.0023374357
3292,0.8905484813393902,0.90767086,0.00019778303
3293,0.8416170762475103,0.6707501,0.0040635425
3294,0.824187817153649,0.5827455,0.004899625
3295,0.7895795273595358,0.74452883,0.0031015975
3296,0.9607532544060716,0.6090284,0.004755783
3297,0.8909067401800338,1.0908848,0.0
3298,0.8931173576917673,0.53271943,0.008621542
3299,0.9475056456826746,0.5304259,0.0013125602
3300,0.9460925321813228,0.53363,0.00074618147
3301,0.774929885889205,0.75802225,0.0024363273
3302,0.9644724102285184,0.66618913,0.0001887929
3303,0.8447613305079548,0.8619298,0.0005933491
3304,0.9999997979728796,0.07819867,0.004755783
3305,0.9154762749713105,0.99859416,0.00017980275
3306,0.9847896470269204,0.58064365,0.00026970415
3307,0.9218998074429414,0.32428592,0.017413897
3308,0.8447640250181699,0.37065294,0.009673389
3309,0.812709081947553,1.0389676,0.0023014753
3310,0.737930488483026,0.7829242,0.0033713016
3311,0.7603810537400431,0.85781837,0.0017800473
3312,0.9235708092469528,1.0547241,0.00093497435
3313,0.9999314668273966,0.04940753,0.008981148
3314,0.9999983948296526,0.06306338,0.0094666155
3315,0.8965597766412223,1.0150387,0.00042253648
3316,0.9249257078942008,1.018885,0.0016002445
3317,0.750699096966871,1.1583515,1.7980276e-05
3318,0.868460223499441,0.5560215,0.0053850925
3319,0.7228271634955987,1.0339872,0.00012586193
3320,0.8603935703030213,0.7220888,0.011902942
3321,0.7589620740568386,0.5624596,0.006059353
3322,0.7501024264897851,1.0270349,0.003119578
3323,0.8078690430166918,0.6833406,0.005546915
3324,0.8469119816751073,0.6425624,0.00097093487
3325,0.7696015396298418,0.7232441,0.008243957
3326,0.5319699573104207,0.9998783,0.0012945798
3327,0.7852330774624399,0.75143546,0.0045400197
3328,0.800140864864175,0.81933886,0.001501353
3329,0.8671232984651102,0.43791628,0.010976958
3330,0.9178815586495508,0.6872001,0.0035600946
3331,0.6396737601121262,0.83126533,0.0018160079
3332,0.9664903234528748,0.47942746,0.00044051674
3333,0.7208716969922314,1.1542048,0.0008270927
3334,0.8380340504685249,0.54151183,0.004764773
3335,0.7919735769916991,1.0623633,0.0010248757
3336,0.7915527657837701,0.899469,0.0012316488
3337,0.8908214474082224,0.41636235,0.007461814
3338,0.6903182929354031,1.1351295,0.0007551716
3339,0.8993305145683477,0.92005515,8.091124e-05
3340,0.7227287066367181,0.67027724,0.0057626786
3341,0.999999740145549,0.06569023,0.009484596
3342,0.6953167102934016,1.2110971,0.00077315187
3343,0.8764830337382634,0.6188881,0.006652702
3344,0.7151959146210243,0.87093097,0.0031645284
3345,0.9554426262254808,0.88247883,0.00044051674
3346,0.9366941556607306,1.0149461,0.0
3347,0.8968968138753766,1.0550342,0.0005034477
3348,0.8612082628224091,0.5435103,0.009907132
3349,0.924297306337405,0.5633473,0.0044680983
3350,0.784161135343441,0.8885377,0.0028498736
3351,0.8838209561756866,0.7567399,0.000521428
3352,0.9817953186113276,0.48800468,0.009961072
3353,0.8049406792853753,0.63093334,0.008315877
3354,0.7360355562612139,0.6078425,0.00195985
3355,0.8229128772322187,1.1334611,0.00032364496
3356,0.8498445711760396,0.7149358,0.004980536
3357,0.756098747410007,0.9878424,0.0019508599
3358,0.94492648271693,0.5166928,0.0006203195
3359,0.97019146498096,0.59953755,0.0005304181
3360,0.9999903869884196,0.07028726,0.0048636645
3361,0.8096034285920648,0.8426772,0.0007282012
3362,0.703711450654776,0.9878579,6.2930965e-05
3363,0.9999941624756414,0.08198679,0.0045400197
3364,0.9328245590751356,0.6868797,4.4950688e-05
3365,0.9937777266649332,0.7478964,0.001501353
3366,0.8937918497742723,0.4719877,0.0048816446
3367,0.8181108795902658,0.8001798,0.0014743826
3368,0.7163424664074428,0.9201012,0.004216375
3369,0.6884169529755084,1.1560246,0.0041174833
3370,0.7654651100800323,1.115016,0.0023374357
3371,0.896445400248271,0.52140856,0.00015283235
3372,0.9065091519012642,0.7609014,0.0018429783
3373,0.7216262333924323,1.0583231,6.2930965e-05
3374,0.9002452114011634,0.80148375,0.001240639
3375,0.6786703008144103,0.91571695,0.0033802919
3376,0.7320065973655656,1.085249,0.0018699487
3377,0.814342338191943,1.0231818,0.0022385444
3378,0.7188362206636438,0.95899975,0.00017980275
3379,0.8741096701396395,0.6166514,0.003524134
3380,0.7617122314869818,0.8689703,0.007219081
3381,0.931197535307804,0.35112134,0.024911672
3382,0.8809231784066931,0.90222067,0.0004495069
3383,0.9075297287377284,0.5190299,0.010122895
3384,0.9186559706136672,0.56160516,0.00783041
3385,0.561228130191787,1.0599325,0.0005483984
3386,0.6984023795443733,0.97238755,0.0010698264
3387,0.999985007433799,0.058151454,0.06392887
3388,0.9947442469548636,0.61332375,0.0006293096
3389,0.9580840340267952,0.75975484,1.7980276e-05
3390,0.9506925146722264,0.46678323,0.0043512266
3391,0.8657085461903649,0.8470634,0.000260714
3392,0.9181114870128552,0.35876423,0.0036410058
3393,0.7946884662726739,0.5126255,0.009421664
3394,0.8457868602683346,0.83984363,0.0027240117
3395,0.9441436470259776,0.5875986,0.0011327574
3396,0.7923491667709412,0.82150286,0.0032094792
3397,0.8756847858985465,0.83150727,0.003452213
3398,0.8114019712229671,0.9940988,0.003137558
3399,0.7825547264123117,0.80370873,0.0018789388
3400,0.8282830425287568,0.77067256,0.008082134
3401,0.7158356903882683,0.9511274,0.0015912544
3402,0.9999993447114822,0.110709056,0.009673389
3403,0.9107162588996902,0.41844115,0.009574497
3404,0.9999898995035982,0.08635827,8.091124e-05
3405,0.643357806700228,0.95295507,0.0011687179
3406,0.999981997385827,0.081614815,0.0006742603
3407,0.8190155933995806,0.85808706,0.00046748717
3408,0.7238890121733279,1.0454909,0.00010788166
3409,0.999999200688536,0.0642615,0.009403684
3410,0.8134362472359927,0.7701976,0.001240639
3411,0.7642496361421257,0.8198896,0.0032184694
3412,0.9435093376448138,0.6964077,0.0004495069
3413,0.9769816403258942,0.4634166,0.000719211
3414,0.9108694147410754,0.72055125,0.0017261065
3415,0.7604064393294028,0.9817937,0.0034971635
3416,0.7305260278570991,1.3574786,0.0004944576
3417,0.8655569602493011,0.67590564,0.0029487652
3418,0.8287831786877817,0.7204497,0.0023644064
3419,0.8339612230966879,0.95595175,0.0027599724
3420,0.9508534521955848,0.46144506,0.0026610808
3421,0.824396733276498,0.9476366,0.0030476567
3422,0.9999992503442604,0.06985803,0.0094666155
3423,0.6985892069863081,0.90372765,0.0017980275
3424,0.9999966061582614,0.058392745,0.009250852
3425,0.8010698278990787,0.94020456,0.0054480233
3426,0.947942000094517,0.29212365,0.025325218
3427,0.7770839104896369,0.7760064,0.0013844812
3428,0.8443534342897343,0.9317933,0.0011507376
3429,0.8839183628423681,0.8470768,0.004495069
3430,0.718036748238197,1.0479017,0.0016631755
3431,0.7392320282343814,1.0772545,0.00023374359
3432,0.9999996382192524,0.07131079,0.009511566
3433,0.8493755919509465,0.6892433,0.0019418697
3434,0.92208091450671,0.3572526,0.007767479
3435,0.8555288836657803,0.8846613,0.0026700709
3436,0.7044675484730036,0.80166256,7.19211e-05
3437,0.7607791854153813,0.8056003,0.0019688401
3438,0.9310918558771278,0.8785465,0.0006203195
3439,0.8166166001186111,0.54197353,0.010590382
3440,0.9740809447306584,0.7779454,0.00051243784
3441,0.7556036419016888,1.1861356,0.0058525796
3442,0.7116949946467485,0.7617383,0.0026880512
3443,0.7877838092625391,0.915555,0.00051243784
3444,0.9293351289048828,0.43073386,0.006203195
3445,0.6944605014685852,0.8663318,9.889151e-05
3446,0.9235213216940784,0.70378053,0.0013125602
3447,0.7708775727591363,1.1240164,0.002750982
3448,0.8858514784904987,1.0136263,0.00046748717
3449,0.650277863382041,1.0121018,0.002229554
3450,0.7113446035321539,1.1195322,0.0012586192
3451,0.7920481311705727,0.9852173,8.9901376e-05
3452,0.9477184372684044,0.7508053,0.0003146548
3453,0.8933482465328666,0.86068714,0.002094702
3454,0.8341207788843178,0.50121087,0.02021882
3455,0.7366231803744583,0.8672954,0.0012496292
3456,0.6736819925101417,1.1057439,0.00039556605
3457,0.9886267591695598,0.2147653,0.030072011
3458,0.8193650983875354,0.81273574,0.006436939
3459,0.8743564471889369,1.1505076,0.0024632977
3460,0.7972566782117623,0.6515816,0.0029128047
3461,0.7481737019912063,1.236846,0.0025891596
3462,0.7764551507671024,0.9753219,0.0007911321
3463,0.8124856753022265,0.7351976,0.00024273372
3464,0.8979243237392563,0.56852216,0.009754299
3465,0.9987093597887714,0.88182706,0.001438422
3466,0.9496136376274418,0.55517983,0.0065987613
3467,0.7140330684628382,0.85134375,0.004036572
3468,0.7552289256848279,0.78301436,0.0036230255
3469,0.9789359929299982,0.51589626,0.0038747494
3470,0.9261676969702324,0.8294326,0.00020677317
3471,0.8565142611139505,0.69521534,0.0024543076
3472,0.8579890481074841,0.5321162,0.00783041
3473,0.9794883337014726,0.40421504,0.023644062
3474,0.6863694041208259,1.088492,0.00048546743
3475,0.6826909146090197,0.9147102,0.0048726546
3476,0.9644724102285184,0.6558943,0.00020677317
3477,0.829685620043417,1.0453231,0.00024273372
3478,0.8877850823243288,0.51955014,0.008837306
3479,0.933177973149423,0.50397867,0.0021126824
3480,0.9067370803707656,0.9484104,8.091124e-05
3481,0.8576433548117146,0.6745874,0.0018879289
3482,0.8069398540621159,1.123209,0.0014564024
3483,0.7595690041223406,1.0598077,0.0014474122
3484,0.7758383753872659,0.909328,0.0003146548
3485,0.8713244043234114,0.7470051,0.0070572584
3486,0.9251467375579304,0.3828205,0.012262548
3487,0.8591618791905795,0.9629468,0.00022475344
3488,0.9403945582442684,0.67084825,0.00010788166
3489,0.8913673034806039,0.56522894,0.0031645284
3490,0.6525844125052787,1.0168637,0.00027869426
3491,0.807075896001414,0.55859387,0.007255041
3492,0.9402246528549736,0.49724916,0.00587056
3493,0.8401227546116916,1.0001667,0.0027599724
3494,0.831619108914757,0.8698667,0.00096194475
3495,0.7785265033139775,0.5956471,0.011669199
3496,0.8957812840550178,0.76440656,0.0014564024
3497,0.9604571429580364,0.6743198,0.0007641617
3498,0.833080182622063,0.8588123,0.0018699487
3499,0.7706115271172974,1.1740494,0.0012226588
3500,0.9252303039172826,0.69546586,0.00091699406
3501,0.8453212701797594,0.66360635,0.0036140354
3502,0.6719469801011194,0.9744404,0.0005394083
3503,0.8378115382346731,0.9826455,0.0006382998
3504,0.7827469952481578,0.9950606,0.00084507297
3505,0.7354294537011039,0.98334736,0.0014743826
3506,0.7603757347999284,0.76238745,0.004701842
3507,0.6618404892926886,1.0413711,0.006706643
3508,0.5647019281152561,0.9328141,0.002283495
3509,0.8159416372111857,0.9187412,5.394083e-05
3510,0.7196177039658089,0.87827754,0.0038208086
3511,0.8979995002554053,0.8152592,0.009089029
3512,0.7357876512154438,1.0499089,0.00044051674
3513,0.7877798668359972,0.87231207,0.0005573885
3514,0.9214517489886396,0.610457,0.0038837395
3515,0.821586916328251,0.98823994,0.00025172386
3516,0.9999996973666156,0.07288255,0.009475606
3517,0.8530038576830804,0.9023065,0.0046029505
3518,0.8609531212135865,0.8623322,0.0050794277
3519,0.9955512525002024,0.9927892,0.0
3520,0.9291343651163152,0.7759957,0.0006742603
3521,0.7436806102587867,0.80175835,0.0034791834
3522,0.7917603341991156,0.9256388,0.0029577552
3523,0.9999991690284902,0.06837591,0.009502576
3524,0.8574923891205501,0.61318326,0.0008990138
3525,0.8549884505988441,0.83839566,0.0029667455
3526,0.748988295416448,1.1335396,0.0006113294
3527,0.8444326002655332,1.0025862,0.005717728
3528,0.8972340873406088,0.54044974,0.00523226
3529,0.7170612461623211,0.8731494,0.004234355
3530,0.7926808670908775,0.9383745,0.0008540631
3531,0.9239337795736404,0.79601425,0.0009259842
3532,0.6911627230924607,0.92940664,0.004369207
3533,0.9235909109674314,0.8964146,0.00021576331
3534,0.8551714131485705,0.90958375,0.00096194475
3535,0.9229557778442432,0.8816475,0.0003326351
3536,0.9999983059295194,0.061095305,0.009439644
3537,0.8091402221499547,0.8912633,0.006221175
3538,0.985530235416732,0.31997767,0.015984464
3539,0.7455644685904931,0.7467408,0.0014474122
3540,0.7552313184978048,0.88035697,0.0030836172
3541,0.6717226222465368,1.0679916,7.19211e-05
3542,0.8385500037812244,0.65664345,0.0016631755
3543,0.7068726006678793,0.9504203,0.0008270927
3544,0.941625873210965,0.63784975,0.0024992584
3545,0.7904111986777571,0.9389313,0.00012586193
3546,0.9206352826727936,0.5616158,0.00019778303
3547,0.818808896737886,0.8845624,0.0034252426
3548,0.998597943412086,0.21435435,0.055064593
3549,0.911705201260786,0.59963137,0.00024273372
3550,0.9999866467906724,0.05347269,0.009008118
3551,0.5263376663964691,1.0524648,8.990138e-06
3552,0.5947296856777292,0.9407439,0.00036859565
3553,0.8238886658010842,0.849917,0.002993716
3554,0.7878408434114913,0.9219675,0.0030386667
3555,0.9714042013669912,0.15879034,0.04450118
3556,0.715684755451585,0.5576547,0.008010212
3557,0.959069558731982,0.4345387,0.0003056647
3558,0.9229765906670993,0.56975245,0.006400978
3559,0.9915788081303892,0.31086564,0.009853191
3560,0.7834254016653016,0.8199821,0.0006382998
3561,0.8227893539284303,1.0402335,6.2930965e-05
3562,0.5339828503662414,1.3487041,1.7980276e-05
3563,0.8684660177215342,0.6903335,0.0035151439
3564,0.7449293573031919,1.0053781,0.000260714
3565,0.845303794098635,0.8002288,0.0057626786
3566,0.9822299244310932,0.8509212,0.00039556605
3567,0.8072188656251836,0.62664485,0.0050974083
3568,0.7251378866967305,0.9908017,0.00042253648
3569,0.7467226295953381,1.1904408,0.00045849703
3570,0.8160996599327424,0.6684876,0.0026520907
3571,0.9521592204433168,0.65757537,0.0015732741
3572,0.7627636281053258,0.8858328,0.0027599724
3573,0.8647290376773976,0.13313875,0.00024273372
3574,0.8512719793642796,0.8575316,0.000521428
3575,0.8308962199666534,0.81913227,0.0011956884
3576,0.9999996329233088,0.08805172,0.004755783
3577,0.9999563733311946,0.07955625,0.0005573885
3578,0.9532251520284338,0.6502789,0.0029757356
3579,0.9176017830395566,0.5019427,0.0025531992
3580,0.7812009028724363,0.62509656,0.003964651
3581,0.7818065267580976,0.69303906,0.0041354634
3582,0.7825432670135382,0.74978566,0.00090800395
3583,0.7051401631063319,0.7748248,0.0070572584
3584,0.931129310712224,0.32027894,0.008001222
3585,0.8101425618543079,0.9442645,0.0019148993
3586,0.5254952189775204,1.059635,8.990138e-06
3587,0.8215681943644897,0.48091868,0.004935586
3588,0.7377299854835142,1.079641,0.0005483984
3589,0.8394565898442655,0.9852554,0.0021756133
3590,0.7140373963410329,1.0085424,8.9901376e-05
3591,0.7684323265896381,0.9375823,0.0021666232
3592,0.7538396309342835,1.177971,0.0037578775
3593,0.9999986967673268,0.064345546,0.009322773
3594,0.7083590339820827,1.0999008,0.00717413
3595,0.9695886854134654,0.6425064,0.0021935937
3596,0.7100790709869842,1.2345042,0.0003506154
3597,0.8848620411906462,0.6721701,0.0023913768
3598,0.7298636884223277,0.9254772,0.004234355
3599,0.7468965063821427,0.87768173,0.0007282012
3600,0.966995635856501,0.33335644,0.006643712
3601,0.9471391092013044,0.56609964,0.009898142
3602,0.8401874019992082,1.0095222,0.0008990138
3603,0.8967076081795008,0.51084024,0.009196911
3604,0.9241200220119188,0.34949842,0.014537053
3605,0.8602541923779163,0.84404784,0.00026970415
3606,0.8493136703616815,0.7976704,0.0006742603
3607,0.7222016201020782,0.957378,0.005987432
3608,0.9999932982688896,0.057326764,0.009223881
3609,0.8252505708746004,0.61973315,0.0074078734
3610,0.7464674506605391,1.0080924,8.091124e-05
3611,0.9357521073950252,0.8462576,0.0011327574
3612,0.842233935614296,0.88713396,0.004692852
3613,0.8060792456666929,0.794744,0.0016541854
3614,0.7315296042992423,0.8301,0.0040635425
3615,0.9999976050508947,0.11885544,0.0051873093
3616,0.8414191290853961,0.6557087,0.0056458064
3617,0.6740813855976013,0.8698017,0.0014474122
3618,0.8699190634143343,0.7591628,0.0031645284
3619,0.830737133908918,0.3919997,0.009080039
3620,0.8674034743202786,0.59897596,0.010185827
3621,0.8440204317481312,0.3820884,0.010833116
3622,0.8172371878734307,0.7336399,0.0020587416
3623,0.7869256071474634,0.69258904,0.010932008
3624,0.8336959174814221,0.503502,0.005987432
3625,0.8530895108174452,0.8095553,0.0064279484
3626,0.7499199624739535,0.63409245,0.004306276
3627,0.8784606199427892,0.7417818,0.002993716
3628,0.8349643532691282,0.69647086,0.000521428
3629,0.7856489722649889,0.79823595,0.0022385444
3630,0.6585990269826835,1.0908993,0.0005394083
3631,0.8766867355635541,0.9168688,0.0006922406
3632,0.5636694701237174,1.0406443,0.0008091124
3633,0.9999979405774038,0.061142705,0.009457625
3634,0.6970487054611939,1.0273547,0.0014833728
3635,0.8851728060797697,1.0253909,0.0006382998
3636,0.770997908059211,0.6949207,0.0074708047
3637,0.5783236282657938,1.21267,0.0003775858
3638,0.9358626625368216,0.46768528,0.0067965444
3639,0.8654443807556449,0.7284223,0.0020767218
3640,0.7666014269669582,1.1666001,0.0
3641,0.90553068360301,0.6338246,0.0025262288
3642,0.6884696705335706,1.2513758,8.990138e-06
3643,0.8788492304558567,0.9600326,0.0005663787
3644,0.8821998830706063,0.40505978,0.006706643
3645,0.9809841488284642,0.5917182,0.0016631755
3646,0.77450162846206,0.78864247,0.0017350966
3647,0.7847849377582683,0.884785,0.0073179724
3648,0.7525161681466946,1.0411829,0.003461203
3649,0.8365493970036699,0.7283588,0.0055289348
3650,0.9931982219520114,0.5404884,5.394083e-05
3651,0.9152226959356012,0.47289592,0.006221175
3652,0.7962254773220614,1.0743948,0.0021036922
3653,0.7067726644287196,0.97787654,0.0006293096
3654,0.6874769442285288,0.78894013,0.008540631
3655,0.9420875010464888,0.59320146,0.0015912544
3656,0.7414624353919927,1.075306,5.394083e-05
3657,0.8856487548084174,0.68238765,0.0036949466
3658,0.930999447782096,0.48569632,0.01629912
3659,0.9530163798143304,0.73397565,0.0034072623
3660,0.9235213216940784,0.9680016,0.0009889152
3661,0.8732564207721153,0.7732374,0.00074618147
3662,0.6568072217713279,1.0684395,0.00086305325
3663,0.8508580808210537,0.7100901,0.004558
3664,0.5137555708951327,0.9470584,6.2930965e-05
3665,0.8290343315703858,0.6274093,5.394083e-05
3666,0.8123366837235394,1.0388275,0.00087204337
3667,0.9186559706136672,0.72690916,0.0046658814
3668,0.8498522928172774,0.84223974,0.0036589862
3669,0.9999889434555812,0.07060676,0.0047917436
3670,0.8863896317608431,0.86224943,0.0030746271
3671,0.6665563367345719,1.1486775,0.00017980275
3672,0.6698325439606285,0.97416466,0.0015283234
3673,0.7925573607624554,1.0949216,0.003389282
3674,0.8387488705823668,0.6107053,0.0060503627
3675,0.6911799638605134,0.9095131,0.0024093569
3676,0.8693643404153234,0.6146598,0.002229554
3677,0.9999973664730228,0.08453854,0.0049895267
3678,0.9999784900906956,0.045655474,0.060944144
3679,0.996557784888818,0.21030857,0.032499347
3680,0.7975387565663328,0.7466584,0.0077315187
3681,0.96099172857743,0.82364607,0.0008001223
3682,0.7095519244424242,1.0262927,0.0016901459
3683,0.6735431934454715,0.7590852,0.005744698
3684,0.7161756104756557,1.1803501,0.0003146548
3685,0.6673502463686685,0.90682864,0.00086305325
3686,0.8005624905195086,1.0914315,2.6970414e-05
3687,0.798551269378594,0.9982587,0.0010608362
3688,0.861662328867364,1.0579742,0.0006472899
3689,0.937509274319988,0.6271319,0.009610457
3690,0.8070384844003478,0.80022347,0.007767479
3691,0.8122902349550192,0.8684559,0.0011507376
3692,0.9256755070820288,0.6308778,0.0010878067
3693,0.9999864154589208,0.06812237,0.0065987613
3694,0.90914608052313,0.70242757,0.001438422
3695,0.8322001670389779,0.50914294,0.018555645
3696,0.7919349591222082,0.8110619,0.00058435893
3697,0.8454920273186431,1.2210265,2.6970414e-05
3698,0.7593505974875516,1.0869064,0.0016182248
3699,0.9999993902253032,0.102456376,0.006481889
3700,0.9336660713488928,0.9032816,0.0025621892
3701,0.4950312521515852,1.3255377,0.0006113294
3702,0.864228541216429,1.0040299,0.00025172386
3703,0.7498174880283508,0.81754327,0.0007282012
3704,0.9126673832288208,0.53074914,0.0035511043
3705,0.6756048053834941,1.5372692,0.0023104653
3706,0.9261676969702324,0.843477,0.00038657594
3707,0.7990810506164708,0.7695956,0.006382998
3708,0.9559391962274192,0.71735764,0.0046479013
3709,0.9180130849522282,0.65552866,0.001627215
3710,0.8633810174580864,0.52929157,0.0033533215
3711,0.9028220347425224,1.1501411,0.002085712
3712,0.8748250263082189,0.53686666,0.0058795502
3713,0.8100784922658543,0.7570291,0.0043512266
3714,0.7556713667412598,0.8276153,0.0035421143
3715,0.8972133014970785,0.56788814,0.008603562
3716,0.7249612470310514,1.0665498,0.0
3717,0.7293419677578706,0.8217871,0.0016721656
3718,0.7666454314049787,0.8216079,0.0017440867
3719,0.9508534521955848,0.4078587,0.0027240117
3720,0.8231429666763297,0.7715648,0.0003326351
3721,0.7663041061227216,0.9832125,0.00013485207
3722,0.859274763458597,0.74528193,0.0014833728
3723,0.9882118550506946,0.25232482,0.016775597
3724,0.9777069947482452,0.91297716,1.7980276e-05
3725,0.8814358413560792,1.1734865,0.00027869426
3726,0.8479754563803734,1.0146345,0.0003775858
3727,0.9337857191767344,0.712095,0.0036589862
3728,0.9999938624119802,0.072099544,0.0045310296
3729,0.9349826879952234,0.51502854,0.0024992584
3730,0.6778525869922896,1.1116345,8.091124e-05
3731,0.8880730418173567,0.6555445,0.00086305325
3732,0.7235158777858656,0.96606135,0.0006472899
3733,0.9295279805307212,0.6233663,0.000260714
3734,0.912938155466149,0.5843491,0.005663787
3735,0.8821809012821481,0.32495838,0.012235577
3736,0.803724110317567,0.65117353,0.0050434675
3737,0.9002960671055587,0.50311095,0.0074078734
3738,0.9888061523841906,0.641033,0.00094396446
3739,0.7150131574387824,1.0260022,0.0013305404
3740,0.8751558833530523,1.1210022,0.0008810335
3741,0.5174072300015535,1.0845895,0.00017081262
3742,0.900853380527336,0.7721636,0.006913416
3743,0.6486996515375942,0.96435285,0.002148643
3744,0.8962010999889485,0.7664182,0.00013485207
3745,0.7895939267521219,1.0299137,0.0026700709
3746,0.5310158949804633,1.0369829,4.4950688e-05
3747,0.9999890420026596,0.059027407,0.0023374357
3748,0.8527276553168642,1.0654557,0.0019418697
3749,0.999999200688536,0.06440173,0.009394694
3750,0.9296595506801116,0.5889729,0.003326351
3751,0.8077721579252821,0.88872206,0.00089002366
3752,0.9999379209255131,0.05771581,0.0026431005
3753,0.8759427006449696,0.36737955,0.0048636645
3754,0.7595396838670249,0.96890354,7.19211e-05
3755,0.9603091410709604,0.6994061,0.004459108
3756,0.9495982005930612,0.6564905,0.0050434675
3757,0.9744009785496368,0.57534754,0.0019418697
3758,0.9421989026797324,0.2334952,0.019337786
3759,0.9180167640929282,0.5453821,0.0001887929
3760,0.826896837714957,0.532517,0.0021396528
3761,0.9161469959525762,0.7174534,7.19211e-05
3762,0.714434781074653,0.97184515,0.00044051674
3763,0.8259639081871613,0.6835792,0.00326342
3764,0.9241521756686152,0.60789293,0.0020407613
3765,0.9413637521614764,0.5607031,0.0064189583
3766,0.9999673839044398,0.057570107,0.0046029505
3767,0.9961893443059852,0.58616585,0.0012765996
3768,0.8850778511244064,0.9211228,0.003002706
3769,0.8064074750415167,0.8172032,0.005717728
3770,0.7525354318758298,0.8175184,0.0004944576
3771,0.7611338656382003,0.73305845,0.0046029505
3772,0.9999952549344358,0.05862475,0.009484596
3773,0.8730800480110891,0.5710345,0.0068145245
3774,0.7734323501422592,0.91078216,0.00023374359
3775,0.9826788060118856,1.0286041,0.0005933491
3776,0.922414064224868,0.5820286,0.00651785
3777,0.7650358397630264,0.66750443,0.0063020866
3778,0.6806780237825739,0.9354614,0.009502576
3779,0.7575845001288759,0.8879194,0.0031555383
3780,0.8670690512227608,0.8867881,0.00325443
3781,0.8481989370917509,0.8361416,0.0029307848
3782,0.8322429829130198,1.1662124,0.00042253648
3783,0.9455763510519328,0.42287806,0.009196911
3784,0.8109007399122542,1.1513801,0.0033982722
3785,0.8873045113434156,0.6008021,0.0027150216
3786,0.999996326279369,0.059848327,0.009322773
3787,0.7947424577879547,0.79879737,0.00013485207
3788,0.8238804023796855,0.9580383,0.0035061538
3789,0.9140715535780716,0.8459129,0.0015283234
3790,0.7765513876776343,0.99995065,0.00081810256
3791,0.9289613126797976,0.88125896,0.0006382998
3792,0.9475730428588756,0.98072267,0.0005573885
3793,0.849239006716079,0.51961696,0.010815136
3794,0.8360089886439288,0.9295654,0.001375491
3795,0.7456622575405032,0.92008865,0.0015822642
3796,0.896027806639198,1.0019544,0.0003146548
3797,0.999997245811987,0.068614475,0.0046479013
3798,0.9976007691736724,0.1892449,0.05953269
3799,0.9988275015100144,0.8554704,8.9901376e-05
3800,0.8663816802477093,0.51250553,0.0038297987
3801,0.8881332589920721,0.54388726,0.006257136
3802,0.8316457340457414,0.72417754,0.003991621
3803,0.9069399402217128,0.560353,0.002741992
3804,0.9312794591609028,0.64851093,0.0019688401
3805,0.6369219138796703,1.0836439,0.001114777
3806,0.8005624905195086,0.7254583,0.00010788166
3807,0.9019715826468904,0.45067132,0.011884962
3808,0.7508467468654332,1.0208924,0.0016631755
3809,0.8777092183400979,0.89708036,0.004558
3810,0.8382710090079187,0.70330024,0.0008360828
3811,0.8686114494858921,0.7822347,0.0016541854
3812,0.99999932472304,0.070638806,0.009493586
3813,0.799607186580684,0.7128445,0.0065448205
3814,0.7800522659198461,0.9818871,0.0037488875
3815,0.998151362289209,0.445778,0.008055164
3816,0.9329226489036988,0.2592713,0.01568779
3817,0.5919303391826926,0.91553295,0.0036410058
3818,0.7496572256795293,0.9651096,0.00032364496
3819,0.8555425775191123,0.5637365,0.004225365
3820,0.9999994173841964,0.10052228,0.009214891
3821,0.6490759733165872,1.0008324,0.0007551716
3822,0.9962381781014058,0.5951456,0.00025172386
3823,0.8913673034806039,0.5842984,0.0042793057
3824,0.8824495090006447,0.6998819,0.0053131715
3825,0.9807298530889834,0.52355546,0.0013125602
3826,0.8956534451042031,0.8563278,0.0008091124
3827,0.8023813422625369,0.90321547,0.00095295464
3828,0.939291930976111,0.82680625,0.0
3829,0.6130000940498399,1.1524891,0.0003056647
3830,0.7526459357393847,1.1194988,8.990138e-06
3831,0.7857295113765956,1.3024065,0.0003775858
3832,0.7492290021400099,0.9895033,0.0012316488
3833,0.6823323552623296,1.2676476,0.00017980275
3834,0.8235349927681499,0.9211408,0.0005304181
3835,0.882241484869099,0.49454695,0.006463909
3836,0.999999007850358,0.063739754,0.009439644
3837,0.7370427173615136,0.82179314,0.0031825087
3838,0.941113164068279,0.4613767,0.0033533215
3839,0.9121073207135022,0.7823167,0.0019778304
3840,0.7653670093125139,1.0215664,0.0033173608
3841,0.779516289981495,1.0470033,0.0007012308
3842,0.9719922400175798,0.6623351,4.4950688e-05
3843,0.9790397459298996,0.49540266,0.0019148993
3844,0.7340037559917587,0.9149216,0.0018429783
3845,0.7640276586648581,1.0356617,0.0008810335
3846,0.8246803439424301,0.9454179,0.00023374359
3847,0.935825409560668,0.3007945,8.990138e-06
3848,0.971167964418484,0.47026253,0.00914297
3849,0.9999986135142156,0.0656398,0.009421664
3850,0.7551406018104256,0.9498295,0.0025621892
3851,0.7179589090391619,0.8221324,0.004737803
3852,0.7365367619908846,0.89587927,0.0033713016
3853,0.904237679002102,0.5578829,0.006706643
3854,0.7828216106461858,1.0997822,0.00046748717
3855,0.6805961173226536,0.9689521,0.0029577552
3856,0.8296069831538316,0.82833046,0.0024453176
3857,0.8563219170917935,0.65866184,0.00023374359
3858,0.917116056028938,0.7101689,0.0049265954
3859,0.8647424587534561,0.56038076,0.00521428
3860,0.8531459685135672,0.69579065,0.0053850925
3861,0.970284406911343,0.6242459,0.007704548
3862,0.9616542859757988,0.7504605,0.00087204337
3863,0.7638317861961902,0.6417272,0.003784848
3864,0.8966993798431273,0.85047436,0.0006113294
3865,0.8013087579642746,1.0733886,0.0003506154
3866,0.8604957157091595,0.93409455,0.0006472899
3867,0.9486420890706542,0.7038897,0.0007282012
3868,0.7995844727238322,0.941486,0.00036859565
3869,0.8004907813947881,1.325711,0.0008540631
3870,0.796976500549095,0.7666299,0.0046209306
3871,0.9429218604464104,0.4923145,0.0026341104
3872,0.7717300594832175,0.75956154,0.0068594753
3873,0.7117935530256208,0.9728314,0.0010788166
3874,0.8003093835416635,0.8395729,0.0017530769
3875,0.8508495028522651,1.0365771,0.0013844812
3876,0.9152918345710472,0.74106747,0.005277211
3877,0.8726842510842889,0.762887,0.0033083707
3878,0.9170914659986932,0.53320974,0.00195985
3879,0.7187780535364101,1.1727589,0.0018519684
3880,0.9038905243119386,0.81813437,0.008936197
3881,0.8273657675819988,1.0880172,0.0008540631
3882,0.8394312238914127,0.900507,0.0008270927
3883,0.9996658678585084,0.19063815,0.066077515
3884,0.8018445604403411,0.5406125,0.00326342
3885,0.8270329035296017,0.74848354,0.0035151439
3886,0.8930606776809078,1.009487,0.0065628006
3887,0.821586916328251,1.3424138,0.00017980275
3888,0.9999991509996332,0.06805485,0.009511566
3889,0.8222089904402593,0.61658853,0.001375491
3890,0.788433456092465,0.85672253,0.0023913768
3891,0.907445994346155,1.0244782,0.0022655148
3892,0.7046334783294261,1.0279567,0.003326351
3893,0.9344553591239776,0.416054,0.008073144
3894,0.768289150446808,0.9286662,0.0030566468
3895,0.775708343890093,1.086474,0.0007371913
3896,0.6872353021886337,1.0654817,0.000719211
3897,0.9520096298630796,1.2154137,0.0017890374
3898,0.9999988043199456,0.06082896,0.009403684
3899,0.9289613126797976,0.6134821,0.0020048008
3900,0.8591592137877292,0.8004627,0.00096194475
3901,0.805118608794005,0.80861115,0.0034072623
3902,0.7798345753307583,1.2795626,0.00039556605
3903,0.8495875338839316,0.55835396,0.0007551716
3904,0.8726616872661507,0.8705139,8.9901376e-05
3905,0.9320961947084512,0.57488006,0.00044051674
3906,0.855328358853853,0.62482524,0.0063560274
3907,0.8557136515375984,0.5671882,0.0076056565
3908,0.9189304847593964,1.0336324,0.0020048008
3909,0.9251467375579304,0.3908969,0.009493586
3910,0.8702342978202623,0.39210662,0.014537053
3911,0.8258546685361654,0.5592397,0.012730035
3912,0.8083548615273737,0.8267659,0.00089002366
3913,0.8236236906392265,0.7695855,0.002229554
3914,0.9640326771573112,0.36824873,0.009421664
3915,0.8121548268597406,0.56448454,0.001564284
3916,0.937282070118514,0.8912375,0.0004045562
3917,0.9523684853905598,0.8036111,0.0048097237
3918,0.9530163798143304,0.8142291,0.0022025837
3919,0.8774893560076809,1.0012096,0.0002876844
3920,0.9678588752871118,0.7273397,0.0003506154
3921,0.9824917584563708,0.5933224,0.0010608362
3922,0.7967637746906449,0.9440162,0.00023374359
3923,0.7189141150135197,0.88632303,0.005160339
3924,0.9389636298401568,0.48121652,0.0030296764
3925,0.8078080628829682,0.9687489,0.0006113294
3926,0.7121781095472073,0.959849,0.001762067
3927,0.949652219050378,0.40115196,0.008136075
3928,0.5894770194375059,1.0664566,0.0005753688
3929,0.8657279113968941,0.6616867,0.002876844
3930,0.9999977872035344,0.07887899,0.004899625
3931,0.8293399959489637,0.8352616,0.002993716
3932,0.7356274539463068,0.97966516,0.0008540631
3933,0.9181048774985228,1.1780514,0.0014474122
3934,0.8913781839445639,0.6371238,0.000719211
3935,0.980894481992475,0.3065502,0.010095925
3936,0.9319559842444408,1.030924,0.0005304181
3937,0.9359569829567242,0.7406517,0.006445929
3938,0.7703793187993262,1.0739895,0.0022745049
3939,0.7553545013805059,0.66411793,0.003389282
3940,0.847981743208269,0.9373289,0.00013485207
3941,0.7544098558327086,0.812319,0.0030296764
3942,0.999993743082525,0.08223078,0.004558
3943,0.768101588348189,0.8256738,0.0023374357
3944,0.8705569690085169,0.66075516,0.0014024616
3945,0.9828114618280118,0.5537786,0.0020767218
3946,0.9553763339474752,0.38155907,0.019427687
3947,0.8510088993692508,0.68420494,0.00086305325
3948,0.9432188893953676,0.84589785,0.0013215502
3949,0.9949310378786176,0.8330921,2.6970414e-05
3950,0.8011386331900919,0.76544887,0.0038747494
3951,0.9999979211557832,0.08356443,0.004719822
3952,0.9005870013851115,1.027849,0.0013575108
3953,0.9227125471288752,0.58569556,0.001564284
3954,0.9774949283525274,0.93032867,0.00081810256
3955,0.7773736000522806,0.8323506,0.0048007336
3956,0.7704475418812777,0.8000071,0.004638911
3957,0.6567149185965246,1.2506438,0.003452213
3958,0.9435924785598192,0.82473284,0.00048546743
3959,0.651021591765205,1.0712703,0.003964651
3960,0.99999735438792,0.056388047,0.009160951
3961,0.9412777753121842,0.9482286,0.0008270927
3962,0.8531532770270919,0.6233898,0.0020407613
3963,0.9533700029862464,0.49407357,0.0003146548
3964,0.9999982192299692,0.06137427,0.009259842
3965,0.9062428362555716,0.49378884,0.005421053
3966,0.6802371115248801,0.9752531,0.00038657594
3967,0.7424181167050821,0.92752284,0.004306276
3968,0.7941372467440435,1.204784,0.006454919
3969,0.8765732796278691,0.8113454,0.005987432
3970,0.9785656512099746,0.8571411,0.0011866982
3971,0.9288909294058352,0.66846406,0.005924501
3972,0.6689593190293275,0.98802644,0.0018519684
3973,0.8240971089259157,0.7763771,0.0036140354
3974,0.7721274354281451,1.3722754,0.00048546743
3975,0.8045050183107022,0.94393176,0.00096194475
3976,0.8827332917843971,0.78063536,0.0017800473
3977,0.6914349200174815,1.103472,0.0003506154
3978,0.9999775687825558,0.06389928,0.004180414
3979,0.9707362787763826,0.6406585,0.0018969191
3980,0.6098281344143425,1.1508033,0.00019778303
3981,0.9768400884907202,0.28262264,0.014626955
3982,0.9176863843981994,0.9719482,0.00016182248
3983,0.7950716371118343,0.45904806,0.005483984
3984,0.7445865894596808,1.0305147,0.00046748717
3985,0.7430246870470054,0.8131297,0.001564284
3986,0.6390150978875432,1.0402025,0.0028408836
3987,0.8714848091905815,0.8485247,0.0020407613
3988,0.8773520392642862,0.33541518,0.004450118
3989,0.8108090329193479,0.9272173,0.0011237672
3990,0.658058917343047,1.0550758,0.0026341104
3991,0.8427596980551142,0.7346408,0.0060233925
3992,0.715675273329561,0.9204869,0.0034971635
3993,0.8686120006423382,0.714033,0.0006113294
3994,0.7770772633877039,1.083308,0.0010878067
3995,0.798756986456066,0.7452352,0.0037938382
3996,0.7244317268262436,0.9940807,0.0022475345
3997,0.8963070634924932,0.69535714,0.0045939605
3998,0.7748125696812239,0.8790447,0.0029038144
3999,0.7722671358818923,0.6492702,0.0037938382
4000,0.9281998493186968,0.5282413,0.0023284457
4001,0.8520855996842217,0.8379323,0.0008270927
4002,0.7660437365859339,0.747795,0.0016182248
4003,0.7710867525537402,0.7728778,0.001501353
4004,0.7608826374674746,0.5998461,0.008855286
4005,0.9841916982121984,0.6298564,0.00021576331
4006,0.9102406134936448,1.042978,0.00058435893
4007,0.8595746415986969,1.1130517,0.0006742603
4008,0.9996463629198852,0.07790123,0.0021935937
4009,0.813986861383568,0.7665315,0.008603562
4010,0.9171629969211986,0.39008644,0.011902942
4011,0.8661705443489718,0.7962795,0.0006382998
4012,0.9371617404601272,0.52339464,0.0036230255
4013,0.9164669338777528,0.49245346,0.006985337
4014,0.8507397716440075,0.7124586,0.0021306626
4015,0.9493845486443,0.61954916,0.0023194556
4016,0.7928581208254397,1.1971041,0.001564284
4017,0.8795235004665829,0.3723907,0.010958978
4018,0.8526330070816501,1.1325505,0.0015552938
4019,0.9197653660938584,1.0203506,0.00130357
4020,0.8211885356320535,0.86154145,0.0014653924
4021,0.8524352510885354,0.6242452,0.0031015975
4022,0.95728789446287,0.7897995,0.00017081262
4023,0.8372729386113716,1.1175704,0.0007641617
4024,0.9091629804883076,0.7103154,0.0012136686
4025,0.8682421382925268,0.92128694,0.0006023392
4026,0.8561021089352474,0.8692148,0.0024992584
4027,0.7605882549406984,0.7894866,0.004216375
4028,0.8616999641097584,0.7756909,0.0008001223
4029,0.9726285104222904,0.92275965,0.00034162524
4030,0.8441749898158255,0.87254083,0.0013305404
4031,0.7010590170413208,1.0944054,0.00011687179
4032,0.987291572671852,0.5623778,0.007416864
4033,0.7412157229354358,0.9850006,0.000521428
4034,0.935979749130284,0.8655543,0.00096194475
4035,0.7441153159324556,0.77390283,0.003524134
4036,0.6308526652287565,0.9498394,0.0011327574
4037,0.8731616299845928,1.0415504,8.091124e-05
4038,0.9538896965552972,0.17802805,0.020380642
4039,0.8349644735521375,0.8463967,0.0017800473
4040,0.9286583607500324,0.5162902,0.0061582443
4041,0.732518730984635,0.90437764,0.0026700709
4042,0.9480647808830784,0.53790915,0.0003506154
4043,0.8840506486111275,0.5284378,0.006329057
4044,0.6548412644770445,1.2193657,0.0016002445
4045,0.9400449565708476,0.7006216,0.003524134
4046,0.9553763339474752,0.09434137,0.014528063
4047,0.9672743115134486,0.5025493,0.008738414
4048,0.6378213048015925,1.1605288,0.0006562801
4049,0.8389349417250692,0.6284108,0.0022655148
4050,0.6641598101579299,0.9522334,0.0006922406
4051,0.9896992811217036,0.5142798,0.005483984
4052,0.8302940586885492,0.85000545,0.00086305325
4053,0.9469703415830611,0.8553953,0.001042856
4054,0.885471187258269,0.9218543,0.0006293096
4055,0.7543765793168449,0.8232122,0.00020677317
4056,0.7183725097203754,1.0817207,0.0006472899
4057,0.8266469384067182,0.69971263,0.0008540631
4058,0.7791072841734153,0.78144455,0.0018969191
4059,0.8700750623411068,0.43340167,0.004297286
4060,0.7232357453233664,0.81481606,0.0018519684
4061,0.8247066138732744,0.44540256,0.0033713016
4062,0.9335994499521384,0.6044555,0.0031735187
4063,0.968793261971037,0.91777444,0.00017081262
4064,0.7337487049805004,1.0811731,0.00029667455
4065,0.479491264120193,1.170519,0.001240639
4066,0.786810195585166,0.9816677,0.0007551716
4067,0.9475117576630908,0.7139254,0.0025711795
4068,0.9994532597765264,0.07698828,0.0022385444
4069,0.9377127090741696,0.39442298,0.016829537
4070,0.999999269215929,0.096719265,0.005142359
4071,0.6526446594001317,1.1129459,3.596055e-05
4072,0.806344046663508,0.40562817,0.009871172
4073,0.8398431132585931,0.96350986,0.0016901459
4074,0.7076448027609786,0.9628473,0.001240639
4075,0.8063714359034074,1.0217109,0.001366501
4076,0.7218054054210618,0.92843795,0.001429432
4077,0.8997522781464884,1.1463879,0.00089002366
4078,0.9310918558771278,1.0600111,0.00096194475
4079,0.8003914636127553,0.87989104,0.0065628006
4080,0.9484152587674628,1.0905199,0.0005304181
4081,0.7091123375286665,1.2068474,0.00032364496
4082,0.8221332464758011,0.6881175,0.0048187138
4083,0.6532581421543747,1.09271,3.596055e-05
4084,0.99998967606162,0.062874585,0.0024003668
4085,0.9582896983117476,0.5913565,0.0017261065
4086,0.6958736736685126,1.0929315,0.00027869426
4087,0.8116552351652159,1.1068516,0.0039197
4088,0.8482359876671203,0.41659433,0.005735708
4089,0.8339741759827409,0.9639878,0.005501964
4090,0.7626717248975201,1.2306976,0.002211574
4091,0.8773225099666642,0.7798685,0.0015912544
4092,0.9856921922503518,0.85740435,0.0034072623
4093,0.8169406077179717,0.7495284,0.0021396528
4094,0.9445399572303762,0.42406175,0.004737803
4095,0.6174549177085982,0.9643552,0.00024273372
4096,0.7851077378391347,1.0374343,0.0036769663
4097,0.8758335212928927,0.6522038,0.0030116963
4098,0.8663837362420431,0.98726016,0.0031465483
4099,0.7763125524532694,0.86771166,0.0007371913
4100,0.7050242648692445,0.96626526,0.0012765996
4101,0.8398892456303599,0.6870633,0.010842106
4102,0.7981041830226474,1.0465659,0.0009889152
4103,0.983382291236013,0.39194092,1.7980276e-05
4104,0.9173169356760892,0.9143689,0.001105787
4105,0.7096302503788401,0.9497337,0.0049985168
4106,0.7242001253555979,1.0530974,8.9901376e-05
4107,0.8867786662913937,0.6703208,0.0036679762
4108,0.9999990659392558,0.0626017,0.009376714
4109,0.7892191325404316,0.94986963,0.0026251203
4110,0.5134921820681386,1.2315339,0.00010788166
4111,0.635980680592324,1.0389463,7.19211e-05
4112,0.8209848378495394,1.1795657,0.0019778304
4113,0.9176904121976812,0.68195224,0.0024363273
4114,0.7957361501230779,1.060083,0.00260714
4115,0.780790136965717,0.5775147,0.0065807807
4116,0.7268383272711962,0.834403,0.0035331242
4117,0.8468000898100785,0.5580119,0.0040815226
4118,0.7882308260306201,0.8453107,0.0029307848
4119,0.7851379844836872,0.6069706,0.0060503627
4120,0.7470838674645369,0.8586334,0.003524134
4121,0.8224367736556297,0.97565925,0.0003326351
4122,0.5220554435018355,1.0679656,0.00027869426
4123,0.6854647127565501,0.99969494,0.001627215
4124,0.8460891680078348,0.6383704,0.0050434675
4125,0.8386134342731207,0.80777484,0.003649996
4126,0.7729409976578121,1.0898,0.002858864
4127,0.8521261115241343,1.1674178,0.0019238895
4128,0.7718772879779552,0.7621794,0.005034477
4129,0.8129396971227061,1.1710353,0.000521428
4130,0.8971328986448128,0.8174645,0.00021576331
4131,0.7748199346836224,0.75203264,0.0002876844
4132,0.7085728795769266,1.1760741,9.889151e-05
4133,0.8328226571774832,1.0642445,0.0006832505
4134,0.7866449328547369,1.2242625,0.00051243784
4135,0.5946107452974936,1.1398486,0.00016182248
4136,0.9999673839044398,0.05840076,0.0045939605
4137,0.8775319764397638,0.83692694,0.0068594753
4138,0.9999969551628712,0.08363798,0.004513049
4139,0.7851744109519181,0.29750746,0.00087204337
4140,0.789638640436373,0.6195181,0.0001887929
4141,0.9999983593161424,0.060656685,0.009484596
4142,0.9209090659271976,0.59461606,0.0007911321
4143,0.8353982771480254,0.9732333,0.0040815226
4144,0.9819663975537452,0.5866662,0.0003056647
4145,0.8971616834933509,0.7374405,0.0003146548
4146,0.7611116843947449,0.8942995,0.0040995027
4147,0.9999877578983122,0.055636447,0.065313354
4148,0.777070563920862,0.92229706,0.00042253648
4149,0.2119527453345313,0.07705733,0.0
4150,0.9630622964893092,0.69311136,0.0005034477
4151,0.8187626388497264,1.0313523,0.00090800395
4152,0.5620026103824148,1.0579696,0.00051243784
4153,0.9575410301107944,0.92537606,0.00038657594
4154,0.8172451698040389,0.7131551,0.00087204337
4155,0.6522179867293818,1.1010414,0.0011687179
4156,0.9999888445697138,0.06042088,0.0087563945
4157,0.8858992687274729,0.9299421,0.0001887929
4158,0.9063448272818792,0.6168451,0.004944576
4159,0.5841677829689352,1.1592283,0.0004045562
4160,0.9999988888761538,0.06436826,0.009439644
4161,0.9274151552180976,0.51564825,0.002085712
4162,0.9070806597364796,0.8014097,0.0008540631
4163,0.6112422044530972,1.0347412,0.001762067
4164,0.7779049797611745,0.9559396,0.0006472899
4165,0.9308318450793708,1.1661459,0.0006203195
4166,0.8300749475817172,0.57995856,0.002490268
4167,0.9194189895735146,0.52708566,0.006194205
4168,0.9980106441204064,0.42584816,0.0007012308
4169,0.7153734227604645,0.65090066,0.0030296764
4170,0.9886402775453002,0.46626922,0.0022025837
4171,0.7671780135915397,0.9347317,0.0005034477
4172,0.8590510667068946,0.60896564,0.00023374359
4173,0.9999712888988744,0.0469233,0.009169941
4174,0.5092771288509003,1.0416044,0.00017081262
4175,0.9489413643499988,0.61394584,0.0020767218
4176,0.9497846690607026,0.60638493,0.008055164
4177,0.7391324450987362,1.0944614,0.001438422
4178,0.8751371856275563,0.75219494,0.00051243784
4179,0.8587655688158857,0.54381746,0.008252947
4180,0.731976357437144,0.9232717,0.005430043
4181,0.8667182054428093,0.7811482,0.0030116963
4182,0.9927459852963696,0.12797646,0.08451629
4183,0.5807790666860213,1.0541065,0.0012945798
4184,0.8510689205363428,0.78717077,0.00011687179
4185,0.8285717701758596,1.0456581,0.0018609585
4186,0.8790512797951313,0.43336082,0.008199005
4187,0.9743989263398686,0.3052585,0.0049895267
4188,0.768101588348189,1.0094678,0.0012046784
4189,0.7882020875471816,0.91840893,0.0010608362
4190,0.9712130831230236,0.36535138,0.00043152663
4191,0.7919028974455656,0.63911456,0.0011327574
4192,0.840375324781153,0.59165764,0.0078124297
4193,0.8490929007728764,0.8869341,0.00045849703
4194,0.5523791973318045,1.1327614,0.00089002366
4195,0.7729494105195073,1.1111233,0.00326342
4196,0.7574977130263603,0.6591805,0.0028229032
4197,0.8227226312165514,0.8980453,0.0004944576
4198,0.8026160204157567,0.9825846,0.0040185917
4199,0.9697854225399428,0.55522865,0.0003506154
4200,0.8912744988458045,0.39380854,0.00846871
4201,0.8589693641291076,0.77095515,0.0023823865
4202,0.6844972523044464,1.0241519,0.0002876844
4203,0.9272062973138376,0.60838467,0.0023823865
4204,0.9192031855427228,0.55593467,0.00653583
4205,0.8758497923119766,0.8568036,0.00015283235
4206,0.9732434658080146,1.0321878,0.001240639
4207,0.684285182003282,1.169706,0.00012586193
4208,0.9773766169814794,0.42407468,0.01043755
4209,0.8217073850494832,1.1233118,0.00039556605
4210,0.8084982490430943,0.6579923,0.0036769663
4211,0.9995339215618996,0.066317916,0.002229554
4212,0.8169125516114574,1.1228077,0.00326342
4213,0.7386025659295614,1.1808957,0.0014114516
4214,0.5135671652736884,1.2885947,0.00089002366
4215,0.8457058812610538,0.77266175,0.0009259842
4216,0.7714478722115783,0.82754886,0.0045939605
4217,0.8055990699447547,0.53851736,0.01758471
4218,0.7266248636248183,0.9060644,0.00093497435
4219,0.9845789861764866,0.38714433,0.0075876764
4220,0.9177068769298974,0.43378943,0.0063560274
4221,0.941701563051112,0.6508773,0.008936197
4222,0.8513503487836156,1.0731485,0.0056008557
4223,0.7488428518383772,1.1019678,0.0007911321
4224,0.995136453598156,0.22989488,0.017458847
4225,0.8715224772823289,0.3675528,0.011462426
4226,0.9228988806027898,0.7971317,0.0014923629
4227,0.7519635301716673,1.0973499,0.0023104653
4228,0.9840387711273272,0.97086596,0.005537925
4229,0.607990015406302,1.124449,0.0011417475
4230,0.8675515220349079,0.9621855,0.0019059093
4231,0.9520798567390576,0.7144673,0.0005933491
4232,0.997019971701218,0.19247286,0.09075544
4233,0.7670777207060915,0.73813933,0.0017261065
4234,0.8305934249467303,0.77066404,0.0043512266
4235,0.9620248954619954,0.7197222,0.00013485207
4236,0.8983530480242344,0.8238526,0.00096194475
4237,0.8228102617184179,0.8979996,0.0027869428
4238,0.7112239558909581,1.0513757,0.0023014753
4239,0.6142297629253566,1.1070201,0.0005753688
4240,0.9999989637920024,0.08123775,0.0049086153
4241,0.8539802712412004,0.95195097,0.0002876844
4242,0.9258476869455028,0.6950437,0.00013485207
4243,0.94610049185965,0.44450384,0.0027779527
4244,0.9134717622978052,0.8596812,0.0005394083
4245,0.7673345001333449,0.70643944,0.0015912544
4246,0.8468915312477012,1.2284203,0.0011327574
4247,0.7975768168257638,0.969279,0.004495069
4248,0.9273149076625506,0.3060126,0.018681506
4249,0.7922692726117713,1.0708272,0.00045849703
4250,0.9978477068632248,0.5137617,0.009709349
4251,0.8844599437305906,0.6707438,0.0013485206
4252,0.7466624264934076,1.0525601,0.000979925
4253,0.9394859325790798,0.6825672,0.0019418697
4254,0.9125602225644134,1.0613484,0.0012496292
4255,0.8027086959018835,0.9157619,0.0003775858
4256,0.646939506254155,1.1006224,0.00016182248
4257,0.9999975039131436,0.058147624,0.009430654
4258,0.8175685721146879,0.8492483,0.0010338658
4259,0.6557522125438779,0.816156,0.0025801696
4260,0.8268501872109316,0.6623129,0.0053131715
4261,0.9852689453738877,0.25698847,0.01499555
4262,0.9157917713807592,0.92684954,0.00081810256
4263,0.7800457782872122,0.9060645,0.00029667455
4264,0.5397790823969241,1.2239045,0.00046748717
4265,0.9256991240993158,0.89808995,0.0008001223
4266,0.6353239584557456,0.78904396,0.0046568913
4267,0.7122131233532236,0.9982998,0.0012765996
4268,0.8905484813393902,0.7229522,0.0006472899
4269,0.77494393984099,0.7813647,0.0078124297
4270,0.773683861330466,0.8199444,0.0031555383
4271,0.8776232698088839,1.1119235,0.0004495069
4272,0.9991617633687248,0.05583326,0.040051065
4273,0.9293351289048828,0.63838685,0.0033982722
4274,0.9999994269870182,0.06979047,0.004629921
4275,0.831583778194589,0.94365925,0.00023374359
4276,0.9999568526331466,0.054248586,0.004189404
4277,0.7231521264399219,1.0588433,6.2930965e-05
4278,0.9544232709462208,0.84172535,0.004764773
4279,0.9549886030150936,0.45486647,0.0046658814
4280,0.8401227546116916,0.6972534,0.008055164
4281,0.7174902644032104,1.0550182,0.00021576331
4282,0.8470542840906675,1.3706397,8.9901376e-05
4283,0.7552088164869346,0.9247392,0.0040096017
4284,0.7714478722115783,0.87532985,0.003200489
4285,0.7665960469886203,1.0144799,0.0025262288
4286,0.7437144182049371,0.9496812,0.0010788166
4287,0.8091346485808226,1.1644695,0.0016362051
4288,0.9218998074429414,0.39056674,0.016703676
4289,0.9051641426461886,0.3846943,0.018654536
4290,0.7946791935141615,1.0065336,0.0016811558
4291,0.5912213913854404,0.8855799,0.00039556605
4292,0.9999809336015324,0.067188166,0.0
4293,0.9141743883041776,0.5189095,0.0006742603
4294,0.9736108655455236,0.73870504,0.0004495069
4295,0.8320040977881127,0.63679427,0.0025621892
4296,0.9292121125949396,0.37014276,0.009089029
4297,0.8422905978187795,0.95233524,0.0039466703
4298,0.9557827730344592,0.4588593,0.0060863234
4299,0.9999996382192524,0.07026036,0.009547526
4300,0.7748667306391794,1.0180519,0.00058435893
4301,0.8825920908671443,0.76830125,0.0019418697
4302,0.9999996949805938,0.07069009,0.009511566
4303,0.9923838295494756,0.88508296,0.0006023392
4304,0.8170479823482096,0.7219612,0.0008270927
4305,0.6249291628308429,1.0396329,0.0015283234
4306,0.7777123722402345,0.66505194,0.013629049
4307,0.8731030459194659,0.58851725,0.0025172385
4308,0.922216960339233,0.6037199,0.004495069
4309,0.8344320454571453,1.0817198,8.091124e-05
4310,0.8793790840552365,0.7512568,0.00587056
4311,0.8963070634924932,0.77777,0.0055738855
4312,0.8675740770675134,0.4100978,0.008936197
4313,0.8819388833556446,0.6050051,0.008324868
4314,0.7519586350365067,0.9245836,0.0016541854
4315,0.935979749130284,0.97613555,0.0013125602
4316,0.8140335298226132,0.95348704,0.0009979053
4317,0.7146043237670967,0.92928845,0.004252335
4318,0.952958798619692,0.42829013,0.0110578695
4319,0.914426662470394,0.81096995,0.0006832505
4320,0.8858992687274729,0.7940278,0.0010158856
4321,0.9238999104061416,0.5522011,0.0032724102
4322,0.9941664425931,0.21017118,0.056601908
4323,0.8692355542291061,1.148427,0.0013934714
4324,0.9999999011703836,0.07937086,0.004737803
4325,0.9235017030885846,0.8019428,0.0010068954
4326,0.9019335489539986,0.5455177,0.00013485207
4327,0.9999987215494696,0.06410771,0.009367724
4328,0.9987751033260496,0.23138246,0.0024363273
4329,0.999998109910084,0.082183376,0.006787554
4330,0.976934541503872,0.5905735,0.0067515937
4331,0.9999986043487868,0.118662395,0.00524125
4332,0.7769628751554738,0.4079158,0.0019238895
4333,0.7298468340708779,0.9088005,0.0071291793
4334,0.8224177216171231,1.0940824,0.00044051674
4335,0.900791258590119,0.7951021,0.0005753688
4336,0.6737810934055727,0.9792948,0.0007551716
4337,0.8043697602593803,1.0682232,0.0011417475
4338,0.9964474619515244,0.6735159,0.0007641617
4339,0.6821489025936638,1.049077,0.0017350966
4340,0.7476134683550282,1.1721517,0.0029128047
4341,0.9999284012755956,0.08187452,0.055118535
4342,0.8535277633490472,0.869897,0.004944576
4343,0.9395980898009,0.80353713,0.0024003668
4344,0.8586478478054876,0.86920273,0.0034342327
4345,0.7783846118364408,1.0671673,0.0008001223
4346,0.6653676041686944,1.0424734,0.0008360828
4347,0.7889319832577948,0.94785976,0.00081810256
4348,0.7875704472273143,1.0376385,0.0016541854
4349,0.9999995602982614,0.07061224,0.009502576
4350,0.8698193134345131,0.92376995,0.00029667455
4351,0.6916747484117334,1.1251688,0.00038657594
4352,0.5946107452974936,0.9691087,0.0005483984
4353,0.9684710275415324,0.30228597,0.002355416
4354,0.6013937141516842,1.1619246,0.0013125602
4355,0.923851726683564,0.73451716,0.0018429783
4356,0.9637174262636824,0.63197887,0.0012046784
4357,0.9285526761161332,0.77643925,0.0001438422
4358,0.8940173518657197,0.845349,5.394083e-05
4359,0.8306360940062698,0.8368517,0.0006293096
4360,0.8616499219290615,0.83515215,0.0005933491
4361,0.952958798619692,0.6052364,0.01107585
4362,0.8090600858455,0.97452754,6.2930965e-05
4363,0.9418902390019837,0.9227592,0.0011237672
4364,0.842907837566865,0.876629,0.00095295464
4365,0.861464770614119,1.0960737,0.0022025837
4366,0.9070904776124922,0.8717402,0.0030746271
4367,0.9118503693202102,0.9424286,0.0014564024
4368,0.9651905962480472,0.5026593,0.00093497435
4369,0.983343352321231,0.43784544,0.0001438422
4370,0.80111623869884,0.80142015,0.0007012308
4371,0.763795227479461,0.522005,0.006239156
4372,0.9374139660068612,0.92238027,0.00047647732
4373,0.9822865099543452,0.33675587,0.027024355
4374,0.9123143464263356,0.8272697,0.0015732741
4375,0.8744910698609761,0.9142749,0.003065637
4376,0.9970808481123212,0.59416884,0.0001887929
4377,0.9585351736747612,0.4617555,0.0066886623
4378,0.9143604780389376,0.8271958,0.0019868205
4379,0.893536878260287,0.79779434,0.002346426
4380,0.6435421378645021,1.0803418,0.0063110767
4381,0.8695565515925224,0.90672266,0.0032184694
4382,0.9338428813415528,0.39660785,0.011489396
4383,0.8546992220073844,0.8165465,0.00391071
4384,0.7872737814112972,0.9480059,0.0033443312
4385,0.8518816630122413,1.000272,0.0010967968
4386,0.6641750836069659,1.2557548,0.0022385444
4387,0.7281507251634219,1.3413981,0.0001438422
4388,0.8764859971894893,0.8949408,0.0016991361
4389,0.7472676902161763,1.1205692,0.0024183472
4390,0.8224973051796943,0.68930835,0.0023194556
4391,0.8625900449363786,0.9235233,0.0016631755
4392,0.869148697147186,0.7076355,0.0048726546
4393,0.9320791894796832,0.49366572,0.0024183472
4394,0.8302395531995178,0.6982288,0.00087204337
4395,0.7296137214524756,1.2031943,0.0005483984
4396,0.9658287550402542,0.53671384,0.008972158
4397,0.9287194290770262,1.0166427,0.001438422
4398,0.8960119858154897,0.9361566,0.000260714
4399,0.8219668935919164,0.7507815,0.003524134
4400,0.806823931903996,0.8016266,0.00016182248
4401,0.7017997156889673,1.0337679,0.001177708
4402,0.7631392090397163,1.2691255,0.00034162524
4403,0.6976238519454168,1.1019785,0.0003596055
4404,0.7080929082760654,1.1349423,0.001105787
4405,0.8546688853909961,0.91182184,0.00044051674
4406,0.7354800545474665,1.0184817,8.091124e-05
4407,0.8759941935357881,0.5114095,0.0112286825
4408,0.688755874845485,1.1026791,0.00048546743
4409,0.9497382157504854,0.68357074,0.0004045562
4410,0.759339279959246,0.8636524,0.0020317712
4411,0.8252762716113579,0.70738214,0.002022781
4412,0.7971373098265226,0.884198,0.00010788166
4413,0.8417544312630671,0.6019568,0.0055738855
4414,0.884125156663363,0.9784506,0.0035331242
4415,0.8609961376609478,0.846696,0.0018070177
4416,0.9999953431553884,0.08000562,0.0046029505
4417,0.6332575073310318,0.9861166,0.0012226588
4418,0.7888853848786076,0.71986425,0.0016991361
4419,0.720893602854862,1.094595,0.0015463037
4420,0.9735858556195244,0.70033574,0.0008360828
4421,0.9747474500685732,0.48628762,0.0055199447
4422,0.9996992234926356,0.05237787,0.0046658814
4423,0.8663491639118766,0.8670541,0.004899625
4424,0.8633393855364984,0.57397157,0.0013215502
4425,0.8728316484378962,0.96365875,0.00047647732
4426,0.8418851579726894,1.0408051,0.0006832505
4427,0.9999992041519076,0.062754996,0.009448634
4428,0.7766088515995704,0.80699736,0.0030116963
4429,0.789638640436373,0.7877769,8.091124e-05
4430,0.8617292688417904,0.6366118,0.001366501
4431,0.9404621758935572,0.57536596,0.0045220396
4432,0.8816980066562778,0.5616042,0.004710832
4433,0.8591442177915555,0.8021994,0.0015283234
4434,0.8199924312488789,0.8887352,0.0053581223
4435,0.8443662780493885,0.6141179,0.0051873093
4436,0.9106169111339056,0.7460353,0.006904426
4437,0.9061500962925156,0.77882266,0.00044051674
4438,0.9533119061232324,0.32185975,0.015948504
4439,0.8844781005281624,1.1195391,0.0016721656
4440,0.7899132424484768,1.142164,0.0001438422
4441,0.7712272800599362,0.7635783,0.0049265954
4442,0.855502397011128,0.6291373,0.005142359
4443,0.9003908735778346,0.8340022,0.0064099682
4444,0.6707667799979171,0.8422907,0.003461203
4445,0.9575684362627456,0.339026,0.015130402
4446,0.7974271557211676,0.4867285,0.0033533215
4447,0.8656199288649196,0.78451604,0.00325443
4448,0.996082382446968,0.522601,0.002211574
4449,0.9126241209176682,0.44576234,0.0018339881
4450,0.8288040223133462,0.87807226,0.0007641617
4451,0.8027086959018835,0.8808308,0.0022475345
4452,0.8027096726753855,0.91011584,0.0007012308
4453,0.9922059436039496,0.58759755,0.002876844
4454,0.9029677905567658,0.69606185,0.0005753688
4455,0.796447998829756,0.67320895,0.0045939605
4456,0.897965152364052,0.9772993,0.00042253648
4457,0.9359646741330172,0.9132001,0.0011507376
4458,0.7226729291890601,1.1559615,0.0025262288
4459,0.7450429609314629,1.0317515,0.004261325
4460,0.8083054922853253,0.9401719,0.0041174833
4461,0.7648837120370179,0.77430314,0.004297286
4462,0.808500006325618,0.8161623,0.0058975304
4463,0.8648713221239888,0.6868309,0.009439644
4464,0.9633368980649092,0.88145375,0.0028229032
4465,0.865850454639876,0.8188287,0.00017081262
4466,0.7819254696327856,0.7956725,0.00011687179
4467,0.9067294826161976,0.7274195,0.00020677317
4468,0.8175233977568479,0.5475029,0.00845073
4469,0.8935842736940065,0.52087265,0.01047351
4470,0.8175685721146879,0.8752908,0.0027689624
4471,0.8820992347908043,0.58735216,0.0027240117
4472,0.7767705619222829,0.75719583,0.0024003668
4473,0.8881466452086746,0.6397793,0.0019059093
4474,0.8932513064801455,0.88838536,0.0050524576
4475,0.8138184734742586,0.6460351,0.00089002366
4476,0.8887114562945643,0.77827436,0.0025172385
4477,0.8015449034689937,0.8797218,0.0006293096
4478,0.8220474553487354,0.7909902,0.0006382998
4479,0.8814269127341865,0.6228836,0.0008001223
4480,0.8019880538806892,0.6179343,0.00044051674
4481,0.7981972324508616,0.66616064,0.0003596055
4482,0.711298234650069,0.971454,0.00058435893
4483,0.9999848592865684,0.058549173,0.004495069
4484,0.8763977925284114,0.83750314,0.006454919
4485,0.8907010495379387,0.8280641,0.0002876844
4486,0.8606904282988086,0.76936436,0.0024093569
4487,0.8594421022527732,0.81473213,0.004423148
4488,0.8855111326243714,0.47871932,0.005537925
4489,0.9639834634725712,0.9582795,0.001366501
4490,0.89077605542175,0.7103844,0.00042253648
4491,0.8415986982473328,0.4780509,0.0049265954
4492,0.8257570866621553,1.0108385,0.0035600946
4493,0.9100053928447942,0.5949293,0.001240639
4494,0.857486897342899,1.1081293,0.0007102209
4495,0.8239994925318184,0.647229,0.009529546
4496,0.8873760425438969,1.0284761,0.0010338658
4497,0.9477620524376308,1.0680709,0.00021576331
4498,0.9999979405774038,0.059443846,0.009475606
4499,0.9231932092090824,0.9355082,0.008019203
4500,0.820301555595299,0.9836757,0.00047647732
4501,0.9999992870979376,0.06169244,0.009493586
4502,0.912636550268792,0.40607625,0.0091070095
4503,0.9003208945775847,0.6250976,0.00024273372
4504,0.9770627780204528,0.3954495,0.017036311
4505,0.6885582079293421,1.57692,0.00019778303
4506,0.9913838095723148,0.6044119,0.0019868205
4507,0.9970601668169726,0.16937947,0.07861876
4508,0.9590962737659114,0.42498678,0.0012136686
4509,0.7045505841813712,1.0811775,0.0014204418
4510,0.9523293300713728,0.39000353,0.011606268
4511,0.6969445223042969,0.9485051,0.000260714
4512,0.7559609184244669,0.8047652,0.0032274595
4513,0.8218336444395931,0.97389185,0.0043602167
4514,0.9963636626362404,0.41860452,0.00032364496
4515,0.8273751711496761,0.8097068,0.0068864455
4516,0.8804981009084876,0.7803894,0.0015193333
4517,0.7731334045658691,0.97521406,0.0035690847
4518,0.968705216004372,0.548336,0.003973641
4519,0.9979295201918276,0.48115888,0.00026970415
4520,0.8162911413219738,0.86317056,0.0013575108
4521,0.7634476490473647,0.97739995,0.0018519684
4522,0.7230744693031843,0.9391886,0.0012136686
4523,0.7681557849145236,1.026392,0.0028948244
4524,0.8756847858985465,0.65373194,0.001240639
4525,0.9420434591295788,0.5244388,0.0028858343
4526,0.6044767408471702,1.0702673,5.394083e-05
4527,0.6723355958605235,0.95558816,0.00091699406
4528,0.6739902280654287,0.9504903,5.394083e-05
4529,0.909987689960684,0.90060914,0.003649996
4530,0.954412909189338,0.7425816,0.0008990138
4531,0.6972695881366093,1.0482795,0.0012945798
4532,0.7380644195407989,0.98376274,0.00012586193
4533,0.6715571613382613,1.162395,0.0005034477
4534,0.8640531221804273,0.48469153,0.0065628006
4535,0.8567358374911398,0.6932532,0.0014204418
4536,0.9545225005543946,0.38439164,0.0029128047
4537,0.8988724959425016,0.70275563,0.0073988833
4538,0.8189722231352571,0.93738145,0.0023194556
4539,0.9488519056802308,0.7008559,0.0040725325
4540,0.7551406018104256,1.188127,0.0019778304
4541,0.8438585806794163,0.7367663,0.0032094792
4542,0.984638055677045,0.21803226,0.06441434
4543,0.8122263131090584,1.020093,0.0013934714
4544,0.8342508965016505,0.4339606,0.0029217948
4545,0.9999954270529008,0.06018865,5.394083e-05
4546,0.878397123090901,1.013918,0.0008990138
4547,0.9999742915280312,0.06410751,0.0023284457
4548,0.9456771311520756,0.8338709,0.00010788166
4549,0.922317203485295,0.80801314,0.00036859565
4550,0.5770069575784291,1.1936475,0.0007911321
4551,0.8809317270156173,0.6261969,0.00325443
4552,0.983910094824272,0.869454,0.0001438422
4553,0.8719930959735398,1.1172717,0.0017350966
4554,0.895643050062569,0.7576435,0.0026880512
4555,0.9108694147410754,0.78929913,0.002490268
4556,0.9354220921781377,0.7769103,0.00074618147
4557,0.775550533436773,0.8442692,0.0021126824
4558,0.8660002792104837,0.63812864,0.0035331242
4559,0.8658536053784687,0.6304894,0.002346426
4560,0.78511684545918,0.43450585,0.008972158
4561,0.6807390342917944,1.125628,0.0005483984
4562,0.9078525979488616,0.69906855,0.00081810256
4563,0.7203813552299111,1.1307395,0.0058795502
4564,0.7901853286175109,0.95634043,0.00095295464
4565,0.7228750334922156,1.1975268,0.0008990138
4566,0.842143907552987,0.93823254,0.0007012308
4567,0.8852171505014715,1.0275781,0.0026700709
4568,0.6740138428089282,1.2138387,6.2930965e-05
4569,0.8261629828942604,0.8915118,0.0003506154
4570,0.7834633938477515,0.7034516,0.0034971635
4571,0.9067181054656084,0.8412111,0.00093497435
4572,0.7062328465653864,1.176113,0.0022025837
4573,0.8436004201340619,0.5845017,0.00023374359
4574,0.9458109406336708,0.32712615,0.0202368
4575,0.8440599439452212,0.60281897,0.0033982722
4576,0.9049753184195248,1.1232008,0.00010788166
4577,0.7118553772046734,0.8904262,0.0010698264
4578,0.8535835933918612,0.8657891,0.0065717907
4579,0.999989465940778,0.055460613,0.009071049
4580,0.6944856899501896,0.97288835,0.0010608362
4581,0.7151421498716776,0.8212801,0.0040096017
4582,0.943376555120694,0.793076,0.00093497435
4583,0.8375259534654862,0.8380347,0.0022475345
4584,0.9421133917325524,0.6583519,0.0054480233
4585,0.9999998658496692,0.0790021,0.004737803
4586,0.7845510774808413,0.6630525,0.006976347
4587,0.7472676902161763,1.1954495,0.0012855898
4588,0.9438795304833892,0.9548612,8.9901376e-05
4589,0.837652280436124,0.96639997,0.0003146548
4590,0.81941482785088,0.9587645,0.0007012308
4591,0.7963060552639485,0.47790164,0.0061672344
4592,0.6916816011008204,1.1118901,2.6970414e-05
4593,0.9122435287266276,0.31509185,0.001429432
4594,0.9798812523711418,1.0472081,6.2930965e-05
4595,0.9850079415689308,0.48726112,0.016784588
4596,0.9999986470963412,0.06545471,0.009403684
4597,0.8144072184851989,0.6267601,0.008621542
4598,0.9102527317639628,0.63800997,0.0006922406
4599,0.838940039388682,1.0443394,0.0005753688
4600,0.9267471375917544,0.7765995,0.0020677317
4601,0.712849574787565,0.96686107,5.394083e-05
4602,0.995613574134828,0.29496822,0.031096887
4603,0.8482359876671203,0.496835,0.0064279484
4604,0.8617367321539219,0.43299365,0.013763901
4605,0.8757067055143919,0.7868549,0.00097093487
4606,0.7239966086737315,0.819948,0.00716514
4607,0.9999965598516952,0.076408155,0.004962556
4608,0.9361825605163024,0.60430354,0.002544209
4609,0.9157794592497784,0.62891173,0.0038837395
4610,0.7099948582584463,1.1876824,0.00023374359
4611,0.9882118550506946,0.2311574,0.017171163
4612,0.9994462171212438,0.059520785,0.005295191
4613,0.8123121980714609,1.1112351,0.0
4614,0.7635370533948751,1.0654246,0.00012586193
4615,0.8236149711823761,0.48122248,0.0025352188
4616,0.8870721967566375,0.6495491,0.006670682
4617,0.9999156019880626,0.5764695,0.00019778303
4618,0.7975873479829322,0.8686924,0.005807629
4619,0.8380380858277637,0.6701278,0.002741992
4620,0.7231680872388679,0.9275282,0.0012945798
4621,0.8383530680061226,0.6898499,0.0055738855
4622,0.7294965880196904,1.1555799,0.0006832505
4623,0.9999143201501952,0.05463967,0.0063200668
4624,0.8584178693908301,0.46544206,0.008819325
4625,0.8144560838264402,0.40107647,0.012343459
4626,0.7678263945941862,1.1412557,0.003973641
4627,0.9998702896563448,0.09358139,0.0021576332
4628,0.905277723078416,0.7999802,0.0038028283
4629,0.8352507402035162,0.455182,0.005466004
4630,0.9119482716175707,0.62151176,0.015463037
4631,0.7580884419057216,0.95947295,0.00045849703
4632,0.9155045544986038,0.7222989,0.0033982722
4633,0.7983663725277903,1.0137852,0.00016182248
4634,0.9718832661938036,0.22805087,0.026026448
4635,0.8508875931465966,0.9430762,0.0010698264
4636,0.6833706876459652,0.7883882,0.0007102209
4637,0.6468899146346675,1.3500304,0.00045849703
4638,0.8575176643399365,0.68256676,0.0048726546
4639,0.829419071435973,0.78530645,0.0003596055
4640,0.9999992938413472,0.08820467,0.0051153884
4641,0.8863896317608431,1.1281842,0.0037578775
4642,0.7751125739168521,0.9362178,0.0023733964
4643,0.8374570148532672,0.59477615,0.003856769
4644,0.782851272525263,0.76554245,0.002211574
4645,0.7181208122393342,1.2134607,0.0011687179
4646,0.783647770848553,1.018782,0.0015373136
4647,0.8178004250936391,0.77613646,0.0038208086
4648,0.7504847320987565,0.71207637,0.0075607058
4649,0.7826108394626298,1.4163572,0.0002876844
4650,0.9238656900043294,0.5679321,0.0013485206
4651,0.8052195284575345,0.5218042,0.008531641
4652,0.7505313283274846,1.0868286,0.0012765996
4653,0.7609224306067833,0.9239388,0.0010518461
4654,0.8544443480774983,0.6644906,0.0029217948
4655,0.8695211107983738,1.041732,0.0043871873
4656,0.637840734882189,1.0425187,0.0005753688
4657,0.9950312689053048,0.4831802,0.0025262288
4658,0.8827332917843971,0.6697232,0.0019868205
4659,0.9014101581241069,0.6050187,3.596055e-05
4660,0.6479366146616309,1.036654,0.0006293096
4661,0.8747991311353955,0.91950566,0.0024543076
4662,0.9554426262254808,0.6810148,0.0006203195
4663,0.7066534633310643,0.8894915,0.0024453176
4664,0.8061266665951018,1.1300441,4.4950688e-05
4665,0.7179645962339612,0.8756095,0.009592477
4666,0.8151178707735766,1.0043426,0.0013215502
4667,0.9307483052443208,0.7861482,0.001177708
4668,0.7507601790304507,1.0129796,7.19211e-05
4669,0.7822166250140058,0.70393217,2.6970414e-05
4670,0.9999982779052105,0.06841287,4.4950688e-05
4671,0.8068413352006716,1.2194815,0.006221175
4672,0.8398912112030646,0.7358248,0.0008810335
4673,0.9999952568655353,0.07417795,0.0049985168
4674,0.8357163684480435,0.76824325,0.016424982
4675,0.8037546969241057,0.6960994,0.0026970413
4676,0.8364025131606212,0.81388986,0.005403073
4677,0.818243622576137,0.6202004,0.00041354634
4678,0.99999936931613,0.10038923,0.009187921
4679,0.8896343192391862,0.51457787,0.006472899
4680,0.9051724271712456,0.5343311,0.0044680983
4681,0.994510002634403,0.23035476,0.016487913
4682,0.8362610448124999,1.096966,0.00089002366
4683,0.7687490401141813,0.69028556,0.0028408836
4684,0.936529119286426,0.78861994,0.0047917436
4685,0.8636228914126748,0.6937454,0.0015283234
4686,0.8823682179201172,0.9040799,0.00011687179
4687,0.9999996190757162,0.075176395,0.009457625
4688,0.8532246444068371,0.6653614,0.0027869428
4689,0.7007789408871574,1.0830705,0.0005394083
4690,0.7885484892082212,0.6143932,0.0055738855
4691,0.7467137937319482,0.58410513,0.012163657
4692,0.7749171929559877,0.7920193,0.00522327
4693,0.906646994551368,0.8597217,0.006382998
4694,0.9962137679039484,0.5551493,0.005996422
4695,0.838972040126583,1.087951,0.00716514
4696,0.978809251149896,0.28327507,0.020695297
4697,0.8416170762475103,0.6967676,0.00522327
4698,0.9309476223072264,0.6220874,0.000521428
4699,0.9999996138492696,0.0726034,0.009511566
4700,0.6878065519809562,1.0044086,0.0010698264
4701,0.6877174676861083,1.1004958,0.0003056647
4702,0.7294080997943979,1.097098,0.0032814003
4703,0.9067019529364748,0.7006519,8.9901376e-05
4704,0.8199148877697329,0.9463897,0.0014564024
4705,0.8813103379197957,0.34847292,0.010032994
4706,0.999997900072113,0.08336749,0.0049265954
4707,0.9761399826440252,0.7225284,8.091124e-05
4708,0.7042780630929066,0.89610964,0.0021036922
4709,0.9544986433566764,0.6914,0.00016182248
4710,0.8533339257951114,0.6768559,0.0050524576
4711,0.7824710428060759,0.8970428,0.0004045562
4712,0.7547129421875513,1.1644038,3.596055e-05
4713,0.923833950764398,0.6946785,0.0058525796
4714,0.8809605329819563,0.5130122,0.00848669
4715,0.7331266036249546,0.81498355,0.0036679762
4716,0.9423469666862544,1.0320415,0.0017350966
4717,0.9920745579842286,0.66413385,0.00013485207
4718,0.9988363149909923,0.7836568,0.00022475344
4719,0.8731027440947337,0.9611363,0.0006832505
4720,0.9952767500783544,0.42468137,0.0019778304
4721,0.8288203653250277,0.8455338,0.00020677317
4722,0.726458276475862,0.8891533,0.002481278
4723,0.7167154469329521,0.95332736,0.005537925
4724,0.8426005189395518,0.8371771,0.0022385444
4725,0.8448879163213131,0.25020045,0.009880162
4726,0.7701885508790345,0.9162042,0.0005753688
4727,0.9304333019154344,0.63284403,0.0060503627
4728,0.9560068761736265,0.68060076,0.0028858343
4729,0.8628160490469047,0.9578001,0.00097093487
4730,0.582166980916019,1.0405823,0.0003506154
4731,0.8104709587303549,0.5507461,0.011381514
4732,0.7745053340359044,1.240787,1.7980276e-05
4733,0.7369537676523845,0.83509934,8.091124e-05
4734,0.9840821974253848,0.20321217,0.014168457
4735,0.7028621858971028,0.9057954,0.002490268
4736,0.7912544599401383,0.86083007,0.0033533215
4737,0.8199903182231808,1.1701739,0.0009979053
4738,0.9512791882725878,0.7679038,2.6970414e-05
4739,0.6560517669119923,0.9933262,0.0009889152
4740,0.815684875281604,0.9984127,0.001366501
4741,0.8643372949826549,0.9281009,0.0031735187
4742,0.6625196479341734,0.95612055,0.0013395306
4743,0.9616493679555996,0.19421774,0.0463981
4744,0.8342226781967765,0.6855932,0.004045562
4745,0.8057907408554119,0.7157414,0.0038657594
4746,0.9952767500783544,0.46779904,0.0017980275
4747,0.6303478944389271,0.92633605,0.0005663787
4748,0.9542475987757258,0.15662071,0.006769574
4749,0.8601529005211492,0.5924562,0.00977228
4750,0.9569210124433016,0.33620885,0.009943092
4751,0.9875034270022404,0.8529089,4.4950688e-05
4752,0.8407318351144344,0.6434782,0.004746793
4753,0.6004678698761292,1.3671973,0.00015283235
4754,0.7757294722752761,0.817802,0.0028948244
4755,0.8260990147715209,0.60626185,0.0056278263
4756,0.7070132725525154,1.15921,0.00195985
4757,0.9462840132783784,0.37708148,0.0221517
4758,0.994510002634403,0.24704643,0.018681506
4759,0.9771777550182718,0.20272608,0.07084229
4760,0.8678175490324356,0.7727228,0.0
4761,0.7198551919658048,1.0173551,0.0027599724
4762,0.9554811816854618,0.7083915,0.0038028283
4763,0.810678723470856,1.0926402,9.889151e-05
4764,0.6451007748160664,0.97368985,0.0005753688
4765,0.7811456637555585,0.8414219,0.003838789
4766,0.9295431595022774,0.62074864,0.0028858343
4767,0.8906166560855066,0.40343964,0.007452824
4768,0.9935344487455556,0.43470952,0.009151961
4769,0.9999978852618532,0.073931724,0.0046479013
4770,0.8440924721827874,1.0576226,0.0020048008
4771,0.8219155380387081,0.5016636,0.00784839
4772,0.8397217829543918,0.85500914,0.0029847259
4773,0.8765467420766748,0.9142735,0.00017081262
4774,0.8689460793453033,0.777697,0.0013844812
4775,0.9803547145841311,0.41150132,0.0032903904
4776,0.9964915050723048,0.5620832,0.0046658814
4777,0.9172600986506084,0.8174589,0.0006562801
4778,0.7602033193472983,0.7781642,0.006275116
4779,0.8910617360564687,0.8608287,0.0005304181
4780,0.6857728200376048,1.1429845,0.0017350966
4781,0.9443053306036628,0.8294384,0.0020048008
4782,0.8033745442881014,0.7894549,0.00017081262
4783,0.9905490688665376,0.27668586,0.009412674
4784,0.7353530989455676,0.9731763,0.0033533215
4785,0.975220212487702,0.6493023,0.00023374359
4786,0.9803756874504228,0.75020087,0.0006023392
4787,0.9999282834617388,0.046043318,0.009062059
4788,0.8357124993578162,0.78635424,0.00022475344
4789,0.9841179054318572,0.4800162,0.00017081262
4790,0.8966737727937014,0.61207753,0.0009259842
4791,0.9661695096127968,1.0654618,0.0010698264
4792,0.913493915776677,0.43340382,0.015166363
4793,0.9283495071542828,0.8683692,8.990138e-06
4794,0.744528006103143,1.2754036,0.001042856
4795,0.9549060355157616,0.57569814,0.0013215502
4796,0.9677123632055596,0.7461334,0.0007012308
4797,0.6515901462781597,1.430074,0.0004495069
4798,0.7037257333303125,1.1166261,0.0003326351
4799,0.8711223426012222,0.7196585,0.0043422366
4800,0.9999320556190148,0.05147287,0.054318413
4801,0.7732947166140605,1.0429146,0.0019958105
4802,0.9303969184487036,0.3991153,0.011318584
4803,0.9022225981663224,0.7962067,0.0019868205
4804,0.8641916051638064,1.0117657,0.0019238895
4805,0.8561934999696563,0.54430354,0.010212797
4806,0.8275441163158617,0.79648584,0.0009889152
4807,0.7661858272826872,1.0114914,0.000782142
4808,0.7487574119552424,1.0128957,0.0018879289
4809,0.9525029183703356,0.20622592,0.011111811
4810,0.9109150374762118,0.3144389,0.003452213
4811,0.8569607247717773,0.35876104,0.007371913
4812,0.9899241007372652,0.6139161,0.0019238895
4813,0.9821014969843792,1.0652941,0.0005753688
4814,0.8847674971408229,0.60465735,0.0041534435
4815,0.931101004494285,0.6043039,0.00091699406
4816,0.7768524458752709,1.0719883,0.0003146548
4817,0.955077624060541,0.69557863,0.00042253648
4818,0.9999983973931263,0.061869808,0.009457625
4819,0.987454444118391,0.74269044,0.0006113294
4820,0.9999995072288224,0.07112061,0.009475606
4821,0.8462185151259111,0.9000004,0.0004045562
4822,0.74416271795496,0.904712,0.0016721656
4823,0.9648192748358946,0.55626047,0.012990749
4824,0.9443314178334176,0.65275156,0.0014204418
4825,0.7432661000835773,1.0094727,0.0018609585
4826,0.999854030513998,0.05896919,0.006203195
4827,0.8286935462908864,0.61496896,0.002355416
4828,0.7875300894707399,0.7538728,0.00039556605
4829,0.7971702936035439,0.73780376,0.0010068954
4830,0.6872783432229601,1.0350474,0.00029667455
4831,0.8520075205685524,0.54435927,0.0030116963
4832,0.8488809961022334,0.68260247,0.003335341
4833,0.9095870142470964,0.6983208,0.00048546743
4834,0.9900820182143426,0.31386146,0.013593089
4835,0.8990234294428691,0.94374615,0.00058435893
4836,0.7694076434692599,0.84754634,0.003461203
4837,0.8504968051561577,0.846267,0.0019059093
4838,0.6475515830865822,0.9718947,0.0022745049
4839,0.6939004480562783,0.90322596,0.0014024616
4840,0.9046586365866716,0.5096973,0.013143581
4841,0.8749709203021401,0.87289923,0.00074618147
4842,0.9999994063051528,0.07774307,0.009457625
4843,0.9905707131766478,0.16640525,0.05085721
4844,0.9999693948808472,0.05443392,0.061564464
4845,0.8078602785588733,0.48489088,0.0067515937
4846,0.9233003972678888,0.6123621,0.00046748717
4847,0.7793253540937255,0.9075614,0.0058256094
4848,0.8849324961756153,0.94522774,0.00093497435
4849,0.9312121372046146,0.5718471,0.0101588555
4850,0.8115260092141936,0.86104375,0.0027599724
4851,0.9999995011722326,0.07502359,0.009484596
4852,0.8333974096190142,0.7720253,0.0024992584
4853,0.9833741903896962,0.3749003,0.0055109547
4854,0.9259769774088088,0.75243586,0.0013575108
4855,0.995131002949286,0.21018109,0.08171136
4856,0.9027342824244782,0.51828927,0.0036140354
4857,0.998286048535213,0.64204466,0.0008540631
4858,0.8227678772965263,0.43762583,0.01044654
4859,0.9942735102245632,0.31926578,0.030764252
4860,0.9966490036123046,0.30145398,0.03122275
4861,0.7523032950226204,1.1611068,0.00024273372
4862,0.910755111475675,1.0766077,0.00011687179
4863,0.8241895825647292,0.93467015,0.0026880512
4864,0.868460223499441,0.43845725,0.01563385
4865,0.9723591818010684,0.7031172,0.007677578
4866,0.6471116156388727,1.0384542,0.0012855898
4867,0.8055990699447547,0.5105805,0.013539148
4868,0.9343161032349112,0.38922933,0.0071561495
4869,0.831024069152696,0.8309553,0.0012226588
4870,0.8155053254171123,1.1494925,8.990138e-06
4871,0.8278673614822661,0.9406528,0.002211574
4872,0.925967531513026,0.41169745,0.008837306
4873,0.8756686902795263,0.73789275,0.0051963
4874,0.649611131582034,0.9670842,0.0014653924
4875,0.8621437873396545,0.5979335,0.008594572
4876,0.8391268593367238,0.82579905,0.0024273372
4877,0.8242051604579703,1.0452607,0.0031555383
4878,0.9451142221461388,0.74426365,0.00093497435
4879,0.999996646262852,0.076865174,0.009187921
4880,0.8299592040008352,0.9055926,0.0063110767
4881,0.8340039437557902,0.9733934,0.00038657594
4882,0.7122448138176957,0.5690722,0.004755783
4883,0.7662429087093534,1.2483292,0.0071201893
4884,0.774934735723297,1.1633912,0.00094396446
4885,0.9267183708661602,0.7095532,0.0047917436
4886,0.9999962938495676,0.05951606,0.009349743
4887,0.9952965416492356,0.42559224,0.0025172385
4888,0.7994927897708994,0.39824733,0.015436066
4889,0.7402581291858051,0.8093411,0.001762067
4890,0.972644824542196,0.6218536,0.007929302
4891,0.8735271501398572,1.3644103,0.00016182248
4892,0.7214449442170472,0.9971704,0.00058435893
4893,0.7203524460988007,1.1045511,0.00051243784
4894,0.9999952549344358,0.059919696,0.009385704
4895,0.8679965819233499,0.36951765,0.003452213
4896,0.7429573044124561,0.91708875,0.00027869426
4897,0.7796637565272146,1.2100347,0.0022565245
4898,0.7650259429767978,0.91795194,0.0010608362
4899,0.8399057985149773,0.68448365,0.0035151439
4900,0.9407597284460888,1.0145314,0.0010248757
4901,0.7888671940593242,1.1860907,0.0004944576
4902,0.9624162056282236,0.30315375,0.021018943
4903,0.6773897744554791,1.0377871,0.0035331242
4904,0.8771837102556698,0.67520213,0.0032184694
4905,0.9693904713641956,0.38217905,0.0023823865
4906,0.8300948680020845,0.6825472,0.00259815
4907,0.7801094900334477,0.89390135,0.00095295464
4908,0.9879510610775858,0.62578094,0.0037488875
4909,0.8595711602912701,0.9920223,0.00022475344
4910,0.9611462979161964,0.65821165,0.003119578
4911,0.8038079622154336,0.6937087,0.010302698
4912,0.8087855540689904,1.0240344,0.001762067
4913,0.9849632451761372,0.42650852,0.0019418697
4914,0.9999993943344462,0.06634165,0.009529546
4915,0.9920454765064832,0.4798738,0.0022924852
4916,0.8036814711947444,0.8590328,0.002876844
4917,0.6635250445394605,0.9976559,0.0005573885
4918,0.9999369426066504,0.05242894,0.004710832
4919,0.7218698440461996,0.9217433,0.0016541854
4920,0.7704365165847641,0.8649994,0.00013485207
4921,0.7699140014181729,0.63043135,0.0021576332
4922,0.8955407891649958,1.113638,0.00074618147
4923,0.7408441989293248,0.6745454,0.0043961774
4924,0.8916427494738024,0.49407655,0.008001222
4925,0.9120340599065592,0.9229647,0.0007641617
4926,0.9606797699404648,1.154691,4.4950688e-05
4927,0.9291884807473516,0.5022789,0.004306276
4928,0.7992642097963909,0.70062613,0.009898142
4929,0.7459169404979531,0.9745155,0.0012496292
4930,0.8481684220835904,0.6197092,0.006391988
4931,0.972644824542196,0.61994374,0.011318584
4932,0.8810526488776169,0.7717256,0.002085712
4933,0.675979434316378,1.2812495,0.00019778303
4934,0.8467911475570493,0.9244205,0.0029307848
4935,0.999991654735432,0.07289974,0.0044141575
4936,0.6920726877675796,1.0588523,2.6970414e-05
4937,0.6183276691057428,1.0749699,0.0008360828
4938,0.909987689960684,1.1052052,0.003730907
4939,0.9384182666688934,0.5438403,0.0004045562
4940,0.68260110681805,0.8322256,0.0014833728
4941,0.8345843542941949,0.83114773,0.0010788166
4942,0.7726046871046527,0.7363064,0.006059353
4943,0.7912580956203675,0.7730069,0.0040096017
4944,0.694357951824388,0.9281523,0.00261613
4945,0.7744587456363049,0.82802737,0.0023913768
4946,0.7608930787514118,1.003852,0.0013575108
4947,0.8804869080952896,0.7581289,0.0027869428
4948,0.5664646717270738,1.1175516,0.0012676094
4949,0.8320760942044181,0.63896215,0.0073629227
4950,0.7293412517778947,0.9181467,0.0011866982
4951,0.7775874816097854,0.90173507,0.0004045562
4952,0.8153815889139538,0.6103891,0.0077405088
4953,0.7466081445227775,0.64855385,0.006131274
4954,0.914902493346999,0.98162395,0.00019778303
4955,0.8939846787765776,0.9763871,0.0012046784
4956,0.999999561431346,0.11202046,0.0091070095
4957,0.9787700830859768,0.75204825,0.0006652702
4958,0.9773415138959246,0.43698636,0.008666493
4959,0.9999990570182096,0.06035937,0.009493586
4960,0.9112537111109484,0.95690805,7.19211e-05
4961,0.7620193475412869,1.4069842,0.00077315187
4962,0.9367534229272636,1.1538808,0.00036859565
4963,0.9446707226749674,0.69991094,0.000521428
4964,0.8289603604112167,0.8273042,0.004162434
4965,0.9030836819967236,0.58010304,0.007749499
4966,0.7439233928444845,1.0050375,0.0024273372
4967,0.8125738669247173,1.1539155,0.00043152663
4968,0.8855659182971791,0.6165704,0.003712927
4969,0.9999996321785204,0.06938173,0.009493586
4970,0.7559785711095293,0.96776515,0.0019868205
4971,0.9829666595190576,0.71554863,5.394083e-05
4972,0.999814265696546,0.07778458,0.0023014753
4973,0.9858927071766004,0.19167793,0.039259933
4974,0.8549212376578978,1.0662127,0.0005573885
4975,0.7970794061889471,0.9313377,0.0004045562
4976,0.9178749574036952,0.73360413,0.0077944496
4977,0.657810818546224,1.0353326,0.0006652702
4978,0.8362381891910488,0.82142764,0.0050974083
4979,0.9889382398590596,0.6817545,0.0001438422
4980,0.9410090948861132,0.62516147,0.003973641
4981,0.8448084990845364,0.5604887,0.006697653
4982,0.965465254675844,0.41854718,0.0019418697
4983,0.9026794601350095,0.788348,0.0001887929
4984,0.8341760116072889,0.47925177,0.011705159
4985,0.833748344251714,0.9175098,0.0025621892
4986,0.9999965981775644,0.06080698,0.009412674
4987,0.7197649866161109,0.8016718,0.0017800473
4988,0.8431147110979413,0.5937881,0.0030206863
4989,0.670851343414935,1.1684632,0.0007102209
4990,0.9284141594455394,0.45233145,0.007641617
4991,0.9687188521604508,0.5533752,0.0007102209
4992,0.9995849596120838,0.3448773,0.009421664
4993,0.8682912253375534,0.8615783,0.001114777
4994,0.9999997205661286,0.08481805,0.004755783
4995,0.8446081136408686,0.6795842,0.0045759804
4996,0.8389302881067184,0.5513231,0.006715633
4997,0.8470910619960373,0.60456735,0.004261325
4998,0.8769937232214065,0.6223617,0.0048366943
4999,0.9999991440840216,0.06426244,0.0094666155
5000,0.7972139418978984,0.94629794,0.0057087373
5001,0.7877779999479109,1.006905,0.0035331242
5002,0.831024069152696,0.8368911,0.0010158856
5003,0.8019564088701372,0.65101594,0.00045849703
5004,0.7840779986899213,0.954174,0.00084507297
5005,0.7975110766341018,1.0810642,0.0011597278
5006,0.7802945280687669,0.7699166,0.0003506154
5007,0.8380863367949197,1.0697399,0.003838789
5008,0.9731687789330205,0.9377396,0.00016182248
5009,0.9670066232046276,0.3997386,0.009071049
5010,0.9572624744000646,0.7579165,0.0046479013
5011,0.9589950472795524,0.47236398,0.010203807
5012,0.8853467206736108,0.8187675,0.0010338658
5013,0.7817300610631825,0.5790275,0.00783041
5014,0.9794352586364292,0.7183869,0.000979925
5015,0.8399185873584004,0.78419787,0.0030206863
5016,0.8846997595245492,0.6722341,0.0016811558
5017,0.9341663736890774,0.87720025,0.00089002366
5018,0.765306856199796,0.99124765,0.0051783193
5019,0.9443380448156236,0.83230036,0.0007551716
5020,0.9999986496437816,0.08451112,0.0050524576
5021,0.7648935674032589,0.7320596,0.0012945798
5022,0.8959445271277773,0.6243672,0.0016451952
5023,0.6642222449502122,1.1301492,0.0010248757
5024,0.948563787820502,0.697852,0.0024453176
5025,0.7573789427481777,0.90067613,0.0048636645
5026,0.8973481164568421,0.5559467,0.003524134
5027,0.8206279259718282,0.9186553,0.0017710571
5028,0.9999999094800126,0.080226004,0.004737803
5029,0.971363758502796,0.7399204,0.0020048008
5030,0.7818812037209358,0.6430492,0.0043332465
5031,0.879921745528605,0.6748694,0.0034432227
5032,0.7588962911726833,1.0744753,1.7980276e-05
5033,0.741550912809992,0.9136433,0.0048726546
5034,0.8554653867420633,0.5863882,0.00980824
5035,0.907920746328029,0.9174113,0.003596055
5036,0.9296816685089256,0.6543041,0.0036230255
5037,0.90563256227492,0.63814265,0.0005933491
5038,0.866517970788965,0.5403103,0.0023194556
5039,0.7362427492366955,1.1695262,0.0035600946
5040,0.7804260243739717,1.057841,0.0027060315
5041,0.7626111521490124,0.5425426,0.0066886623
5042,0.8145861622035755,0.54598725,0.014474122
5043,0.7920300067022411,0.99707615,0.0008091124
5044,0.7603467693942267,1.0024986,0.00010788166
5045,0.7940683422740178,1.0811558,0.00081810256
5046,0.8571106690085052,0.78568345,0.0007102209
5047,0.8804586555261849,0.7634919,0.0
5048,0.7185669805662648,1.0665462,0.003955661
5049,0.5006903451882478,1.1868342,0.00029667455
5050,0.9935017977687892,0.19946502,0.07630829
5051,0.9574113301109825,0.6940946,0.0006922406
5052,0.8210069840611585,0.94509804,0.0035331242
5053,0.8343105306424201,0.72248733,0.012316489
5054,0.6952372718940032,0.93741244,0.001501353
5055,0.6083759034727647,1.1341615,7.19211e-05
5056,0.9999987579259252,0.06079212,0.009313783
5057,0.682138686863863,0.9559751,0.003200489
5058,0.7593505974875516,0.9587589,0.0013395306
5059,0.7073126020408338,1.0185243,0.00086305325
5060,0.9917440520439952,0.48927173,0.0019059093
5061,0.7600661904140436,1.0794157,0.002211574
5062,0.8235690381505709,0.99567395,0.0020497513
5063,0.9026958048109088,0.39506087,0.0075517157
5064,0.999995408211568,0.06679468,0.009026098
5065,0.8781590114708007,0.7040513,0.0012945798
5066,0.8461869112885849,0.91615766,0.0027689624
5067,0.7353863696571481,1.2015831,0.0019778304
5068,0.8530895108174452,0.7763768,0.0053221616
5069,0.9999994163466251,0.07436143,0.009493586
5070,0.612480093735567,1.1292782,0.0004944576
5071,0.8495903280259309,0.9320316,0.0029307848
5072,0.9472877886055016,0.7962498,0.0009889152
5073,0.7649572438899066,0.9867407,0.00027869426
5074,0.7245491461361455,0.9836817,0.00029667455
5075,0.7628861788378498,0.9213111,0.0036589862
5076,0.8127661879787786,0.744687,0.0012136686
5077,0.5871730199022512,1.0796863,0.001438422
5078,0.770527355282024,0.902347,0.0032094792
5079,0.8770652558670091,0.904241,0.0021396528
5080,0.9419474489625244,0.9153125,0.00058435893
5081,0.9221163999159904,0.89079165,0.0006382998
5082,0.9999739512084402,0.07678836,0.004225365
5083,0.8278445855850154,0.7374537,0.0016901459
5084,0.920814079238488,0.66237307,0.00716514
5085,0.6687361798326338,1.072381,8.990138e-06
5086,0.651753271415668,1.0659903,0.0006922406
5087,0.710208842490094,0.814597,0.0021396528
5088,0.9270719166467156,0.7116976,0.0070572584
5089,0.5785292502900807,1.3300142,0.00042253648
5090,0.7827257176139315,0.8498666,0.0010788166
5091,0.9012276428088194,0.48340282,0.0066796723
5092,0.6322360831546895,1.1221064,0.0037039367
5093,0.7964991955238636,0.75919574,0.0020767218
5094,0.882566298841607,0.7916924,0.0017530769
5095,0.8013654369488339,0.6104896,0.006652702
5096,0.7077403984689667,1.0263824,0.0017081262
5097,0.8053229438793506,0.91189486,0.0005573885
5098,0.7730057127821,0.72570676,0.005142359
5099,0.7329418000887115,1.028789,0.001429432
5100,0.8023257025493536,0.9318848,0.0016811558
5101,0.8448879163213131,0.5700209,0.0036769663
5102,0.9138563933651708,0.75009066,0.0001887929
5103,0.8488465390546531,0.8511636,0.00045849703
5104,0.9469671715631588,0.77551544,0.0024183472
5105,0.8897477952677987,0.9235972,0.00011687179
5106,0.6358686063532096,1.2616208,0.0006472899
5107,0.8778410762153365,0.75207543,0.0015822642
5108,0.999986175175616,0.042302493,0.06629328
5109,0.9426296942380514,0.60545844,0.0017440867
5110,0.7159437084759177,0.9665323,0.00326342
5111,0.7766149618965468,0.98498493,0.00043152663
5112,0.8833044191029124,1.0010324,0.0006742603
5113,0.8428003145312245,0.53065675,0.0075786863
5114,0.981612176976956,0.47495815,0.0058975304
5115,0.8543676333927827,1.2246639,0.00017980275
5116,0.7056782646622237,0.958853,0.0021576332
5117,0.9178749574036952,0.49827203,0.009394694
5118,0.7028770979535821,0.98076385,0.0048097237
5119,0.7798331772987184,0.8763681,0.0054480233
5120,0.9999928547417468,0.049115848,0.06542123
5121,0.7660460969985963,0.96354496,0.0014474122
5122,0.8997291209343874,0.49911574,0.0029847259
5123,0.9127944196031532,0.59133613,0.0073988833
5124,0.6703611005756375,1.4061396,0.0026431005
5125,0.9881468406481406,0.8266186,0.0008091124
5126,0.9999977848328916,0.07190446,0.009196911
5127,0.9587633649946088,1.1359246,0.0005573885
5128,0.9945720491948628,0.555706,0.00012586193
5129,0.6956466183917598,1.1000655,0.0023194556
5130,0.8545505301376799,0.943099,0.00027869426
5131,0.954853978035216,0.6692643,0.011318584
5132,0.7751816155061426,1.1184595,0.00077315187
5133,0.7928389538827342,1.0205922,0.00058435893
5134,0.5828383208558715,1.3651202,0.00013485207
5135,0.5728088060874776,0.86633027,0.0023823865
5136,0.8690118966185008,0.41725782,0.0031105876
5137,0.9399068225211624,0.67648345,0.001114777
5138,0.9622330085812744,0.36261138,0.010860086
5139,0.8790669000122215,0.46866474,0.0062930966
5140,0.7245339144515419,0.639871,0.0065717907
5141,0.7887743112133065,0.50828487,0.0122895185
5142,0.8505044064226481,0.87442595,0.00019778303
5143,0.8552855798669733,0.5992539,0.01957153
5144,0.9862489947307024,0.90936315,0.00010788166
5145,0.8525694323586575,1.1478533,0.002220564
5146,0.9378732055286128,0.5832624,0.0034971635
5147,0.7013382196115765,1.2474313,0.00042253648
5148,0.9999646113734112,0.051652025,0.009062059
5149,0.7995728470827407,0.9484842,0.00087204337
5150,0.8894787519030624,0.73514503,0.0010788166
5151,0.89776500557063,0.9725557,0.0012136686
5152,0.9666465358532916,0.21582052,0.021855025
5153,0.7871667404915474,0.978777,0.0012316488
5154,0.8359495190587034,1.2389027,0.0017890374
5155,0.8528411839020714,0.39794493,0.005016497
5156,0.8741906789077897,0.6610848,0.0022025837
5157,0.6944456466901133,0.95661557,0.0010967968
5158,0.9564431107717388,0.39450136,0.013548138
5159,0.9116631889632582,0.71103233,8.091124e-05
5160,0.905274306721304,0.7583591,0.0034342327
5161,0.6808276533718172,0.8197272,0.0010518461
5162,0.9999863472154996,0.0826046,0.008414769
5163,0.8348462042636057,0.7490801,0.0018879289
5164,0.5173396183924472,0.9678962,0.0006652702
5165,0.9531519271980888,0.73482287,0.0006382998
5166,0.9421053409379988,0.6544647,0.001824998
5167,0.821554755552486,0.7751469,0.0007012308
5168,0.8139979227145028,0.7408164,0.010302698
5169,0.8245242124312064,0.5635842,0.009385704
5170,0.7441326266478874,0.705223,0.004459108
5171,0.6621822001164551,1.2009622,0.0002876844
5172,0.6216760876987755,0.9988279,6.2930965e-05
5173,0.8192250549051194,0.6330574,0.0050704377
5174,0.9097039266211862,0.7746547,0.0027689624
5175,0.8781596099961884,0.83956116,0.002355416
5176,0.8870345698873541,0.31131256,0.005483984
5177,0.6607630703173388,1.21532,0.00025172386
5178,0.9999996635838184,0.078580976,0.004746793
5179,0.9870456274644586,0.48308602,0.0011866982
5180,0.5461497006398169,1.3290001,0.00032364496
5181,0.9142292987277968,0.5012848,0.006212185
5182,0.9999850435900586,0.058465347,0.06379402
5183,0.7410000745704552,0.8317354,0.001240639
5184,0.8594666322765587,0.7252495,0.009727329
5185,0.8647424587534561,1.011051,0.0019148993
5186,0.8155228963858387,1.1625162,0.0005753688
5187,0.6897474893095477,0.9176091,0.0065987613
5188,0.9272160223432692,0.024022356,0.0019238895
5189,0.8265281089852217,0.6490101,0.0053850925
5190,0.7329418000887115,0.90426874,0.0034791834
5191,0.9228707213014172,0.6690949,0.0013125602
5192,0.9999944083897282,0.087431364,0.009178931
5193,0.9656338887972968,0.8608316,0.0003146548
5194,0.8043697602593803,0.93159044,0.0006382998
5195,0.9999931465039228,0.11957518,0.009475606
5196,0.7318876093537809,0.96797687,0.0005483984
5197,0.8487786852305605,0.87555856,0.0002876844
5198,0.9999178809675524,0.05320676,0.007488785
5199,0.799607186580684,0.67228395,0.0032454398
5200,0.8432166840035612,0.4388104,0.0055109547
5201,0.9921646480223584,0.44641888,0.0013485206
5202,0.8357094516971411,0.8793148,0.0007012308
5203,0.8600797858828473,0.92226106,0.0018789388
5204,0.868835969800883,0.51443726,0.00783041
5205,0.984805499867604,0.8098211,7.19211e-05
5206,0.8806401714498697,0.59143543,0.0013125602
5207,0.8263447245580148,0.8074953,0.0020048008
5208,0.6440237490973167,0.7843811,0.0010158856
5209,0.8522199656661056,0.91603637,0.0004495069
5210,0.8999463030483983,0.7610589,0.002085712
5211,0.8847896299711919,0.502822,0.007893341
5212,0.9658118768508064,0.95067483,0.0011507376
5213,0.8584713326404123,0.7737129,0.0019688401
5214,0.8771976090168784,0.77042675,0.00130357
5215,0.9146875854078372,0.82170165,0.005160339
5216,0.7713823249385198,0.92593527,0.003721917
5217,0.7696629704328071,0.94653076,0.0006203195
5218,0.9505036482409456,0.82710636,0.00010788166
5219,0.7562790629141132,1.0015597,0.003784848
5220,0.8831330743110188,0.7296104,0.0029128047
5221,0.9871556232514548,0.86591095,0.0013125602
5222,0.8641451743046817,0.6320739,0.0010608362
5223,0.7433909083875258,1.0636144,7.19211e-05
5224,0.7606817695400991,1.2011039,0.0010158856
5225,0.743781482937662,0.9476007,0.0045310296
5226,0.8168728295926684,0.71725094,0.015867593
5227,0.7789785794935303,0.7807456,0.0033173608
5228,0.7905987406978054,0.5370103,0.0047827535
5229,0.806370367380955,0.95147455,0.0011597278
5230,0.8463658540930524,0.5176081,0.0115792975
5231,0.9599523063812834,0.29057932,0.009574497
5232,0.7948884255983899,0.6371377,0.00015283235
5233,0.8786591648121855,1.0477813,0.001438422
5234,0.8132921292269963,0.8641921,0.002490268
5235,0.7971891884194741,1.394655,0.0005573885
5236,0.996082382446968,0.57820183,0.0017980275
5237,0.6896893736940752,1.2357972,0.0019688401
5238,0.7755610703786069,0.7130872,0.0003775858
5239,0.7266364045128357,0.81616676,0.0016182248
5240,0.9747757481388918,0.60393316,0.003326351
5241,0.7899978634143346,0.8891531,0.0026520907
5242,0.5950554747549884,1.2328953,3.596055e-05
5243,0.7414464979558343,1.0976892,0.0012586192
5244,0.8680694611866795,0.84109366,0.0003506154
5245,0.8298328306501909,1.1398495,0.0015732741
5246,0.6798745048394128,0.86910343,0.0015373136
5247,0.8774099994395432,0.8610198,0.0003056647
5248,0.7555379737473189,0.589941,0.0051783193
5249,0.7900960837517415,0.8633574,0.0031825087
5250,0.7972577286535603,0.80552584,0.0030746271
5251,0.8847470770052517,0.94249916,0.0026341104
5252,0.930138271828804,0.88561165,0.000979925
5253,0.7960050580617485,0.8090767,0.002876844
5254,0.9681604156534444,0.85166216,0.0007911321
5255,0.8916484570942668,1.0991074,0.00081810256
5256,0.7470819409185625,0.82807016,0.0010878067
5257,0.7471341009442287,1.1801847,0.00043152663
5258,0.8255563106724374,0.6952363,8.990138e-06
5259,0.7910597541301478,1.0398594,0.00093497435
5260,0.8743862086840706,0.4671441,0.0047288127
5261,0.8136007642096326,1.071485,0.002993716
5262,0.944252278864725,0.60614187,0.0042793057
5263,0.9525926832609792,0.61851865,0.002013791
5264,0.9281998493186968,0.60240954,0.0026431005
5265,0.9612242296454344,0.48505765,0.006014402
5266,0.9352752031499902,0.72340256,0.00016182248
5267,0.839602208029222,0.82618994,0.0011507376
5268,0.8867007694775767,0.56826574,0.0048456844
5269,0.7818198785191143,1.0241352,0.0007371913
5270,0.8006796084065946,0.6857786,0.007299992
5271,0.8461120265580734,1.0781593,0.000719211
5272,0.7535682214425712,0.8899915,0.004477089
5273,0.7473049057339505,0.77377033,0.0021126824
5274,0.6986653749728348,1.065549,0.009349743
5275,0.885587906049524,0.60209686,0.00017980275
5276,0.9945912566368396,0.9118519,8.9901376e-05
5277,0.8061298377128107,1.1360443,0.00011687179
5278,0.95659320701089,0.5369601,0.009160951
5279,0.8679707799865635,0.40298972,0.011651219
5280,0.7170198551713362,1.273768,0.00090800395
5281,0.8656089990568536,0.5669009,0.003982631
5282,0.7886885188726156,0.78481656,0.0020587416
5283,0.805397890087506,1.0090835,0.0027869428
5284,0.8385972017958749,0.81720215,0.004252335
5285,0.9999901301661268,0.04824514,0.06594266
5286,0.60538582362317,1.0973294,0.0006203195
5287,0.8378478226973458,0.68728834,0.0010788166
5288,0.749515135932817,0.9981724,0.0024183472
5289,0.878397123090901,0.99726915,0.000719211
5290,0.8095477910912109,1.0110004,0.0010967968
5291,0.8406509920209856,0.942243,0.00023374359
5292,0.928276895209389,0.82912827,0.0036769663
5293,0.9051641426461886,0.5225665,0.012082745
5294,0.7940191275498494,0.9532612,0.006382998
5295,0.9180334259417868,0.8615038,0.00022475344
5296,0.8996176397266682,0.75092345,0.004935586
5297,0.8097859703791275,1.0428704,0.0012765996
5298,0.9962418258871804,0.20355661,0.0796706
5299,0.4967184023156917,0.7735937,0.0003775858
5300,0.8801083658918984,1.0228388,0.0004495069
5301,0.8827403640518928,0.8881773,0.0021216725
5302,0.9999543402983998,0.056007452,0.00456699
5303,0.6428607194416316,0.9808226,0.0025082484
5304,0.8617466157585034,0.76881164,0.00046748717
5305,0.9410024644936564,0.6671263,0.0063020866
5306,0.9229557778442432,0.7935355,0.0007641617
5307,0.9999994375851782,0.0884348,0.004755783
5308,0.845296485226782,0.8697705,0.001114777
5309,0.8783061686402691,0.9529532,0.00097093487
5310,0.7039421905118664,1.1075404,0.0007641617
5311,0.628895850334305,0.9742195,0.00093497435
5312,0.9140371174086128,0.6770393,7.19211e-05
5313,0.8102286145733653,1.0687989,0.0031825087
5314,0.9934026838064408,0.09167052,0.09383906
5315,0.8513490153155413,0.6133352,0.00034162524
5316,0.937282070118514,0.62845105,0.0006113294
5317,0.9013633309961367,1.0202209,8.990138e-06
5318,0.9999850796680896,0.084107004,3.596055e-05
5319,0.9251852921347552,0.7513646,0.003137558
5320,0.9788307485282244,0.8357978,0.0003146548
5321,0.9501017049191812,0.9363203,0.0014204418
5322,0.7803045475927478,0.99044186,0.00046748717
5323,0.639306675142842,1.1571543,0.0011237672
5324,0.9999994127689328,0.06561048,0.009502576
5325,0.9639417074300854,0.584541,0.0014923629
5326,0.9999985474098748,0.059959006,0.009304793
5327,0.6594812146101406,1.0847583,0.0031645284
5328,0.4534043177598869,1.2772245,0.00032364496
5329,0.8712825377172919,0.700098,0.004189404
5330,0.8869762329845516,1.0348275,1.7980276e-05
5331,0.9285526761161332,0.5858652,0.00019778303
5332,0.7485582618376693,1.1070591,0.0024363273
5333,0.95667568427148,0.6903304,0.002867854
5334,0.9345484977286184,0.91821104,0.00027869426
5335,0.8245794464290966,0.80434346,0.002750982
5336,0.8444569857120864,0.72259885,0.0029038144
5337,0.9999995717472304,0.07186746,0.009484596
5338,0.8517157689831689,0.5914264,0.0010338658
5339,0.7426752678808962,1.4411207,0.001501353
5340,0.7767262921515283,0.80424315,0.0026610808
5341,0.9942235700562048,0.67856115,0.0014653924
5342,0.6918884296123673,1.3075039,0.00032364496
5343,0.8386897959062971,0.69046235,0.004746793
5344,0.9097664077977788,0.6967617,0.0015552938
5345,0.9276005077747556,0.70073587,0.0004045562
5346,0.6914077879946037,1.1237459,0.002355416
5347,0.9605077851105894,0.45885718,0.00044051674
5348,0.8169395570091348,0.45118687,0.012774986
5349,0.7634479432740511,1.1060914,0.0021396528
5350,0.8359961703923007,0.9058274,0.00044051674
5351,0.8920734210930528,0.9996041,0.002220564
5352,0.8952612837829923,0.8116015,0.001564284
5353,0.7504089507321249,0.91235703,0.004432138
5354,0.7813178089824365,0.80566335,0.0106892735
5355,0.7974538750638067,0.6961552,0.0043871873
5356,0.8249928193995428,0.4717786,0.0063200668
5357,0.6306862481348756,1.000788,0.00015283235
5358,0.8129589486476928,0.8410799,0.004423148
5359,0.901620057005976,0.75271404,0.006248146
5360,0.7238489849210836,0.75659704,0.0042073843
5361,0.913493915776677,0.41166034,0.016982371
5362,0.9999938624119802,0.07652616,0.00456699
5363,0.867080895190237,0.7061449,0.00024273372
5364,0.9406464544267332,0.36815625,0.012604173
5365,0.7712550640442495,1.0174077,0.0006652702
5366,0.9839979671128786,0.4579416,0.0019508599
5367,0.9999995279744752,0.06948608,0.009511566
5368,0.8985368160075615,0.8273132,0.00027869426
5369,0.7256485315279173,0.9945613,0.0037488875
5370,0.8520075205685524,0.51817554,0.0032274595
5371,0.7098936702403711,1.14428,0.0015463037
5372,0.9111047556446674,1.0440197,6.2930965e-05
5373,0.924026741935553,0.6312226,0.0026880512
5374,0.9999235930516296,0.046165235,0.009250852
5375,0.8781951923360007,0.7048803,0.0037758579
5376,0.7838480443741658,0.78095794,0.0046748715
5377,0.8779893545671698,0.74415374,0.002544209
5378,0.9131793200816968,0.6041564,0.0018879289
5379,0.6594791481823553,1.0647254,0.0018609585
5380,0.8197187157285002,0.85435396,0.0018070177
5381,0.9999980831532402,0.115603775,0.009943092
5382,0.8342551153256792,0.8977758,0.0004045562
5383,0.5241095091105477,1.0909531,7.19211e-05
5384,0.8013654369488339,0.60813636,0.008100114
5385,0.752255832900802,1.1300726,0.0007012308
5386,0.9999991391155828,0.08189801,0.004962556
5387,0.8279354093397886,0.39382178,0.009547526
5388,0.7598192212408565,0.9538362,0.0026251203
5389,0.7180974902042871,1.0318167,0.002094702
5390,0.8759166558598729,0.9682036,0.0005573885
5391,0.8683104069655029,0.5662213,0.0051873093
5392,0.9070204930330704,0.8930547,0.0024363273
5393,0.7421530878269305,0.9423375,0.0033173608
5394,0.8419254157751179,0.84617853,0.0014114516
5395,0.4899919482677464,1.008664,0.00044051674
5396,0.999996809721054,0.058294885,0.009313783
5397,0.8144851138361284,0.96939814,0.0020497513
5398,0.749190536709048,0.76065415,0.0036230255
5399,0.9864272820588724,0.6478695,0.0066886623
5400,0.8679081729900273,0.5308055,0.0004495069
5401,0.6974925292442762,0.9208499,0.0005394083
5402,0.9267471375917544,0.9541271,0.0017710571
5403,0.8674032178481897,0.53680915,0.007461814
5404,0.8725769305281939,0.41003752,0.0026431005
5405,0.689537669244499,1.1303427,0.0016182248
5406,0.9810658945740908,0.31826717,0.012927818
5407,0.6627244515957365,1.0170588,0.0003056647
5408,0.8277715511176054,0.121691175,0.0
5409,0.8357307593894986,0.4660522,0.0055648955
5410,0.7129638074719824,0.81340796,0.0005394083
5411,0.7052839443273594,0.9679849,0.0
5412,0.7366231803744583,0.82519484,0.0010068954
5413,0.6286546742372636,1.0389982,0.0047827535
5414,0.769937134088124,0.590901,0.009880162
5415,0.5977177335156764,1.1566923,0.002211574
5416,0.8659399511801081,0.7590826,0.000719211
5417,0.7837253151871573,0.9934943,0.00017081262
5418,0.970590517202002,0.39019415,0.0021666232
5419,0.9999850444949387,0.052546598,0.06722825
5420,0.7323625573493311,0.751219,0.0019688401
5421,0.632011728119018,1.0988657,0.002220564
5422,0.8798745462171872,0.7889247,0.00039556605
5423,0.7723807504226848,0.811844,0.0037488875
5424,0.9768763392487914,0.48557773,0.006931396
5425,0.8165873746521545,0.5017367,0.004441128
5426,0.7380805860047481,1.2305888,0.001375491
5427,0.8971179980057264,0.5141039,0.004306276
5428,0.8087515331641194,0.7567514,0.0068594753
5429,0.9021404328193076,0.9515055,0.004971546
5430,0.6776526101465637,1.1610094,0.0014923629
5431,0.9221601618287192,0.49306592,0.009853191
5432,0.9999982147981982,0.05855189,0.009349743
5433,0.8836711607813834,0.65350723,0.0018699487
5434,0.8341307622331107,1.135246,8.9901376e-05
5435,0.742413173649961,0.9897904,0.0005483984
5436,0.7683910263771931,0.9300312,0.0001438422
5437,0.8545991362225522,0.53761894,0.008001222
5438,0.891657662752514,0.6634345,0.0033173608
5439,0.7489984358941727,0.98576766,0.0012586192
5440,0.9203631730868176,0.37934428,0.014015625
5441,0.960012251362074,0.53234476,0.0026431005
5442,0.896580666682975,0.6418167,0.0037039367
5443,0.9227745646115604,0.6600274,0.0037488875
5444,0.578552738411973,1.3665035,0.001429432
5445,0.951341239753878,0.6875175,0.00013485207
5446,0.9699941309205938,0.47056082,0.0025891596
5447,0.9253489411050436,0.88999224,6.2930965e-05
5448,0.9057435719133932,1.1646651,0.0012316488
5449,0.907445994346155,0.8610246,0.0025531992
5450,0.9295638125387572,0.9708772,0.00019778303
5451,0.901773807414062,0.35992774,0.0032903904
5452,0.9324923110451118,0.7563743,0.00022475344
5453,0.8690145266708541,0.6606031,0.0033173608
5454,0.8567479710843683,0.7016339,0.0039376803
5455,0.865850454639876,0.7378117,0.0003146548
5456,0.8986879586553017,0.8266338,0.0003146548
5457,0.9999998180977676,0.07892263,0.0047288127
5458,0.932025126807974,0.53153527,0.004297286
5459,0.8242649947043523,0.80024016,0.0050434675
5460,0.8262109421920988,0.7521337,0.0043781972
5461,0.9408722298163856,0.1720227,0.030503538
5462,0.6380949168140558,1.2300627,0.00012586193
5463,0.9193194133839656,0.7749601,0.00016182248
5464,0.5406070055044572,1.303265,0.000521428
5465,0.6223075024820307,0.9822971,0.0010338658
5466,0.99999815728866,0.08873267,0.0051243785
5467,0.994441428917576,0.7598246,0.00023374359
5468,0.9999913850656804,0.068891086,0.0048546745
5469,0.8906583103890281,0.42772207,0.011516366
5470,0.8860207669490396,0.9807063,0.00011687179
5471,0.7796718374902629,1.0764219,0.002858864
5472,0.7392844866454054,1.0166494,0.00038657594
5473,0.955923268473296,0.8307629,3.596055e-05
5474,0.9107621121149434,0.746696,0.004971546
5475,0.9302141642454312,0.51157886,0.0048546745
5476,0.8008767721319949,1.023143,0.0006382998
5477,0.990983857607022,0.7180118,7.19211e-05
5478,0.8315744234906738,0.90986174,0.0032993807
5479,0.8904355719133448,0.70816326,0.002283495
5480,0.9311334333794384,0.55647683,0.0105274515
5481,0.9497997241684284,0.45975816,0.0011327574
5482,0.7427052952478062,0.9207514,0.0006023392
5483,0.7346586671818426,1.2673367,0.0006203195
5484,0.5178014273305641,1.149268,0.0003326351
5485,0.8899036432656942,0.6669715,0.0038837395
5486,0.993517000687951,0.6010008,0.004297286
5487,0.7845798432843842,0.74300534,0.010500481
5488,0.9922059436039496,0.5027732,0.0030566468
5489,0.8460850810728059,0.9670808,0.0019958105
5490,0.7373474977243741,0.83839595,0.0024543076
5491,0.7884271017201543,0.87914294,0.0018429783
5492,0.9152768268960944,0.69072473,0.0041534435
5493,0.8740247742293515,0.98376536,0.0015552938
5494,0.7919349591222082,0.8897643,0.00084507297
5495,0.9576091069929876,0.9245557,0.0051333685
5496,0.8959120684475929,0.68934935,0.0037578775
5497,0.9999937661555328,0.05584597,0.009295803
5498,0.7792772194542592,0.9593377,0.0025891596
5499,0.6970086815271861,1.120911,0.0016002445
5500,0.9158241894362376,0.5572599,0.00077315187
5501,0.7214220841981294,0.777694,0.003712927
5502,0.8068344276319255,0.81261927,0.0014564024
5503,0.8875966351443941,0.98383737,0.0016541854
5504,0.9786374357681928,0.5528095,0.012604173
5505,0.573358385028741,1.0892441,0.00046748717
5506,0.9645614638229788,0.5356487,0.008288907
5507,0.8360644067081591,1.1741748,0.00032364496
5508,0.7919735769916991,0.94382674,0.0016182248
5509,0.999999604796688,0.07655103,0.004746793
5510,0.7116250784982721,0.86381817,0.0050434675
5511,0.7255620261577106,1.0943679,0.0012226588
5512,0.7263195872188165,1.1560863,0.006733613
5513,0.8614625982577301,0.874576,0.0008270927
5514,0.8831352292530765,0.7451419,0.004692852
5515,0.7594989991169827,0.64795154,0.008082134
5516,0.9999952955885952,0.06909092,0.009268832
5517,0.7570499273037175,0.9130695,0.002733002
5518,0.677169292699849,0.7479839,0.0036859566
5519,0.9773766169814794,0.47282204,0.007974252
5520,0.9583935079146012,0.48703265,0.008837306
5521,0.9998884767764452,0.055120904,0.004746793
5522,0.9999123445207184,0.05416546,0.0002876844
5523,0.8634940088693537,0.94511026,0.0018070177
5524,0.9999638009659686,0.055798996,0.004701842
5525,0.8305465871462181,0.9500944,0.00038657594
5526,0.7983663725277903,0.9583817,0.0014564024
5527,0.999610802180888,0.036053173,0.039295893
5528,0.8056014657259507,0.6706487,0.0063380473
5529,0.8354730695378881,0.5278459,0.0064908797
5530,0.8336845739067253,0.5791158,0.0054480233
5531,0.6555035343243264,1.0527645,0.0029757356
5532,0.9821216278376462,1.0005316,0.001177708
5533,0.9532251520284338,0.5886936,0.0060773334
5534,0.8778701047748724,0.9102342,0.0007282012
5535,0.8690007787762254,0.5641512,0.0051783193
5536,0.746149446465067,0.9832141,0.0005573885
5537,0.8225146255646425,0.93074477,0.003137558
5538,0.914224315525348,0.87300295,0.0007102209
5539,0.7808278980856393,0.80439126,0.00523226
5540,0.8575176643399365,0.5858868,0.005160339
5541,0.8751601424114002,0.6259183,0.001105787
5542,0.7437720368819879,1.1550785,0.00074618147
5543,0.6185755937851507,1.0764242,0.0020677317
5544,0.9443314178334176,0.57246035,0.0007551716
5545,0.8153300037745549,0.61014307,0.0012226588
5546,0.8868740356024623,0.6164827,0.009151961
5547,0.7146431538579526,0.93394315,0.002858864
5548,0.8163432035481936,0.9769157,0.00022475344
5549,0.9681341189998957,0.47211134,0.01437523
5550,0.7859700577154775,0.8617701,0.0029038144
5551,0.8635924049691751,0.4925638,0.0027869428
5552,0.9235017030885846,0.8481391,0.0005573885
5553,0.7177874105464874,0.72100073,0.0064099682
5554,0.832255957422438,0.74327254,0.0038028283
5555,0.9999925147563136,0.07664333,0.004980536
5556,0.8932748089545333,0.95054597,0.0018519684
5557,0.9448038003908336,0.31035486,0.014294319
5558,0.6952018080373095,1.0986232,0.0010878067
5559,0.9999992231192968,0.08751523,0.005142359
5560,0.9766165705636038,0.37873057,0.011660209
5561,0.9610595767245568,0.67211175,0.0013215502
5562,0.8416808348840985,0.43823546,0.011003928
5563,0.9750685473733596,0.45140216,0.0017890374
5564,0.9999955176786278,0.05819187,0.0094666155
5565,0.6947893318240879,1.078133,0.00016182248
5566,0.8717620543516209,0.7506763,0.0029128047
5567,0.9073614699347528,0.9803799,0.0005304181
5568,0.9054500381779866,0.88467443,0.0030566468
5569,0.9761399826440252,0.6927926,9.889151e-05
5570,0.995871262631102,0.65816396,0.00017980275
5571,0.7004323362344256,1.2909136,0.0006742603
5572,0.8551962309513188,0.90813994,0.001105787
5573,0.8468431605332266,1.0143785,0.0021576332
5574,0.778684415542021,0.9935617,0.0016002445
5575,0.8955691173559811,0.9440977,0.00086305325
5576,0.8805600935026423,1.2760361,0.0026790611
5577,0.9999778012229824,0.060322076,0.0046568913
5578,0.7755035732079911,1.1361134,0.00084507297
5579,0.7720533341345048,0.7809266,0.002148643
5580,0.7742367151012441,0.7387206,0.0053401417
5581,0.7148368408158844,0.8204086,0.00025172386
5582,0.9980106441204064,0.44499072,0.0005753688
5583,0.9097606615322296,0.8376684,0.0015193333
5584,0.8120471860139863,0.6974489,0.0037668678
5585,0.7114862657541549,0.8483669,0.0043871873
5586,0.8195726379924931,0.55773926,0.0068235146
5587,0.7998982171419554,0.69962937,0.004746793
5588,0.8624373478664547,0.9652223,0.0001438422
5589,0.7692146726461238,1.1542712,0.00019778303
5590,0.9120586866528168,1.0023463,0.001824998
5591,0.8733223235040493,0.70791256,0.0008270927
5592,0.9999967415390182,0.08940668,9.889151e-05
5593,0.9642574304516264,1.1085367,0.0020497513
5594,0.7178386310690161,0.67912155,0.005726718
5595,0.7648935674032589,1.0028085,0.0015193333
5596,0.6760414271256758,1.036519,0.000719211
5597,0.7885641850503429,0.82237387,0.0036410058
5598,0.7621827322544188,1.2318416,0.002094702
5599,0.9999733711245314,0.076057464,0.006472899
5600,0.914902493346999,0.8733502,0.0006203195
5601,0.9661695096127968,0.7981884,0.0014564024
5602,0.8533613300949009,0.7322521,0.003856769
5603,0.8922047773985281,0.5548975,0.010554422
5604,0.7028770979535821,0.919341,0.0021306626
5605,0.9999817290033932,0.06441815,0.009196911
5606,0.846317065349167,0.7513283,0.0033083707
5607,0.8523054335051318,0.9623493,0.0024273372
5608,0.9999989346331164,0.06399614,0.009475606
5609,0.8057003018223206,1.005912,0.00039556605
5610,0.9193361057014112,0.92023927,0.002022781
5611,0.8306257945851822,0.9456203,0.0005394083
5612,0.9177068769298974,0.34456757,0.009862181
5613,0.847891067156574,0.8301943,0.0026341104
5614,0.8375141097990808,0.89648193,0.0038208086
5615,0.9089708451546804,0.974393,2.6970414e-05
5616,0.8532435508057958,0.6401784,0.00456699
5617,0.8764032745758805,0.7336141,0.0017261065
5618,0.8834422566132574,0.6613559,0.0006472899
5619,0.838009934120655,1.0937222,0.0018160079
5620,0.8806979434964344,0.8297214,0.0031645284
5621,0.8830268158808274,0.72743773,0.002013791
5622,0.8259857373704931,0.96636397,0.0015732741
5623,0.7505732717895949,0.8035826,0.0009979053
5624,0.7920596017466516,0.9613318,0.0017350966
5625,0.9999993999160468,0.0650252,0.009475606
5626,0.937300983697118,0.41360015,0.0016991361
5627,0.8508097259573578,0.8902229,0.00041354634
5628,0.7535327107975087,0.95931184,0.0025352188
5629,0.8574505606148436,0.58584833,0.0075337356
5630,0.6595900354589678,1.0510882,0.0006742603
5631,0.8283676843078028,1.2084763,0.00044051674
5632,0.9528758386649898,0.63312984,0.00011687179
5633,0.882351894698043,0.4557114,0.008531641
5634,0.805469683168258,0.722027,0.0035690847
5635,0.9995751285942722,0.38460314,0.0005933491
5636,0.999996597043903,0.05795671,0.009322773
5637,0.6947818553053493,0.9443393,0.0035421143
5638,0.9458361844447164,0.6651972,0.0032903904
5639,0.780873943174706,0.6365999,0.0014204418
5640,0.937420350499116,0.74907804,0.00011687179
5641,0.9675304990104588,0.28129947,0.022574237
5642,0.7781364304505888,0.6846425,0.0075427257
5643,0.9461747867670676,0.3993174,0.020272762
5644,0.7200655659338442,1.0769244,0.002346426
5645,0.9999686406753818,0.05082421,0.008720433
5646,0.9999948885812988,0.07977073,0.0047917436
5647,0.998744885104331,0.05367218,0.0053761024
5648,0.9485283880882736,0.39497286,0.0070572584
5649,0.9129597698209678,0.6443016,0.0008360828
5650,0.7741187969211445,0.6453891,0.009313783
5651,0.8385111848029377,0.72080266,0.002148643
5652,0.9660991813732774,0.52970403,0.014905648
5653,0.9870456274644586,0.43985233,0.0011237672
5654,0.9348839239841704,0.47810492,0.003128568
5655,0.5818561958790798,1.0643059,0.00047647732
5656,0.9834443646817136,0.8586958,0.0006382998
5657,0.92692761246129,0.7582218,0.00043152663
5658,0.9999923415156672,0.08134009,0.004719822
5659,0.8396203860504046,0.7691503,0.001375491
5660,0.8399709984146172,0.6345151,0.002750982
5661,0.9382351913084752,0.39184958,0.010563412
5662,0.8157865774586985,0.95061916,0.002094702
5663,0.7903793780833531,0.76550746,0.0030206863
5664,0.8238665123634529,0.92303455,0.0003326351
5665,0.8342062650805081,1.0082276,0.0021935937
5666,0.8490141691739179,0.510106,0.0062301657
5667,0.7288685152553671,1.144321,0.0018609585
5668,0.7479510775603238,1.0393124,0.00095295464
5669,0.7964362358434025,0.9291208,0.002355416
5670,0.999935744111254,0.07524437,0.007767479
5671,0.7772367900479642,0.9836499,0.001366501
5672,0.7801644423371623,0.9963344,0.001564284
5673,0.817649334913931,0.8449513,0.00025172386
5674,0.7452816589065053,0.8428811,0.0020048008
5675,0.841742312155991,0.8248726,0.0051783193
5676,0.777974069965975,0.7543086,0.0041534435
5677,0.9377353938629812,0.955362,0.0055109547
5678,0.8657053770276648,0.7890276,0.004737803
5679,0.729256417161275,0.9482563,0.0015283234
5680,0.8443078159115041,0.8735967,0.000521428
5681,0.7483998870171886,0.9336362,0.00096194475
5682,0.9410024644936564,0.64662385,0.008163045
5683,0.7190404616365862,1.0102272,0.0035780747
5684,0.7064823650527712,0.97286904,0.0006023392
5685,0.9189171014167752,0.43248916,0.010599373
5686,0.6517707673767946,1.1874342,0.0019148993
5687,0.7872417367760765,1.1025733,0.0024453176
5688,0.9730647662344534,0.77631825,0.00022475344
5689,0.9325920107783928,0.30809084,0.012487302
5690,0.8429280540585937,0.80022347,0.0017980275
5691,0.831802944328585,0.67757165,0.002220564
5692,0.8923384907725853,0.7661724,0.00096194475
5693,0.7642106543471957,0.9474359,0.0037758579
5694,0.8637068094526952,0.67369395,0.00016182248
5695,0.922058099944272,0.57518923,0.0074708047
5696,0.9933980850104468,0.59345526,0.0010248757
5697,0.94069788441286,0.8988334,0.0020048008
5698,0.7762404685931409,0.79620916,0.0036320158
5699,0.982613680562795,0.2543452,0.00850467
5700,0.93825054808961,0.43133414,0.0067605837
5701,0.9928919036785406,0.7366091,0.00045849703
5702,0.8518732328299512,1.1226943,0.0020407613
5703,0.6625196479341734,1.1622683,0.0010068954
5704,0.8255289427985435,1.0858976,6.2930965e-05
5705,0.8492299462396928,0.73203886,0.0010068954
5706,0.7825588746446801,0.8918125,0.0060863234
5707,0.8279563221288302,1.0803643,0.0012496292
5708,0.8185012015717008,0.76763135,0.005268221
5709,0.9960036474123546,0.48146048,0.012064765
5710,0.9191474764455024,0.3115003,0.010140875
5711,0.6670048712718124,1.548953,0.0017890374
5712,0.999997376659406,0.059945997,0.009304793
5713,0.9466280288068089,1.0877358,0.0
5714,0.861415262294505,0.53177136,0.004962556
5715,0.9173389863711784,0.6321772,0.00093497435
5716,0.922029654075456,0.6831681,5.394083e-05
5717,0.5235284024300759,1.0719106,0.00034162524
5718,0.9391136170722332,0.4174429,0.00025172386
5719,0.9906824095885184,0.18491441,0.049158074
5720,0.723454450894107,0.87119436,0.0027599724
5721,0.9999370762154808,0.053713918,0.008037183
5722,0.8541733552269863,0.95743513,0.0018699487
5723,0.9404023409804002,0.84359086,0.0014564024
5724,0.9355635145221438,0.628745,0.0037758579
5725,0.8840732500592416,0.87480325,6.2930965e-05
5726,0.991067617769524,0.2810282,0.0019508599
5727,0.8516467616095964,1.3760799,0.0021846036
5728,0.9997713082779578,0.37250164,0.0030746271
5729,0.8976259709814753,0.77045345,0.00043152663
5730,0.746484075301767,1.0451963,0.0017440867
5731,0.7803488015650366,0.8212244,0.0020048008
5732,0.6377845772633564,1.0863789,0.00024273372
5733,0.8479153120614834,0.83630717,1.7980276e-05
5734,0.850043071615695,0.7036083,0.0010338658
5735,0.976309646730116,0.7664894,0.00081810256
5736,0.8877976260835359,0.7707819,0.0024453176
5737,0.7747691783851702,0.7506784,0.0070033176
5738,0.8128601283355489,0.8730691,0.00045849703
5739,0.8335285164745198,1.0123166,0.001366501
5740,0.8692368113816796,0.46359444,0.0101588555
5741,0.8813576954192871,0.49691248,0.004252335
5742,0.9692700752301812,0.75167674,0.00023374359
5743,0.7698265773718962,0.8461809,0.0053311517
5744,0.7314004975016773,1.0210401,0.0021935937
5745,0.9419516943284696,0.5495667,0.0047288127
5746,0.9631601479930264,0.59321225,0.0045849704
5747,0.9292121125949396,0.22376159,0.016083356
5748,0.7785251521799604,1.0783949,0.00032364496
5749,0.7003839255784972,0.7371084,0.0012676094
5750,0.6651337095783727,0.86896276,0.0030476567
5751,0.9091629804883076,0.64629936,0.0016811558
5752,0.6607365571648564,1.024295,0.00034162524
5753,0.9001059212392222,0.70921874,5.394083e-05
5754,0.790913930392992,0.7857571,0.0031645284
5755,0.9211620182731132,0.44446623,0.0080461735
5756,0.8045191084890513,0.6262612,0.0014024616
5757,0.8180119757243832,0.7556506,0.0016901459
5758,0.8402271017159556,1.1414304,0.0006023392
5759,0.6171816287047474,1.1631122,4.4950688e-05
5760,0.8812769278884143,0.62172204,0.0028408836
5761,0.8249099023808432,0.83174145,0.00032364496
5762,0.7688961037905327,0.7513328,0.0012226588
5763,0.9237173640389968,0.6115564,0.0019059093
5764,0.7990780125340067,0.95556736,0.0004045562
5765,0.9964039677875524,0.814991,0.00094396446
5766,0.7184418840621198,1.1666175,0.0006922406
5767,0.7865425225025431,0.80000895,0.00022475344
5768,0.7745602077354147,0.73623544,0.0026341104
5769,0.9964119558996792,0.61405694,0.00011687179
5770,0.704905794058833,1.0763463,0.001366501
5771,0.9999923246205026,0.06923162,0.007452824
5772,0.7844891410854373,1.1448404,0.0021935937
5773,0.9374339461443248,0.7787539,0.0006203195
5774,0.5488040996721684,1.0189699,0.00017980275
5775,0.999994270484285,0.07155088,0.009062059
5776,0.7588666979301424,1.0001227,0.00011687179
5777,0.7372665299911257,0.8925141,0.0024183472
5778,0.6625520561915107,1.0361598,0.0008540631
5779,0.959647944131964,1.0383213,0.0019688401
5780,0.9063326743589664,0.7754723,0.0022385444
5781,0.7921571267446821,0.9048309,0.00011687179
5782,0.7736087922506669,0.95268476,0.0016002445
5783,0.9460925321813228,0.5317016,0.0011417475
5784,0.9457389044023632,0.58514297,0.00013485207
5785,0.8792217168779688,0.7799395,0.0050974083
5786,0.9999859291228592,0.043316666,0.06420756
5787,0.7723750978003565,0.8930384,5.394083e-05
5788,0.8872568449281896,0.5144151,0.009862181
5789,0.8236967920824804,0.65124834,0.0076506073
5790,0.7421803933919298,0.7308335,0.009358734
5791,0.9544986433566764,0.6665571,0.0003056647
5792,0.6204401985544964,0.9827954,0.0004045562
5793,0.7215825146902304,1.0931882,0.0006293096
5794,0.8521427895508286,1.0520391,0.001762067
5795,0.7376222380605861,0.9006814,0.00013485207
5796,0.9687188521604508,0.8946843,0.00074618147
5797,0.7165258439905968,0.94785035,0.0015822642
5798,0.927957202569798,0.8549839,0.0013395306
5799,0.9328465633599994,0.6628429,0.0024632977
5800,0.898072061678175,0.8183587,0.0009979053
5801,0.7423339938260792,0.84169954,0.00084507297
5802,0.8015329268839255,0.7560016,0.0066077514
5803,0.8375096349448835,0.9376028,0.0022924852
5804,0.810621497721861,0.6742359,0.00046748717
5805,0.9999989950280532,0.07611932,0.009394694
5806,0.9541212137207244,0.8005865,0.0024992584
5807,0.9859139437926662,0.6937048,0.00012586193
5808,0.6748953160536776,1.2892427,0.00047647732
5809,0.8346845405667511,0.64936113,0.0003146548
5810,0.687143416224262,1.1632802,9.889151e-05
5811,0.9598168619918188,0.8233263,0.00089002366
5812,0.8995053205760715,0.6737445,0.004558
5813,0.9486089840534476,0.48708472,0.008387798
5814,0.7229137976736487,1.1856955,0.0006203195
5815,0.7415835613253583,0.76342547,0.0040905126
5816,0.9611462979161964,0.81008893,0.0026880512
5817,0.8320040977881127,0.7957477,0.0016092347
5818,0.8381175750986906,0.52991134,0.0041354634
5819,0.8623843268418279,0.45039335,0.010149865
5820,0.947104877852506,0.73765886,0.0025262288
5821,0.8616999641097584,1.0659875,0.00074618147
5822,0.7846873897725133,0.8655069,0.0001887929
5823,0.9284625674059772,0.80175745,0.0003326351
5824,0.954961796618678,0.24743678,0.014869688
5825,0.9346442133837192,1.0467458,0.0011507376
5826,0.7733096787641764,0.64229894,0.0003506154
5827,0.7916541321469655,0.78846425,0.0037938382
5828,0.8858320859370821,0.609246,0.012541242
5829,0.8732110631619074,0.63708663,0.005466004
5830,0.957093623659726,0.78867394,0.0009889152
5831,0.8189446492591493,1.1744541,0.00044051674
5832,0.7760292399766442,1.2655339,0.0023374357
5833,0.8739635603758846,0.8516677,0.0003056647
5834,0.7440084413533591,1.2835712,0.0002876844
5835,0.8517420259781108,0.93412596,0.0031825087
5836,0.8269965931674064,0.94445735,0.0012046784
5837,0.966888463312328,0.4533106,0.007920312
5838,0.9534664078167738,0.549044,0.0026790611
5839,0.8519645887728609,0.94501746,0.0007102209
5840,0.698251798467147,0.8669932,0.0018879289
5841,0.792184995666854,1.3435931,0.0011866982
5842,0.9999887774183523,0.06719841,0.004369207
5843,0.7599985624917557,0.7747767,0.0060233925
5844,0.6961402974526354,0.9556648,0.00012586193
5845,0.9366941556607306,0.6440808,0.0
5846,0.9323588359916992,0.68698376,0.0051693292
5847,0.9999928956087456,0.05911911,0.009457625
5848,0.8748178326314138,0.5351345,0.006059353
5849,0.783647770848553,1.066474,0.0025621892
5850,0.7637409649153563,0.9856728,0.0029667455
5851,0.7713757675680382,0.88071007,0.00087204337
5852,0.7832123416131562,0.6931391,0.0075337356
5853,0.8665933691627503,0.57085586,0.008783365
5854,0.6671653497141768,0.97574073,0.0020317712
5855,0.9390547998542492,0.58360827,0.0011327574
5856,0.9736084603287918,0.56803817,2.6970414e-05
5857,0.8806158711675366,0.5685663,0.008037183
5858,0.6793543181361452,1.0332775,0.0003506154
5859,0.8974869419979746,0.8126204,0.0025891596
5860,0.8959445271277773,0.6963646,0.0014743826
5861,0.856823638338694,0.8162067,0.00089002366
5862,0.904539822458176,0.6236032,0.00261613
5863,0.9660261567795206,0.23242022,0.017153183
5864,0.9999964371297418,0.117617846,0.008747404
5865,0.9399068225211624,0.56178045,0.0025711795
5866,0.7670273446921811,0.76453686,0.0040905126
5867,0.8170024436662022,0.7054182,0.0027150216
5868,0.7692490911796015,1.0461516,0.0010788166
5869,0.840881534980959,0.7597185,0.003137558
5870,0.8216030982790694,0.48520103,0.0068684653
5871,0.8401090976435903,0.27668166,0.0
5872,0.685556268550227,0.9441017,0.0037578775
5873,0.7730133961175175,1.0709848,0.0023823865
5874,0.8656163163707503,0.899795,0.0004944576
5875,0.9419516943284696,0.67735195,0.0037488875
5876,0.8648879622330804,1.0869483,0.0043332465
5877,0.8957812840550178,0.8517995,0.0010878067
5878,0.7819760449744834,0.64655685,0.00520529
5879,0.7382717651072477,0.90829295,0.0007911321
5880,0.8731651407709748,1.0467558,0.001438422
5881,0.9925197018887008,0.4286985,0.0025711795
5882,0.9817318796465376,0.7885495,0.004450118
5883,0.9535980772272696,0.432594,0.0063740076
5884,0.7847610776888685,0.8345513,0.00013485207
5885,0.7708198240335807,0.7528607,0.0028229032
5886,0.8338271212066891,1.1614846,0.004486079
5887,0.8343083359959734,1.0240494,0.00042253648
5888,0.9188689495254152,0.54842645,0.0055289348
5889,0.985158967800738,0.7398771,0.0040096017
5890,0.7572967728230366,0.875857,0.0016811558
5891,0.8443534342897343,1.1617401,0.0006023392
5892,0.7854980725940939,0.7528043,0.0014474122
5893,0.6755600022921231,1.1268549,0.0015373136
5894,0.6759546003403132,1.2178401,0.00020677317
5895,0.9719922400175798,0.71144515,2.6970414e-05
5896,0.933407567795876,0.79651916,0.005268221
5897,0.8831532291142158,0.68445075,0.0026520907
5898,0.970262573881737,0.5808329,0.00022475344
5899,0.8581941088019631,0.51992404,0.0043332465
5900,0.7156538693853993,0.8986181,0.003649996
5901,0.6681686473569471,1.0596342,0.0012765996
5902,0.9132203961347576,0.60454834,0.007767479
5903,0.9999961084611908,0.05624762,0.009331763
5904,0.8391495890244285,0.84245074,0.0006203195
5905,0.9999980148544864,0.08751729,0.0051063984
5906,0.9513827190559284,0.8291814,9.889151e-05
5907,0.9999974472544596,0.06319822,0.009421664
5908,0.8279769890953458,0.7542802,0.00089002366
5909,0.8501003006258046,0.8493137,0.00095295464
5910,0.9885086634957768,0.40793675,0.0050704377
5911,0.6895845432430063,0.99408054,0.008918216
5912,0.8974127392791911,0.5921331,0.003587065
5913,0.7852871422250771,0.93162954,0.0005483984
5914,0.8501767087657178,0.7270988,0.0055648955
5915,0.8299914279528126,0.57003623,0.015436066
5916,0.8916099375828206,0.7369653,0.00016182248
5917,0.8390049722282193,0.50009555,0.013988654
5918,0.9193194133839656,0.8915104,0.00010788166
5919,0.7352329130029158,0.7062952,0.0003506154
5920,0.955981010968853,0.15372649,0.00093497435
5921,0.6650397395621983,0.9553215,0.00026970415
5922,0.8417981784054466,0.70123017,0.0031645284
5923,0.8202236902639881,0.6788352,0.0048187138
5924,0.699456347847947,0.7585096,0.004899625
5925,0.6467722848462253,1.0463971,0.0021126824
5926,0.674754697403197,1.0500976,0.0009979053
5927,0.7844735403385974,0.6842504,0.012163657
5928,0.9762037092727396,0.39063668,0.011282623
5929,0.9999997867588154,0.07710188,0.004746793
5930,0.7063812358771173,1.067713,0.0012226588
5931,0.999999467831216,0.11675495,0.009044079
5932,0.7588808624646413,1.5635979,0.0029397751
5933,0.7319806830727464,0.8259927,0.003191499
5934,0.9393230711489362,0.46789774,0.0107072545
5935,0.8450823287403462,0.65551424,0.00261613
5936,0.8782326521565498,0.76683235,0.002229554
5937,0.9726502720947336,0.6527631,0.0013125602
5938,0.8989989903524606,0.7209866,0.00043152663
5939,0.8055333296395878,1.4480126,0.0026880512
5940,0.7637720864310522,0.8371451,0.0073809032
5941,0.7339778138138424,0.96610236,0.004558
5942,0.8245794464290966,0.7603595,0.003649996
5943,0.6261179892967316,1.0560125,0.00026970415
5944,0.7896163958886625,0.5728529,0.0099970335
5945,0.9999959947394108,0.057989508,0.009295803
5946,0.8923353201005577,0.95292807,7.19211e-05
5947,0.9126587337528912,0.5243214,0.009826221
5948,0.7983988971716689,1.0704175,0.0032993807
5949,0.9511699834711096,0.678332,0.010320678
5950,0.9995339215618996,0.06675766,0.0023284457
5951,0.9670066232046276,0.3916766,0.010806146
5952,0.8965952212100835,0.95754546,0.00034162524
5953,0.807052965724931,0.43842635,0.005717728
5954,0.7759013540758322,1.31257,0.0006293096
5955,0.7178447906041999,0.8793749,0.0018969191
5956,0.938008020823411,0.5836222,0.014887668
5957,0.7050747175125165,0.92557365,0.0007371913
5958,0.757791129627773,0.7702302,0.0071201893
5959,0.7237914654315086,1.1209115,0.0032184694
5960,0.8056014657259507,0.85768825,0.002283495
5961,0.8714453606558273,0.6723379,0.001042856
5962,0.7383600003539493,0.9991228,0.00036859565
5963,0.8806134593805707,0.61653805,0.008073144
5964,0.8922236590110244,0.51813966,0.0057896487
5965,0.94603911596386,0.56800807,0.00845972
5966,0.947112511369474,0.6650108,0.00010788166
5967,0.9999988332404144,0.08267609,0.004971546
5968,0.725583112286508,1.06725,4.4950688e-05
5969,0.7249831267754011,0.86199325,0.0021036922
5970,0.7529974557453964,0.9823867,2.6970414e-05
5971,0.8560449902639911,1.0473127,0.00048546743
5972,0.7982933965623207,0.8254064,0.0011237672
5973,0.7346586671818426,0.96424824,0.0006472899
5974,0.9821216278376462,0.9587683,0.0009889152
5975,0.9100938186371372,0.7830577,0.0012765996
5976,0.6950706792423189,1.2079064,0.0012496292
5977,0.887356040565231,0.62511444,0.0013125602
5978,0.5976148414671537,1.0387626,0.0003056647
5979,0.9251430382687634,0.9224333,0.0021935937
5980,0.7098066543676231,1.0558336,0.0
5981,0.9461017266898628,0.5569603,0.00023374359
5982,0.6505791342537393,1.1735178,0.00029667455
5983,0.7156821358316827,0.9392576,0.0047917436
5984,0.9999982869185438,0.058386814,0.009385704
5985,0.8312225150405657,0.86960304,0.010563412
5986,0.7803113935396969,1.1425376,0.001429432
5987,0.6702602987400323,1.0831379,0.0023644064
5988,0.7600128294144359,0.6600903,0.007488785
5989,0.966776139816436,0.5562931,0.0020677317
5990,0.8363328230849107,0.60009754,0.00022475344
5991,0.754145443806942,0.97780067,0.0003506154
5992,0.7439270944558937,0.6897355,0.003065637
5993,0.9099885760443648,0.8026518,0.0002876844
5994,0.9999984961614188,0.08033503,0.0044680983
5995,0.9028898880733252,0.9804159,0.0010068954
5996,0.8398698871337653,1.0058898,0.0011687179
5997,0.9608783705061096,0.4789226,0.005609846
5998,0.8124981194385832,0.8778097,0.002750982
5999,0.91167679338116,0.58178645,0.006400978
6000,0.7533803310205215,1.028769,0.0022924852
6001,0.8878834421458975,0.6690536,0.0011597278
6002,0.9999993113753984,0.08614105,0.005025487
6003,0.8376078309735064,1.2438563,0.00015283235
6004,0.7538945232603551,0.76088977,0.00090800395
6005,0.7856386168394778,0.92367184,0.0004045562
6006,0.9585938151526076,0.4042368,0.0041444534
6007,0.8291642027219117,0.7791837,0.00259815
6008,0.8024347787162374,1.0233744,5.394083e-05
6009,0.8481934483156136,0.6998949,0.0014653924
6010,0.8376094903540515,0.6183098,0.0053131715
6011,0.7975512628694231,0.769407,0.008091124
6012,0.8614625982577301,1.0960442,0.00081810256
6013,0.9999869482024524,0.06548477,0.00914297
6014,0.8264996188532738,0.6802235,0.0025531992
6015,0.8657279113968941,0.950849,0.002741992
6016,0.9632499121559768,0.45959395,0.0063560274
6017,0.7936984744799083,0.69553345,0.006194205
6018,0.7530667887879483,0.90188307,0.0014743826
6019,0.7703120941815849,0.97097284,0.00036859565
6020,0.7088150699644261,1.0102903,0.0022924852
6021,0.8702342978202623,0.4944809,0.006212185
6022,0.8962057109906592,0.69983,0.009826221
6023,0.9404621758935572,0.5308985,0.004441128
6024,0.5766087231924066,1.0872351,0.0006023392
6025,0.7966120522965223,0.77204067,0.003730907
6026,0.8975520038429553,0.82815826,0.004000611
6027,0.8850105692112502,0.89504147,0.0009979053
6028,0.8758388065648359,0.632419,0.0048726546
6029,0.7721047444545961,0.8719574,0.0027689624
6030,0.8977692059774369,0.6609213,0.0025082484
6031,0.853344727447356,0.85012054,0.0005483984
6032,0.9150041981442124,0.7117101,0.00094396446
6033,0.8528411839020714,0.4446921,0.0031645284
6034,0.9964777008765776,0.10715747,0.055532083
6035,0.9453012884132076,0.36877307,0.014546043
6036,0.7673470512505051,0.9682158,0.0003506154
6037,0.882244836402611,0.6142241,0.0037398974
6038,0.9822602591289278,0.6279943,0.00716514
6039,0.8211589025805195,0.9207356,0.00010788166
6040,0.8148651544698025,0.5758953,0.015912544
6041,0.8470611303711922,1.0178103,0.0018339881
6042,0.9551688604274065,1.2011443,1.7980276e-05
6043,0.9998513988975666,0.07395645,0.00023374359
6044,0.7810058265534258,0.63459396,0.0022025837
6045,0.9859958313313508,0.5388254,0.00043152663
6046,0.864278390926752,0.7892377,0.00029667455
6047,0.7486344033870576,0.92003083,0.0011956884
6048,0.913157780311716,0.48356888,0.011498386
6049,0.7147328828653319,1.0205324,0.0012586192
6050,0.8750698013964575,0.778864,0.0020497513
6051,0.8863373342524776,0.8141478,0.00081810256
6052,0.9999779467953012,0.068976045,0.06522345
6053,0.8784457894262692,0.6390914,9.889151e-05
6054,0.9285609704963972,0.6644109,0.003128568
6055,0.9437782041749204,0.61024517,0.01301772
6056,0.7691870664197484,0.8136668,0.0040635425
6057,0.8482063465195877,0.95298094,0.001366501
6058,0.8829379901264279,0.88251024,0.0005663787
6059,0.670081168279105,1.1504021,0.0014564024
6060,0.9057098483625896,0.80300754,0.0011417475
6061,0.948720845886464,0.51492053,0.00084507297
6062,0.800199999302154,0.78492856,0.0032094792
6063,0.6888589649912441,1.0236853,0.0031735187
6064,0.9416589269773644,0.5017712,0.0024273372
6065,0.8991437391363483,0.5526799,0.0005663787
6066,0.8473277749704957,0.89128846,0.005960461
6067,0.7204676512718868,0.9663169,0.002490268
6068,0.8285378855775728,0.7175454,0.00023374359
6069,0.8416182214581195,0.8623981,0.0017171163
6070,0.8788966668511109,0.9931839,0.0032814003
6071,0.939102282554066,0.72987705,0.00017980275
6072,0.8389302881067184,0.5296522,0.0050434675
6073,0.711419125861317,1.1453615,0.001105787
6074,0.926897496697498,0.58661455,0.0058435895
6075,0.6670079445257193,0.87807137,0.0014024616
6076,0.6714135562496423,1.1016637,0.001501353
6077,0.7550472713628196,0.9329732,0.0061043035
6078,0.9994304843217088,0.06440324,0.0022655148
6079,0.70082778762607,1.0910507,0.0007102209
6080,0.8630655455276124,0.52480537,0.0018429783
6081,0.8980042318517705,0.7220255,0.008234967
6082,0.6457226835599745,0.9993039,0.00046748717
6083,0.7396520405258714,1.1542578,0.0005304181
6084,0.730218447829189,0.84303814,0.0010068954
6085,0.7899363460808357,0.920483,0.0021036922
6086,0.7702636656854217,0.85840464,0.0021036922
6087,0.9871556232514548,0.7720314,0.001564284
6088,0.6813184056837577,0.8148317,0.0008091124
6089,0.9388093474582372,0.8559136,0.00097093487
6090,0.850591648582246,0.9753982,0.00021576331
6091,0.9990944374282144,0.22639346,0.038756482
6092,0.8986406375557326,0.76029027,0.0014653924
6093,0.8655948319159341,1.054397,0.0033443312
6094,0.6692675015359136,0.97205883,0.00044051674
6095,0.8253077058961189,0.9308714,0.0007371913
6096,0.947463610069428,0.43752152,0.00015283235
6097,0.7837740911994698,0.60073143,0.0030386667
6098,0.7467065274180222,0.83964914,0.00027869426
6099,0.7655862085959644,0.9715209,0.0013215502
6100,0.618239163135621,1.2761712,0.0018969191
6101,0.9992554988563452,0.053671006,0.0050794277
6102,0.9999400386283,0.07167799,0.0022385444
6103,0.990153231956602,0.66635334,0.0013215502
6104,0.9999931557413412,0.08314858,0.0045400197
6105,0.999866950256934,0.06589575,0.006221175
6106,0.9851102600459984,0.5468069,0.0005034477
6107,0.9130912184676532,0.69907683,0.0036949466
6108,0.8932173655995947,0.6834085,0.0034701931
6109,0.8497956550765476,0.76391685,0.0006562801
6110,0.907433171680849,0.35565412,0.011992844
6111,0.992133271461172,0.67442155,0.00011687179
6112,0.7731334737796637,1.0415273,0.0017980275
6113,0.8526506530291719,0.51714927,0.00979026
6114,0.999996975088728,0.10525961,0.009907132
6115,0.9088034081482096,0.75419194,0.0056547965
6116,0.9207736128402289,0.63482803,0.004737803
6117,0.9999993335468982,0.06606375,0.009367724
6118,0.8766188745302463,1.2267029,0.0038747494
6119,0.9256022990067774,0.44801846,0.00782142
6120,0.9352752031499902,0.6349623,5.394083e-05
6121,0.8120539781502198,0.8611905,0.0012855898
6122,0.7382352870069196,0.8924887,0.004045562
6123,0.930343670663918,0.49258634,0.00718312
6124,0.7546707399209037,0.7717741,0.0027779527
6125,0.9404521690605075,0.47704703,0.022097759
6126,0.5493021527942058,1.1259204,0.00023374359
6127,0.9167008978781132,0.98820376,0.00022475344
6128,0.945754919893013,0.66890264,8.9901376e-05
6129,0.7856797188189731,0.90290886,0.00041354634
6130,0.991065669074328,0.48793948,0.0063560274
6131,0.8572788789774686,0.8811233,0.0032184694
6132,0.8975264718777011,0.63614357,0.010239767
6133,0.838982549426524,1.2699299,0.0013125602
6134,0.9654744654885352,0.6698553,0.0012855898
6135,0.853181342767515,0.79213446,0.003587065
6136,0.8692604995614814,1.0326347,0.00011687179
6137,0.9999981305524404,0.0612455,0.009376714
6138,0.810212217235504,0.782377,0.0043512266
6139,0.7233514173084179,0.76346874,0.002355416
6140,0.8357471609537422,0.73527384,0.0027869428
6141,0.9827593203366688,0.6252033,0.004180414
6142,0.8510192214329437,0.64834505,0.00093497435
6143,0.8284428793456229,0.74257493,0.0061132936
6144,0.8494635234632462,0.8476695,4.4950688e-05
6145,0.6449212605314916,1.3280699,0.0006113294
6146,0.9647609957564596,0.7141457,0.0018519684
6147,0.8222458903756005,0.91483206,0.0014833728
6148,0.765348381764431,1.0731803,0.0024992584
6149,0.9367375280372244,0.875823,0.00093497435
6150,0.8731130257999313,0.8159086,0.000719211
6151,0.931567637933442,0.70286745,0.0006742603
6152,0.9685589427631928,0.8367868,2.6970414e-05
6153,0.8151178707735766,1.0208775,0.0015732741
6154,0.8806944496709337,0.42237717,0.0049895267
6155,0.6762783144927558,1.0395576,0.001177708
6156,0.8789362684423341,0.65153265,0.000521428
6157,0.8091370124361231,0.6491349,0.0012586192
6158,0.9786374357681928,0.5613598,0.011327574
6159,0.7712550640442495,0.94590443,9.889151e-05
6160,0.9999982974188318,0.062727295,0.009448634
6161,0.999997793045564,0.052488383,0.065762855
6162,0.8575213660763211,0.93632114,0.0003146548
6163,0.9660309856959228,0.6208293,5.394083e-05
6164,0.7734695000444268,0.62131774,0.0038297987
6165,0.9014580475996786,0.626576,0.004764773
6166,0.9928722925801708,0.73262954,0.0004944576
6167,0.8571314174003218,0.88169295,0.001240639
6168,0.7872017597182811,0.8928501,0.001366501
6169,0.6974593932199808,0.9937354,0.0017350966
6170,0.9042158207099936,0.5997271,0.0073179724
6171,0.6532537097574719,1.032183,0.00017081262
6172,0.977210368509023,0.66277725,0.0016182248
6173,0.665658482228876,1.0860155,0.0019508599
6174,0.9601721270837446,0.38843927,0.0064099682
6175,0.7034635267684284,0.92242265,0.00039556605
6176,0.7095684080547671,0.52432245,0.0036949466
6177,0.8579878940227637,0.9928635,0.0024632977
6178,0.917094520970386,0.7156977,0.003389282
6179,0.7614394764435672,0.88931775,0.0031015975
6180,0.7633153876187984,0.8085316,0.0036230255
6181,0.8565549655829793,0.62170345,0.006715633
6182,0.9952222721394404,0.19144474,0.05738405
6183,0.8496240782538447,0.7595223,0.006922406
6184,0.8904680648689222,0.57435364,0.007623637
6185,0.6907046780376916,1.2406306,0.0037758579
6186,0.7043841295859951,1.1584797,0.00010788166
6187,0.5381789230287817,1.1204754,0.00026970415
6188,0.9668687105452248,0.8409292,0.00017980275
6189,0.8101066180816019,0.7914725,0.0030116963
6190,0.6915464019379788,0.87344563,0.0012496292
6191,0.882523179843365,0.89782006,0.00091699406
6192,0.8839611403175228,0.51383126,0.0043961774
6193,0.9394274206271076,0.41970187,0.010958978
6194,0.9894495106225392,0.70150685,0.00045849703
6195,0.768433332170336,0.9444102,0.00261613
6196,0.9535400610836456,0.6953179,0.00039556605
6197,0.8116328860751452,0.82657015,0.0015822642
6198,0.7938250400838838,1.0772103,0.001438422
6199,0.766552001197701,0.5785544,0.013116611
6200,0.7162570255506023,1.1921322,8.990138e-06
6201,0.7923434442520365,1.1971604,0.003721917
6202,0.7849175097731247,1.1886325,0.0034791834
6203,0.81847147872182,0.802564,0.0034252426
6204,0.826829302974484,0.8872851,0.002750982
6205,0.7750664861120289,1.1015687,0.00041354634
6206,0.8106178726932017,0.97542596,0.0003506154
6207,0.8811600411250362,0.44091308,0.005942481
6208,0.7649572438899066,0.9703048,0.00017081262
6209,0.8422870687924974,0.69809467,0.0062301657
6210,0.8129589486476928,1.0882001,0.0038297987
6211,0.9999995130450642,0.06235898,0.009484596
6212,0.9774949283525274,0.90174705,0.00086305325
6213,0.8841572020023685,0.9615075,0.0013844812
6214,0.9720455271269112,0.65695214,0.00010788166
6215,0.840040969182164,0.70568556,0.0013844812
6216,0.9620248954619954,0.98566467,0.00012586193
6217,0.7507645143943574,0.9154724,0.0004944576
6218,0.9767288638230076,0.7819928,0.0007282012
6219,0.7733702757523389,0.7472457,0.00195985
6220,0.9454591221346614,0.48904434,0.0003056647
6221,0.7761497670912527,0.96205205,0.00084507297
6222,0.6685805309064682,0.9103035,0.00026970415
6223,0.8811650816135029,0.96486336,0.00027869426
6224,0.8932748089545333,0.7593071,0.0027060315
6225,0.8277608208310707,0.7525079,0.0030116963
6226,0.7102587538827181,0.9394734,0.0011327574
6227,0.7265404543961662,1.0236193,0.0017710571
6228,0.9180334259417868,0.6552133,0.0002876844
6229,0.8712989643042965,0.8518967,0.0026880512
6230,0.9357777503763268,0.85386914,8.091124e-05
6231,0.8133624120492655,0.8093991,0.0030566468
6232,0.8361814346533922,0.8820182,4.4950688e-05
6233,0.9197184832379262,0.48360577,0.0066796723
6234,0.7234221560285499,1.1294188,0.00089002366
6235,0.7761060615513239,0.8637509,0.0019059093
6236,0.6883552598765965,0.9072175,0.0030746271
6237,0.733473581602911,1.0087104,4.4950688e-05
6238,0.9545760729401174,0.7020314,0.00039556605
6239,0.9044891197213054,0.62252575,0.0023374357
6240,0.897932019556712,0.5961686,0.0036589862
6241,0.8193884953460656,0.66982836,0.00850467
6242,0.8117148950215306,0.61042136,0.0062841065
6243,0.7898760279880024,1.1395736,0.00039556605
6244,0.9422322010610809,0.6729018,0.002741992
6245,0.8801572892517231,1.0593623,0.0005753688
6246,0.8367160361913285,0.8490365,0.0035780747
6247,0.8777472002690163,0.83581865,0.0005663787
6248,0.8692761256575694,0.403791,0.010491491
6249,0.7647527066631057,0.9460381,0.0057716686
6250,0.8471641728718392,0.9205125,0.00034162524
6251,0.9422774228733852,0.6228438,0.0029757356
6252,0.7996569778146102,0.8971996,0.00034162524
6253,0.9443380448156236,0.6492658,0.001042856
6254,0.952924721016844,0.9164621,0.003838789
6255,0.8962088789521656,1.2281547,0.000521428
6256,0.9325911329973838,0.82097554,0.00096194475
6257,0.9818210799912008,0.25740016,0.014267349
6258,0.7637936641196144,0.87685716,0.0029757356
6259,0.8728391957632009,0.82335675,0.0034072623
6260,0.7244934743249841,0.96253127,5.394083e-05
6261,0.7571964378090802,1.2265828,4.4950688e-05
6262,0.8605626934786823,0.9474316,0.00081810256
6263,0.9999949024527588,0.059370846,0.009484596
6264,0.6623829220153218,0.903894,0.0010158856
6265,0.9999941624756414,0.07984031,0.004558
6266,0.7713344251246642,0.9451123,0.0016092347
6267,0.6595851539759682,0.9315829,0.0007102209
6268,0.93678176177513,0.65784365,0.0025172385
6269,0.6072316770623115,1.0221401,0.002220564
6270,0.7809470253172031,0.66310275,0.003335341
6271,0.7868971454961722,0.59329075,0.0066886623
6272,0.8891278816253048,0.86572635,0.0012136686
6273,0.921368289692173,0.71911055,0.00023374359
6274,0.8075083815927996,1.2570206,0.0005753688
6275,0.6841754624658039,1.0206623,0.0024363273
6276,0.9006306106859482,0.75398755,0.0007102209
6277,0.9997023150714204,0.053141575,0.0068864455
6278,0.8608665540404045,0.385069,0.01041957
6279,0.853344727447356,0.88657224,0.0003146548
6280,0.7840166194288162,0.67583627,0.0063740076
6281,0.902080839613288,0.6424985,0.003191499
6282,0.9067370803707656,0.8124894,8.091124e-05
6283,0.8829489321003814,0.9914937,0.0036410058
6284,0.6737780504563418,1.0165257,0.0010698264
6285,0.8437019515216598,0.79550433,0.0010698264
6286,0.8781782182465745,0.77041525,0.0046479013
6287,0.8703737590829377,0.4490684,0.003721917
6288,0.7440181019361692,0.73762006,0.0013215502
6289,0.9785656512099746,0.7677224,0.0010878067
6290,0.8792217168779688,0.56068206,0.0084777
6291,0.9658379559687164,0.73950714,0.0009889152
6292,0.7776932840695775,0.71276253,0.0037668678
6293,0.8700020241540667,0.7327558,0.0010608362
6294,0.8114019712229671,0.764512,0.002993716
6295,0.6609502496822643,1.1838633,0.0013395306
6296,0.9047979271687892,1.144616,0.0
6297,0.8609406065449826,0.94427246,0.004890635
6298,0.7215839551412847,0.88101494,0.0050794277
6299,0.8854631292149167,0.7373487,0.0045759804
6300,0.8139808438006064,0.87008744,0.00096194475
6301,0.8875885068669335,0.5313107,0.008720433
6302,0.8874656228670068,0.9186912,0.00074618147
6303,0.9033449507423956,0.7477102,0.001042856
6304,0.8731610444337664,0.7490003,0.0006742603
6305,0.991265734751332,0.14738671,0.07393489
6306,0.671255593536092,1.2128575,0.0003596055
6307,0.8034108684454097,0.64199656,0.0009259842
6308,0.9781216508738896,0.35160416,0.009340753
6309,0.8893890094349403,0.5351798,0.0025531992
6310,0.8412426850041713,0.7171972,0.0055289348
6311,0.7758363781164047,1.1676682,0.0023104653
6312,0.722965678371831,0.9867788,0.00261613
6313,0.8779483265278208,0.67615116,0.011165751
6314,0.752004507107811,1.0626498,0.0033443312
6315,0.999999166803784,0.062129326,0.009367724
6316,0.8362392660985514,0.5907412,0.0020048008
6317,0.9265789321584788,0.65080106,0.007111199
6318,0.9812388035910982,0.27639726,0.0024363273
6319,0.9999968057597112,0.0578151,0.009223881
6320,0.7971836108205714,1.0275632,0.001366501
6321,0.999993142250332,0.05579336,0.009241861
6322,0.8674549538633748,0.7482314,0.001240639
6323,0.8731310610515509,0.7146837,0.0034342327
6324,0.8408684421442052,0.54808897,0.004036572
6325,0.9996477251338806,0.04998976,0.008558611
6326,0.788290867326686,0.7460884,0.0040635425
6327,0.9999942300253726,0.056732655,0.009457625
6328,0.9350113370668338,0.8845351,0.009934102
6329,0.8719933264119543,0.9191501,0.0012945798
6330,0.8564107045803372,0.9059974,0.0014474122
6331,0.8609531212135865,0.8572577,0.008999128
6332,0.9434020772766069,0.5798422,0.007452824
6333,0.9946748656534689,0.23264386,0.02872349
6334,0.7997903293523507,0.80589586,0.0020677317
6335,0.99993589371097,0.41352758,0.00021576331
6336,0.7255616167766638,0.69938606,0.010806146
6337,0.7802120116351521,1.0917367,0.0017440867
6338,0.999996940868157,0.08174572,0.004746793
6339,0.6831873057979745,1.081409,0.0052502407
6340,0.7120280644744428,0.8647459,0.007219081
6341,0.768800289529459,1.172527,0.00094396446
6342,0.92730940732217,0.7928227,0.005933491
6343,0.949544802006766,0.826459,0.0064279484
6344,0.7528193497197245,1.2470049,0.0012676094
6345,0.8025924154297117,0.67802525,0.002346426
6346,0.6265696829372636,1.5073521,0.00022475344
6347,0.9723446999721296,0.57391995,0.00089002366
6348,0.8704168855366278,0.2942598,0.008540631
6349,0.7690414764938971,1.020919,0.00044051674
6350,0.7165342530008671,0.9256983,0.00017980275
6351,0.8136053451487444,1.088691,0.0033083707
6352,0.7455350436149418,1.2768602,0.001105787
6353,0.8244235708874306,0.83441734,0.00325443
6354,0.804979396324602,1.0097239,0.0002876844
6355,0.7914433501132384,0.9169537,0.0015373136
6356,0.9999998482498462,0.07456377,0.0047288127
6357,0.8535583463899921,0.90348816,0.0003146548
6358,0.7396561609659924,1.0374827,0.0054480233
6359,0.8268245197114381,0.5771367,0.00087204337
6360,0.910010306914145,0.518709,0.011183731
6361,0.8265132170368504,0.9225103,0.0012316488
6362,0.9029606522825028,0.39234746,0.0027779527
6363,0.8151565738328681,1.030303,0.0027959328
6364,0.8572568505655169,0.7194806,0.0046209306
6365,0.9459265940596462,0.72158235,0.000521428
6366,0.9999959947394108,0.05816021,0.009313783
6367,0.9576377152352892,1.0332737,0.0022385444
6368,0.7878151351550142,0.28068832,0.00051243784
6369,0.999998001746618,0.08626867,0.005025487
6370,0.718377813944758,0.79136467,0.0013395306
6371,0.9999996882505682,0.080083035,0.004737803
6372,0.6629026513556233,0.8348536,0.0037398974
6373,0.947112511369474,1.1186907,0.00015283235
6374,0.8798014426484388,0.9793568,0.0010338658
6375,0.9999898223356668,0.058357988,0.00913398
6376,0.9527901774006436,0.69356716,0.00032364496
6377,0.8413415275752039,0.83617514,0.00042253648
6378,0.8812900116784732,0.82764256,0.0028948244
6379,0.9453012884132076,0.3372794,0.016164267
6380,0.8886465070235877,0.26359063,0.008190015
6381,0.7979567509760374,0.872331,0.0020587416
6382,0.802332681061438,0.91854274,0.0003146548
6383,0.6841571580610565,1.3158152,0.0027240117
6384,0.6667099292946287,1.0400188,0.0009889152
6385,0.9892237925530372,0.1885401,0.047063373
6386,0.7904517588590009,0.68463904,0.0034971635
6387,0.9999996436569552,0.067239344,0.009475606
6388,0.5802529371283817,0.9854079,8.091124e-05
6389,0.9812029791995116,0.58596087,0.0018339881
6390,0.8617214276014774,0.748103,0.0028139132
6391,0.907572798579958,1.1659737,0.00051243784
6392,0.7789592571868031,1.0547978,0.0007641617
6393,0.9998063838432684,0.055328794,0.004638911
6394,0.6829123645731076,0.8257244,0.0026610808
6395,0.6022845558769402,0.9196046,0.002993716
6396,0.92914821774438,0.609013,0.0036679762
6397,0.7265395384773088,0.71236414,0.0056368164
6398,0.6802122501197824,1.1640397,0.0004495069
6399,0.8726616872661507,0.9071643,4.4950688e-05
6400,0.9909109950655768,0.74750894,0.010779175
6401,0.9109728345386914,0.5309722,0.0156788
6402,0.7779378267151275,0.57500756,0.008109104
6403,0.917071496995732,0.7004505,0.00044051674
6404,0.9999410044797508,0.07585236,0.063578255
6405,0.9015868520175794,0.4198694,0.005951471
6406,0.8356984618365895,0.47401148,0.0075786863
6407,0.8707080031095916,0.70667446,0.0035511043
6408,0.8840171719881673,0.6090746,0.0051693292
6409,0.5766581170058054,1.0961738,3.596055e-05
6410,0.9999948895116302,0.055493385,0.009376714
6411,0.7101013483616662,0.9800489,0.002085712
6412,0.979224242394864,0.30224323,0.014698875
6413,0.4807476688057536,1.0695968,2.6970414e-05
6414,0.8859890214789428,0.64719164,0.004450118
6415,0.8373294720107155,0.70001304,0.004189404
6416,0.8393867492316783,0.6344295,0.0028948244
6417,0.597953466620232,1.008836,0.0007102209
6418,0.9869930036595822,0.6486335,0.0006382998
6419,0.9999692876417432,0.09247298,9.889151e-05
6420,0.694188363508812,1.0242257,0.0049985168
6421,0.8048652997113851,0.832899,0.0008270927
6422,0.9153321968406892,0.7439448,0.00032364496
6423,0.8513446697108711,0.82943124,0.004216375
6424,0.8469119816751073,0.6925248,0.0003506154
6425,0.8635924049691751,0.48954442,0.006059353
6426,0.8969764152434223,0.5437586,0.0034432227
6427,0.8459934934931151,0.6637261,0.00032364496
6428,0.8826030059980714,0.91962314,0.0005394083
6429,0.8779432697029136,0.55442023,0.005537925
6430,0.8842115904994097,0.9579974,0.0011956884
6431,0.8651037456112437,0.6347175,0.0026610808
6432,0.6512018114575004,1.075389,0.00081810256
6433,0.8055776791273201,0.40405083,0.008342848
6434,0.8910370856451577,1.19364,0.0010967968
6435,0.9427438394149052,0.8018728,0.0010967968
6436,0.8060999756874411,0.9950571,0.0009979053
6437,0.8251175292961096,1.0006233,0.0020048008
6438,0.9431362304816172,0.7660536,0.0013395306
6439,0.8018612087693695,0.60525185,0.0048816446
6440,0.7221237718696871,1.178197,0.00013485207
6441,0.8482524244285787,0.8063542,0.0006562801
6442,0.8260141062368369,0.65441364,0.006913416
6443,0.7890815180093159,0.7831477,0.0024543076
6444,0.8931461756387579,0.6054536,0.002094702
6445,0.8098489126095645,0.8152344,0.0024453176
6446,0.7500415785566957,1.1872752,0.0019328797
6447,0.868645567147599,0.9096524,0.0013215502
6448,0.7926808670908775,0.9251149,0.0020767218
6449,0.910648839855286,0.73825216,0.0012046784
6450,0.965939412821034,0.5827133,0.0047827535
6451,0.7741048739699625,1.1226984,0.0011597278
6452,0.8451849220971301,0.829854,0.002346426
6453,0.8225261143074598,0.74213487,0.008702453
6454,0.9674732330775168,0.52031165,0.0025891596
6455,0.8684131191478704,0.9331677,0.0041084928
6456,0.7350734916719961,0.9264157,0.0018789388
6457,0.8483935099304653,0.96543074,0.00038657594
6458,0.8480100854141897,0.9335205,0.001114777
6459,0.5666438671960286,0.97391015,0.0
6460,0.9998836484933262,0.29388213,0.009655408
6461,0.99999947534267,0.086324334,0.004719822
6462,0.8024799437356857,1.212968,0.00017980275
6463,0.997560091383697,0.36403102,0.0072730216
6464,0.8449227581639849,0.63267,0.00034162524
6465,0.8447328500910968,0.5054724,0.0035331242
6466,0.904451945536888,0.80265397,0.00034162524
6467,0.9107757677173736,0.8082527,0.0010158856
6468,0.8728609047421215,0.86474913,0.0006832505
6469,0.9043984919345563,0.9234468,0.0004495069
6470,0.999569204607419,0.29386345,0.0051693292
6471,0.882523179843365,0.94739807,0.0010698264
6472,0.8246084269428826,0.47985977,0.0072730216
6473,0.8603616364948963,0.7712171,0.003119578
6474,0.807867728325555,0.9227363,0.002013791
6475,0.7343676089375639,1.0159249,0.0005034477
6476,0.8773420271545834,0.9526222,0.0006293096
6477,0.8378293969521978,0.6528067,0.0019059093
6478,0.7264310358811834,1.1165037,0.0017350966
6479,0.7734599607112237,1.0891815,0.00015283235
6480,0.9100133338295262,0.6390282,0.0050434675
6481,0.91912505441998,0.6002709,0.005681767
6482,0.704872685168495,1.0265188,0.0053940825
6483,0.931197535307804,0.3986181,0.016559834
6484,0.7376454658025516,1.0846832,0.0006203195
6485,0.6174672127249847,0.9628134,0.000521428
6486,0.905742543488626,0.4268983,0.0144201815
6487,0.8221095969597367,0.70977235,0.0014743826
6488,0.9049743994193986,0.52649933,0.0024183472
6489,0.762115116709509,0.8766523,0.0010338658
6490,0.999956379952962,0.02916729,0.06133072
6491,0.8684131191478704,1.0201288,0.003452213
6492,0.811312846912051,0.9748829,0.0014204418
6493,0.8645191334367481,0.8478636,0.00023374359
6494,0.9822145838730514,0.55011797,0.0019868205
6495,0.8744569707900948,0.8519694,0.00039556605
6496,0.7691212574293425,0.6268074,0.0038747494
6497,0.8299120243872906,0.6206481,0.0057896487
6498,0.9998000621754796,0.2781615,0.0053221616
6499,0.8413826078612405,1.0209459,0.003712927
6500,0.912938155466149,0.5267743,0.0035421143
6501,0.6607940813991933,1.0577705,0.0006203195
6502,0.7251905696711067,0.8936681,0.0043422366
6503,0.7534293575698413,0.9787082,0.0063200668
6504,0.9992955435130768,0.28249976,0.022412414
6505,0.8137621831775116,0.64807665,0.008100114
6506,0.953758837772408,0.8151076,0.00077315187
6507,0.9193059218668616,0.63521534,0.0019508599
6508,0.9355727954573216,0.72585034,0.00391071
6509,0.7829021921740371,0.82524663,0.005978442
6510,0.867716958840887,0.6384231,0.0077315187
6511,0.5897898066624563,1.2043941,0.00051243784
6512,0.7764228756863567,1.1273634,0.00013485207
6513,0.9999981692104128,0.10357148,0.005160339
6514,0.8580791214341854,0.80787164,0.008019203
6515,0.8577864636797569,0.3884587,0.004701842
6516,0.907068495583514,1.0350683,0.003002706
6517,0.6903130060608765,1.1902682,0.0038927298
6518,0.792869238445175,0.64360774,0.00843275
6519,0.902080839613288,0.73605794,0.0027240117
6520,0.7946677305719632,0.5585359,0.006661692
6521,0.8881436024875924,0.73574543,0.0025801696
6522,0.8311765308531927,0.8465934,0.00051243784
6523,0.6345183889135113,1.129487,0.00095295464
6524,0.7959134326098118,1.1174672,0.0010068954
6525,0.9820117756967244,0.8604691,0.000782142
6526,0.8667259233334077,0.51385164,0.009089029
6527,0.9648165355668356,0.29890183,0.014869688
6528,0.8975878754415421,0.4908323,0.011507376
6529,0.7144893671294167,0.8926044,0.003002706
6530,0.9999927773722784,0.080332495,0.004638911
6531,0.7386660111557457,0.8998926,0.0024093569
6532,0.8993066343357685,0.7324907,0.0068774554
6533,0.8255563106724374,0.9480474,6.2930965e-05
6534,0.8387692734940456,0.80530226,3.596055e-05
6535,0.8683227739358008,0.79254764,0.00048546743
6536,0.7940169776354671,0.76781166,0.0017261065
6537,0.7583043313207153,1.0579271,0.0021306626
6538,0.9122009166182258,0.7799748,0.004701842
6539,0.8142693121093586,0.6311748,0.0064998697
6540,0.9644678950621886,0.41700166,0.0004045562
6541,0.7625651357857594,1.2062029,0.0060863234
6542,0.7763487660962822,0.986101,0.0046748715
6543,0.8848492677053281,1.0746901,0.00058435893
6544,0.9173389863711784,0.58841866,0.0016092347
6545,0.7792716051796222,0.73691165,0.011983854
6546,0.7625907891413762,0.83280504,0.0016451952
6547,0.8418248419576713,1.0685946,0.001438422
6548,0.8607157078225842,0.85407305,1.7980276e-05
6549,0.8041809800705457,0.67703056,0.008019203
6550,0.8784923259569192,0.85565805,0.0001887929
6551,0.7648095845981758,1.0140603,0.00048546743
6552,0.9999931352120154,0.05723318,0.009430654
6553,0.7918197316725109,0.8101342,0.004773763
6554,0.9126319499707756,0.3332364,0.008621542
6555,0.9035666643953512,0.6435901,0.006742603
6556,0.8747991311353955,1.0326648,0.0015552938
6557,0.9774530157611556,0.84605885,0.004252335
6558,0.7127210090457963,0.9027495,0.0012586192
6559,0.9985886157950769,0.19753602,0.06532234
6560,0.9878210416867118,0.19950332,0.044663005
6561,0.9388285259937982,1.2016166,0.0006832505
6562,0.8895499919876552,1.0816954,7.19211e-05
6563,0.8966993798431273,0.9490017,0.00029667455
6564,0.8893376909735342,1.026313,3.596055e-05
6565,0.9306730671979532,0.6978583,0.0006203195
6566,0.9999996820895748,0.07053904,0.004719822
6567,0.7737982275903108,0.94565046,0.001042856
6568,0.8802903938555409,1.0406603,0.0009979053
6569,0.7559880212136602,0.97052443,0.0027060315
6570,0.985158967800738,0.82327193,0.003856769
6571,0.7527785144508704,1.3368479,0.0006742603
6572,0.9127543549587306,1.0295265,0.0009889152
6573,0.7831188739280164,1.0424806,0.0045400197
6574,0.8485067747256687,0.5951259,0.00032364496
6575,0.8405662899188534,0.6078968,0.0056547965
6576,0.8519645887728609,0.9637132,0.0006562801
6577,0.9614500980028192,1.0051765,0.0006023392
6578,0.936545598238952,0.43734518,0.003452213
6579,0.832410410277835,0.44899926,0.0031735187
6580,0.8335854988493013,0.9042582,0.001564284
6581,0.8101901378407081,0.86177486,0.00045849703
6582,0.7949187595458547,0.909459,0.003847779
6583,0.7830351359022365,0.6195791,0.0045939605
6584,0.9693904713641956,0.4752371,0.0024183472
6585,0.7865353247859661,0.7862901,0.0025262288
6586,0.8778410762153365,0.7654123,0.00087204337
6587,0.8259911261798967,0.73938274,0.0018969191
6588,0.6904052928931153,0.7921708,0.007219081
6589,0.9999989184715302,0.06172162,0.009358734
6590,0.8611638873658193,0.3801656,0.015840624
6591,0.767669230654333,0.82054573,0.0032274595
6592,0.8588745280704856,0.9054073,0.0012316488
6593,0.8687326192418741,0.62875736,0.0036230255
6594,0.9391969269022864,0.73877347,0.002094702
6595,0.8737775806337121,0.9150332,0.0003506154
6596,0.7206353401204517,0.83827937,0.0060773334
6597,0.7773020604345248,1.0907384,4.4950688e-05
6598,0.7139356654506019,1.1450944,0.0036230255
6599,0.816872253268772,0.79184353,0.003982631
6600,0.7795466608870915,0.6795991,0.0030566468
6601,0.821085265621145,0.7616772,0.0006562801
6602,0.7926402122597836,0.66921014,0.004953566
6603,0.9434200975764728,0.85682,0.00026970415
6604,0.9700386755423318,0.29634517,0.007416864
6605,0.957093623659726,1.0012121,0.0007551716
6606,0.7892790246928714,1.0837569,0.0030566468
6607,0.8466314360092018,0.8560828,0.00097093487
6608,0.9986079737439612,0.65289354,1.7980276e-05
6609,0.718671390237736,0.91758394,0.0019148993
6610,0.9416879310157744,0.8645626,0.0008360828
6611,0.8591618791905795,0.8911093,0.000260714
6612,0.9259841270218112,0.90542537,0.0007551716
6613,0.8544216205647417,0.62469655,0.0071201893
6614,0.8810065857674608,0.79908586,0.001429432
6615,0.730439323505037,0.9045396,0.0041084928
6616,0.7390836950131144,0.8020181,0.005025487
6617,0.9436000276455154,1.0227028,0.00011687179
6618,0.7773348900793117,0.7849699,0.0029038144
6619,0.8240278343613143,0.8562575,0.00046748717
6620,0.986803255439516,0.39841592,0.00029667455
6621,0.999967863482208,0.071749285,0.0021396528
6622,0.6665379837278932,1.033756,0.001114777
6623,0.9317616285796564,0.49837384,0.0021846036
6624,0.778043265413427,1.1307995,0.0006203195
6625,0.9568755626032516,0.73049873,0.00012586193
6626,0.774938686408423,1.0265383,0.00086305325
6627,0.9999329324940376,0.058908112,0.0029577552
6628,0.6030507174054965,0.9783414,0.001366501
6629,0.8187012814936694,0.8185329,0.005403073
6630,0.8809640928896674,0.80549514,0.0023194556
6631,0.8088167151008954,0.83576924,0.0015193333
6632,0.9273968550585971,0.665882,0.001105787
6633,0.6358442980966643,1.0926377,0.000719211
6634,0.7983976123694,0.9081371,0.0001438422
6635,0.7593722059312263,1.1694162,2.6970414e-05
6636,0.9363885837696722,0.957672,0.0018879289
6637,0.9116631889632582,0.79921806,5.394083e-05
6638,0.7930020816416076,0.9479582,0.0005573885
6639,0.852791421440537,0.7305032,0.0066347215
6640,0.9685257434906016,0.914785,0.000521428
6641,0.8169983013587044,0.9403886,0.0035511043
6642,0.7783259041100625,0.60624045,0.0030206863
6643,0.7893984868982629,1.0626677,0.004558
6644,0.9999942231385092,0.058022536,0.009205901
6645,0.5680215807759461,1.0114406,0.0004944576
6646,0.8670302436442894,0.32862744,0.0061043035
6647,0.7484284838300157,0.95380443,0.0012136686
6648,0.891174504242368,0.5229834,0.010851096
6649,0.9363885837696722,0.96989363,0.0027060315
6650,0.9107125235596676,0.52904135,0.005492974
6651,0.8184466074830894,1.0068191,0.0017261065
6652,0.812263072849285,1.0835317,0.0028408836
6653,0.8383046075740305,0.833575,0.0017800473
6654,0.7942021382912978,0.7095299,0.0037668678
6655,0.9848033506331756,0.55334073,0.00045849703
6656,0.940548346938284,0.6021709,0.002094702
6657,0.667192686339597,0.9736126,0.00013485207
6658,0.7114628749540767,1.1404473,0.0012496292
6659,0.9509664068906843,0.9061877,0.0011866982
6660,0.9788214509124376,0.74342835,0.00048546743
6661,0.8224992368427451,0.48322716,0.008846296
6662,0.7073720927425133,1.1265299,0.0022655148
6663,0.834063701970397,0.59189886,0.0048366943
6664,0.7858129927308987,0.54357326,0.0045759804
6665,0.9999952020121872,0.08084626,0.0046209306
6666,0.9999974630329252,0.06092971,0.009295803
6667,0.9999356783090052,0.061619367,0.0057087373
6668,0.9905368333663898,0.7098484,0.0018070177
6669,0.7173839279530038,1.0171067,0.0014653924
6670,0.9760456654434582,0.48271734,0.0006293096
6671,0.8425613923543691,0.74524945,0.0017081262
6672,0.999738336066334,0.07256148,0.0021756133
6673,0.7594970874693571,0.8420369,0.00021576331
6674,0.8573831566222389,0.76013714,0.0040725325
6675,0.6986653749728348,0.86962205,0.005735708
6676,0.7651540351910857,0.74374944,0.0065448205
6677,0.8645977406772127,0.8326897,0.0035600946
6678,0.9711603406791828,0.5955898,0.0032814003
6679,0.9359293825556976,0.48599184,0.017297026
6680,0.7550036405486347,0.94039774,0.0017710571
6681,0.9819610260021984,0.48919278,0.008100114
6682,0.8876618599576929,0.83601606,0.0003596055
6683,0.7269813503467379,1.0118912,0.0021576332
6684,0.8311055138768715,0.84282064,0.0011687179
6685,0.8910017986892897,0.40088195,0.008163045
6686,0.8833518262601956,0.9147615,0.0060503627
6687,0.7924422558268397,0.91322005,0.0036140354
6688,0.6830652131309026,1.0624989,0.0007282012
6689,0.7346227450525877,0.9674897,0.0016631755
6690,0.7647748520879045,0.873534,0.001375491
6691,0.92998246564057,0.88742834,0.00095295464
6692,0.7626627819237022,0.829873,0.0037938382
6693,0.7649061131192467,0.94631445,0.005996422
6694,0.8713005846440575,0.66618776,0.004719822
6695,0.8167818550543152,0.998416,0.010131885
6696,0.870150665963841,0.56356823,0.0069493763
6697,0.926212293540902,0.967804,0.00011687179
6698,0.9582927919052876,0.40276748,0.004432138
6699,0.7423339938260792,0.9186986,0.0006832505
6700,0.8691705523616113,1.036013,0.00039556605
6701,0.5195414899815494,0.9194398,4.4950688e-05
6702,0.90053107451126,0.8079432,0.000260714
6703,0.9999993943344462,0.067456216,0.009520556
6704,0.8947995968044576,0.45578337,0.014716855
6705,0.8942698840825856,0.53822356,0.013638039
6706,0.8770652558670091,0.67689806,0.0043512266
6707,0.995871262631102,0.6367531,0.00022475344
6708,0.4213962063811594,1.0412432,2.6970414e-05
6709,0.9099669580280814,0.9253286,0.0006742603
6710,0.99505254176812,0.30369207,0.016389022
6711,0.9165928390935736,0.9496219,0.0017530769
6712,0.8510689205363428,0.78544784,5.394083e-05
6713,0.6431775494167375,0.95870996,0.0039376803
6714,0.9161247706659208,0.48372325,0.00086305325
6715,0.7000775815901521,0.81353766,0.0027689624
6716,0.9575410301107944,1.0247588,0.00025172386
6717,0.9872819040415556,0.83834636,1.7980276e-05
6718,0.9482083236093072,0.80413723,0.0031465483
6719,0.603224604282298,1.1171213,0.0006023392
6720,0.9955807902806554,0.5537366,0.0053401417
6721,0.6857910066197229,0.99009347,0.0006742603
6722,0.7322210640771415,0.9429008,0.0038837395
6723,0.9495585392119478,0.68316376,0.00023374359
6724,0.6392490075843231,1.0715773,0.00027869426
6725,0.728950597425935,0.92723453,0.0013575108
6726,0.8666197844183403,1.1124003,0.003847779
6727,0.8683806978971597,1.0643821,0.00017081262
6728,0.5290737062022127,1.4102973,0.00022475344
6729,0.6791291482549588,1.1388425,0.0014564024
6730,0.729631299426568,1.080692,0.004036572
6731,0.8298042671819399,0.7862834,0.0026970413
6732,0.595718785789809,1.1931549,0.00024273372
6733,0.8750005066305148,0.60292107,0.0010158856
6734,0.5686194657274767,1.0642642,0.00021576331
6735,0.7914565951699654,0.9490391,0.0028948244
6736,0.8674434750362882,0.8479393,0.0058256094
6737,0.9346808442255125,1.2888936,0.0032364496
6738,0.8081481960279393,0.56468636,0.0016901459
6739,0.9315523678932408,0.6523614,0.0038837395
6740,0.9181048774985228,1.1677955,0.0011866982
6741,0.8172007287032539,1.0026745,0.00010788166
6742,0.9054500381779866,0.8387067,0.0023014753
6743,0.4285974091803846,1.1237804,8.990138e-06
6744,0.8482121970370842,0.6896295,0.006922406
6745,0.8639323694545322,0.83296925,0.004306276
6746,0.8337723443828458,0.94353944,0.0012136686
6747,0.674840659471381,1.0745438,0.00084507297
6748,0.9118627991795238,0.73132795,0.0011866982
6749,0.7677936228647674,0.7424028,5.394083e-05
6750,0.8104757251310963,0.96529067,0.00026970415
6751,0.7817375622496766,0.6081008,0.0065897712
6752,0.9999959210363096,0.06613655,0.00914297
6753,0.8342896851672503,1.1029578,0.0029487652
6754,0.6296061589521826,1.0023054,0.0005483984
6755,0.7977247910284714,0.5261464,0.009071049
6756,0.8181318474500434,0.5286732,0.015570919
6757,0.8404502035408279,1.019671,8.091124e-05
6758,0.742940621369028,0.85884273,0.0034072623
6759,0.729405113565345,1.0553118,0.0021306626
6760,0.7633472808996977,1.0729684,0.003587065
6761,0.7142129318253777,0.97337514,0.0010608362
6762,0.743875296615117,1.0467767,0.0005304181
6763,0.7519635301716673,1.0892241,0.0044051674
6764,0.7703478685953222,0.99302965,0.0006562801
6765,0.4695920750341928,1.2453643,0.0006832505
6766,0.7500415785566957,0.81973565,0.0016451952
6767,0.8605046316469506,0.6336882,0.0061132936
6768,0.9308634551796768,0.59947324,0.0027240117
6769,0.7711820844603584,1.1960263,0.0006832505
6770,0.9096552177093464,0.7190275,0.0025082484
6771,0.9999992956201826,0.06464514,0.009484596
6772,0.8077948494689609,0.8207969,0.0017890374
6773,0.7677527274777958,1.0442289,0.0055109547
6774,0.9452004576021183,0.53094256,0.0014474122
6775,0.9165598559811728,0.8496964,0.0050794277
6776,0.7347305992104961,1.040653,0.00044051674
6777,0.8756970304266537,0.9764365,0.0025172385
6778,0.7640257242667348,0.91840196,0.0033443312
6779,0.8079642922528301,0.97637606,0.0021036922
6780,0.7091796028909028,0.8994975,0.0023913768
6781,0.999738336066334,0.06842872,0.0025711795
6782,0.9464258069927592,0.65656936,0.008720433
6783,0.999999775668284,0.07272626,0.009529546
6784,0.8057855715892392,0.8894214,0.00034162524
6785,0.8822122721337669,1.0516738,8.990138e-06
6786,0.9955807902806554,0.5246507,0.0055828756
6787,0.8391888464144135,0.8406288,0.0056008557
6788,0.7971941250832462,1.1970053,0.0006203195
6789,0.9219026858124338,0.48715028,0.002355416
6790,0.6084623735620454,1.0300975,0.0006922406
6791,0.949272976510288,0.8852253,0.0008810335
6792,0.91305075327015,0.5794879,0.0076685874
6793,0.7986861277815529,0.8665671,0.00019778303
6794,0.8704637154553159,0.4900595,0.004638911
6795,0.7279973662852487,0.9048564,0.00017980275
6796,0.8793603393188605,0.6191014,0.0033173608
6797,0.7069618793978439,1.0147102,0.00097093487
6798,0.7316849879177061,0.9513671,0.007246051
6799,0.7927442660605143,1.040975,0.0016541854
6800,0.8360626413031083,0.74867654,0.0012316488
6801,0.9818607475944974,0.07353815,0.08274523
6802,0.9806649885707036,0.25411105,0.021405518
6803,0.9285923619373988,0.5847815,0.005726718
6804,0.6974171623469697,1.2010629,8.990138e-06
6805,0.6698537118919037,0.9174637,0.0019328797
6806,0.7293105722326368,0.7762305,0.006140264
6807,0.8490563636404796,1.1363368,0.0015103432
6808,0.7978648035515834,0.8812745,0.001366501
6809,0.638590239026622,0.97249997,0.0001438422
6810,0.8851251890538044,0.9404243,0.001042856
6811,0.5621864764263447,0.93841416,0.0005753688
6812,0.8447105402330912,0.4731734,0.006194205
6813,0.7848366059337042,0.939233,0.00261613
6814,0.7939732283944012,1.0132415,0.0003146548
6815,0.995136453598156,0.15248822,0.02741093
6816,0.7403128508096966,0.8540873,0.0017261065
6817,0.7669778927770725,1.1705675,0.0012676094
6818,0.8184437443764985,0.81965816,0.0011507376
6819,0.8040192798522277,0.8653694,0.0006382998
6820,0.9191064344911734,0.67656714,0.004234355
6821,0.7450678648401516,1.0290686,0.0018879289
6822,0.9999948895116302,0.056124605,0.009448634
6823,0.8008237308334429,1.0388718,0.0007641617
6824,0.7994803225681191,0.9195744,0.0024453176
6825,0.989570502463522,0.5463954,0.00026970415
6826,0.84791890207208,0.40560707,0.007299992
6827,0.824632281474232,0.5281777,0.005609846
6828,0.6465454166620467,1.3265164,0.0014923629
6829,0.8410431600420691,0.9086148,8.9901376e-05
6830,0.8312512562189015,1.1008576,0.0030296764
6831,0.9239337795736404,0.67650473,0.0012855898
6832,0.8886801010311671,0.9392356,0.002148643
6833,0.8719930959735398,1.1755466,0.0018070177
6834,0.9964755656326147,0.103747085,0.031033956
6835,0.8056895529253663,0.9614251,0.00019778303
6836,0.8736363700475984,0.70679456,0.0006023392
6837,0.7089029152530077,0.958037,0.0034342327
6838,0.948563787820502,0.6460858,0.0045939605
6839,0.8648562405790093,1.0889919,0.006005412
6840,0.8500942836547436,0.7864306,0.008243957
6841,0.9671626944754116,0.48757815,0.0012765996
6842,0.8114108895014531,1.1000867,0.0059155105
6843,0.9028914457690634,0.48557398,0.0071022087
6844,0.841288010507114,0.775333,0.0008360828
6845,0.9227125471288752,0.48692137,0.002283495
6846,0.8259291001039518,0.6468582,0.00651785
6847,0.8503764007705057,0.52250254,0.013647029
6848,0.9999972638091889,0.061440226,0.009250852
6849,0.8693159397153599,0.5543786,0.0036859566
6850,0.8014206926275342,0.7414601,0.0025891596
6851,0.7545995845903211,0.9371625,0.00089002366
6852,0.8381856509955974,0.9268241,0.00017081262
6853,0.8980098836101825,0.5019458,0.003856769
6854,0.858754284204581,0.53467023,0.004944576
6855,0.9323046273341512,0.48837516,0.00044051674
6856,0.7910597541301478,0.9756013,0.0025082484
6857,0.8910370856451577,0.96688735,0.0004495069
6858,0.928196211282526,0.5423594,0.0026700709
6859,0.9999284012755956,0.084342964,0.051738244
6860,0.9999903688106888,0.061004154,0.008882256
6861,0.6684538798185113,1.163942,0.0032094792
6862,0.7574695435468871,0.9320712,0.006275116
6863,0.9999490959585874,0.052341,0.007722528
6864,0.9926240547995184,0.4628073,0.0069403863
6865,0.7799689207323834,1.0222857,0.000260714
6866,0.9333008403533724,0.575524,0.0013575108
6867,0.9464031284949206,0.4148864,0.0020677317
6868,0.7765513876776343,1.0042595,0.0015732741
6869,0.858079710256753,0.7735338,0.0026700709
6870,0.9999762788526664,0.0581779,0.008603562
6871,0.7229533706508793,0.99940723,4.4950688e-05
6872,0.9999857680487272,0.039304327,0.062346607
6873,0.890370671798258,1.3431593,0.00019778303
6874,0.8030024521381356,0.9389513,0.0011956884
6875,0.7982162063738995,1.0510076,0.0018429783
6876,0.9183243463802911,0.4782121,0.006922406
6877,0.7386983278838443,0.84950495,0.0034432227
6878,0.6080542113065482,1.231142,0.00012586193
6879,0.9981537087671228,0.3433255,2.6970414e-05
6880,0.8071772624147651,0.8431851,7.19211e-05
6881,0.9999934107922102,0.055316802,0.009322773
6882,0.6429680755382401,1.211194,0.0011507376
6883,0.7092351753292886,0.9973439,0.0029757356
6884,0.9482549309567604,1.0310082,0.00026970415
6885,0.8217683397659692,0.91035914,0.0013575108
6886,0.6954441097569609,0.96660185,0.002733002
6887,0.8644292027070704,0.37307596,0.0064279484
6888,0.7052023117791952,1.1228749,0.0008270927
6889,0.7820374172313055,1.490106,0.00011687179
6890,0.7990665556132882,0.6821937,0.0021036922
6891,0.934531724742312,0.49659336,0.006239156
6892,0.8281342439959147,1.1185385,0.0015463037
6893,0.4641723405475502,1.172119,0.00036859565
6894,0.7586136780741629,0.85284185,0.0056458064
6895,0.8278445855850154,0.989075,0.001114777
6896,0.8400108018998281,0.6739434,0.0035511043
6897,0.9948668641161252,0.13228127,0.023095664
6898,0.8005974174129379,1.2482775,0.0021935937
6899,0.9942456399294995,0.5414338,0.0018969191
6900,0.5734354591474243,1.1991256,0.0013125602
6901,0.6774434647857801,0.88543135,5.394083e-05
6902,0.965810656310543,1.1690743,0.0030566468
6903,0.8981891455881021,0.9724012,0.00041354634
6904,0.6878252275026219,1.1042353,0.0009979053
6905,0.8477889082492434,0.9539364,0.01041058
6906,0.8836090663816457,0.59044015,0.0060503627
6907,0.825263384972063,1.0670187,0.0018789388
6908,0.749082338002264,0.63741094,0.008585582
6909,0.9464200651334778,0.7268692,0.00027869426
6910,0.8728631438979237,0.5492282,0.008136075
6911,0.807736963482441,0.50049776,0.0058435895
6912,0.8655948319159341,0.9063446,0.0024183472
6913,0.8520809318287594,0.8087197,0.0006562801
6914,0.8667162267780733,0.969673,4.4950688e-05
6915,0.9272367141036224,0.55439675,0.008037183
6916,0.9356058763618856,0.5254098,0.0007911321
6917,0.5677537677417053,0.91707546,0.0005483984
6918,0.7654871062339014,0.94363123,0.0047827535
6919,0.905363809436929,0.9579729,0.00024273372
6920,0.9030582631903512,0.94480455,0.0016002445
6921,0.7668627620533193,0.87149185,0.006985337
6922,0.82958715386075,0.47999853,0.005430043
6923,0.9999997821795844,0.07235387,0.009493586
6924,0.9201027684519808,0.7297191,0.0006023392
6925,0.9410964010994616,0.6123203,0.0066886623
6926,0.97488719479486,0.50440764,0.0014114516
6927,0.9624656887329331,0.9709314,0.00019778303
6928,0.9517987794992656,0.57751846,0.0015373136
6929,0.8047417047217946,0.4833902,0.0051783193
6930,0.7427975768715513,1.0247444,0.0008091124
6931,0.9958153380977178,0.87371534,0.00023374359
6932,0.999604070856584,0.5645669,0.0031015975
6933,0.7610647308784407,1.0377094,0.0022655148
6934,0.8039040984169361,1.1417437,0.0056997472
6935,0.8426494181473767,0.5932663,0.0073898933
6936,0.9999941978340706,0.07152694,0.004962556
6937,0.7951711845224018,0.97545034,0.001564284
6938,0.7298648202007167,1.174816,0.0063650175
6939,0.9705979491204152,0.7851706,0.0007102209
6940,0.9012280425510004,0.39267573,0.004683862
6941,0.6902120009635664,1.061394,0.0002876844
6942,0.8405073962547427,0.9123694,0.0015732741
6943,0.9999966443751116,0.06304098,0.009385704
6944,0.8157377876409668,1.1288285,0.0011237672
6945,0.9999996853221168,0.076735936,0.009475606
6946,0.8211273587017103,0.8570961,0.0046568913
6947,0.9998415487593696,0.050686326,0.008693463
6948,0.900008923817511,1.0744487,0.001177708
6949,0.9683100114554014,0.16316193,0.060584538
6950,0.8291245627061843,0.7374325,0.0016901459
6951,0.9130820810164252,0.92963034,0.0006382998
6952,0.7586979371071388,0.9774832,0.0012855898
6953,0.9188040481468104,0.8196588,0.0010788166
6954,0.9999980837242688,0.06063825,0.009349743
6955,0.7597819101342754,1.213185,0.0021935937
6956,0.948614436041979,0.3175856,0.009223881
6957,0.89317408076579,0.66592413,0.009044079
6958,0.8362642654675698,0.9649517,0.0003146548
6959,0.999999066050586,0.06416513,0.009448634
6960,0.797112640832814,0.8832843,0.00045849703
6961,0.8995982804124627,1.1850215,0.003461203
6962,0.928686430758245,0.6007332,0.0012586192
6963,0.8123161203096945,1.1219692,0.0001887929
6964,0.9960304641080258,0.62066627,0.00087204337
6965,0.9665505999071012,0.97193325,0.0023733964
6966,0.7162054792132775,0.99772555,0.0017081262
6967,0.7976084365897149,1.1115693,0.0010158856
6968,0.8869581069141225,0.81760734,0.0056547965
6969,0.967625975581901,0.8762441,0.0020677317
6970,0.7069568640748328,0.7630932,0.0011956884
6971,0.8068936019684313,0.7593875,0.0022025837
6972,0.9928510479277428,0.29840118,0.0241565
6973,0.971755843251759,0.16596116,0.08421062
6974,0.8860849614566593,0.662166,0.00046748717
6975,0.855299735220233,0.70502174,0.005933491
6976,0.8295700423969394,1.0619721,0.0007371913
6977,0.9247150625851428,0.6655116,0.0052592307
6978,0.8286758388328478,1.0804517,0.00015283235
6979,0.9604391680746912,0.54517317,0.0045490097
6980,0.9859958313313508,0.55760664,0.00048546743
6981,0.560302045352607,1.126253,0.0006382998
6982,0.8510149688106154,1.1290183,0.0006293096
6983,0.907107298291694,0.77281547,0.013575108
6984,0.7919896878482533,0.7191807,0.008855286
6985,0.6620421318110561,0.8414272,0.0012316488
6986,0.9946699684347018,1.0220683,5.394083e-05
6987,0.7313066706541759,0.86983997,0.0035061538
6988,0.9999980238035906,0.060336135,0.009331763
6989,0.6849701162751696,0.92096066,0.0008540631
6990,0.6478561231273863,1.10112,0.00043152663
6991,0.7613544429980099,0.9619226,0.00034162524
6992,0.7271403273106499,1.2056519,0.0007282012
6993,0.8660337521516501,0.684037,0.0057896487
6994,0.7171873902149695,1.1294547,0.0003056647
6995,0.6528237355204696,1.3143173,0.00017081262
6996,0.9755606351461168,0.32029605,0.016838528
6997,0.9313662589875464,0.47364193,0.010194817
6998,0.6548768558206148,1.0876008,0.0014653924
6999,0.7916453983438103,0.89593816,0.0025172385
7000,0.9060221077588148,0.38239887,0.006778564
7001,0.7787426160361081,0.53475535,0.0029307848
7002,0.9553788670573922,0.8402774,0.0012136686
7003,0.8803576984272449,0.6495638,0.007686568
7004,0.850972931062206,0.6239189,0.0010608362
7005,0.9641463472373456,0.8294624,0.00029667455
7006,0.9673305190924352,0.67383504,0.00047647732
7007,0.7836081039920989,0.89380616,0.0003326351
7008,0.7835203065046261,0.9999597,0.000521428
7009,0.9854960553180038,0.23847152,0.01765663
7010,0.8136035535098345,0.9937664,0.0024453176
7011,0.8387723515836958,0.73865485,0.0016451952
7012,0.5292849133510391,1.1093695,0.00011687179
7013,0.9036328490646006,0.63104457,0.0040905126
7014,0.9618041593447908,0.7352693,0.0013485206
7015,0.8388569069621897,1.0486251,0.001366501
7016,0.877050570904438,0.90915126,0.00015283235
7017,0.8380599121295456,0.85841495,0.0005034477
7018,0.8662188101920489,0.6822017,0.002490268
7019,0.6782737248325044,1.1000317,0.0015283234
7020,0.6649556270435832,1.1019545,0.00029667455
7021,0.7210699925351984,1.1704389,0.0006293096
7022,0.8811004061100214,0.55476,0.0020317712
7023,0.974229586935258,0.6896758,0.0019688401
7024,0.99586752726684,0.92257386,0.0006562801
7025,0.6512114853086036,1.2975733,0.00027869426
7026,0.916720981625999,0.5120451,0.0065987613
7027,0.973422308925304,0.67515725,0.009116
7028,0.8727667570287623,0.8604117,0.0058525796
7029,0.999999345946979,0.10500993,0.009295803
7030,0.6826625067822134,1.0522854,0.0002876844
7031,0.7963060552639485,0.50153506,0.008621542
7032,0.999959577079346,0.05209162,0.009089029
7033,0.806729972459456,0.6069916,0.009664399
7034,0.6460309584743744,1.1557753,0.00047647732
7035,0.7369537676523845,0.9328689,6.2930965e-05
7036,0.7602808419253111,1.0025759,0.0021935937
7037,0.929350827990654,0.5145393,0.00392869
7038,0.8354445716402057,0.38152853,0.0066077514
7039,0.8587002478563237,1.1574899,0.00034162524
7040,0.6071822974434383,1.0204171,0.0005394083
7041,0.952924721016844,0.9926206,0.0039017198
7042,0.7936392075513999,0.6626983,0.006005412
7043,0.948093384664524,0.64254874,0.06715633
7044,0.767803362515125,0.740209,0.0060863234
7045,0.6967372396617519,0.8959513,0.0003775858
7046,0.7966018249175518,0.76397884,0.0048456844
7047,0.8929448096603199,0.81672126,0.0026790611
7048,0.9999990972897698,0.06643281,0.009358734
7049,0.9763324136847126,0.6306989,0.00036859565
7050,0.7292577626551706,0.9149496,0.003982631
7051,0.7031905560713708,0.7543236,0.0019328797
7052,0.7052839443273594,1.0821315,0.0
7053,0.6629912408664851,1.0951644,0.0006742603
7054,0.7422007264354259,0.06608323,0.0
7055,0.8265132170368504,0.8558732,0.0031465483
7056,0.9222989699154972,0.722183,0.0006742603
7057,0.6694758951892144,0.9498692,0.0003775858
7058,0.853628739092613,0.54390246,0.003838789
7059,0.9999987159887151,0.08259359,0.004710832
7060,0.6960385263961447,0.95885086,0.0001438422
7061,0.8496308456137399,1.0762597,0.0019238895
7062,0.9498575209804776,0.63519484,0.004764773
7063,0.9692462556985127,0.5783701,0.0023644064
7064,0.8656199288649196,0.87496364,0.003191499
7065,0.8591308259996793,1.0028591,0.0015912544
7066,0.951242624781795,0.4089759,0.010041984
7067,0.6325867987898647,1.0154833,0.0014923629
7068,0.9018508460333512,0.64532506,0.003137558
7069,0.9027008411292328,0.79321826,0.0011597278
7070,0.6976280991057138,0.8753629,0.0030116963
7071,0.6410878376133894,1.0484385,0.0004045562
7072,0.9202202735079408,0.8090088,0.0027150216
7073,0.8823339370253556,0.88858914,0.0008091124
7074,0.7099319773352544,1.0593234,0.0030566468
7075,0.8962803673014139,0.46280318,0.013682989
7076,0.8402029236446609,0.896113,0.006769574
7077,0.846825178556073,0.88476956,0.00195985
7078,0.8300859614976991,0.8991747,0.00058435893
7079,0.9489311998177102,0.7064277,0.0007551716
7080,0.9995270011197552,0.08753774,0.0022924852
7081,0.819102994524318,0.5094631,0.008612552
7082,0.9154920938459302,0.6726244,0.0012586192
7083,0.7866363462438196,0.8694349,0.0066347215
7084,0.9402053274091772,0.906338,0.00044051674
7085,0.5982379544355979,0.994022,8.990138e-06
7086,0.7432151277605676,0.95909715,0.0015552938
7087,0.7659680205951448,0.93256134,0.0034342327
7088,0.8660919272859231,0.84258884,0.0057896487
7089,0.9564954076653516,0.67205757,0.0011327574
7090,0.8373360656526445,0.6396698,0.00651785
7091,0.8500786804058688,0.41448936,0.009682379
7092,0.9803810149090006,0.6918723,0.00048546743
7093,0.871029760264335,0.6587849,0.0003506154
7094,0.8807405541857447,0.92865574,0.0003056647
7095,0.997815074624407,0.9233298,8.990138e-06
7096,0.7402365649954874,0.678658,0.0053041815
7097,0.914224315525348,0.7863345,0.0008540631
7098,0.8783363564176274,0.88842386,0.00017980275
7099,0.9736084603287918,0.5640398,0.00013485207
7100,0.7351716944271223,0.96559936,0.0014653924
7101,0.9453213117947112,0.67153394,0.000782142
7102,0.9675304990104588,0.1321079,0.02804024
7103,0.8929448096603199,0.79920256,0.0022745049
7104,0.8533726573730966,0.98398304,0.0010967968
7105,0.9137352046914784,0.33470803,0.003847779
7106,0.641654212475646,0.9632306,4.4950688e-05
7107,0.8499190548141803,0.854136,0.0036230255
7108,0.8402194367745007,0.8504392,0.0016631755
7109,0.6433247404254042,1.1866823,0.00048546743
7110,0.8394210919759865,0.78925633,0.0004045562
7111,0.9080203109275476,0.94286186,0.00020677317
7112,0.7624924858046123,0.83116746,0.003649996
7113,0.9999993335468982,0.06527182,0.009376714
7114,0.8330476604971372,0.9128476,0.0037668678
7115,0.6433815567952087,1.0183358,0.004710832
7116,0.7855197917522471,0.7472531,0.0015552938
7117,0.8481684220835904,0.5177364,0.010932008
7118,0.991907996039311,0.28306487,0.017881384
7119,0.8363316598850437,0.8989278,0.0004495069
7120,0.8406509920209856,1.2179413,0.00020677317
7121,0.8985108720986172,0.98083943,0.00093497435
7122,0.838054456065091,0.55539143,0.005295191
7123,0.9999972058295352,0.059964538,0.009268832
7124,0.8922236590110244,0.4085689,0.009232871
7125,0.9586247262962874,0.6786516,0.001105787
7126,0.9946957869482426,0.5193925,0.001564284
7127,0.6803871178369614,0.82111704,0.0035600946
7128,0.9215127613612276,0.6513807,0.001824998
7129,0.9064723156165744,0.3718533,0.0076595973
7130,0.9883117104863258,0.38780543,0.004683862
7131,0.75280845821956,1.0517257,0.00022475344
7132,0.8028324475633566,0.78704685,0.00045849703
7133,0.5406629384908276,1.0027353,0.0007012308
7134,0.9999992397582522,0.07127826,0.009475606
7135,0.7766412295825538,1.0041739,0.009700359
7136,0.8107053072635776,0.8056667,0.00027869426
7137,0.7224317109451676,0.98717177,0.0022025837
7138,0.83660459907692,0.92060703,0.0030746271
7139,0.9405092775171944,0.9077311,0.00036859565
7140,0.8792492142245453,0.7069153,0.004746793
7141,0.9805037306504176,0.2588036,0.010536442
7142,0.8220881027804444,1.07706,0.00260714
7143,0.8701503890723066,0.63733906,0.004827704
7144,0.7285655100472497,1.087794,0.0018609585
7145,0.9066735010183692,0.85282665,0.00084507297
7146,0.999994084449092,0.06297458,0.009259842
7147,0.618809960753044,1.1364317,0.0003775858
7148,0.9673991779236244,0.525316,0.0078034396
7149,0.8291968554862821,0.522079,0.0032454398
7150,0.9356735087236712,1.0682175,0.00045849703
7151,0.8804203093095829,0.8578395,0.00039556605
7152,0.8430690297333223,0.42686456,0.012262548
7153,0.8392323896553024,0.66735935,0.0030116963
7154,0.9890991437950224,0.4457946,0.0021935937
7155,0.7887843642552035,1.0422924,0.0015552938
7156,0.7689524395906415,1.0434029,0.0035600946
7157,0.712083334042821,0.9553637,0.0058975304
7158,0.7902325916891484,1.2202619,0.0029667455
7159,0.8743776714555667,0.6698545,0.008954178
7160,0.9884185076448444,0.33570984,0.0006113294
7161,0.917071496995732,0.7585395,0.0003506154
7162,0.7370880529812618,0.93361866,0.00017980275
7163,0.7203800458638006,0.9712251,0.0021306626
7164,0.90835581988257,0.66764563,0.0019508599
7165,0.999999369187888,0.06667874,0.0094666155
7166,0.8058556418664604,0.88967717,0.0008810335
7167,0.7451393107574644,0.9538885,0.0007551716
7168,0.6004460480235861,1.0664755,0.0011687179
7169,0.9339370387603212,0.3929528,0.0066077514
7170,0.8663677551294825,0.87695694,0.004234355
7171,0.7660013774538064,0.5068803,0.003955661
7172,0.8796028368012441,0.9359331,6.2930965e-05
7173,0.8856431241322485,1.1325215,0.0003326351
7174,0.549545306106275,1.1032429,0.0006742603
7175,0.8660919272859231,0.7221105,0.006185215
7176,0.8676234493314321,0.79729927,0.0072100908
7177,0.8556621508884461,0.9594029,0.0016811558
7178,0.7898671336156815,0.5657803,0.0053581223
7179,0.834252097038837,0.5524489,0.0045759804
7180,0.8941246438664214,0.58742625,0.0001438422
7181,0.9358558978005074,0.44750762,0.026439995
7182,0.9888002435305971,0.3306964,0.014438162
7183,0.8029032857536413,0.58309895,0.00261613
7184,0.9715342499900678,0.5356908,0.0014114516
7185,0.6694758951892144,0.99117714,0.0008810335
7186,0.756487248117685,1.1560127,0.005349132
7187,0.8605237421607836,0.60730094,0.004638911
7188,0.857636821268321,1.1468526,0.0003506154
7189,0.8833650736837279,0.71161735,0.0043242564
7190,0.8327946791432057,0.9887684,0.0021216725
7191,0.656533475586431,1.1035184,0.001375491
7192,0.8755102996721421,1.0175034,0.00012586193
7193,0.921442443239636,0.49594027,0.009116
7194,0.853108598098715,0.81499445,0.0046748715
7195,0.9694904590418596,0.6516282,0.0027779527
7196,0.8376474991146181,0.7365368,0.014653925
7197,0.8131726283974497,0.79194915,0.0048636645
7198,0.7607154773392575,0.9247902,0.00012586193
7199,0.9998756194788018,0.044087317,0.06794746
7200,0.7755672926805366,0.5174778,0.009934102
7201,0.5199654221926474,1.1359966,0.000521428
7202,0.7813006643058746,1.3253263,8.9901376e-05
7203,0.8262099225646357,0.7638537,0.0021576332
7204,0.97691222799894,0.5923326,0.00130357
7205,0.7793187239842716,0.9790434,0.0006293096
7206,0.8782292012308914,0.47970974,0.008639523
7207,0.9141086179039948,0.52257353,0.0041264733
7208,0.9522314870372112,0.5933748,0.002858864
7209,0.8035919727278182,0.69181967,0.006463909
7210,0.9367655734250688,0.67297333,0.00086305325
7211,0.9075957930901756,0.8017689,0.001438422
7212,0.8543676333927827,0.87495905,0.00043152663
7213,0.7953074824277443,0.6544741,0.003461203
7214,0.7357558925505341,0.9084039,0.000719211
7215,0.9130912184676532,0.54020923,0.004450118
7216,0.7538118120208797,0.8976316,0.002085712
7217,0.941625873210965,0.8400455,0.0018789388
7218,0.8703737590829377,0.5456146,0.0072100908
7219,0.7866363462438196,1.0021821,0.0041444534
7220,0.9208762646802938,0.47713715,0.001114777
7221,0.9687904003804886,0.687345,9.889151e-05
7222,0.7321032194191404,1.0714014,0.00077315187
7223,0.7281975492352503,0.9660302,0.00051243784
7224,0.8141793195003737,0.67527974,0.0028498736
7225,0.7632778768207211,0.64508384,0.008199005
7226,0.7162739379758063,1.0967664,0.0040635425
7227,0.8640196186728479,0.44104174,0.0075876764
7228,0.5152370923710624,1.2563483,0.00044051674
7229,0.7479181373381992,1.058538,0.000719211
7230,0.9554774063272296,0.6876986,0.0003056647
7231,0.9175618789668608,0.5684453,0.0014564024
7232,0.999998818644368,0.06372927,0.009322773
7233,0.6985302596290093,0.9696358,0.0006023392
7234,0.7278146784199141,1.2639408,0.0005933491
7235,0.6438704631517899,1.0954763,0.00259815
7236,0.7259495342472109,0.93746126,0.0033533215
7237,0.8496240782538447,0.5982668,0.009169941
7238,0.8780493347453875,1.3026599,0.0006652702
7239,0.8067838785640075,0.830594,0.0024453176
7240,0.9999993757256987,0.07297742,0.009457625
7241,0.8643732435662899,0.7005183,0.002094702
7242,0.879092116353061,0.58295006,0.00844174
7243,0.9353625650306464,0.86629385,0.004189404
7244,0.8585524860006475,0.7046733,0.0002876844
7245,0.8512098724877704,0.9173088,0.0006293096
7246,0.9699278230496222,0.7883804,0.00039556605
7247,0.7319727529519564,0.9160675,0.00026970415
7248,0.8165679453157926,0.96424234,0.000521428
7249,0.8173314223382208,0.60072637,0.0054480233
7250,0.6576764236279573,1.0010403,6.2930965e-05
7251,0.9882891258092033,0.6053396,0.00036859565
7252,0.9098901724126222,0.92688787,5.394083e-05
7253,0.7510645867499852,0.98339075,0.00013485207
7254,0.9499592752066576,0.7745076,0.0003146548
7255,0.584632891351937,1.0925523,0.00036859565
7256,0.7644669144913218,0.7456465,0.0055289348
7257,0.7399388326429845,0.81024426,0.003982631
7258,0.9999914084688442,0.090055965,0.00010788166
7259,0.6675003013902847,1.2292234,0.00022475344
7260,0.9999976005215024,0.060362704,0.009313783
7261,0.8542343720358757,1.0372216,0.002490268
7262,0.9083289642852908,0.9069918,0.00017081262
7263,0.8583573531438254,0.8745368,0.002220564
7264,0.6144487863688022,1.1556863,0.0012316488
7265,0.9645189755404504,0.6189672,0.0010698264
7266,0.7907144921299379,0.9173118,0.00091699406
7267,0.798154840961286,0.54608697,0.0066167414
7268,0.9425910877803104,0.35966843,0.0005034477
7269,0.7272835614873964,1.0578732,0.003137558
7270,0.959930980871068,0.9663174,0.00084507297
7271,0.9184577624865934,0.7588096,0.001375491
7272,0.9059557285900572,0.8321728,0.0007641617
7273,0.8716889323043683,0.8093163,0.003973641
7274,0.5242652559995695,1.1845628,0.00038657594
7275,0.7840101717864444,0.6699186,0.009655408
7276,0.940983532775156,0.4278443,0.0010967968
7277,0.8050437026233104,0.9342378,0.0013395306
7278,0.7793254722190864,1.0357906,0.0047917436
7279,0.9260723997192226,0.6754421,0.0075427257
7280,0.9344491391228368,0.6093634,0.000260714
7281,0.7327137110623159,1.0487713,0.0006203195
7282,0.6765201324996265,1.0729367,0.0006293096
7283,0.8377053535153227,1.1614604,0.0012496292
7284,0.8559290821288195,0.9369394,0.0025352188
7285,0.7741463877966557,0.88887316,0.0007102209
7286,0.8388350413753326,0.712428,0.005537925
7287,0.7319174308907087,1.0135888,0.0019688401
7288,0.8189714521266331,0.7667747,0.0012765996
7289,0.7089818983132457,1.2073466,0.0017261065
7290,0.7349480835919785,0.5984595,0.004890635
7291,0.941984431162896,0.27687147,0.003137558
7292,0.8554012373727535,0.69540614,0.0033533215
7293,0.9740379109400886,0.7222501,0.00019778303
7294,0.6367747419729644,1.1789551,0.0004495069
7295,0.8691886833400397,1.0832211,0.0019238895
7296,0.8662839158201059,0.5564671,0.013494197
7297,0.7349622391811805,0.8970264,0.0019059093
7298,0.7075621231589863,0.7982723,0.007434844
7299,0.7808099216893771,0.8025605,0.0023194556
7300,0.4856820532401049,0.93385386,0.00010788166
7301,0.9347668185466363,0.4838042,0.008199005
7302,0.999997607926787,0.061403822,0.009430654
7303,0.6868697610020404,1.2100292,0.0007371913
7304,0.8983705120614014,0.55824995,0.0048366943
7305,0.8701195209032612,0.7581283,0.0031735187
7306,0.7918301935322969,0.7478484,0.0030116963
7307,0.8076356169754282,0.92049766,0.0066796723
7308,0.5343549160056833,1.4094743,0.00029667455
7309,0.845492314283023,1.1702676,0.0005483984
7310,0.9487501398411428,0.5933812,0.013682989
7311,0.903975665586568,0.37647846,0.003137558
7312,0.870418529023433,0.53552586,0.010617353
7313,0.7904111986777571,0.9260813,5.394083e-05
7314,0.7960088856735973,0.94488245,0.001366501
7315,0.9431362304816172,0.53676695,0.00130357
7316,0.7575818950815802,0.58629894,0.01047351
7317,0.717721042404849,1.0519127,0.0011417475
7318,0.9493281239990888,0.34210843,0.0049265954
7319,0.8065415412885748,0.6574955,0.004755783
7320,0.5051990799287407,1.0253551,1.7980276e-05
7321,0.8271091936258628,0.83451444,0.0015193333
7322,0.9357777503763268,1.0760928,7.19211e-05
7323,0.7477335019646718,0.9812714,0.002085712
7324,0.7831906203705635,0.64985037,0.004027582
7325,0.8414578943446414,0.68869996,0.003191499
7326,0.6785021359054806,0.7882625,0.007299992
7327,0.6732122287403369,1.1401215,0.0006472899
7328,0.8621009429929162,0.6440857,0.003955661
7329,0.5364985084150735,1.2298493,0.00019778303
7330,0.6779170810631465,1.0295181,0.0005933491
7331,0.7530071538317606,0.9161472,0.0010878067
7332,0.8439926245347792,0.82964176,0.0017710571
7333,0.8188007467107863,0.9015778,0.0021935937
7334,0.9641635754942068,0.30101845,0.008360828
7335,0.9687840707387804,0.74701333,0.0016182248
7336,0.9872859206127288,0.30586198,0.03205883
7337,0.6299775840355638,1.0239592,0.0008001223
7338,0.667991121311021,0.864859,0.0033443312
7339,0.885060917641113,0.78560287,0.003200489
7340,0.7077393748674369,1.00313,0.0018699487
7341,0.9228707213014172,0.5942111,0.0018969191
7342,0.9083051136842472,0.54157054,0.0064998697
7343,0.9115296478925768,1.0196913,0.0006472899
7344,0.769754562617868,0.84747106,0.0041444534
7345,0.7535744507632804,1.1858681,0.00012586193
7346,0.7501160867253113,1.1712121,0.0027599724
7347,0.786913932415674,0.8177545,0.0006652702
7348,0.8266704940315959,0.8543862,0.00077315187
7349,0.8686336175284377,0.5843039,0.0021756133
7350,0.9864901045203128,0.97302824,0.00017980275
7351,0.7985806320625405,1.0074165,0.0011237672
7352,0.7429667832658993,1.1179595,0.0013575108
7353,0.9999995279744752,0.066924475,0.009511566
7354,0.8290026662857719,0.77754146,0.010653313
7355,0.7551721605644169,1.0487448,0.00036859565
7356,0.9324051425849444,0.99256635,0.0007282012
7357,0.7972577286535603,1.1164483,0.0013305404
7358,0.8264265764749581,0.9700353,0.0012316488
7359,0.702918421937611,0.8370829,0.001105787
7360,0.8517845775277554,0.7429699,0.0007102209
7361,0.9997280912104782,0.06650883,0.0075517157
7362,0.7659434311094713,0.88952786,0.001366501
7363,0.8109344480591242,0.59226674,0.0010788166
7364,0.8946317500155739,0.5824473,0.011606268
7365,0.8201095758170027,0.8174853,0.00097093487
7366,0.875004701680357,0.53766894,0.011822031
7367,0.9419596910914584,0.39316028,0.0107072545
7368,0.8569287835340674,1.013408,0.00086305325
7369,0.7595213012915562,1.0763115,0.0019328797
7370,0.6608130084828719,0.80988556,0.0021126824
7371,0.987291572671852,0.59224635,0.0083967885
7372,0.92199370644791,0.9584809,0.0019508599
7373,0.7368969813053607,1.1549141,0.0007641617
7374,0.6170013957576601,1.1067271,0.0008990138
7375,0.6823878536966379,1.0759339,0.0026610808
7376,0.8469379893760756,0.8153589,0.0010158856
7377,0.9999869482024524,0.06567925,0.009259842
7378,0.7101714489480125,0.8493587,0.0018160079
7379,0.8808260336409551,0.27174807,0.016631754
7380,0.5980101533878934,1.3062866,0.0006832505
7381,0.9160145200527336,0.9363649,3.596055e-05
7382,0.6991162096432937,1.0048769,0.0006652702
7383,0.8710835986719491,0.81453717,0.0027240117
7384,0.757556138937995,0.6969197,0.0034791834
7385,0.6999083727541997,0.94666916,0.0002876844
7386,0.9361001736312904,0.28846166,0.0068774554
7387,0.9998716094468816,0.34067065,0.009223881
7388,0.7534787577117709,0.8446965,0.0035151439
7389,0.8672856198271479,0.9751911,0.0003506154
7390,0.8940907142049038,0.5815405,0.01175011
7391,0.9907181916847074,0.31479564,0.017270055
7392,0.8110645004883948,0.751468,0.0058975304
7393,0.9009828775925532,0.51302874,0.009925112
7394,0.7379896728425175,1.005062,0.00043152663
7395,0.7686000699321078,1.247958,0.00022475344
7396,0.8385131851691637,0.8749885,0.002867854
7397,0.9734760075879528,0.621495,0.0010158856
7398,0.8097434209194132,0.813237,0.0027599724
7399,0.947187169815364,0.6287884,9.889151e-05
7400,0.9251492106779672,0.57623446,0.0019059093
7401,0.8093654291788814,0.8948579,0.0026700709
7402,0.7083555108197734,0.90675664,0.0007551716
7403,0.9869930036595822,0.6967013,0.0006113294
7404,0.6067646663102526,1.0097485,0.00015283235
7405,0.8316444962120346,1.1065668,0.0008091124
7406,0.8859863908757772,0.628692,9.889151e-05
7407,0.8512312822676352,0.76531297,0.002355416
7408,0.8288447547558958,0.88593155,0.0021576332
7409,0.8222946510746139,0.873547,0.0007371913
7410,0.8186802694980324,0.88498217,0.0017530769
7411,0.7854446722982459,0.82122666,0.0019059093
7412,0.6942616680398763,0.8667365,0.005349132
7413,0.6065710620518576,1.0568533,0.00077315187
7414,0.8930329447168223,0.4869358,0.0082169855
7415,0.7663427815959754,0.46988288,0.008387798
7416,0.8593140738885934,0.87958616,0.0007371913
7417,0.5504088539148841,1.0150288,0.0005394083
7418,0.825468791053835,0.9283942,0.002013791
7419,0.7380071425813726,1.3877531,0.0006472899
7420,0.999995908177885,0.084703684,0.0051153884
7421,0.7099324800348261,0.8852383,0.0022385444
7422,0.7731756232553908,1.0842255,0.0025891596
7423,0.9999986068431536,0.06337011,0.009304793
7424,0.9990576579381708,0.4984124,0.0001887929
7425,0.8056750780406663,0.99583894,0.0036320158
7426,0.9027342824244782,0.50222015,0.0035780747
7427,0.9341880073232596,0.6649336,0.0058525796
7428,0.7851314838578156,0.7126487,0.0033083707
7429,0.8497956550765476,0.8879084,0.0011956884
7430,0.8684312854197875,0.40821508,0.016335081
7431,0.9999986816988468,0.06726292,0.009511566
7432,0.6110142434218118,1.1876818,0.002229554
7433,0.7354827166017185,0.96953017,0.00021576331
7434,0.6688798709922146,1.002331,0.004459108
7435,0.9781216508738896,0.38250214,0.009700359
7436,0.8545046016521564,0.47670546,0.0062930966
7437,0.6076969478021329,1.1326205,8.990138e-06
7438,0.8736780173755706,0.9264202,0.0023374357
7439,0.7538945232603551,1.1222628,0.00058435893
7440,0.7773955257739072,0.95251966,0.0010788166
7441,0.9075957930901756,0.9059842,0.0011327574
7442,0.8335664988261684,0.9827807,0.0014114516
7443,0.8360829736455199,0.95272684,0.00021576331
7444,0.6096707067462765,1.0657394,0.003119578
7445,0.714167262645691,1.0532198,0.0012226588
7446,0.9103010603575729,0.81024647,0.0018070177
7447,0.9821442116993632,0.21075383,0.004000611
7448,0.8839436351448406,0.52250904,0.0053131715
7449,0.5661670402623526,1.212048,0.000521428
7450,0.792729608970527,0.6376361,0.0014564024
7451,0.8049520086780174,0.90158045,0.00097093487
7452,0.9999974458208926,0.06559385,0.009385704
7453,0.6364578314395279,1.1479976,0.00044051674
7454,0.7771481882557617,0.83455175,0.0058975304
7455,0.9162944149785852,0.8642446,0.0023014753
7456,0.9999990336658258,0.06655103,0.009493586
7457,0.8725568519980932,0.7004463,0.0016991361
7458,0.9474929624173788,0.89336145,7.19211e-05
7459,0.681051708150217,1.0051327,0.0001438422
7460,0.7898649451236125,1.2060251,0.0007102209
7461,0.9105264100563456,0.36614427,0.0119299125
7462,0.7706820780560044,0.8702601,6.2930965e-05
7463,0.7603834399850047,0.9532629,0.0015103432
7464,0.76302912212452,1.1547328,0.0007911321
7465,0.9020260905286884,0.6644025,0.003973641
7466,0.7611783227214675,0.9187173,0.002013791
7467,0.944106134943406,0.82666075,8.091124e-05
7468,0.9998497831195547,0.10196043,0.008315877
7469,0.8963919654499859,0.7726478,0.00045849703
7470,0.7643776873616269,0.72919077,0.008900236
7471,0.6111650729156479,1.1619147,0.00012586193
7472,0.7406710653873744,1.004784,0.0
7473,0.7242107698269153,0.6973562,0.003137558
7474,0.7922692726117713,0.81671876,0.001105787
7475,0.7801520588181176,0.44926858,0.010086935
7476,0.5857446460195347,1.0287638,0.00044051674
7477,0.9242260064789404,0.43012753,0.0003596055
7478,0.799858232452801,1.1686944,0.0023913768
7479,0.9261504677297931,0.53587496,0.0054480233
7480,0.97392274217392,0.68202704,0.0008270927
7481,0.7923052657884841,0.7206694,0.0059155105
7482,0.8323894497186732,0.8266848,0.001042856
7483,0.8130067813341533,0.7345423,0.003326351
7484,0.5585583442015776,1.0763894,0.00038657594
7485,0.8530698500072496,0.7219005,0.0005933491
7486,0.7742509881927142,0.83033097,0.0053311517
7487,0.9358622131878016,0.7546674,0.00010788166
7488,0.6526146191566295,1.1429527,0.0019059093
7489,0.8833343189547442,0.9659113,0.00010788166
7490,0.7828216106461858,0.98958194,0.0029397751
7491,0.8993074931705587,0.66077775,0.002867854
7492,0.7698244765098478,0.7093414,0.0039017198
7493,0.8576522755516744,0.71290505,0.001240639
7494,0.9213017977051988,0.7078882,0.0005753688
7495,0.9252172192782055,0.6309365,0.0049176053
7496,0.9674712544167928,0.74019766,0.003191499
7497,0.7905791807960456,0.59641504,0.009268832
7498,0.8071695715346653,1.0217402,0.0001438422
7499,0.8799099553910974,0.64545053,0.0017890374
7500,0.6599070623891434,0.9125491,0.003712927
7501,0.7852367655207687,1.0276034,0.0006382998
7502,0.787161336749789,0.62361413,0.011381514
7503,0.7404441085344944,0.9958539,0.0013934714
7504,0.8930606776809078,0.626428,0.005690757
7505,0.741578640617839,1.0197762,0.000260714
7506,0.6771259485636394,1.0027479,0.0005304181
7507,0.7348304564337365,0.83348334,0.0021935937
7508,0.8958708500499335,0.8853105,0.0025531992
7509,0.6942087945386735,0.86154807,0.002993716
7510,0.9390985163401628,0.7722284,0.0002876844
7511,0.7713817304253363,0.8126918,0.0065717907
7512,0.7310909023652069,0.9941916,0.0026341104
7513,0.8606893771335727,0.82065415,0.0003506154
7514,0.9237411712940438,0.67876333,0.0022025837
7515,0.9999958830246112,0.055888165,0.009304793
7516,0.8937918497742723,0.532552,0.0051783193
7517,0.9999996436569552,0.06875999,0.009511566
7518,0.7775589187328695,0.94511133,0.002490268
7519,0.8858586152065278,0.72089404,0.0032814003
7520,0.7015056342907465,1.1511188,0.002094702
7521,0.7431249110349505,1.1067456,0.0012046784
7522,0.6732568076572444,1.0468726,0.0048007336
7523,0.9999995338200566,0.06820497,0.009520556
7524,0.9870711416633968,0.47946885,0.008243957
7525,0.8474869731420378,0.768687,0.0002876844
7526,0.7425018725530159,0.97996444,0.0021036922
7527,0.9090721583867792,0.8936914,0.0005034477
7528,0.999999752761648,0.072093256,0.009502576
7529,0.9454464622300908,0.8668179,0.0003146548
7530,0.999996005195774,0.05923029,0.009412674
7531,0.8941586742984882,0.73649937,0.0037398974
7532,0.717600297089169,1.3494347,0.0011597278
7533,0.7796865622415252,0.88100755,0.0010158856
7534,0.9706578509150452,0.472685,0.008207995
7535,0.8425613923543691,0.6873831,0.00077315187
7536,0.8911002962273651,0.8265985,0.0009979053
7537,0.940437541950665,0.80615336,0.00086305325
7538,0.9436224526851832,0.4901228,0.0035780747
7539,0.7205781915814353,0.99624956,0.00029667455
7540,0.9583465097540064,0.77297395,0.00096194475
7541,0.8849102263532048,0.5547828,0.005798639
7542,0.9169641251057192,0.6487276,0.011417475
7543,0.8143478577529917,0.7214732,0.0023823865
7544,0.9826027879050148,0.65194756,0.00010788166
7545,0.8771976090168784,0.75018835,0.0024273372
7546,0.8977770355998853,0.5376406,0.006481889
7547,0.6918884296123673,1.4161347,0.0001887929
7548,0.9999996785899544,0.07299114,0.009520556
7549,0.8386954448720905,0.8174269,0.0018969191
7550,0.9442346417235894,0.6479881,0.0013395306
7551,0.9159598414447816,0.8929089,0.00020677317
7552,0.7191905407269001,1.2432688,0.0029128047
7553,0.9054149662237074,0.6088213,0.0016991361
7554,0.920909466100274,0.7956818,0.016541854
7555,0.5910656115747122,1.1917799,0.0005573885
7556,0.7964060404521954,0.9461748,0.002472288
7557,0.8405046982192114,0.5189619,0.0026970413
7558,0.6333275915379494,0.93005794,0.0037488875
7559,0.626537955209953,1.3074137,4.4950688e-05
7560,0.8646190986936442,0.88562584,0.008091124
7561,0.9825106896588648,0.20839927,0.028462777
7562,0.8761634614798826,0.79707974,0.0041444534
7563,0.8269738324111504,1.0914991,0.0005483984
7564,0.955165005891674,0.7547534,0.0017890374
7565,0.7153754911766702,0.782352,0.005672777
7566,0.6447844364288962,0.96827066,0.00042253648
7567,0.9718217666112634,0.76617324,2.6970414e-05
7568,0.8243356633655933,1.4479513,0.0005034477
7569,0.7641981209973301,0.99838656,0.001501353
7570,0.8958776910794506,0.6635027,0.00022475344
7571,0.7764228756863567,0.72202766,0.003847779
7572,0.9647245628449964,0.54445755,0.0017800473
7573,0.8932220150731197,0.86276114,0.0005663787
7574,0.7508990053449747,1.2765758,0.0
7575,0.8506550183171342,0.6506961,0.0020317712
7576,0.8193739233684252,0.685944,0.0036050454
7577,0.9124531505219448,1.0033569,0.00081810256
7578,0.8333974096190142,0.74333817,0.0029667455
7579,0.8955269958789362,0.73108554,0.0012586192
7580,0.9472877886055016,0.62791395,0.0016002445
7581,0.806226553159828,0.5002583,0.006382998
7582,0.8556714917373526,0.7476541,0.0004944576
7583,0.81941482785088,1.1211506,0.0007371913
7584,0.9239386327614302,0.435892,0.0035061538
7585,0.9140371174086128,0.90704364,3.596055e-05
7586,0.8035199373740709,0.9252139,0.0013395306
7587,0.7689841464856251,1.1487403,0.0003146548
7588,0.7976953484822655,0.77557564,0.00021576331
7589,0.7269968148647991,1.0733179,0.000979925
7590,0.6453376014266476,1.1125057,0.00023374359
7591,0.8580789517904185,1.1155987,0.0024003668
7592,0.7349250151235402,0.7461804,0.0043602167
7593,0.8758105713569192,0.6655417,0.0027599724
7594,0.9125320690634776,0.6210072,0.0027869428
7595,0.938886155177436,0.46961993,0.002148643
7596,0.8159184474876663,0.7585942,0.0048816446
7597,0.9298998842077668,0.6866633,0.001564284
7598,0.90413780875401,0.8306428,8.9901376e-05
7599,0.9999988072209176,0.06018612,0.009475606
7600,0.6762922579717254,1.0857041,0.00086305325
7601,0.7108776894777151,0.83876157,0.0070033176
7602,0.5775432451594178,1.053024,0.0005394083
7603,0.7203197316428477,1.1276634,0.0021126824
7604,0.6596143804947531,1.2856517,0.0010248757
7605,0.939639489324202,0.35007718,0.010131885
7606,0.6910929335225157,1.1319987,0.0017530769
7607,0.7661783179409176,1.0660132,0.0018879289
7608,0.7716111456854604,0.63882303,0.0021846036
7609,0.9610595767245568,0.6592955,0.0012586192
7610,0.9480616903226649,0.9086038,0.0019328797
7611,0.7520156597098625,0.9188467,0.0008270927
7612,0.9841916982121984,0.57313365,0.0003775858
7613,0.685373861230922,0.9971839,0.0013485206
7614,0.76302912212452,1.106866,0.0008990138
7615,0.8304740725581236,0.81740475,6.2930965e-05
7616,0.806729972459456,0.45541278,0.0072730216
7617,0.836352273645268,0.57134926,0.0051873093
7618,0.9149432380014164,0.27462745,0.014051585
7619,0.9650291069779432,0.66854143,0.002355416
7620,0.8985368160075615,0.7639461,0.000260714
7621,0.7264464608417148,0.9048103,0.0007012308
7622,0.8810550470982184,0.82831424,0.0023644064
7623,0.8054019239600608,1.1403589,0.0005933491
7624,0.6220348426044708,1.1018778,0.00017081262
7625,0.8525644764652045,0.7069848,0.0018609585
7626,0.851641430401518,0.89847976,0.00026970415
7627,0.7091185387748277,1.0320607,6.2930965e-05
7628,0.7382475688525935,0.85021585,0.004450118
7629,0.9229765906670993,0.44700286,0.0045759804
7630,0.9999978110869664,0.06556981,0.009331763
7631,0.639858212365607,0.9896128,0.0011866982
7632,0.8135917766864705,0.5866964,0.005960461
7633,0.7869334373915222,0.9642989,0.00019778303
7634,0.9999984255038792,0.0631499,0.009403684
7635,0.8378558402603226,0.7563235,0.0011866982
7636,0.8765359561343111,0.9778558,0.0012226588
7637,0.9999901301661268,0.044041507,0.06580781
7638,0.7131369129271207,1.033064,8.091124e-05
7639,0.8510149688106154,1.0734735,0.0010878067
7640,0.8585653229337777,0.63451236,0.0024632977
7641,0.9240952857555852,0.5318515,0.0056008557
7642,0.9239637676799504,0.84563947,0.000260714
7643,0.9999960335205051,0.0710727,0.009080039
7644,0.9213730040442174,0.46607035,0.0016002445
7645,0.688125502671885,1.1192931,0.00021576331
7646,0.8669002138733295,0.5524959,0.00090800395
7647,0.9999887813137932,0.057877198,0.062274683
7648,0.8273099177211782,0.5937695,0.0045220396
7649,0.8750027975867112,0.8426381,0.00016182248
7650,0.8495047893526941,1.0100261,0.0011597278
7651,0.8191682636307767,1.0182117,0.00022475344
7652,0.8758633958066384,0.66833675,0.00015283235
7653,0.8513490153155413,1.1322653,0.00024273372
7654,0.5281132426508699,1.1252267,0.00026970415
7655,0.7941857445353073,0.8861123,0.0027599724
7656,0.915051924966874,0.7177308,0.00016182248
7657,0.8863290746199071,0.41880268,0.009394694
7658,0.6377762667400096,1.3509015,6.2930965e-05
7659,0.9484616604926712,0.4988081,0.009646418
7660,0.6037327970378267,0.9754674,0.0007641617
7661,0.7221459618277891,0.6672302,0.0034162523
7662,0.9559391962274192,0.64030707,0.0028229032
7663,0.8878542269213148,0.4370805,0.011030899
7664,0.8799340233481949,0.6491117,6.2930965e-05
7665,0.7097189922061814,1.2356807,0.0009979053
7666,0.9999987620045137,0.08269629,0.004962556
7667,0.8629801484990522,1.1241617,0.0006023392
7668,0.8153527085217871,0.7877659,0.00034162524
7669,0.8451849220971301,1.0633608,0.0014114516
7670,0.8353722873656693,0.71945345,0.00392869
7671,0.864990880111648,0.74281347,0.0041983943
7672,0.6220095193477323,0.9679736,0.004027582
7673,0.9678588752871118,0.6472587,0.0004944576
7674,0.6499885293892531,1.0235891,0.0010878067
7675,0.7814961629849246,0.99148715,0.00051243784
7676,0.9933527128093156,0.4928206,0.001627215
7677,0.831644587626714,0.47955707,0.0024632977
7678,0.8241684421960813,0.7483027,0.0030206863
7679,0.8507398846964525,0.5847009,0.0024992584
7680,0.8643534290103674,0.87389785,0.0004495069
7681,0.817712828260392,0.9366032,0.0009259842
7682,0.9998164734964764,0.32877514,0.009664399
7683,0.9738381446072172,0.27347624,0.00042253648
7684,0.7284559820109404,0.9414088,0.00013485207
7685,0.8087829415463883,0.9361128,0.001375491
7686,0.729784181969547,0.8855263,0.002085712
7687,0.9999850435900586,0.069549106,0.06519648
7688,0.8502797925149335,1.1985831,0.0032364496
7689,0.7733099630843379,0.89510643,0.0018160079
7690,0.7303806575139664,0.8683631,0.013494197
7691,0.7915974777749482,0.9710607,0.001429432
7692,0.9458361844447164,0.69640017,0.00259815
7693,0.9783149130151214,0.3640355,0.0056188363
7694,0.7793665791190244,0.91792494,0.008118095
7695,0.7634946305914883,0.96251816,0.00095295464
7696,0.7293608599915475,0.86207026,0.004243345
7697,0.6883325220558288,1.1715802,0.0007282012
7698,0.9997855953281248,0.05777107,0.002229554
7699,0.8853247383263878,0.67866564,0.0012945798
7700,0.8180855092454548,1.236539,0.0012496292
7701,0.9999995768442772,0.070316136,0.009529546
7702,0.7631777563436918,1.1036118,0.0013215502
7703,0.9970669464684748,0.5587967,0.0012676094
7704,0.9203506072014253,0.44498748,0.007875361
7705,0.9595844482916648,0.46148375,0.00048546743
7706,0.9241985515003568,0.9525993,0.00039556605
7707,0.8841549120341795,0.5974219,0.007704548
7708,0.6144402221022747,0.99844974,0.0005483984
7709,0.8990234294428691,0.9676985,0.00036859565
7710,0.9670963768497932,0.59520674,0.0039197
7711,0.8597864956530941,0.414017,0.006931396
7712,0.7699603593027835,0.5985107,0.0010698264
7713,0.755273769054321,1.150074,0.0012945798
7714,0.7490004603253273,0.8738423,0.0061582443
7715,0.6464391271798464,0.87175196,0.0003056647
7716,0.8596759290568432,1.0533818,0.0016451952
7717,0.9420127811962944,0.6364411,0.005349132
7718,0.9147017408114576,0.8510661,0.00259815
7719,0.9999969504446948,0.05840392,0.009250852
7720,0.7336357686141945,1.1595072,0.002544209
7721,0.9999070005084552,0.094692394,0.0064998697
7722,0.8079287080425603,0.91644925,0.00019778303
7723,0.7693603507467908,1.0578943,0.0006832505
7724,0.8569929444823986,0.77382934,0.0030836172
7725,0.7468134639635866,0.78978044,0.0029577552
7726,0.6600917660743708,1.1062481,0.0003056647
7727,0.9436888739756578,0.62440485,0.0060503627
7728,0.8106417312255074,0.93047965,0.0030206863
7729,0.8145773067121485,0.63244367,0.006706643
7730,0.894090820147053,0.7939988,0.0018519684
7731,0.7577771985364544,1.1447399,0.0020407613
7732,0.9999925960880002,0.06275601,0.009484596
7733,0.8078080628829682,0.8949486,0.0014024616
7734,0.8414102340668053,0.5753026,0.007632627
7735,0.80081837360261,0.7832486,0.014734836
7736,0.8186461604742393,0.67159,0.011165751
7737,0.9063910044849494,0.86048067,0.002993716
7738,0.7991919186507732,0.77613074,0.006221175
7739,0.9599523063812834,0.37373573,0.00783041
7740,0.9583101472945236,0.4209495,0.009493586
7741,0.7049567605775344,1.189304,0.0020407613
7742,0.8819379278502222,1.033225,0.0010068954
7743,0.7575845001288759,0.8765314,0.002229554
7744,0.8570214900098032,0.96887594,0.0047827535
7745,0.9348839239841704,0.32725996,0.003335341
7746,0.8755102996721421,0.9642756,0.00019778303
7747,0.9572624744000646,0.6470948,0.006014402
7748,0.7594967176376647,0.95171136,0.00025172386
7749,0.9440903315636792,0.68161964,0.0023913768
7750,0.9369147761005644,0.43788528,0.0045310296
7751,0.8509869885608516,1.277284,0.0001887929
7752,0.7197759514518577,1.018639,0.0013844812
7753,0.9524590645606844,1.1461431,0.0006832505
7754,0.9197055378728404,0.88173234,0.000521428
7755,0.9857477811381689,0.3699226,0.011669199
7756,0.8503938348485341,0.9054117,0.0015103432
7757,0.9713642559864146,0.57193464,0.00523226
7758,0.9436614151302282,0.46787503,0.0006023392
7759,0.7521151641439398,1.0557191,0.0016721656
7760,0.6751027083816052,1.0490785,0.00087204337
7761,0.7043374340798901,1.0775963,0.00019778303
7762,0.5566679266770866,1.366612,0.00011687179
7763,0.7598198765528639,0.87608,0.0016541854
7764,0.868650018055318,0.52995265,0.020039016
7765,0.7668780127537302,0.9188666,0.003721917
7766,0.8687336193985081,0.80411893,0.0010608362
7767,0.8549618791165203,0.90066314,0.00045849703
7768,0.928196211282526,0.5943437,0.0027689624
7769,0.9872859206127288,0.3222631,0.029298859
7770,0.8517845775277554,0.72665393,0.0014024616
7771,0.9544608713080708,0.7113177,0.006733613
7772,0.7121901335739644,1.0094585,0.00010788166
7773,0.8070140319875118,0.9762241,0.002472288
7774,0.6025315910505594,0.9784267,0.00034162524
7775,0.8686165623478964,0.6925207,0.004423148
7776,0.7925715235367641,1.2316056,0.00027869426
7777,0.8248946409984034,0.8100883,0.0015373136
7778,0.7699791797990927,1.0018957,0.00081810256
7779,0.9272799593092632,0.86029303,0.00021576331
7780,0.7248435479437147,0.89122975,0.000260714
7781,0.9204079573773296,0.4765448,0.006670682
7782,0.94688524943906,0.6242015,0.00015283235
7783,0.7905647994683351,1.0080903,0.0037578775
7784,0.991065669074328,0.4703574,0.0072820117
7785,0.734746874794903,1.0628531,0.0005663787
7786,0.8965805914051782,0.93351394,0.004441128
7787,0.9999345353940556,0.05498461,0.0046658814
7788,0.8212666905415842,0.7036435,0.0020407613
7789,0.9404802438130851,0.5712896,0.0020767218
7790,0.7115780462147853,0.9427089,0.0014564024
7791,0.8743224497691822,0.411524,0.004764773
7792,0.7434063776085238,0.7825643,0.002472288
7793,0.8695746201457027,0.72161216,0.0015822642
7794,0.9389636298401568,0.24798977,0.0031735187
7795,0.7793406071702826,1.2062296,0.0029128047
7796,0.7423911088878652,0.69300723,0.006257136
7797,0.8463175736835906,0.5912052,0.0011417475
7798,0.8776254065487121,0.6331113,0.0061492543
7799,0.9521692426211524,0.35258505,0.013422276
7800,0.9999983059295194,0.060600035,0.009439644
7801,0.9023080486882188,1.1167786,0.00042253648
7802,0.7994684968979957,1.0566968,0.0005304181
7803,0.8357965570968184,1.0333856,0.0003506154
7804,0.940147858453782,0.5373224,0.0007012308
7805,0.9171348548558036,0.68813676,0.0032094792
7806,0.7195779861617712,1.1262589,0.0001438422
7807,0.9916146985922292,0.32764488,0.00046748717
7808,0.9700188497711132,0.35229194,0.006176225
7809,0.8854397407159332,0.7228056,0.0029487652
7810,0.8434428520652002,0.77650726,0.0002876844
7811,0.715357617124192,0.82968366,0.0019148993
7812,0.8671665990254013,0.82085913,0.0013844812
7813,0.7538593077363128,0.8849753,0.004054552
7814,0.9416082763945592,0.87055814,0.0005573885
7815,0.8068136981986047,0.93343174,0.0023284457
7816,0.7747217723569696,0.77367103,0.00020677317
7817,0.7457509636523585,0.62124753,0.005474994
7818,0.8793096166381541,0.70509636,0.000719211
7819,0.6828004410818812,0.8167573,0.0032993807
7820,0.9999984000426184,0.09369152,0.009053069
7821,0.7217964049730559,1.0296204,0.0019958105
7822,0.8110645004883948,0.71827084,0.0050704377
7823,0.8146948225754761,0.396638,0.009628437
7824,0.9410964010994616,0.445222,0.0080461735
7825,0.816476865560706,0.46434373,0.003452213
7826,0.9338626809763032,0.665521,0.0037668678
7827,0.8373294720107155,1.0075561,0.0023014753
7828,0.9513407868261058,0.6246701,0.0070033176
7829,0.8151457829376412,1.1024971,0.0017081262
7830,0.7171542135033186,1.0840904,0.0029397751
7831,0.8336017006105645,0.8104161,0.008306887
7832,0.9654282745584174,0.23412424,0.020290742
7833,0.8986632853315536,0.71542525,0.0008091124
7834,0.9887844817951223,0.49755642,0.023608102
7835,0.653218093309858,1.0232142,0.00041354634
7836,0.9982142362842094,0.31046456,0.007758489
7837,0.9454464622300908,0.723556,0.0007641617
7838,0.9270719166467156,0.6551991,0.0048456844
7839,0.5762965471578179,0.9318111,0.0006652702
7840,0.9336444364500022,0.90713346,0.000979925
7841,0.7793758439665407,0.98570687,0.0011417475
7842,0.861415262294505,0.5344278,0.0020587416
7843,0.8906201147331583,0.59444296,0.0073269624
7844,0.6200586217987218,1.0314605,0.0003775858
7845,0.9999996724687608,0.07448206,0.009511566
7846,0.8726386810623523,0.4161315,0.010761195
7847,0.9758198731786696,0.43828136,0.00849568
7848,0.770261321613016,0.820554,0.00058435893
7849,0.7805111224034339,1.2269006,0.0008540631
7850,0.8380863367949197,0.7530552,0.004629921
7851,0.782120427753362,0.805654,0.0029577552
7852,0.8106844897999774,0.85706323,0.00058435893
7853,0.9999996949805938,0.071215175,0.009475606
7854,0.6869590320134255,1.06377,0.0035511043
7855,0.6761944862242937,0.85621125,0.006445929
7856,0.6914995309337632,0.91512364,0.000521428
7857,0.5933537832553589,0.95864755,0.00016182248
7858,0.7669563746553587,1.1351544,0.0034701931
7859,0.8393837668151738,0.7034721,0.00025172386
7860,0.8625395736516029,0.58260584,0.0014564024
7861,0.6391563298702889,1.3106031,0.0029128047
7862,0.7249419877043605,0.95047945,0.000521428
7863,0.8479817011126408,0.84910846,0.0012765996
7864,0.8910330504155078,0.93023205,0.00044051674
7865,0.7781237134172283,0.9729578,0.00027869426
7866,0.8997682351141458,0.49133804,0.006985337
7867,0.9999833863520856,0.0565631,0.0046209306
7868,0.6860102225728864,1.0272973,0.0010158856
7869,0.8564536310664788,0.8322217,0.0001887929
7870,0.786827775857877,0.7331435,0.0057626786
7871,0.9505604570565304,0.64926946,0.0011417475
7872,0.8559072955628522,0.86329925,0.008378808
7873,0.8093628728500171,0.9716249,0.0012945798
7874,0.8194257272820844,0.86024284,0.0003775858
7875,0.941113164068279,0.45072493,0.0019059093
7876,0.821760944914244,0.79307026,0.00195985
7877,0.9302505341011876,0.7149653,0.0006832505
7878,0.8561897051475754,0.8483562,0.001114777
7879,0.8936005295194305,0.6485864,0.0022655148
7880,0.8446933756384873,0.69170505,0.008145065
7881,0.925157676111403,0.80394,0.0007102209
7882,0.7759061421301184,0.62346846,0.0060503627
7883,0.7054149753521677,1.1385942,0.0005933491
7884,0.9383044107226624,0.8923467,0.0020767218
7885,0.6985589684674398,0.9499061,0.002220564
7886,0.8013718788234389,0.8454331,0.0025711795
7887,0.8682982608714052,1.0095273,0.00010788166
7888,0.8382928689168114,0.8399049,0.0014833728
7889,0.7010074695758185,1.0785098,0.000719211
7890,0.8175057850069707,0.8342925,0.0017350966
7891,0.9999109436297048,0.33065596,0.009448634
7892,0.98470485678081,0.62441784,0.0016991361
7893,0.8802167608704501,0.7297979,0.0027689624
7894,0.8810855413258852,0.70682794,0.0010608362
7895,0.7289880018194298,1.0541341,0.0021036922
7896,0.8475891482655209,0.64876634,0.005492974
7897,0.9184577624865934,0.8274809,0.00095295464
7898,0.6930149278862913,1.0392628,0.0023194556
7899,0.7072335165315288,0.84369564,0.0018789388
7900,0.7753282078968943,0.80888224,0.0022924852
7901,0.9556356644630476,0.4446375,0.00392869
7902,0.7947096745091959,0.7707087,0.0028858343
7903,0.9308701168200372,0.3635961,0.0036679762
7904,0.8391038576026382,0.5809279,0.0050974083
7905,0.9954442286432326,0.35486564,0.009412674
7906,0.8230369400268769,1.0414419,0.00026970415
7907,0.99999988487083,0.07540567,0.004719822
7908,0.710410875415359,0.80806327,0.002867854
7909,0.7365788472988277,0.967901,0.0014114516
7910,0.999983271547344,0.12139563,0.0050614476
7911,0.9324692020167284,1.0046438,0.000521428
7912,0.8834297376115008,0.7649138,0.001429432
7913,0.9254738471697164,0.38379204,0.01439321
7914,0.7359690982869136,1.0883254,0.00039556605
7915,0.9263387168730424,0.57715327,0.0006652702
7916,0.923101796197778,0.38839343,0.010985948
7917,0.957473825249778,0.6302073,0.0013305404
7918,0.9064723156165744,0.39920372,0.008711443
7919,0.8898808054839649,0.9390816,0.00046748717
7920,0.875614645073711,0.5614712,0.008990138
7921,0.7785251521799604,1.1436139,0.0004495069
7922,0.8466626980519842,0.68296033,0.0012046784
7923,0.7620901250227081,0.91053176,0.0008810335
7924,0.8440361880243066,0.9469932,0.0003056647
7925,0.8057912519105841,0.44808733,0.009376714
7926,0.8075703903235365,0.9784774,1.7980276e-05
7927,0.9990944374282144,0.22060226,0.035978533
7928,0.7052871864396101,1.040738,0.0003326351
7929,0.9940730115905638,0.25379932,0.0017171163
7930,0.8272578145533247,0.8139588,0.00095295464
7931,0.9540085477545506,0.13118637,0.024534086
7932,0.756834816140266,0.94924706,0.0016451952
7933,0.7926760102575121,0.8817508,0.0048726546
7934,0.7431436650385645,1.0690485,0.0003326351
7935,0.8817146527662149,0.9053262,8.990138e-06
7936,0.9999365049956396,0.059394453,0.0045939605
7937,0.9999884627094052,0.06265476,0.0044680983
7938,0.9888627403213108,0.83299917,8.091124e-05
7939,0.8219668935919164,0.94782263,0.0025621892
7940,0.820301555595299,1.0335742,0.000260714
7941,0.8042629242019157,0.89937615,0.004243345
7942,0.745448466224979,0.8140142,0.0011956884
7943,0.5538689715868348,1.1101398,0.0008001223
7944,0.7345597517900537,0.86478657,0.0031465483
7945,0.8830066650518233,0.6942997,0.009898142
7946,0.78296615655766,0.7986442,0.0020048008
7947,0.7807772645351894,0.95666915,0.00097093487
7948,0.9740379109400886,0.9029392,0.00024273372
7949,0.8125738669247173,1.009009,0.0005394083
7950,0.9554541334569586,0.7890551,0.00029667455
7951,0.999994339373781,0.083127774,0.004980536
7952,0.894362977097787,0.7423264,0.0018429783
7953,0.8855071941193535,0.92451626,0.0010068954
7954,0.851250091157062,0.99496466,8.091124e-05
7955,0.8979160078145537,0.73656976,0.00051243784
7956,0.9999996055108742,0.07599549,0.009511566
7957,0.7796069125637343,1.2164948,0.0010788166
7958,0.7392779781320518,0.83225447,0.0038837395
7959,0.9999993780390576,0.0656665,0.009457625
7960,0.7879370248899913,1.1971945,0.00012586193
7961,0.9158241894362376,0.69169605,0.00036859565
7962,0.9735321867319852,0.41489613,0.005483984
7963,0.9160145200527336,0.9338679,0.00024273372
7964,0.9999866619204992,0.074070185,0.00013485207
7965,0.7372111450136344,0.8451695,0.00045849703
7966,0.8216530082479392,0.7177103,0.0024453176
7967,0.7908177882858798,0.7787391,0.0034162523
7968,0.7419307713622387,0.8581057,0.0016002445
7969,0.828632357246537,1.0777806,0.0004944576
7970,0.748198277545727,0.95978266,0.0006113294
7971,0.8537860697363727,0.73052454,0.0024453176
7972,0.9999964969163916,0.060561612,0.009295803
7973,0.8278729459004727,0.7646379,0.0014743826
7974,0.9690095755907622,0.6232435,0.0008270927
7975,0.8181999512276551,0.6816368,0.005403073
7976,0.9402625780306576,0.56668985,0.003964651
7977,0.7778337132702793,1.0064505,0.0018070177
7978,0.9778625817071512,0.3618579,0.008154055
7979,0.764880330784207,0.9197738,0.0037398974
7980,0.9530277707829352,0.5280491,0.0035151439
7981,0.8606893771335727,0.6946986,0.00038657594
7982,0.8178945760439572,0.7139589,0.0065448205
7983,0.8177389807416987,0.8111931,0.0071381694
7984,0.981551306744531,0.35195032,0.014896658
7985,0.9999989423733372,0.06353112,0.009520556
7986,0.6351229927271953,1.1659133,0.0004495069
7987,0.9512791882725878,1.0472766,1.7980276e-05
7988,0.6908128516311457,0.7153152,0.0051243785
7989,0.7975808232325752,0.73858243,1.7980276e-05
7990,0.6793980495923855,1.062459,0.0003056647
7991,0.678656767252486,1.181007,0.00025172386
7992,0.999999088300498,0.06919186,0.009457625
7993,0.998597943412086,0.16259424,0.05408467
7994,0.6514140618634616,1.1053779,0.0008810335
7995,0.7647527066631057,1.0722388,0.002741992
7996,0.8859211387444299,0.75666064,0.00058435893
7997,0.9558332638983846,1.3406475,0.00010788166
7998,0.9999992561535844,0.06631485,0.009502576
7999,0.938878931107386,0.7094326,0.0018789388
8000,0.99999988487083,0.07608025,0.0047288127
8001,0.9999820984697444,0.05529208,0.008909226
8002,0.8589310411443699,0.80074346,0.001627215
8003,0.8029800571275527,0.9195388,0.00048546743
8004,0.8546992220073844,0.74552566,0.004171424
8005,0.8869190313458057,0.76414657,0.002876844
8006,0.895495385803972,0.7258093,0.006976347
8007,0.8087855540689904,0.70922226,0.0042793057
8008,0.7714981363938644,0.7519229,0.0033443312
8009,0.8553537445431042,0.74054,0.00020677317
8010,0.8425611525141945,0.32511252,0.008729423
8011,0.6600381456844122,1.2341921,0.0012226588
8012,0.6275125392803688,1.1862073,6.2930965e-05
8013,0.7323845208484016,1.0442029,0.0038837395
8014,0.9803285592940688,0.4672141,0.008981148
8015,0.6658321744098021,1.0335157,0.004477089
8016,0.9999771899705132,0.055539202,0.008720433
8017,0.9999949242305884,0.0586306,0.009241861
8018,0.8704637154553159,0.7206248,0.0030746271
8019,0.7877079109618886,0.8244337,0.0016991361
8020,0.9944245870600624,0.39129418,0.0010878067
8021,0.8495701841621621,0.6069315,0.008783365
8022,0.97392274217392,0.73077434,0.00090800395
8023,0.752728513569888,1.049431,0.0027150216
8024,0.827299481055819,0.71788317,0.0004944576
8025,0.7252367843656096,1.2324342,0.0017530769
8026,0.8305934249467303,0.57817876,0.0065628006
8027,0.9560068761736265,0.5180716,0.0037668678
8028,0.668943997025348,1.1275455,0.00089002366
8029,0.905851930788308,1.0997199,1.7980276e-05
8030,0.622217034877673,1.3102256,0.0010788166
8031,0.623995228003596,1.0196158,0.0006203195
8032,0.999937807569044,0.06821024,0.004432138
8033,0.999998616751038,0.061647866,0.009394694
8034,0.7112203772600015,0.9562278,0.0025801696
8035,0.8900042752766503,0.622594,0.00845073
8036,0.8174388615763131,0.73977286,0.006068343
8037,0.6899150092390053,0.9612956,0.0013215502
8038,0.8459430010250087,1.0948362,0.00087204337
8039,0.942744426127709,0.510782,0.00058435893
8040,0.8778670400533056,0.8418404,0.00130357
8041,0.7325778490442361,0.8999481,0.00081810256
8042,0.9481312062265228,0.26607898,0.026565857
8043,0.7178518845691306,0.9985938,0.003452213
8044,0.7500630874945814,0.9046795,0.0006562801
8045,0.7628460189848535,0.8578576,0.00325443
8046,0.6995600493218891,1.0997202,0.0030926075
8047,0.8746094483169486,0.62011164,0.0021935937
8048,0.7935925741876462,0.98795897,0.00026970415
8049,0.7196828186330213,0.97302675,0.0041174833
8050,0.9999990803111586,0.0621767,0.009421664
8051,0.603625626462416,0.8574459,0.0022025837
8052,0.7803113935396969,0.94108087,0.0006023392
8053,0.7857396660720026,0.7743681,0.0019148993
8054,0.799821752703127,0.46464983,0.0045310296
8055,0.9469074195375986,0.4990396,0.0029038144
8056,0.8964811334379595,0.68239236,0.0036949466
8057,0.6263870363610129,1.0470256,0.00089002366
8058,0.862466078336021,0.906478,0.00086305325
8059,0.9696135191219896,0.56567764,0.0011687179
8060,0.7598338305310366,1.1832304,8.990138e-06
8061,0.7953979533349166,0.66145855,0.010095925
8062,0.8676099171611316,0.6172174,0.007776469
8063,0.9840151850742548,0.5748169,0.00087204337
8064,0.9999712888988744,0.04813041,0.009089029
8065,0.8940271792621682,0.7341716,0.002220564
8066,0.7681202407860557,1.0931848,0.00195985
8067,0.9599509513308864,0.35993037,0.021917956
8068,0.7781298681258746,1.1836904,0.00044051674
8069,0.8338644374754949,0.8046714,0.0012855898
8070,0.8371940500485424,0.732883,0.0010608362
8071,0.8042035841651002,0.6568944,0.0041983943
8072,0.8439201840049156,1.0402055,0.0027689624
8073,0.656533475586431,1.10178,0.0030476567
8074,0.8648562405790093,1.0762883,0.0051243785
8075,0.6791889891924587,1.0395142,0.0013395306
8076,0.940976644189385,0.75736547,0.0040815226
8077,0.7801469387433357,1.0651189,0.0007641617
8078,0.9244544919198062,0.34158367,0.010914028
8079,0.7668627620533193,0.8662463,0.0037039367
8080,0.9999995844331656,0.31401324,0.0
8081,0.8855828678032217,0.6694759,0.0008810335
8082,0.8530038576830804,1.0521193,0.0017261065
8083,0.7154746599490761,1.0011028,0.003128568
8084,0.7923731085884858,1.1120164,0.0010158856
8085,0.9999995790812884,0.08102323,0.004764773
8086,0.8103776777538967,0.4371645,0.0018609585
8087,0.9759927490975722,0.74500525,0.00022475344
8088,0.9043331443067892,1.0668921,0.0015822642
8089,0.898953819797372,0.9203255,0.0006023392
8090,0.9999872232387368,0.06903638,0.0022385444
8091,0.7675424595709397,0.7320847,0.0008270927
8092,0.6979397591701146,1.0571418,0.0017890374
8093,0.6055014866740089,1.1703129,0.0006203195
8094,0.999987542267224,0.06321091,0.0043332465
8095,0.6578351610753841,0.98056567,0.0006652702
8096,0.6827589317915276,1.059655,0.0011597278
8097,0.6812382930416214,1.0761471,0.0021935937
8098,0.7740790799050212,0.99837816,0.0006922406
8099,0.8765359561343111,0.91877806,0.0006832505
8100,0.8607747815012415,1.0794626,0.0010878067
8101,0.9144095274903068,0.69399685,0.0008001223
8102,0.7826087598923984,0.6180671,0.009484596
8103,0.9442805200975392,0.41130295,0.02024579
8104,0.9999996065085884,0.07558022,0.009484596
8105,0.7197703034022427,1.0850458,0.00026970415
8106,0.682334513282679,1.0704945,0.002085712
8107,0.9714225133303782,0.47465086,0.0010248757
8108,0.9651905962480472,0.61646533,0.0005483984
8109,0.7914164078860992,0.8400651,0.00045849703
8110,0.8106128061437953,0.774039,0.0008360828
8111,0.836244518750194,0.80728984,0.0039376803
8112,0.9262183752999612,0.5142647,0.013593089
8113,0.7195779861617712,1.0165904,9.889151e-05
8114,0.7436891791404312,1.0117263,0.0013485206
8115,0.6860517621620579,1.032224,0.0016092347
8116,0.8231362936439938,0.8999388,0.003335341
8117,0.9502192751830228,0.55366635,0.0032184694
8118,0.7764425193650653,0.87138456,0.0008001223
8119,0.7712891347265111,0.97312784,0.0010698264
8120,0.7003936697445358,0.8738949,0.0017890374
8121,0.6397016226998159,0.5875442,0.0016002445
8122,0.6915997794764653,0.60769826,0.0025891596
8123,0.9997617470900828,0.056263622,0.008621542
8124,0.5420167907565037,1.088939,0.00043152663
8125,0.94287007152103,0.51885164,0.0053401417
8126,0.9791134940801302,0.7675786,8.9901376e-05
8127,0.7964581953922434,1.0203929,0.0024273372
8128,0.6412740382806881,1.0735755,0.00391071
8129,0.9998937427373724,0.05970751,0.0022745049
8130,0.9079199829222214,0.7856413,5.394083e-05
8131,0.999997643105277,0.088536695,0.009116
8132,0.7533290443659648,0.98740816,0.0021666232
8133,0.7604987986424114,0.5114125,0.01047351
8134,0.6849783732296157,0.93475586,0.0008810335
8135,0.6217208316893069,1.1248376,0.0019059093
8136,0.91912505441998,0.76383996,0.008297897
8137,0.9848033506331756,0.53514695,0.00045849703
8138,0.9672185286052516,0.6230321,0.0005034477
8139,0.610801400563076,1.0692029,0.0021576332
8140,0.9324923110451118,1.0039597,0.00017081262
8141,0.8084643929118497,0.6915846,0.008387798
8142,0.8731130257999313,1.047632,0.00013485207
8143,0.4278762286235495,1.3323649,0.00026970415
8144,0.7807530396668192,0.82386345,0.0015193333
8145,0.906798875975756,0.7332286,0.0036320158
8146,0.962160178128728,0.428532,0.0020407613
8147,0.7668679922745781,0.89213586,0.0014833728
8148,0.6888165320365526,0.98680645,0.0030386667
8149,0.9997530263763188,0.11520859,0.002148643
8150,0.8662449807040069,0.6861678,0.011822031
8151,0.8824017847348897,0.62957174,0.004369207
8152,0.764776775997967,0.809355,0.0030836172
8153,0.9484152587674628,0.99641883,0.00077315187
8154,0.9044815126103196,0.7796338,0.0035421143
8155,0.7442541807463188,0.84121937,0.0007551716
8156,0.6246226331174809,1.1800063,0.00019778303
8157,0.9487493224326689,0.74249566,0.0013934714
8158,0.8762262969777788,0.65889245,0.00013485207
8159,0.9192931259776034,0.6032996,0.0077315187
8160,0.9794325212635924,0.32137123,0.0075786863
8161,0.9011199670866132,0.77338785,0.0016092347
8162,0.9803542626654992,0.3666514,0.012163657
8163,0.7163965178506384,1.0058198,0.00039556605
8164,0.8671114944908747,0.62495273,0.0011417475
8165,0.9855037827755138,0.9254167,0.0006382998
8166,0.941276393819695,0.6643788,0.0015463037
8167,0.7751816155061426,0.73700154,0.0008091124
8168,0.6438227667973896,1.0515587,0.0033443312
8169,0.7882275537282002,0.85440135,0.0029847259
8170,0.8847240761006819,0.5404304,0.005034477
8171,0.8750893219885016,0.54374635,0.00043152663
8172,0.5818010930623021,1.3657467,0.0008091124
8173,0.6844906753036807,1.1597072,0.00011687179
8174,0.6607365571648564,1.0052129,0.0001438422
8175,0.7711819413002853,1.1221623,0.0014653924
8176,0.8333454568439057,0.8780477,0.0031645284
8177,0.9998233537469696,0.0805382,0.007488785
8178,0.7842508511157316,0.66548723,0.00042253648
8179,0.9973126303823197,0.20214745,0.034989618
8180,0.9210274417846274,0.19909416,0.012541242
8181,0.9001300233991094,0.9758694,0.0006832505
8182,0.8722900289369384,0.747068,0.0043332465
8183,0.8805370265254416,0.8664366,0.0024453176
8184,0.9987093597887714,0.95624036,0.0014923629
8185,0.9605906703217184,0.5775235,0.008873266
8186,0.5325587798561976,1.2368181,0.0011866982
8187,0.8310462744760185,0.8399083,0.004899625
8188,0.8778175622630844,0.7296573,0.0008540631
8189,0.6399284162439596,1.1585758,0.001501353
8190,0.6908517684511964,1.191167,0.0032184694
8191,0.8942349629773615,1.0258676,0.00039556605
8192,0.8013424927520586,0.77129513,0.00029667455
8193,0.8953462812461275,0.8494449,0.002013791
8194,0.8359585679828831,0.7544244,0.0023644064
8195,0.757739175147877,0.9304973,0.0020317712
8196,0.805481707755467,0.7230567,0.006005412
8197,0.9999923246205026,0.09175577,0.0075427257
8198,0.941701563051112,0.61804974,0.0073539326
8199,0.955654616714675,0.74745834,0.00048546743
8200,0.8108818150337296,0.7359718,0.0082259765
8201,0.9167333275292444,0.5765908,0.0051963
8202,0.8493769544265872,0.5619308,0.006400978
8203,0.6438265288065381,1.0220795,0.0017261065
8204,0.7333959800393596,1.0561608,0.008091124
8205,0.8344872474235108,0.7921763,0.0005663787
8206,0.7701019528692272,0.5629436,0.0043602167
8207,0.6908645843056539,0.9033094,0.0041174833
8208,0.8453709794055867,1.0503392,0.00013485207
8209,0.6778322032823468,1.13798,0.0005483984
8210,0.7802945280687669,0.98650783,0.00016182248
8211,0.8486826916611308,1.0552268,0.0010608362
8212,0.999992503609654,0.06496509,0.004450118
8213,0.743875296615117,1.1170801,0.00130357
8214,0.6777088441771364,0.9256048,0.004450118
8215,0.8436790569752346,1.1105895,0.0019328797
8216,0.7818379861487676,1.1771028,0.0007371913
8217,0.8417981784054466,0.7306777,0.0034252426
8218,0.8734785338511906,0.6022326,0.0014114516
8219,0.8356001402576376,0.45806584,0.004638911
8220,0.7420350567981886,1.0706533,0.0025262288
8221,0.8746950638473798,0.7179172,0.006985337
8222,0.9454487664707776,0.36274168,0.0024183472
8223,0.7994196201601411,1.2745641,0.00015283235
8224,0.7931070503225599,0.6119949,0.011866982
8225,0.9999693948808472,0.045263123,0.061150916
8226,0.8281015866110306,1.0238494,0.00015283235
8227,0.8121918608104062,1.0446144,0.0018969191
8228,0.6835525233934583,1.1275097,0.005349132
8229,0.9603444363280692,0.5071774,0.004477089
8230,0.7870964801783364,0.9700752,0.002094702
8231,0.8076125350814127,0.5293039,0.013575108
8232,0.9076549281647688,0.83770025,0.0026341104
8233,0.9415615008387626,0.47245488,0.0051243785
8234,0.8429352917660375,0.84573174,0.00025172386
8235,0.6520727748679553,0.9891989,0.0010158856
8236,0.6818649739487768,1.05815,0.0027599724
8237,0.7707747561081145,0.8227326,0.0005304181
8238,0.9215656861173224,0.7068855,0.004036572
8239,0.9120586866528168,1.0423526,0.0032184694
8240,0.8804586555261849,0.91535795,7.19211e-05
8241,0.887782137905492,0.94115204,0.0018879289
8242,0.9571902504972488,0.45595536,0.002867854
8243,0.9969281423438272,0.2076501,0.09244559
8244,0.9709451601743366,0.30307728,0.004000611
8245,0.7117756292942304,1.0083436,0.00097093487
8246,0.8189154187305058,0.8184271,0.0055918656
8247,0.9130750708080978,0.8464432,0.0010788166
8248,0.6744947627017474,1.2112767,0.00013485207
8249,0.7534672419831796,1.057797,0.0025531992
8250,0.9195048467389484,0.5947084,0.014923628
8251,0.9498510451982756,0.47723836,0.0010788166
8252,0.7765270067761951,0.8004065,0.003137558
8253,0.7327874174994178,1.085401,0.00084507297
8254,0.8252330847274496,0.6988265,0.0017530769
8255,0.8380582084789281,0.76186484,0.0051153884
8256,0.8509545298226403,0.8247539,0.0073359525
8257,0.914924827373341,0.7023227,0.0016991361
8258,0.8378293969521978,0.7384489,0.001438422
8259,0.8303192690610987,0.97455,0.0032724102
8260,0.9057752387878996,0.61934006,0.0014923629
8261,0.8827523939715646,0.74304295,0.002750982
8262,0.9079656140505664,0.9720804,5.394083e-05
8263,0.8978367671392833,1.0352641,0.00087204337
8264,0.7561368936118981,1.1642073,0.0006023392
8265,0.7314853460421096,1.0499312,0.00051243784
8266,0.9950586023916456,0.8134922,0.00090800395
8267,0.892850780188092,0.57798725,0.008306887
8268,0.7702768532590911,0.9568658,0.0053311517
8269,0.8152084421133734,1.0132427,0.002804923
8270,0.8199148877697329,1.116612,0.00097093487
8271,0.9839757887729336,0.20847607,0.010887057
8272,0.854592261195703,0.44941878,0.014123507
8273,0.8890070390117557,0.71984565,9.889151e-05
8274,0.7208183485202158,1.0066189,0.00036859565
8275,0.9606702384986544,0.22203042,0.0075247455
8276,0.9999993052296088,0.08604841,0.005007507
8277,0.8129396971227061,1.0026915,0.00051243784
8278,0.8571987657523544,0.72743326,0.008100114
8279,0.9075667466434528,0.80972534,0.0015822642
8280,0.9999356783090052,0.059421994,0.005483984
8281,0.7708670191205481,1.0400698,0.001375491
8282,0.8121788517639177,0.9787794,0.00089002366
8283,0.78516774903678,0.93467647,0.0015552938
8284,0.7403759992349744,0.8099681,0.0007911321
8285,0.8318953874981233,0.71357244,0.0029307848
8286,0.9136674799268044,0.40003052,0.003200489
8287,0.7859800414669333,0.9259765,0.0030566468
8288,0.6868336621856388,1.1444825,0.004755783
8289,0.8061117256032322,0.94301146,0.0004045562
8290,0.8173584586051578,0.35204,0.012145677
8291,0.8514656760757363,0.66889536,0.004629921
8292,0.7658709193283281,1.0417213,0.003461203
8293,0.9216191054663928,0.87280166,0.0015373136
8294,0.7698324033576572,0.84756136,0.00717413
8295,0.8818305715139686,1.184964,0.0010248757
8296,0.9295638125387572,0.7649006,0.00011687179
8297,0.9404521690605075,0.40190905,0.015750721
8298,0.8742548620436643,1.0549198,0.002220564
8299,0.8926736907292281,0.46790695,0.0007911321
8300,0.9205194678997416,0.77599424,0.0012136686
8301,0.9645827402272598,0.956104,0.0008540631
8302,0.8669002138733295,0.88199943,0.00020677317
8303,0.8877796039327222,0.9414187,0.0003146548
8304,0.8289353246405867,0.57968074,0.005025487
8305,0.9040709794433412,0.27750635,0.0034791834
8306,0.8108185187114636,1.0494423,0.0007102209
8307,0.7930759869502997,1.1162863,0.0032903904
8308,0.8051537748685683,0.528141,0.0057087373
8309,0.9481728798855714,0.6395311,0.004495069
8310,0.7917378456754233,1.0154089,0.00019778303
8311,0.8665009248258967,1.2252626,0.0017530769
8312,0.9405226962674552,0.731464,0.008549621
8313,0.9354220921781377,0.9820796,0.000979925
8314,0.7581996082187266,0.9711084,0.00259815
8315,0.8025756298292028,0.8007085,0.0048187138
8316,0.8105260549872657,1.0254246,0.00010788166
8317,0.9843680754812756,0.52877843,0.0054480233
8318,0.8369748014006845,0.8991774,8.091124e-05
8319,0.9997801899312986,0.40993297,0.00010788166
8320,0.866029770359524,0.3284637,0.018016236
8321,0.999991128191535,0.05868395,0.009502576
8322,0.7322879028720235,1.0076194,0.001177708
8323,0.9882762929963606,0.31338328,0.009754299
8324,0.8360089886439288,1.0044123,0.001429432
8325,0.7485899018944856,0.70722455,0.0020048008
8326,0.746718865931955,0.64483666,0.0029487652
8327,0.8543427467101851,0.9031578,0.002085712
8328,0.8432927349361364,0.96885353,0.002229554
8329,0.824156481757852,1.1703432,0.000719211
8330,0.7072181263384753,0.7063334,0.0073629227
8331,0.7453034131696428,0.695519,0.0124693215
8332,0.9001300233991094,0.94807875,0.000521428
8333,0.8829379901264279,0.9067628,0.0010788166
8334,0.8131377179850756,1.362908,0.0015193333
8335,0.7401342193283045,1.0958655,0.002229554
8336,0.8838789418616866,0.83690375,0.0041264733
8337,0.885835980784897,0.572081,0.0043152664
8338,0.9988363149909923,0.6639681,0.000260714
8339,0.7871276763236066,1.0860273,0.000521428
8340,0.92712439333912,0.66118664,0.0010608362
8341,0.7021633308948084,1.0344285,0.0024543076
8342,0.9999893783364536,0.07404321,0.0020587416
8343,0.6468899146346675,1.1798055,0.0001887929
8344,0.9012163551594432,0.5137131,0.0044141575
8345,0.9379360495653112,0.3401221,0.008846296
8346,0.7182537287797203,1.2061912,0.00042253648
8347,0.9912333040827396,0.47826275,0.004261325
8348,0.744528006103143,1.1045929,0.0023014753
8349,0.9323105066233464,0.80624396,0.0006293096
8350,0.9117103091130848,0.7415235,0.0010248757
8351,0.808624486392216,0.8484977,0.0006832505
8352,0.8646624473364714,0.7778106,0.0007102209
8353,0.7561147893640163,0.7201793,0.0031735187
8354,0.6688360664813839,1.0137423,0.0021666232
8355,0.8022514312791391,0.89539707,0.00042253648
8356,0.8789074621408202,0.89463717,0.001627215
8357,0.8764032745758805,0.80888987,0.0022655148
8358,0.926188151505756,0.6290688,0.005034477
8359,0.7896117944945461,0.7273069,0.013152571
8360,0.8648262914092926,0.61503595,0.008594572
8361,0.9822406170514713,0.7905254,0.00022475344
8362,0.7843936548470808,1.0554539,0.0021576332
8363,0.7361077442307978,1.279777,0.0017081262
8364,0.794334786312775,1.0101482,0.00074618147
8365,0.7285275878169423,0.9119356,0.0046748715
8366,0.999999679307509,0.08348765,0.005025487
8367,0.6985644889482392,0.9959275,0.0001438422
8368,0.9107564702809828,0.9310684,0.00017980275
8369,0.7530086701463687,0.7638108,0.0045939605
8370,0.813484911465287,0.71088284,0.002085712
8371,0.8372046917150033,0.9775568,0.0019508599
8372,0.9181114870128552,0.67706525,0.0007012308
8373,0.8238886658010842,0.89332724,0.0062841065
8374,0.774934735723297,1.0713629,0.0016092347
8375,0.7133405319193964,0.9136979,0.0041174833
8376,0.8108617251984036,0.85158604,0.0060323826
8377,0.831022980375226,1.027296,0.0006562801
8378,0.853657735464108,0.8927671,0.00325443
8379,0.7817832593455276,0.8689978,0.009628437
8380,0.8038079622154336,0.47521186,0.015543948
8381,0.8858461679567371,0.5057955,0.00090800395
8382,0.99999984895886,0.077842385,0.009484596
8383,0.7298757653282315,1.0026475,0.00036859565
8384,0.9026026111200894,1.1159335,0.0003506154
8385,0.9803810149090006,0.7265306,0.0005034477
8386,0.9999996822312216,0.103416406,0.009223881
8387,0.6801937787605893,0.9138114,0.0010878067
8388,0.8548382385219998,0.963777,0.0019148993
8389,0.7720533341345048,0.6461315,0.0046209306
8390,0.7687480970973547,0.86133325,0.0022924852
8391,0.7405036451417423,1.4355408,0.0019059093
8392,0.9138293488045724,0.6940988,0.0022745049
8393,0.9999968911370408,0.058493022,0.009277822
8394,0.7901853286175109,1.1717013,0.0003775858
8395,0.7257573081981256,0.77182984,0.006382998
8396,0.9999864888355564,0.07714596,0.0045849704
8397,0.936749591938684,0.6705335,0.009008118
8398,0.8081989165517806,0.7192623,0.005753688
8399,0.7319025756123574,1.1141522,0.00025172386
8400,0.6957931381947859,0.9176396,0.00081810256
8401,0.6871134676515236,1.1783448,0.0007371913
8402,0.9767892955678052,0.80542094,0.0015552938
8403,0.7910755717479785,0.83140457,0.0048636645
8404,0.7704521773795845,0.93578994,0.0016631755
8405,0.8427508200125545,0.8729297,0.000782142
8406,0.9096311520745526,1.1147121,0.0017800473
8407,0.944510266030718,0.5827999,0.008154055
8408,0.999993188418876,0.05546975,0.009295803
8409,0.9662788921023702,0.47386473,0.008073144
8410,0.9429096161493052,0.6238093,0.00010788166
8411,0.7783573221447406,0.8276756,0.0065717907
8412,0.7816423308911928,1.0420702,0.0006293096
8413,0.6711636604097353,0.89432555,0.0013485206
8414,0.6917321515239666,0.9967468,0.0037938382
8415,0.8262676741951953,0.8477524,0.0009889152
8416,0.917527538230095,0.84283763,0.0013125602
8417,0.7870368260949163,0.7882701,0.0058166194
8418,0.7462597517799479,0.79106796,0.0038837395
8419,0.981545374377045,0.2857581,0.014599984
8420,0.9026975306464486,0.49538958,0.003326351
8421,0.8619889064847434,0.8854501,0.0042703156
8422,0.8997472870247507,0.5127081,0.01632609
8423,0.8705206033510464,0.4693288,0.011831021
8424,0.9999986250478602,0.06606598,0.009394694
8425,0.8804408780863588,1.0083283,0.0020677317
8426,0.9442346417235894,0.6692184,0.0015373136
8427,0.9999877578983122,0.070265114,0.066194385
8428,0.874636565787809,0.49797878,0.003191499
8429,0.569225648462539,1.1686916,0.00016182248
8430,0.8264427964906528,0.5836054,0.01236144
8431,0.8116687247702937,0.7070023,0.0041174833
8432,0.7372291884312077,0.7830537,0.0035690847
8433,0.5239774936213009,1.1878043,7.19211e-05
8434,0.8064163681428762,0.53739154,0.0031105876
8435,0.9964915050723048,0.5530301,0.0058975304
8436,0.8758083664132896,0.8933388,4.4950688e-05
8437,0.8151314316735137,0.9583616,0.0010698264
8438,0.69583581928239,0.7294142,0.0022565245
8439,0.6793543181361452,0.8410335,0.0005304181
8440,0.9664903234528748,0.6295484,0.00034162524
8441,0.8148373484863473,1.0045359,0.0008360828
8442,0.7855482425783985,0.84240806,0.0010698264
8443,0.9999991351350214,0.061734155,0.009430654
8444,0.9519608689354634,0.5707936,0.0070662485
8445,0.6926330180307476,1.1525524,0.00012586193
8446,0.8638393416044868,0.9401493,6.2930965e-05
8447,0.8835045799852262,0.8769857,0.00012586193
8448,0.7881616798588601,0.94084436,0.00094396446
8449,0.7723750978003565,0.9889402,9.889151e-05
8450,0.7840288619339413,0.84443253,0.002481278
8451,0.9612133926755482,0.8512228,0.0019059093
8452,0.9999961734858446,0.08258297,0.0044680983
8453,0.6380939241378547,0.98050123,0.000521428
8454,0.824554982682975,0.6991938,0.00074618147
8455,0.9999968057597112,0.05746508,0.009259842
8456,0.8551398375219103,0.8374978,0.0018699487
8457,0.8389930754517576,1.120188,0.002804923
8458,0.8714785783239225,0.90093184,0.0006113294
8459,0.9999993932573203,0.08138492,0.009484596
8460,0.8422215888252444,0.8811207,0.0036410058
8461,0.948419098825576,0.646021,0.0025891596
8462,0.8075731563315727,0.75178057,0.0029577552
8463,0.7464274917312337,0.8477096,0.0023913768
8464,0.763137504008055,1.059293,0.0008810335
8465,0.7171081056165812,1.1074423,0.0033533215
8466,0.9585260242326804,0.388452,0.001366501
8467,0.999998022531058,0.063828915,0.0094666155
8468,0.9400887778586918,0.6484218,0.003524134
8469,0.7742367151012441,0.67821056,0.0068954355
8470,0.887191131574811,0.88198864,0.0031825087
8471,0.8708672844512287,0.7043819,0.008684473
8472,0.7168804561999779,1.0537354,0.0044141575
8473,0.963597767956166,0.2935036,0.018232
8474,0.9770768478102234,0.19224955,0.0064099682
8475,0.9196881644173434,0.66054684,0.001438422
8476,0.8715768268664892,0.62524176,0.0043512266
8477,0.913762068648778,0.5556467,0.00020677317
8478,0.5824609458901999,1.0387216,0.0007641617
8479,0.6616632855305778,1.1760895,0.00074618147
8480,0.9451855383718624,0.4962001,0.012136686
8481,0.85206690177223,0.4693884,0.008936197
8482,0.8745047724487941,0.6586544,0.004045562
8483,0.6777619984753592,1.0466835,0.0037398974
8484,0.9057098483625896,0.46489576,0.002094702
8485,0.7646205297264533,0.83138686,0.002148643
8486,0.7810373489580682,0.8994624,0.0010967968
8487,0.9371032517114104,0.48972493,0.0037488875
8488,0.7486931132690865,0.62813914,0.005744698
8489,0.9782115200434628,0.49790457,0.008324868
8490,0.9434027234141812,0.50967306,0.0026341104
8491,0.9425163658501724,0.8199493,0.00043152663
8492,0.935825409560668,0.5008372,0.0022475345
8493,0.896445400248271,1.019719,0.00015283235
8494,0.6127126126881747,1.0765119,0.00020677317
8495,0.6492642516931957,1.1129864,0.00046748717
8496,0.9720455271269112,0.6575345,0.00026970415
8497,0.7826759315868598,0.8035321,0.0039197
8498,0.7204150506971937,1.1085508,0.0014204418
8499,0.9873176821178852,0.42300108,0.020074978
8500,0.8152978628218767,0.99446523,0.0007102209
8501,0.8314912398317652,0.9416094,0.0007551716
8502,0.749817285188173,0.7016152,0.0024183472
8503,0.9977690152941308,0.6809492,0.0053131715
8504,0.6464391271798464,1.0305123,0.0004495069
8505,0.7468204967817583,0.76486135,0.0060773334
8506,0.8536079287882493,0.61859584,0.0044141575
8507,0.9546628560654208,0.76474386,0.0012496292
8508,0.9999864154589208,0.06932693,0.006769574
8509,0.8877436174848619,0.88180506,0.00044051674
8510,0.989752659325989,0.46688566,0.017962296
8511,0.7978360074540788,0.8872223,0.0064279484
8512,0.9999994609825732,0.075302646,0.009556516
8513,0.9999994269870182,0.06853731,0.004629921
8514,0.916720981625999,0.40095317,0.007902331
8515,0.7462990538974178,1.0030186,0.0022385444
8516,0.948783406694435,0.73219705,0.0024093569
8517,0.7615072010511726,0.7003082,0.006715633
8518,0.944510266030718,0.59678155,0.008082134
8519,0.8003720833269514,0.89774555,0.0014024616
8520,0.8869442953118817,0.5762222,0.006643712
8521,0.9247111947113036,0.44199273,0.011831021
8522,0.8801571350760738,0.7255084,0.008207995
8523,0.7731982653949381,0.8590965,0.0013934714
8524,0.5371598723823197,1.2966189,0.00015283235
8525,0.741550912809992,1.051899,0.004423148
8526,0.640510699715337,0.95550615,0.00051243784
8527,0.8631688564481838,0.876716,0.001375491
8528,0.78875268218006,1.0919416,0.0021576332
8529,0.938857401602904,0.9103387,0.0005933491
8530,0.9452811033192504,0.75598496,0.0015732741
8531,0.8997777017494974,0.7122004,0.0056997472
8532,0.9042485701890846,0.7471645,0.0062930966
8533,0.9422945351815958,0.9197799,0.00023374359
8534,0.663611970532411,1.0375491,0.00017980275
8535,0.9595216309294146,0.6119602,0.0014743826
8536,0.9779489148583363,0.67008114,0.00089002366
8537,0.9350113370668338,0.7715729,0.008918216
8538,0.751651790135132,1.5284914,0.00017980275
8539,0.6657084394091657,1.1592958,0.0006382998
8540,0.5837122625868633,1.0876049,0.001501353
8541,0.9999816748696714,0.0738502,0.0063200668
8542,0.8207467866556607,1.1162785,6.2930965e-05
8543,0.7701885508790345,1.0194453,0.00086305325
8544,0.8564640275769417,1.0391943,0.0016182248
8545,0.8588931711264138,0.77910626,0.0057716686
8546,0.9963636626362404,0.4286976,0.00017980275
8547,0.9588361409291638,0.8287236,0.0010068954
8548,0.9999988442221608,0.08318523,0.005007507
8549,0.9614081796601036,0.31613046,0.014276339
8550,0.8287625848897014,0.8956363,0.0010068954
8551,0.9913293849117552,0.6800854,0.0001438422
8552,0.6811746916301429,0.9123698,0.0053761024
8553,0.5483257593254455,1.4670355,8.091124e-05
8554,0.9094475108702232,0.699946,0.0048726546
8555,0.8778701047748724,0.97760564,0.0006742603
8556,0.949544802006766,0.4152364,0.00718312
8557,0.7303561492554667,0.81278294,0.0043602167
8558,0.7115780462147853,1.0756725,0.0009259842
8559,0.9723780798836392,1.0157442,0.0005663787
8560,0.7083755507052141,1.0459886,0.0007371913
8561,0.8559926076968836,0.9785122,0.00077315187
8562,0.9004181864899555,1.0070888,0.0012046784
8563,0.9305951345437062,0.63100606,0.00089002366
8564,0.998091176756568,0.2630226,0.03194196
8565,0.7436534327058117,0.9779936,0.0037758579
8566,0.9087200755539389,0.83682,0.003137558
8567,0.8571615719053844,1.1185802,0.0049265954
8568,0.8061848191550844,0.7608969,0.008702453
8569,0.9961677115273088,0.18979467,0.08763586
8570,0.9619355765986743,0.3582501,0.012864887
8571,0.9993498473594196,0.25226262,0.0010518461
8572,0.9426296942380514,0.7170196,0.0015732741
8573,0.4911052662341567,0.95513636,0.0006472899
8574,0.7254404770384252,1.0147922,0.0010158856
8575,0.77233235574018,0.686977,0.0021036922
8576,0.9043331443067892,1.3780676,0.001564284
8577,0.7370343988024254,0.9752098,0.0066077514
8578,0.8302948545740371,0.8447652,0.002876844
8579,0.8635876400711141,0.76061356,0.004764773
8580,0.9655078187707165,0.4547403,0.009493586
8581,0.9826027879050148,0.67996734,0.00032364496
8582,0.8857119526075868,0.52595586,0.00084507297
8583,0.9916248563746132,0.40392417,0.008315877
8584,0.7106936029348215,0.99402434,0.0003775858
8585,0.8161260160232663,0.91841733,0.0004944576
8586,0.8964869508385951,0.7652997,0.00029667455
8587,0.8408909132495508,0.9886702,0.00027869426
8588,0.7427309941456378,0.90956765,0.0035690847
8589,0.7779478940332082,0.9284683,0.0033713016
8590,0.8352518462146915,0.6430919,0.013557128
8591,0.8000834212582348,0.9449732,0.0032993807
8592,0.9253898813946098,0.45204073,0.006329057
8593,0.9999997747597434,0.07265851,0.0047288127
8594,0.8246236172418961,1.1779816,0.0006113294
8595,0.7811813712190672,1.0843482,0.00091699406
8596,0.8134291324346958,0.8168373,0.0005483984
8597,0.8613261713861483,0.5614497,0.008333858
8598,0.9999995835030084,0.081787676,0.004719822
8599,0.9415702167422472,0.97174877,0.0011956884
8600,0.7784462860019777,0.7607798,0.0022025837
8601,0.8460816102938946,1.0920038,0.0016811558
8602,0.8132921292269963,0.7864512,0.0016451952
8603,0.8395127567828775,0.79111665,0.0011687179
8604,0.779991062004889,0.62481034,0.024632977
8605,0.8680705421871082,0.8459261,0.0024453176
8606,0.7176046325973188,1.0005884,0.0026970413
8607,0.9147962953849204,0.5093754,0.0029038144
8608,0.7992017660510905,0.57789236,0.011444446
8609,0.9684300900692516,0.41632545,0.013691979
8610,0.9609527570516452,0.6433899,0.0008540631
8611,0.7944809197090237,0.93944067,0.00039556605
8612,0.9754122408917923,0.59717554,0.0019148993
8613,0.9741318202204614,0.31570554,0.0005394083
8614,0.736674500551894,0.9260476,0.0006203195
8615,0.8667779389486601,0.8465732,0.0004944576
8616,0.7106524116759371,0.9433842,0.00029667455
8617,0.6656310177989965,0.9599464,0.0009889152
8618,0.7289031639295455,0.8274194,0.003973641
8619,0.7668546993067735,0.79312813,0.004036572
8620,0.9413637521614764,0.38957328,0.008010212
8621,0.8929830151970953,0.55958843,0.00012586193
8622,0.8581873054835363,0.7261412,0.00095295464
8623,0.7579962415535283,0.9848311,0.0013844812
8624,0.8080025738848875,1.0101268,0.0019328797
8625,0.9999986162957372,0.061620224,0.009250852
8626,0.7200649338245769,1.1257111,0.0006922406
8627,0.8070140319875118,0.7895178,0.0026790611
8628,0.8319311228207331,1.4285381,0.00051243784
8629,0.8062932738494173,0.9209291,0.0076685874
8630,0.8133159502423564,0.8716075,0.0043332465
8631,0.906302765131258,0.5482402,0.00013485207
8632,0.9999994200795496,0.071871,0.009547526
8633,0.8735012688225531,0.69231725,0.0004495069
8634,0.7851764237260248,0.7726871,0.0025172385
8635,0.9999930203476683,0.069179475,0.00456699
8636,0.9544658386715814,0.5105627,0.0018969191
8637,0.8218877817123502,0.8724638,0.00044051674
8638,0.9671626944754116,0.49160722,0.0012046784
8639,0.7085322770949497,0.76775867,0.008324868
8640,0.9239637676799504,0.8611984,0.0001887929
8641,0.6634087890569971,1.1779436,0.0016541854
8642,0.7671246406160919,1.0110227,0.0017171163
8643,0.9999668315585598,0.0533262,0.00843275
8644,0.6808584270608165,0.9432173,0.004171424
8645,0.8280881971119841,0.85855234,0.00259815
8646,0.938100472135722,0.9779513,6.2930965e-05
8647,0.9999946843713836,0.13661903,0.010203807
8648,0.7594820496235439,0.8135624,0.0025352188
8649,0.7351398985613412,0.83249706,0.003856769
8650,0.841082293164566,0.78462833,0.0007282012
8651,0.9056260705224412,0.9857938,0.0001438422
8652,0.7806142256602763,0.8832215,0.00019778303
8653,0.767325355703744,0.6217007,0.0036679762
8654,0.9044891197213054,0.69471645,0.0029757356
8655,0.8326817204371646,0.49127513,0.005430043
8656,0.759339279959246,0.78769034,0.0016811558
8657,0.999970219540232,0.04799253,0.009223881
8658,0.8456729936344562,0.77980465,0.0005663787
8659,0.8402896298092885,0.8963817,3.596055e-05
8660,0.999999068100658,0.07024341,0.0047288127
8661,0.6999209816102393,0.8938251,0.0017171163
8662,0.9489413643499988,0.6451574,0.004189404
8663,0.7636278893272422,0.84231836,0.0012586192
8664,0.7618156248989079,1.0065284,0.000979925
8665,0.8943706078182686,1.0315933,0.00024273372
8666,0.7715932573412193,1.0077708,0.0011327574
8667,0.8745928804218794,0.5682208,0.007704548
8668,0.591470260367668,1.3090587,0.000782142
8669,0.5806521476971521,1.0661788,0.00048546743
8670,0.7779267025548465,0.8001081,0.000260714
8671,0.7049199239698217,0.93647254,0.0020677317
8672,0.9999995464259408,0.069315605,0.009502576
8673,0.876728697544379,0.5900069,0.0030836172
8674,0.9353750361760136,0.44912818,0.0076056565
8675,0.616064733180697,0.96662503,0.00011687179
8676,0.9999996276666784,0.07032587,0.009511566
8677,0.9238198968282848,0.5895452,0.0008270927
8678,0.9999991168703404,0.10580665,0.009089029
8679,0.8813661570099451,0.5305133,0.00096194475
8680,0.9999996065085884,0.07215397,0.009475606
8681,0.9153321968406892,0.6716054,0.0006922406
8682,0.9967252001637292,0.5056956,0.0034162523
8683,0.9187384598573188,0.41294903,0.0047288127
8684,0.8313301352777324,0.82904035,0.0011237672
8685,0.8067855357311389,0.8345734,9.889151e-05
8686,0.7337852605260239,1.201963,0.0003775858
8687,0.8731263875535491,0.7866567,0.0010068954
8688,0.6719469801011194,1.1502303,0.00041354634
8689,0.9597983203620294,1.0007627,0.00093497435
8690,0.99907062707152,0.5478461,0.0036679762
8691,0.9999993385088348,0.07211278,0.009448634
8692,0.9677904346670976,0.7646809,0.0001438422
8693,0.7844735403385974,0.84424764,0.005726718
8694,0.9473675639204964,0.4852722,0.0110578695
8695,0.7699791797990927,1.0301102,0.00074618147
8696,0.999747840255276,0.07805773,0.008387798
8697,0.9439876184238072,0.57220554,0.00077315187
8698,0.6946763227313272,1.1189513,0.00058435893
8699,0.8876366129967411,0.5620611,0.0021846036
8700,0.8070384844003478,1.0961144,0.004189404
8701,0.6645607315537083,1.1386683,0.0010788166
8702,0.8518992503732317,0.967258,0.0003326351
8703,0.919780190259202,0.9274595,0.00046748717
8704,0.7083718075263588,1.0452036,0.0060413727
8705,0.7279036519959853,0.9708985,0.0008270927
8706,0.9206957760372592,0.4726784,0.0042073843
8707,0.8347331050518574,0.74785376,0.0003056647
8708,0.8626950398958225,0.8482552,0.0001887929
8709,0.9325920107783928,0.38302127,0.008936197
8710,0.8185648329142534,1.0803071,0.0006203195
8711,0.9173169356760892,0.7213152,0.0033083707
8712,0.7306316818319383,1.1140578,0.001114777
8713,0.895983996195043,0.5355768,0.004944576
8714,0.8965805914051782,0.68530756,0.010113905
8715,0.82958715386075,0.45012638,0.003991621
8716,0.6725973228440603,0.9507727,0.00025172386
8717,0.7040143334914778,0.92975354,0.0071201893
8718,0.5776417080536079,1.1585027,0.0006293096
8719,0.8854631292149167,0.75134087,0.0038657594
8720,0.8626950398958225,0.97464925,0.0003775858
8721,0.894389246738547,1.0054564,0.001042856
8722,0.7378727725346704,0.74560577,0.007983242
8723,0.7951189812938315,0.8385944,0.0029128047
8724,0.6213329307896412,0.8612977,0.0035331242
8725,0.7994974896063725,1.1112375,0.0006203195
8726,0.9224699783860166,0.30634624,0.004027582
8727,0.9999976189247544,0.08681249,0.004719822
8728,0.5161924647266767,1.2215159,0.001240639
8729,0.6818528830080075,0.9803595,0.0015463037
8730,0.6038542448028003,1.1153125,0.0018339881
8731,0.9281912176340354,0.8552707,0.0006293096
8732,0.9857477811381689,0.33220512,0.008414769
8733,0.8330491711884263,0.40515488,0.0061043035
8734,0.7776909164736037,0.6978109,0.0060953135
8735,0.828597404413135,0.7530912,0.009169941
8736,0.9840222798756022,0.5695788,0.000521428
8737,0.825098422968616,0.7394413,0.006994327
8738,0.915051924966874,1.1466559,8.990138e-06
8739,0.7830506631566088,1.1375214,0.0029487652
8740,0.7317974942390952,0.9519125,0.0017261065
8741,0.9303823060393944,0.77920973,0.0017261065
8742,0.925618283569426,0.8273569,0.00029667455
8743,0.8542723817999206,0.8523912,0.0015912544
8744,0.9999993756745796,0.0682999,0.009511566
8745,0.6009061966763902,1.2160472,6.2930965e-05
8746,0.8183338470105229,0.7177925,0.0067605837
8747,0.7125179625612916,1.039609,0.0018699487
8748,0.9305309538366996,0.36716267,0.01495959
8749,0.8196697630515546,0.93325925,0.0038118185
8750,0.9026851889734256,0.7515477,0.0016182248
8751,0.7909366751892606,1.0203742,0.0003326351
8752,0.934851600875544,0.8189623,0.002355416
8753,0.8404572770895659,0.95159763,0.00090800395
8754,0.9435666430229724,0.70654994,0.0053221616
8755,0.9887295553885984,0.56175697,0.00086305325
8756,0.8482524244285787,1.0004995,0.0003326351
8757,0.9458024026833438,1.0601844,0.0022385444
8758,0.8284488488701948,0.798771,0.0029397751
8759,0.668230924001713,1.055396,0.00044051674
8760,0.7604157819170444,0.8124228,0.0008540631
8761,0.7519232810111673,0.9169084,0.00019778303
8762,0.7245980340068247,0.93248993,0.0014743826
8763,0.9619355765986743,0.34979147,0.015202323
8764,0.6713970558383479,1.0409534,0.0031645284
8765,0.901773807414062,0.5172934,0.0052592307
8766,0.9999998180977676,0.080179535,0.004719822
8767,0.7861727053297429,0.65876824,0.0048726546
8768,0.6587542564491781,0.91459084,0.00025172386
8769,0.8905206064589263,0.76322746,0.00089002366
8770,0.6725133697385515,0.97399986,0.00013485207
8771,0.8592397958896938,0.66061497,0.0051963
8772,0.9952965416492356,0.38467255,0.0026700709
8773,0.9997585727233278,0.046003457,5.394083e-05
8774,0.9469671715631588,0.69263554,0.0043152664
8775,0.6523481862587953,0.9851869,0.0008810335
8776,0.8778175622630844,0.7522266,0.0031645284
8777,0.9999204502292324,0.068750486,0.00912499
8778,0.8704895254119306,0.69327885,0.006787554
8779,0.7841286819486373,0.65140355,0.0005034477
8780,0.8549218947704822,0.9825141,0.0006203195
8781,0.8721438558528143,0.4824086,0.0030566468
8782,0.8269101404973409,0.8236217,0.0005663787
8783,0.9987683297690492,0.69459176,0.000260714
8784,0.9320113962645916,0.17418596,0.031618316
8785,0.9494221955471986,0.59756416,0.0007911321
8786,0.9047979271687892,1.1569662,0.00024273372
8787,0.8412029272378891,0.8861243,0.0031825087
8788,0.9983408437870326,0.11525977,0.08216087
8789,0.7523960954316129,0.95983547,0.009430654
8790,0.7665981654463883,0.96983653,0.0023194556
8791,0.5651718737143687,1.081796,0.00077315187
8792,0.7216424310220654,0.903091,0.0034162523
8793,0.7466036077401622,1.2619109,0.0014474122
8794,0.9584925212824982,0.6506772,0.00016182248
8795,0.6805070006038731,1.3324794,0.0005304181
8796,0.8209878095864152,1.0536087,0.0035780747
8797,0.9735492371316208,0.7709153,0.0006203195
8798,0.7885833211758918,0.75153595,0.0023374357
8799,0.9162912324938964,0.25553933,0.017108232
8800,0.7242611900336868,0.8193314,0.006275116
8801,0.9848987384044864,0.21542089,0.030997995
8802,0.6752985209686724,1.2045872,8.9901376e-05
8803,0.7255930040108878,1.1707006,0.0003596055
8804,0.8066505500790846,0.8818154,0.001429432
8805,0.8084798239239133,0.99917626,0.0013934714
8806,0.9636318767546156,0.5445453,0.019229906
8807,0.9999993531946793,0.06271821,0.009484596
8808,0.6802587918048985,0.8245229,0.0031645284
8809,0.8198273250951453,0.7269364,0.0021935937
8810,0.788776664941371,0.98822975,0.01245134
8811,0.6736312911298474,0.9049135,0.00017980275
8812,0.8436004201340619,0.9239015,0.00013485207
8813,0.788068945807977,0.61334,0.0008990138
8814,0.8029743916985583,0.8297416,0.008360828
8815,0.9260988443224268,0.40519288,0.005457014
8816,0.8628264842317104,0.88943005,0.006976347
8817,0.8636432244136756,0.7987365,0.0008540631
8818,0.5027643982717488,1.0145339,6.2930965e-05
8819,0.9999787371830317,0.07200916,0.0027689624
8820,0.7985917893012073,0.5847341,0.007929302
8821,0.5667779087296982,0.96475726,0.0005933491
8822,0.6786103502089501,1.1131039,0.0023284457
8823,0.9872819040415556,0.8337843,8.9901376e-05
8824,0.74826238738462,0.78152573,0.0046029505
8825,0.999999007850358,0.060480397,0.009511566
8826,0.8155914993526121,1.0120142,0.0020497513
8827,0.6785421265537093,0.92598015,0.0020497513
8828,0.7022919356309346,1.1969758,0.0007282012
8829,0.8334990348844926,0.7896751,0.0007102209
8830,0.8951552827502445,0.8134159,0.0039017198
8831,0.9999980842110004,0.06396671,0.009457625
8832,0.7669825099936379,1.0776579,0.005690757
8833,0.953252019394528,0.76568294,0.0011507376
8834,0.7815587290547605,0.764017,0.0
8835,0.9719251262756308,0.8553289,0.0007282012
8836,0.7748667306391794,1.23079,0.00029667455
8837,0.9880254577076392,0.68343663,0.00026970415
8838,0.915464344224417,0.70885134,0.00093497435
8839,0.722906889947804,0.88163877,0.00130357
8840,0.7671286183916864,0.8736532,0.0022565245
8841,0.9999987959546603,0.06428126,0.009457625
8842,0.8981891455881021,1.0579916,0.0003056647
8843,0.7088610443578772,0.8746088,0.0005753688
8844,0.9998353789554512,0.06125626,0.0056547965
8845,0.8069064467050402,0.80755794,0.002750982
8846,0.998286048535213,0.6079336,0.0001887929
8847,0.8483935099304653,1.2329074,0.00086305325
8848,0.8286905873292797,0.6647408,0.005286201
8849,0.999970219540232,0.04927944,0.009160951
8850,0.7356352354782144,1.0846976,0.0015103432
8851,0.7987713806813832,0.6641001,0.0063560274
8852,0.8458000913710535,0.50408924,0.008603562
8853,0.6679335039540097,1.2070421,0.0006832505
8854,0.7351275024178456,1.1513735,0.00086305325
8855,0.8514656760757363,0.55473423,0.0048816446
8856,0.8912004241205445,0.48084962,0.005933491
8857,0.975207574137792,0.28295153,0.0066796723
8858,0.9441802691604751,0.6244064,0.00089002366
8859,0.7993364185012456,0.7376658,0.0076146466
8860,0.999997749463369,0.06082963,0.009430654
8861,0.6131709733379348,1.1858987,0.00034162524
8862,0.9672743115134486,0.48868865,0.0103926
8863,0.9817060264117162,0.8341739,0.0006382998
8864,0.8559926076968836,1.1496642,0.0008810335
8865,0.808200790901235,0.7114615,0.00456699
8866,0.8105119335687841,1.0666262,0.0007012308
8867,0.5876119399217021,1.0297701,0.002993716
8868,0.9011896332707235,0.79602724,0.00021576331
8869,0.8105491465627626,0.60968536,0.006257136
8870,0.8635636590803842,0.80741507,0.005349132
8871,0.8216556015194051,0.9045851,0.0041174833
8872,0.8764830337382634,0.55719036,0.0041174833
8873,0.7897699035910226,0.57194483,0.003784848
8874,0.8995703465665541,0.5332176,0.0038208086
8875,0.6957931381947859,0.76137674,0.00095295464
8876,0.9489515285225788,0.840185,0.0070662485
8877,0.7647549047752783,0.70583963,0.0017890374
8878,0.7477071580142942,1.014609,0.0005034477
8879,0.7416478583445418,0.99302065,0.0020497513
8880,0.9747834797798174,0.43936217,0.0053041815
8881,0.9272062973138376,0.5697909,0.0024543076
8882,0.7905776334829742,0.9058314,0.0034072623
8883,0.8290129695619368,0.89763415,0.003137558
8884,0.9879906342384668,0.67924374,0.0013215502
8885,0.9042485701890846,0.5367641,0.0073629227
8886,0.8578768107735983,0.5630161,0.003524134
8887,0.7982393429302252,0.9790162,0.00010788166
8888,0.895983996195043,0.641341,0.0025621892
8889,0.8892594754556749,0.81316775,8.091124e-05
8890,0.9231913977930788,0.7118707,0.003335341
8891,0.787912571632128,0.8696203,6.2930965e-05
8892,0.7658066933134751,1.1865101,0.002346426
8893,0.8660094389959194,0.64493984,0.0012765996
8894,0.7218159569499116,0.73192436,0.007713538
8895,0.6599123988005251,0.85442483,0.0017171163
8896,0.8796989176466539,0.5369266,0.002544209
8897,0.999999891121753,0.08097512,0.004746793
8898,0.8877675189441899,0.89071465,0.0023014753
8899,0.8710297051081123,0.7338255,0.005501964
8900,0.7322997960135202,0.72522646,0.0045310296
8901,0.8628920308727289,0.34559706,0.007371913
8902,0.9502698254308096,0.8557106,0.0005483984
8903,0.9635945114210592,0.5731203,0.00032364496
8904,0.6852872718922758,1.1409013,5.394083e-05
8905,0.7663992528090846,0.62963396,1.7980276e-05
8906,0.6376737132307658,1.2093744,0.000979925
8907,0.7646879345365687,0.7136057,0.0018429783
8908,0.9315980298662456,0.44300032,0.007884351
8909,0.832740850501291,0.39787352,0.0055828756
8910,0.8936045927081172,0.24763568,0.0066077514
8911,0.8453800243980324,0.7516189,0.005501964
8912,0.8847231973055701,0.7602873,0.011390504
8913,0.814837395719362,0.781324,0.0031015975
8914,0.5373973591243955,1.0899202,0.0008540631
8915,0.8748071425913299,0.5938786,0.0015732741
8916,0.804979396324602,0.95057386,0.00042253648
8917,0.870014775084264,0.5388352,0.008055164
8918,0.8437412072684105,0.76833534,0.0012765996
8919,0.8557136515375984,0.67391795,0.0073179724
8920,0.9563035086936104,0.56023425,0.0011956884
8921,0.781351851227148,0.6566368,0.003712927
8922,0.9435123554702732,1.1128393,0.00015283235
8923,0.8860895481344232,0.8011015,8.091124e-05
8924,0.8742623812735553,0.54525423,0.0022475345
8925,0.8428549521590946,1.0125886,0.00130357
8926,0.8537094823994777,0.6663117,0.005987432
8927,0.6745070922680232,0.96540564,0.0050704377
8928,0.8910217367882038,0.51324725,0.008181025
8929,0.8566097390019359,0.642106,0.010356639
8930,0.8664287339980705,0.80608404,0.00089002366
8931,0.8418784571292901,0.3134637,0.008738414
8932,0.9356696228800352,0.63117176,0.0040995027
8933,0.7385917145408583,1.0450484,8.990138e-06
8934,0.8361620387693111,0.7582321,0.0031825087
8935,0.955165005891674,0.9550646,0.00089002366
8936,0.8496308456137399,1.0337908,0.0036410058
8937,0.8371269035680684,1.0433037,0.0010878067
8938,0.7538863299422625,0.8670237,0.0016991361
8939,0.6850423549160561,0.8725596,0.0019328797
8940,0.9003356558229378,0.48186582,0.0058885403
8941,0.9997400050742592,0.068209894,0.008019203
8942,0.917023495062099,0.9070995,0.0035690847
8943,0.8286556558367955,0.7574757,0.0032454398
8944,0.9513335617846724,0.8398644,0.000719211
8945,0.6825178184162033,0.9586807,0.001114777
8946,0.8769978547679627,0.5836589,0.0012945798
8947,0.8702114859756369,0.8452988,0.00015283235
8948,0.9538060592318972,0.5598894,0.017422887
8949,0.918262450092724,0.33030424,0.011804051
8950,0.9999976787821104,0.06063129,0.009430654
8951,0.8146124629046164,0.7650187,8.9901376e-05
8952,0.9840387711273272,0.9295815,0.0063380473
8953,0.8109699889004862,0.7573178,0.0075247455
8954,0.9999949216632698,0.06559432,0.00843275
8955,0.8981909875492265,0.52876645,0.006068343
8956,0.8429409704867139,0.731024,0.005483984
8957,0.9059728058790352,0.4887283,0.0037668678
8958,0.7548336154213813,0.6759006,0.0029667455
8959,0.8863132926662108,0.9217374,0.0014024616
8960,0.8066633806786533,1.0576111,0.00020677317
8961,0.3927131673820092,1.1227572,0.00019778303
8962,0.7099319773352544,1.0645512,0.0019148993
8963,0.781347701113406,1.1249967,0.0008001223
8964,0.8654409524751518,0.43763408,0.0059694517
8965,0.7592281966594071,0.75516045,0.00034162524
8966,0.9913293849117552,0.83791494,0.0001438422
8967,0.8097603769050966,0.8453979,0.0034342327
8968,0.9059947049364544,0.90950626,8.990138e-06
8969,0.8777472002690163,0.7253474,0.0015463037
8970,0.7218829944947726,1.015922,0.0015283234
8971,0.8637896112756951,1.0233582,0.0010518461
8972,0.7797305334100078,1.2263014,0.0022385444
8973,0.7044199037983163,0.950073,0.0041354634
8974,0.8881028609510231,0.60267025,0.0045310296
8975,0.97868603993423,0.76048934,0.0006113294
8976,0.8267678240348878,0.5612833,0.006436939
8977,0.6904616805735038,0.67397493,0.0024003668
8978,0.7156436713493157,0.8470353,0.00090800395
8979,0.9999993902253032,0.09872689,0.006176225
8980,0.7512203967367674,0.4528441,0.009853191
8981,0.8013232148737239,0.9248095,0.00084507297
8982,0.7232408434850601,1.2659914,0.0020317712
8983,0.7854628980296823,0.87976587,0.0019778304
8984,0.9969858915552092,0.4550756,0.001375491
8985,0.8029450379188611,0.928197,0.0005034477
8986,0.8610177891454527,0.884895,0.0006023392
8987,0.6525764351313206,1.0656472,0.003119578
8988,0.6986476865738174,0.97157913,0.0006832505
8989,0.8388350413753326,0.95326114,0.0045759804
8990,0.956731536902326,0.3245883,0.013611069
8991,0.9576377152352892,1.0970526,0.002544209
8992,0.8381513386102916,0.91277826,0.0018070177
8993,0.6150261856710696,0.88017637,0.00045849703
8994,0.8626258445131555,0.92679495,0.0034971635
8995,0.8586639490698067,0.6428875,0.010077945
8996,0.9730449902172266,0.60013,0.0056188363
8997,0.8993066343357685,0.5264776,0.008378808
8998,0.8189932391537912,0.37765542,0.004000611
8999,0.8446081136408686,0.8589077,0.004495069
9000,0.8327777758169768,0.7659796,0.0006922406
9001,0.8221400980359852,0.86890316,0.003784848
9002,0.9837990803179448,0.2297794,0.0144201815
9003,0.9999994418469678,0.07605489,0.009304793
9004,0.9999991934509326,0.06247172,0.009502576
9005,0.9185956138905724,1.1375676,0.00011687179
9006,0.9672625477778128,0.37670237,0.010671293
9007,0.8217336544019272,0.9895369,0.0006832505
9008,0.816542951503355,0.5959274,0.0026251203
9009,0.9753368474357442,0.34474686,0.0016182248
9010,0.9654776365667316,0.8049093,0.0006293096
9011,0.7834589013238612,0.810949,0.003191499
9012,0.9999061305120934,0.05762383,0.006014402
9013,0.5669916195932447,1.0249953,7.19211e-05
9014,0.9222800887624796,0.5205574,0.0014564024
9015,0.7773597496099538,0.92638963,0.00091699406
9016,0.6572163458450003,0.8979145,0.0006922406
9017,0.8699686688673339,0.6539501,0.0009979053
9018,0.73136129625502,0.91044635,0.0033443312
9019,0.9662765105624664,0.6561044,0.0004495069
9020,0.786341288821418,0.8543156,0.0068864455
9021,0.999999670660754,0.07123203,0.009493586
9022,0.7216869003638502,1.0290473,0.0003596055
9023,0.9024485542196832,0.6963155,0.0055828756
9024,0.8238345005861292,0.7100146,0.00010788166
9025,0.8485926022939939,0.8074417,0.0049086153
9026,0.877271719737598,0.8112672,0.0033802919
9027,0.9489010604617444,0.27997229,0.010140875
9028,0.8787215228301143,0.81828386,0.0003326351
9029,0.9877595219563046,0.5263816,0.0031555383
9030,0.9648787067289658,0.8090143,0.0006023392
9031,0.940702670573471,0.4329553,0.0037758579
9032,0.976309646730116,0.79393256,0.00045849703
9033,0.7837538980159894,0.9838308,0.0043961774
9034,0.8311055138768715,0.8178979,0.0006832505
9035,0.8567358374911398,0.8792475,0.0018699487
9036,0.7584655152435118,1.0396281,0.0039466703
9037,0.7239202429918343,0.7242318,0.0015912544
9038,0.7005521607297547,1.0496638,3.596055e-05
9039,0.7910874413732114,0.4231693,0.008702453
9040,0.8402896298092885,0.92182976,0.00011687179
9041,0.9770657836262696,0.49796098,0.0023014753
9042,0.8520073077935616,0.88281167,0.0001438422
9043,0.7006958130376976,1.0337547,0.0003596055
9044,0.6440088369063651,1.1021653,0.0010698264
9045,0.7730019412258267,1.0690162,5.394083e-05
9046,0.9231913977930788,0.84438866,0.0017710571
9047,0.6344466053561867,1.0842725,0.0039197
9048,0.912728731451492,0.77517,0.03186105
9049,0.6474687234617016,0.22973394,0.004180414
9050,0.9022225981663224,0.7541227,0.0018429783
9051,0.9692700752301812,0.7532083,0.00021576331
9052,0.9588449459778172,0.35109714,0.009187921
9053,0.7251202240151153,0.82465273,0.0012496292
9054,0.993517000687951,0.5779526,0.004737803
9055,0.92723571866789,0.4433195,0.007938292
9056,0.999814265696546,0.114388354,0.0023374357
9057,0.9407214530267484,0.29073718,0.0078663705
9058,0.8106261181193489,0.9388433,0.0005753688
9059,0.8331156580941961,0.8806726,0.0006113294
9060,0.9757581212286242,0.39049268,0.006724623
9061,0.8336542524272641,1.0216535,0.0031645284
9062,0.7041315761162709,1.0460159,0.001366501
9063,0.5683706934896327,1.0773008,0.0023374357
9064,0.737886501141245,0.76472694,0.0053311517
9065,0.6720951164293731,1.2604563,0.00016182248
9066,0.9878952493451152,0.25080925,0.03283198
9067,0.8239100476226899,1.0038849,0.00032364496
9068,0.9735858556195244,0.8306944,0.0008540631
9069,0.7830924862334542,1.0726686,0.0026520907
9070,0.9381166877062654,1.0189738,0.0006293096
9071,0.7133830589236319,1.0189795,0.0030206863
9072,0.7961550388236369,1.1113865,0.0011237672
9073,0.999988595109115,0.07697218,0.0028318935
9074,0.8060483178770691,0.6410054,0.009026098
9075,0.930902524206632,0.72229654,0.0046658814
9076,0.4197851909108334,1.0980914,0.00017980275
9077,0.7068650475555628,1.1714468,0.00011687179
9078,0.6594791481823553,1.0353738,0.0010608362
9079,0.8596759290568432,1.1874017,0.0010967968
9080,0.9297857820092744,0.259236,0.002993716
9081,0.7947794254483713,0.99771726,0.0035511043
9082,0.7694076434692599,0.88341534,0.004261325
9083,0.9059220560285618,0.6804045,0.0032274595
9084,0.808040093083116,0.8230958,0.00020677317
9085,0.6535271390591819,1.1597528,0.0006382998
9086,0.8205156886355747,0.8195359,0.0009259842
9087,0.7540408473197844,0.7396264,0.0046119406
9088,0.8551536070884591,0.6108835,0.004306276
9089,0.9827043369948756,0.7648844,0.0018070177
9090,0.8523054335051318,0.9901215,0.003065637
9091,0.8744569707900948,0.739181,0.00058435893
9092,0.8360829736455199,0.78131187,0.00048546743
9093,0.7315084644734027,1.0078195,0.00051243784
9094,0.9137444189058396,0.8670675,1.7980276e-05
9095,0.7895433584590958,0.7033259,0.0016362051
9096,0.8195126562586844,0.7853641,0.0062841065
9097,0.8029450379188611,0.9756161,0.0007012308
9098,0.9948459548364412,0.07880924,0.09806442
9099,0.770837398122341,1.078862,0.0029847259
9100,0.8052097596107686,0.815054,0.002876844
9101,0.829494810189681,0.9056472,0.0012046784
9102,0.7809893922325952,0.8850026,0.0041084928
9103,0.9999992647595116,0.060523555,0.009322773
9104,0.8010042659283853,1.0969496,0.0006113294
9105,0.9294758922932382,1.3702205,0.00027869426
9106,0.7479979953602598,1.029377,0.0019418697
9107,0.9793846782930642,0.66429067,0.0040635425
9108,0.8897640725193009,1.0147462,0.0011687179
9109,0.93084867472787,0.50122505,0.004710832
9110,0.9588533793905716,0.67463017,0.0006472899
9111,0.852945830316213,0.9631543,0.00130357
9112,0.9506408553353556,0.5905973,0.008981148
9113,0.7644426272449105,1.0085717,0.0005573885
9114,0.9505604570565304,0.46968383,0.0013575108
9115,0.9717366938950688,0.92690885,0.0015373136
9116,0.8439201416745874,0.62003404,0.0025352188
9117,0.8327216267325804,0.5589112,0.004045562
9118,0.8218473297302892,0.88260496,0.004980536
9119,0.9999528892069832,0.073281586,0.006454919
9120,0.8459934934931151,0.5543959,0.002229554
9121,0.6653676041686944,1.0867417,0.0011327574
9122,0.8342024756545485,0.65771294,0.003200489
9123,0.5909918516055828,1.088256,0.00045849703
9124,0.919901803282015,0.71279395,0.0008270927
9125,0.9268735022690124,0.5810438,0.00019778303
9126,0.8263149063287488,0.8325803,0.0022924852
9127,0.7285227331871523,1.0735184,0.00010788166
9128,0.7923171391147474,0.7729611,0.0008270927
9129,0.9998937427373724,0.057879563,0.0021036922
9130,0.8348993627867811,0.7262392,0.00015283235
9131,0.7783398168228016,1.1285133,0.0011866982
9132,0.9562298049582096,0.9253049,0.0029667455
9133,0.7312618298975291,0.96564776,0.0005394083
9134,0.8289722122853749,0.996975,0.00010788166
9135,0.999893195893448,0.29519957,0.005546915
9136,0.89291981120263,1.0985808,0.00012586193
9137,0.9987683297690492,0.7366668,0.0002876844
9138,0.8826787370149491,0.58333355,0.005672777
9139,0.6638950365116034,0.9710294,0.00015283235
9140,0.9999990874321898,0.08115112,0.004971546
9141,0.7723509097780793,0.9406251,0.0005483984
9142,0.8933495684288596,0.56169856,0.0038927298
9143,0.9371617404601272,0.5346924,0.0035600946
9144,0.7982129203709394,0.79632574,0.0020677317
9145,0.7957729908102098,1.0432062,8.990138e-06
9146,0.8938584401176181,0.5221965,0.0033623115
9147,0.6969421876379198,1.0154977,8.091124e-05
9148,0.830980738924372,0.8116225,0.00034162524
9149,0.92603142259826,0.59509814,0.0036949466
9150,0.7788804571539496,1.0534123,0.0013125602
9151,0.8869525757843512,0.86724925,0.0022475345
9152,0.93018747848608,0.7342286,0.0007911321
9153,0.7365357525114006,1.0764028,0.0006023392
9154,0.8913781839445639,0.83989257,0.00042253648
9155,0.6947818553053493,1.096648,0.0023104653
9156,0.8183087261549331,0.7867883,0.0018609585
9157,0.9463608149669788,0.7226369,0.0005573885
9158,0.7932997774552327,0.7188488,0.00047647732
9159,0.999892716172526,0.03746783,0.04808825
9160,0.8222562085862121,0.9718479,0.0006742603
9161,0.6442344409579254,1.1105863,0.0015373136
9162,0.984450152724792,0.61050516,0.00048546743
9163,0.6286708505073463,1.0878283,1.7980276e-05
9164,0.9779761592093188,0.7180331,8.9901376e-05
9165,0.8927245671118103,0.66595507,0.0032094792
9166,0.8544246171972859,0.78369987,0.0070302878
9167,0.7249831267754011,1.0246462,0.0010698264
9168,0.8567377156889625,0.61155766,0.014123507
9169,0.8829159281215329,0.7540774,0.010725235
9170,0.8188007467107863,0.8246384,0.005753688
9171,0.8389477488815328,0.7126979,0.0011237672
9172,0.6211913197568578,1.1924815,0.0007371913
9173,0.8171748252077636,0.80009794,0.0006203195
9174,0.9757588687776092,0.31852722,0.02533421
9175,0.999998914727562,0.062562026,0.009493586
9176,0.9999979421445836,0.067216575,0.009340753
9177,0.7607954504587775,0.92698574,0.0006562801
9178,0.8069941677407719,0.9355094,0.0007102209
9179,0.90178520601623,0.52051747,0.0026700709
9180,0.9000013831538258,0.6610527,0.0014204418
9181,0.9992425247588272,0.08423071,0.05277211
9182,0.8204304283839186,0.8838569,0.00038657594
9183,0.8735271501398572,0.9211244,0.00046748717
9184,0.656078234952401,1.2836667,0.0
9185,0.8428003145312245,0.58829165,0.006212185
9186,0.628302195596986,1.0362527,0.00045849703
9187,0.7825506985388587,1.1392816,0.00022475344
9188,0.8897079806774253,0.55161893,0.00074618147
9189,0.915169989426302,0.9568845,0.0002876844
9190,0.6856277395216596,0.7371514,0.0032903904
9191,0.6880092758321857,0.8528805,0.0066167414
9192,0.7336077376228523,0.8992818,0.00029667455
9193,0.8052879767963212,0.853784,0.0010158856
9194,0.92377424877792,0.8197341,0.0032094792
9195,0.7691177026616507,0.46906644,0.009673389
9196,0.8542238126275311,0.9183825,0.00026970415
9197,0.7061220884005315,0.9814848,0.0061132936
9198,0.9726365546471908,0.71399045,0.00012586193
9199,0.9793554821471204,0.3504861,0.008100114
9200,0.7834245250091761,0.9624035,0.0006742603
9201,0.6495855863499193,1.2936958,0.0004944576
9202,0.7405340338076494,1.1972305,0.003002706
9203,0.7294938733653772,0.78141785,0.00086305325
9204,0.948032941758536,0.7850271,0.0006472899
9205,0.7765270067761951,0.88810647,0.0031015975
9206,0.972690234259534,0.79537237,0.00011687179
9207,0.9083547868878896,0.45368725,0.0065538106
9208,0.7349700196531093,1.0428149,0.00025172386
9209,0.7283827457632307,0.83796555,0.0024183472
9210,0.7905776334829742,1.1049454,0.002544209
9211,0.9152226959356012,0.58553666,0.0036859566
9212,0.8945473996210254,0.5827248,0.007686568
9213,0.6436140368461473,1.0023395,0.0007012308
9214,0.9999959210363096,0.06743938,0.008882256
9215,0.5347082670742513,1.202793,0.000521428
9216,0.8525487589141347,0.8563313,0.0022385444
9217,0.7133987359554032,1.026426,1.7980276e-05
9218,0.9980275223237808,0.19085537,0.09542132
9219,0.8027479196906717,0.7787479,0.0005304181
9220,0.6600917660743708,1.1629627,0.00081810256
9221,0.694046850759597,0.8917005,0.0034342327
9222,0.796976500549095,0.6683802,0.006266126
9223,0.7925730718878834,0.7345995,0.001627215
9224,0.681434689345167,1.2087736,0.0019778304
9225,0.9602740610931944,0.6705631,0.0068235146
9226,0.7074820875119051,1.1810457,0.00091699406
9227,0.851641430401518,1.0074655,0.00021576331
9228,0.8035120641919191,0.85869145,0.001438422
9229,0.8841549346953347,0.52453583,0.007902331
9230,0.5889200168841953,1.0271806,0.0014564024
9231,0.7279965600757262,1.144928,0.0005394083
9232,0.9265990951176885,0.62826425,0.006913416
9233,0.8338276583744314,0.94603235,0.0010608362
9234,0.7708137522992362,1.0074015,0.0029487652
9235,0.8967390614526737,0.7616264,0.0008091124
9236,0.9580948629799162,0.76830083,0.0026520907
9237,0.8820427859505655,0.74312633,0.0034252426
9238,0.7878185340401431,0.84081095,0.0021756133
9239,0.7019166251856006,0.9589654,0.0015552938
9240,0.8676793560894958,0.64619863,0.0033173608
9241,0.9849988517636304,0.43442464,0.00047647732
9242,0.8732564207721153,0.75113326,0.0010788166
9243,0.733439882408235,0.85880876,0.003991621
9244,0.939291930976111,0.7269608,6.2930965e-05
9245,0.7390675899657243,0.9504182,0.00010788166
9246,0.9845476409396788,0.5192159,0.0020767218
9247,0.7497621720914504,0.58566296,0.0022745049
9248,0.921442443239636,0.40685824,0.01040159
9249,0.9602740610931944,0.6603018,0.0074708047
9250,0.9102101278593254,0.60943353,0.001105787
9251,0.8151465017893065,0.8217482,0.007911322
9252,0.9255783136468194,0.8768723,0.00023374359
9253,0.5929954842387982,0.3013374,0.00025172386
9254,0.9999768572456916,0.035273604,0.06192407
9255,0.7342783543491291,0.94233996,0.0006922406
9256,0.7536705993057572,0.7638733,0.0053401417
9257,0.929262091884946,0.6314139,0.00524125
9258,0.869705069468298,0.85228676,0.002472288
9259,0.8142645690256047,1.0022198,0.0006472899
9260,0.8259876119585462,0.9210752,0.00089002366
9261,0.8636894039667727,0.99883497,0.0009889152
9262,0.6362436582675587,1.1878517,0.00021576331
9263,0.7457491283319293,0.8195735,0.0051333685
9264,0.9459049365988034,0.42424983,0.018339882
9265,0.8423770111894682,1.0348803,0.00038657594
9266,0.8622485887550175,1.032538,0.00095295464
9267,0.9827936233515184,0.38361531,0.0027150216
9268,0.818065847170074,0.6268876,0.009844201
9269,0.950877975967123,1.0514511,0.00034162524
9270,0.9947854784987276,0.14373158,0.08617047
9271,0.9999986068431536,0.06348578,0.009304793
9272,0.7593648869706763,1.241252,0.0020497513
9273,0.7581707675249963,0.94071364,0.00016182248
9274,0.9148337544294336,0.57193106,0.00029667455
9275,0.7737511050935435,0.7847012,0.0015552938
9276,0.6791570521976953,1.162086,0.0009889152
9277,0.9964286871491588,0.24589597,0.024003668
9278,0.9714985466577428,0.38578835,0.0028229032
9279,0.721314049368653,1.220507,0.0006382998
9280,0.8941995734398819,0.75829,0.0016092347
9281,0.9999992041519076,0.063843004,0.009457625
9282,0.7418514319816508,0.8296543,0.002733002
9283,0.8563219170917935,0.7191065,0.00024273372
9284,0.5391942106806612,1.1723378,0.00026970415
9285,0.8725969445977426,0.5924245,0.00038657594
9286,0.9153911739518756,0.8761943,8.990138e-06
9287,0.9999997477571828,0.073358595,0.009511566
9288,0.8564964823610486,0.7871467,0.0017171163
9289,0.9999979052039364,0.087635584,8.9901376e-05
9290,0.7414969460439289,1.0917993,0.000260714
9291,0.8503957562322679,0.7852231,0.00058435893
9292,0.6410629125032756,1.1855103,0.0004495069
9293,0.923851726683564,0.88732177,0.00087204337
9294,0.9999996918999384,0.07783105,0.004746793
9295,0.7256231735128815,1.0681896,0.0033713016
9296,0.9910356067142456,0.31469545,0.01822301
9297,0.9998720329431112,0.04403321,0.009017108
9298,0.8428937537501218,0.8679044,0.0063020866
9299,0.7072473218390767,0.98743665,0.0045490097
9300,0.7747217723569696,0.7259447,0.00023374359
9301,0.909920403989466,0.75480837,0.0034162523
9302,0.9608708634116556,0.664091,0.001105787
9303,0.842169956954904,0.44026938,0.01565183
9304,0.652119363097185,1.096826,0.00012586193
9305,0.7573014730456297,0.9766502,0.0006023392
9306,0.9468355709772868,0.7385155,0.00011687179
9307,0.8192876033417662,1.0392038,0.0006023392
9308,0.7858262655974393,0.8944395,0.0029667455
9309,0.8953037162150567,0.736684,0.0003506154
9310,0.9812202911777924,0.27869108,0.03446819
9311,0.9999987520762011,0.080964826,0.004737803
9312,0.7782362121311884,0.6791851,0.0033623115
9313,0.8917185285698975,0.4237816,0.0103386585
9314,0.7995353130086014,1.1279782,0.00029667455
9315,0.8016170748617937,0.92024076,0.0026520907
9316,0.988957692052056,0.48108906,0.00045849703
9317,0.8023592140873228,0.8956045,0.0055918656
9318,0.9999931557413412,0.078767486,0.0045220396
9319,0.9745850666170032,1.0360638,0.0043602167
9320,0.810678723470856,0.8900734,3.596055e-05
9321,0.8975989151991308,0.7280721,0.0037938382
9322,0.9999982433531276,0.08118562,0.004701842
9323,0.9999965164532768,0.06829892,0.004827704
9324,0.898847459969044,0.7429495,0.003955661
9325,0.9239413026983,0.9896291,0.0019418697
9326,0.7646996645318155,1.0204449,1.7980276e-05
9327,0.7791049398156604,1.0579141,8.091124e-05
9328,0.7551970846462687,0.93361163,0.0028858343
9329,0.9357521073950252,0.5536736,0.002750982
9330,0.9999983565288066,0.092597745,0.009349743
9331,0.9511699834711096,0.5149335,0.017962296
9332,0.8764413974847104,0.7050052,0.00097093487
9333,0.7279935077271702,0.8862629,0.0015822642
9334,0.736824316207083,1.0789591,1.7980276e-05
9335,0.8125169475615909,0.9670594,0.0082169855
9336,0.9051238941220288,0.9658588,0.0006023392
9337,0.7380521969261531,0.8276852,0.0036589862
9338,0.8375259534654862,1.0258806,0.0015463037
9339,0.895495385803972,0.84062845,0.0038028283
9340,0.9471344023498712,0.5332856,0.006068343
9341,0.7163407094558728,0.7337484,0.0055738855
9342,0.6674017049264506,0.87279683,0.0015552938
9343,0.9482549309567604,1.2045419,0.00038657594
9344,0.9997982048610108,0.05887527,0.005672777
9345,0.7913626776687328,0.78260744,0.002733002
9346,0.8036729949557496,0.798585,0.0074078734
9347,0.8611478125239829,0.5155343,0.011651219
9348,0.8779129116099297,0.7098694,0.0020407613
9349,0.695851554836645,1.0443643,0.004216375
9350,0.7729933226518159,0.99657375,1.7980276e-05
9351,0.8909488057416749,0.68843913,0.0003596055
9352,0.9981544284593976,0.14075643,0.09158254
9353,0.9066314905664656,0.9103185,0.00036859565
9354,0.8599003892837852,0.36072275,0.007299992
9355,0.8734550183035141,0.72178406,0.0017890374
9356,0.6630286375786432,1.3584119,0.0013934714
9357,0.946092782700422,0.685129,0.0038837395
9358,0.7823260826167024,0.70960367,0.0022025837
9359,0.8182417965017897,0.743708,0.0009979053
9360,0.9656836424949212,0.76990914,0.00020677317
9361,0.8855882494127316,0.54381555,0.005277211
9362,0.836771785146335,0.8800304,0.004162434
9363,0.7462748928084622,0.77667606,0.003461203
9364,0.9192034689531666,0.44564763,0.007767479
9365,0.6794640231387603,0.8735533,0.0032274595
9366,0.9117398859634128,0.4271514,0.0073988833
9367,0.6274282330044028,1.1654894,0.0008540631
9368,0.8033403346186544,1.3378094,0.001824998
9369,0.999997749463369,0.060592983,0.009385704
9370,0.8694926397295444,0.7414739,0.0020587416
9371,0.8422041013564827,0.3747415,0.004746793
9372,0.7906417097294889,0.7595729,0.003847779
9373,0.9911793698172728,0.1999762,0.0048187138
9374,0.8811650816135029,0.8491001,0.00036859565
9375,0.94069788441286,0.7783674,0.0013485206
9376,0.8014004137067419,0.8584678,0.0012046784
9377,0.7067859230814586,0.9908836,0.0004495069
9378,0.960012251362074,0.52189326,0.005960461
9379,0.7011438367369112,1.0798743,0.0068864455
9380,0.999708613501618,0.0411212,0.008270927
9381,0.4284027001315384,1.2263414,0.00016182248
9382,0.8713005846440575,0.7525664,0.0034252426
9383,0.9523640069338416,0.38508266,0.015759712
9384,0.9659253227230322,0.61478263,0.002867854
9385,0.7997384972488989,0.7609993,0.0016811558
9386,0.8762418301706991,0.984765,0.00029667455
9387,0.8482063465195877,1.0507394,0.0003056647
9388,0.7655862085959644,0.81685257,0.0006203195
9389,0.9934156591434568,0.2748368,0.035025578
9390,0.706138327424619,0.9384067,0.0020407613
9391,0.9999992647595116,0.061386887,0.009295803
9392,0.8120630575951445,0.6032178,0.0011597278
9393,0.9999866467906724,0.05627329,0.008900236
9394,0.996791409431931,0.20832463,0.07441137
9395,0.8325777288624094,0.8574261,0.0008091124
9396,0.816658457092385,1.2606995,0.000260714
9397,0.9013633309961367,1.2966127,0.00016182248
9398,0.7024795176605542,0.89412737,0.00041354634
9399,0.928276895209389,0.8425021,0.0032724102
9400,0.9326729137527,0.8237328,0.00029667455
9401,0.8284294980386088,1.0063308,0.0008990138
9402,0.7287815821006469,1.2760127,0.0003326351
9403,0.9945886685829846,0.58431286,0.0003056647
9404,0.9999997646337992,0.079201065,0.004746793
9405,0.8091402221499547,0.82547647,0.006454919
9406,0.9999977872035344,0.07952948,0.0049176053
9407,0.8787215228301143,0.54436314,0.002022781
9408,0.6963938061301101,0.601223,0.002858864
9409,0.927995395552474,1.04763,9.889151e-05
9410,0.7770839104896369,0.7001355,0.0030746271
9411,0.9786307337463904,0.4826449,0.0040096017
9412,0.9779489148583363,0.49745747,0.0012046784
9413,0.8089963875060938,0.5451625,0.0071022087
9414,0.7323269060643438,0.8076613,0.0010788166
9415,0.9674732330775168,0.6122151,0.0028318935
9416,0.983910094824272,0.85683066,5.394083e-05
9417,0.8927937716589563,0.7386485,0.0040635425
9418,0.9717580005347708,0.49414045,0.004558
9419,0.8831675668622989,0.715648,0.002220564
9420,0.9933565048744546,0.20365608,0.035978533
9421,0.8949733949797303,0.55947596,0.0034432227
9422,0.6195507371382114,1.1901629,0.0006922406
9423,0.9999975441849294,0.059421975,0.009268832
9424,0.8163513322080931,0.753429,0.0030386667
9425,0.8757182685231132,0.6216639,0.004252335
9426,0.96994971247689,0.7933602,0.006643712
9427,0.9917554850009854,0.7163263,0.0014564024
9428,0.7809834338543419,0.81286764,0.0016901459
9429,0.9758198731786696,0.4021399,0.008342848
9430,0.819448764236552,0.825695,0.00043152663
9431,0.8868555754900929,0.9300271,8.990138e-06
9432,0.7638999086169733,0.97306013,0.00094396446
9433,0.8261259355044082,0.6510892,0.005492974
9434,0.9688728756647054,0.5938369,0.0009979053
9435,0.8782895966512602,0.6626607,0.0072100908
9436,0.8184381726327961,0.88797957,0.0029757356
9437,0.8882555304852232,0.91244715,0.00046748717
9438,0.9141759174194856,0.5455438,0.007506765
9439,0.8421779417532325,0.3497949,0.006976347
9440,0.5786962611051619,1.095055,0.00017081262
9441,0.9999995533743048,0.0711819,0.009493586
9442,0.9399286175230503,0.5597072,0.0058166194
9443,0.6267936735927417,1.0701632,0.00043152663
9444,0.9987120739637332,0.4964197,0.0035331242
9445,0.9998568611885544,0.03684904,0.060170993
9446,0.9216459178644952,0.82143146,0.0005663787
9447,0.9045477654175136,0.7514997,0.0004944576
9448,0.8923050722864032,0.79747313,0.003955661
9449,0.8254406832852978,0.8634966,0.0077944496
9450,0.9176904121976812,0.9789523,0.0021036922
9451,0.765009877622206,0.7420029,0.004441128
9452,0.7001593975512345,1.5032779,0.0012136686
9453,0.7465679656801565,0.9616056,0.0024183472
9454,0.8854857931924001,0.73951954,0.002733002
9455,0.9338428813415528,0.32901627,0.012631143
9456,0.8692368113816796,0.4110881,0.006472899
9457,0.7562565029886925,0.84478384,0.0016362051
9458,0.9061500962925156,0.91737735,0.000260714
9459,0.797313454167891,0.8341691,0.0036679762
9460,0.9997713086761336,0.101217315,0.059056215
9461,0.8923353201005577,0.767148,5.394083e-05
9462,0.69583581928239,0.9615195,0.0013934714
9463,0.9150223321992016,0.88000274,0.0006652702
9464,0.7621898273505647,0.81426734,0.00093497435
9465,0.9140715535780716,0.8638362,0.0013395306
9466,0.6385254779519394,1.4082665,0.0003506154
9467,0.7840950105227096,0.95519584,0.0018519684
9468,0.8655171541462932,0.9550846,0.00022475344
9469,0.9787700830859768,0.66912365,0.0006742603
9470,0.9886758063817732,0.26778775,0.012900848
9471,0.9999992646135782,0.06655554,0.009484596
9472,0.9167743668207076,0.6325251,0.0033713016
9473,0.9400463409518578,0.9444472,0.0014833728
9474,0.9340607474364966,0.44117916,0.011561317
9475,0.7403835834836845,1.1507386,0.0013215502
9476,0.7168521604767875,1.2194326,0.0013125602
9477,0.7915610660516168,0.730512,0.0030116963
9478,0.8317051807402382,0.7171311,0.007767479
9479,0.9633272593809517,0.2385988,0.026862532
9480,0.8273616449075004,0.8790721,0.0012676094
9481,0.8037484329753457,0.8974602,0.010635333
9482,0.8509476824662904,0.75881493,0.004459108
9483,0.7419073196583719,1.1599813,5.394083e-05
9484,0.9505036482409456,0.6415567,0.00010788166
9485,0.9162544014454904,0.76622516,0.0012676094
9486,0.8133570879754649,0.98270524,0.0007012308
9487,0.8833343189547442,0.70163053,0.0016901459
9488,0.9125759387264246,0.401874,0.009071049
9489,0.9193231951021648,0.45989114,0.0049086153
9490,0.803880184558162,0.8398686,0.000719211
9491,0.9430439952365544,0.8970434,0.00021576331
9492,0.8041385790534025,0.4964199,0.005537925
9493,0.7095409715751569,1.0207626,0.0005483984
9494,0.7826108394626298,1.1232113,0.00036859565
9495,0.8944996236593987,0.59307253,0.001627215
9496,0.7130797239286655,1.0630047,3.596055e-05
9497,0.8617466157585034,0.92525876,0.00024273372
9498,0.7052262752650865,0.9738521,0.001177708
9499,0.8255289427985435,1.0351957,3.596055e-05
9500,0.578910697733563,1.377373,0.00023374359
9501,0.9999997963605992,0.07630024,0.004737803
9502,0.8487268975980906,1.0352762,2.6970414e-05
9503,0.99994184535313,0.05531406,0.009295803
9504,0.8498479338880071,0.9354536,0.0016991361
9505,0.9335531229825136,0.5592371,0.008243957
9506,0.8955611858124246,0.9579372,0.0013305404
9507,0.8769568837913221,0.6500413,0.0048007336
9508,0.9196410322582652,0.8277342,0.00021576331
9509,0.9364626780187434,0.76800907,0.0006203195
9510,0.6979397591701146,1.1115335,0.00093497435
9511,0.979280166511875,0.2343749,0.017800473
9512,0.9672533467253754,0.55139387,0.0034432227
9513,0.5657720032032713,1.157471,6.2930965e-05
9514,0.9920745579842286,0.70558864,0.0001438422
9515,0.9174334788197808,0.656851,0.00025172386
9516,0.6952209885572042,1.073967,0.0006293096
9517,0.8297671005680471,0.43146583,0.0051783193
9518,0.911930887760222,0.71888906,0.0040635425
9519,0.783720141420305,0.5424429,0.008774375
9520,0.7872737814112972,0.89786386,0.0027689624
9521,0.8354300927859621,0.35160306,0.0048187138
9522,0.8174603676014212,1.0213828,2.6970414e-05
9523,0.7516677674031353,0.68724054,0.0059155105
9524,0.6677853739982776,0.97544646,0.0012136686
9525,0.8866315627143262,0.3745751,0.0039017198
9526,0.6627133499858439,1.0793662,0.00021576331
9527,0.738479316862777,0.87867206,0.0036949466
9528,0.8211442863838734,1.0383507,3.596055e-05
9529,0.7234271996090372,0.95745206,0.0007641617
9530,0.9779376249615944,1.0562721,0.0006293096
9531,0.9868142050498524,0.64814156,0.0014923629
9532,0.9519011997229142,0.360668,0.005663787
9533,0.8576452719383193,0.988043,0.0014923629
9534,0.9178389938194788,1.0939784,5.394083e-05
9535,0.9172885604462364,0.7942778,0.001762067
9536,0.8328551844796174,0.68330735,0.0047288127
9537,0.7706676574949353,0.8695207,0.003191499
9538,0.6960808260781816,1.0549185,0.00081810256
9539,0.7163965178506384,1.2035077,0.00041354634
9540,0.6750755826328649,0.93710464,0.001366501
9541,0.9604236701780192,0.5557376,0.0046568913
9542,0.9557827730344592,0.4183349,0.010797155
9543,0.9405092775171944,1.0542473,9.889151e-05
9544,0.8169983013587044,0.7686395,0.0028318935
9545,0.8860211173523012,0.36910313,0.00913398
9546,0.8423833647547052,0.8065394,0.0018429783
9547,0.9884185076448444,0.33614632,0.0007371913
9548,0.8851728060797697,1.1110512,0.001366501
9549,0.7592153705699006,0.86047053,0.0040725325
9550,0.7139839796229852,0.9294891,0.0008270927
9551,0.6886663089046935,0.769389,0.004899625
9552,0.8951389035352627,0.5303084,0.011687179
9553,0.743853636482872,1.2002659,0.0005483984
9554,0.9482083236093072,0.81445765,0.00325443
9555,0.9999903408487464,0.062394146,0.00010788166
9556,0.7847664438255642,0.6576837,0.009268832
9557,0.9002452114011634,0.78680956,0.0013844812
9558,0.9640326771573112,0.33378023,0.013512177
9559,0.931101004494285,0.6605468,0.0014114516
9560,0.7442541807463188,1.1512691,0.0002876844
9561,0.948093384664524,0.46087876,0.049796373
9562,0.7362482690675677,0.82957864,0.00325443
9563,0.9391969269022864,0.8437963,0.00041354634
9564,0.963118094835786,0.5838124,0.0003775858
9565,0.8253945638075322,0.6676891,0.00845073
9566,0.8010354545574233,0.40133625,0.012172647
9567,0.7371245428741853,0.9878313,0.0003775858
9568,0.999820435368345,0.06737322,0.006661692
9569,0.9080934537146534,0.43006587,0.014465132
9570,0.987218665186406,0.27626145,0.041282713
9571,0.8583573531438254,0.8971625,0.0024093569
9572,0.7592357852683416,0.7953226,0.004297286
9573,0.8589578885840751,0.73838407,0.0033083707
9574,0.9926303650890402,0.25266775,0.025648864
9575,0.9907270213524376,0.35781023,0.022052808
9576,0.763678515418349,0.7823628,0.0006113294
9577,0.7784621746607061,1.0348377,0.0014474122
9578,0.9999902859413994,0.060882624,0.009250852
9579,0.8807405541857447,1.1349485,0.00036859565
9580,0.824786892462567,0.9592543,0.00024273372
9581,0.8644970983822793,0.92342365,0.0012316488
9582,0.8205950462046063,0.697506,0.0059155105
9583,0.8876366129967411,0.61248434,0.0021576332
9584,0.8014236705366302,0.86444366,0.00022475344
9585,0.8335832837478675,0.7601149,0.00326342
9586,0.8580789517904185,1.1362287,0.0010518461
9587,0.8421961260580324,0.8995785,0.00095295464
9588,0.8704241451763469,1.0195975,0.0007102209
9589,0.8773520392642862,0.2834932,0.008100114
9590,0.9174334788197808,0.6087194,0.0005663787
9591,0.7207917071003602,0.8161235,0.0008270927
9592,0.81690499054268,0.58766824,0.0049176053
9593,0.7879672625792341,0.77984214,0.0038118185
9594,0.7808278980856393,0.4994898,0.007704548
9595,0.8194631356918164,0.71306604,0.00045849703
9596,0.9876655177454504,0.18554103,0.041336652
9597,0.8249073242201811,0.83504206,0.003128568
9598,0.6714229065448782,1.0478874,0.0006293096
9599,0.836392391380879,0.9389025,0.0004944576
9600,0.7725409424045021,0.795389,0.0006652702
9601,0.9999887229712288,0.055972643,0.009457625
9602,0.9999966698986256,0.08489587,0.0049176053
9603,0.8309683032617139,0.8693579,5.394083e-05
9604,0.9725484244036028,0.47152507,0.0017261065
9605,0.7896529670234288,0.55916053,0.0075607058
9606,0.6168578383792853,0.830894,0.005753688
9607,0.9928714344776026,0.46732342,0.0063560274
9608,0.8664122050897918,0.57534504,0.0041174833
9609,0.4914103110012082,1.0118945,0.00046748717
9610,0.7798419311830831,0.8986378,0.0024363273
9611,0.9784107369933506,0.51171833,0.0017171163
9612,0.9094711306312004,0.56715184,0.001564284
9613,0.8820568124083583,0.6115354,0.0027779527
9614,0.6895148287883666,0.8933113,0.0003056647
9615,0.8435503939957172,0.6184926,0.005277211
9616,0.7105485058417149,1.0554063,8.9901376e-05
9617,0.8535835933918612,0.6416443,0.010914028
9618,0.9977690152941308,0.6121709,0.0051333685
9619,0.6514145457036442,0.98646945,0.00023374359
9620,0.8254406832852978,0.7638241,0.007893341
9621,0.9636318767546156,0.43270153,0.035591956
9622,0.671324907743333,1.1806476,0.00046748717
9623,0.7197759514518577,0.94354516,0.0038118185
9624,0.9287591312466352,0.66005147,0.0012496292
9625,0.8745340472049613,0.98731744,0.00021576331
9626,0.9999949074704668,0.07460025,0.004944576
9627,0.9359940789697396,1.0178475,0.00047647732
9628,0.8853152206773215,1.0229541,0.0006742603
9629,0.9988147610066896,0.25590044,0.03603247
9630,0.917116056028938,0.61826956,0.005016497
9631,0.6575173796318632,1.113266,0.0005573885
9632,0.9999625021038072,0.11856568,0.01047351
9633,0.9996457424751538,0.054621894,0.004737803
9634,0.9005153150660132,0.5004517,0.0017530769
9635,0.5839753907027072,1.2389592,0.00023374359
9636,0.786341288821418,0.9734618,0.005753688
9637,0.8955925605274094,0.29722768,0.016200228
9638,0.8022670051164074,1.1401447,0.00023374359
9639,0.8023257025493536,0.7930301,0.0025172385
9640,0.9999989218704406,0.060488842,0.009385704
9641,0.9718412178697982,0.8334493,0.0018879289
9642,0.7975110766341018,1.0400878,0.0010158856
9643,0.8320156477613884,0.978752,9.889151e-05
9644,0.9569557778643656,0.7626691,6.2930965e-05
9645,0.686198640960411,1.1052861,0.00077315187
9646,0.842907837566865,0.9315272,0.0008091124
9647,0.9802779214062118,0.6245317,0.00042253648
9648,0.9244938035451,0.59368336,0.002220564
9649,0.7993364185012456,0.7845208,0.007902331
9650,0.9999955450496658,0.08051286,0.004692852
9651,0.9123538922499956,0.74920034,0.00096194475
9652,0.7382475688525935,1.3345163,0.0009889152
9653,0.7347424768797521,0.7976937,0.0020407613
9654,0.9707874919379098,0.7193769,0.0008540631
9655,0.9999979423246382,0.084412575,0.004980536
9656,0.9831655472081776,0.71461123,3.596055e-05
9657,0.7815547924001709,0.92532325,0.0010878067
9658,0.7508171721337973,0.74491644,0.0071381694
9659,0.7439028634324564,1.1869425,0.00013485207
9660,0.7654237374255599,1.0626097,0.000260714
9661,0.7933298748954367,0.5475523,0.003461203
9662,0.638590239026622,0.88893753,3.596055e-05
9663,0.7613319504446457,0.73462296,0.005268221
9664,0.7009825893428769,0.7777256,0.0051153884
9665,0.9364747806014726,0.60209125,0.0055828756
9666,0.902024219682202,0.79570794,0.00524125
9667,0.9999990715494288,0.0607831,0.009493586
9668,0.9159807274190244,0.4979536,0.028975215
9669,0.6758276877991499,0.898938,0.0052502407
9670,0.8775005031690812,0.90791696,0.0004944576
9671,0.8149781882792563,0.74210143,0.011795061
9672,0.677574208459181,1.1169364,0.0011956884
9673,0.9208169349944134,0.5663991,0.0047288127
9674,0.878374282599959,0.95736957,0.0020317712
9675,0.9731916260677864,0.22412135,0.051225804
9676,0.7998358429278061,0.70899063,0.004953566
9677,0.8836247212882,0.9834547,0.0012765996
9678,0.8016928396576644,0.6609827,0.0022655148
9679,0.9621604829885296,0.1951382,0.03792939
9680,0.8121387204338955,0.98132455,0.0010068954
9681,0.990149258988395,0.5838401,0.0014923629
9682,0.8913161365600486,0.78808725,0.0016631755
9683,0.9857525549351416,0.35245004,0.02356315
9684,0.7610367360890105,0.98193717,0.0011327574
9685,0.8463778892510287,0.78297865,0.009646418
9686,0.6974988414191268,1.0675986,0.00016182248
9687,0.8704168855366278,0.33868474,0.008136075
9688,0.6611824441958517,1.0085609,0.0007012308
9689,0.8458209275694489,0.70350456,0.0017350966
9690,0.8732459069367228,0.82111096,0.0007012308
9691,0.7764425193650653,1.1021211,0.00022475344
9692,0.9161811535409368,0.54112655,0.02150441
9693,0.790862948090028,0.8652761,0.001627215
9694,0.9545028974650326,0.33561182,0.011651219
9695,0.7678263945941862,0.81400746,0.0034881735
9696,0.6676145628139898,1.0372385,9.889151e-05
9697,0.9028918888425012,0.70104074,0.0017261065
9698,0.9999483132610532,0.07745,0.0064099682
9699,0.7753386562071781,0.9774859,0.0007282012
9700,0.7384023171492096,1.0829722,0.00013485207
9701,0.6312259231578152,1.3187789,0.000719211
9702,0.9699546782755504,0.7109254,0.000979925
9703,0.9999955162280024,0.05705772,0.009259842
9704,0.900456529675558,0.5816703,0.0056458064
9705,0.7778551257104556,1.0708587,0.004980536
9706,0.966888463312328,0.46886906,0.0062841065
9707,0.7077445681782762,1.1863793,0.00089002366
9708,0.8670531105593151,0.81656045,0.0014564024
9709,0.8228086843687004,0.6168193,0.008082134
9710,0.9297197839722252,0.56986344,0.002013791
9711,0.9516390449653268,0.45171186,0.0014743826
9712,0.8528788296662794,0.8231511,0.002867854
9713,0.8332700577646861,0.57092994,0.0027959328
9714,0.7374426629351828,1.0544508,0.00032364496
9715,0.9999947359582158,0.07815964,0.004225365
9716,0.9215206799983324,0.78272873,0.0008990138
9717,0.923393742726476,0.5070804,0.0025621892
9718,0.8177736761780029,1.0696049,0.0036859566
9719,0.9652879218558452,0.36530483,0.04103998
9720,0.6723937019076615,1.16335,0.0015193333
9721,0.8705076157065591,0.8169545,0.0056368164
9722,0.7305727202772906,0.90944225,0.0006382998
9723,0.8039266229172551,0.81671995,0.008702453
9724,0.9999979862729812,0.060169227,0.009430654
9725,0.9816566281420298,0.29453412,0.011201711
9726,0.8141506932191166,0.83794254,5.394083e-05
9727,0.8663491639118766,0.73705673,0.0059065204
9728,0.8139519434158677,0.6178403,0.0050794277
9729,0.7060482261737704,1.1563028,0.0001887929
9730,0.9543788065814758,0.63610214,0.009196911
9731,0.9999380817921674,0.0553668,0.061141927
9732,0.8071274351859359,0.6398234,0.005016497
9733,0.8177450320619153,0.66564214,0.003200489
9734,0.9094582675837888,0.8039466,0.000260714
9735,0.9422768301613134,0.4965777,0.005798639
9736,0.9681270730997928,0.6741072,0.001501353
9737,0.8855612672502526,0.62172997,0.0113994945
9738,0.8375825401814919,0.48321036,0.0034342327
9739,0.827082688262451,0.6521415,0.005286201
9740,0.9667938941838266,0.41822326,0.0019508599
9741,0.945554445148945,0.6279227,0.0018070177
9742,0.9760440735419708,0.39936727,0.0026970413
9743,0.9999944354541394,0.05620588,0.009259842
9744,0.6636879044875111,0.9220354,0.0013575108
9745,0.7698915756339106,0.851268,0.0005753688
9746,0.9017678095381264,0.75143766,0.0010698264
9747,0.808408136717776,0.5446177,0.0040185917
9748,0.7409726230142782,1.0349243,0.0021036922
9749,0.9999988075410904,0.09706987,0.009098019
9750,0.8786770423955332,0.47974306,0.0064908797
9751,0.9992786759626012,0.557949,0.001177708
9752,0.7827814540771804,1.0622025,0.004629921
9753,0.9159710089742774,0.6611854,0.001627215
9754,0.889101349864337,1.0507545,0.0030116963
9755,0.9342015966611428,0.6753896,0.0008540631
9756,0.9802779214062118,0.5792539,0.0004944576
9757,0.7335717654573739,1.0747379,0.004189404
9758,0.8437287646510783,0.90465003,0.0026700709
9759,0.9363316049819452,1.0534097,0.0007371913
9760,0.8667162267780733,0.91309303,2.6970414e-05
9761,0.780997556075134,0.53537697,0.004683862
9762,0.9999988122779252,0.06234179,0.009448634
9763,0.7509242118045956,0.65147483,0.004459108
9764,0.8563196270771692,0.7868658,0.0016721656
9765,0.997560091383697,0.35357577,0.007461814
9766,0.614660539780937,1.0428656,0.001438422
9767,0.8114108895014531,1.2317382,0.004171424
9768,0.9456771311520756,0.7114889,0.00015283235
9769,0.8425328489555035,0.9728176,0.0008810335
9770,0.7784190694347152,0.8582446,0.0007371913
9771,0.9253529854537776,0.6753602,0.0025082484
9772,0.745719007977546,0.8851005,0.0020587416
9773,0.7121530642657188,0.836303,0.0038028283
9774,0.7305304174416718,0.86692303,0.0029217948
9775,0.7972678974688423,0.8693609,0.0006113294
9776,0.9999841950755644,0.056613322,0.009259842
9777,0.8354300927859621,0.38498506,0.006400978
9778,0.6476138936854812,0.9543702,0.0024453176
9779,0.9833741903896962,0.44695035,0.0057626786
9780,0.9068011710730344,0.4135852,0.011138781
9781,0.7708553950999736,1.0815943,0.00029667455
9782,0.9712416275342064,0.62886816,0.0
9783,0.9999974596373054,0.055671874,0.009205901
9784,0.9576106640754418,0.5581641,0.00097093487
9785,0.9926723952144711,0.19926143,0.058561757
9786,0.6991162096432937,1.1959803,0.0020587416
9787,0.8759056715606813,0.9662508,0.0021036922
9788,0.7674996995408315,0.74865633,0.0025531992
9789,0.9874923839459278,0.7544995,0.00042253648
9790,0.8765726709873956,0.4959307,0.0043152664
9791,0.9763324136847126,0.48502687,0.00048546743
9792,0.8336672122582737,0.8203718,0.0023014753
9793,0.5396977605461567,1.2158929,0.0005933491
9794,0.8189446492591493,0.74573046,0.00081810256
9795,0.99998604786528,0.07505068,8.9901376e-05
9796,0.9242394067524466,1.1632332,0.0007641617
9797,0.9889550641119752,0.2213314,0.06392887
9798,0.9999954778499832,0.07462715,0.005681767
9799,0.6896805929162011,0.9335941,0.0005663787
9800,0.8611931731366641,0.403246,0.008900236
9801,0.7608029082656108,1.1101283,0.0015103432
9802,0.7976953484822655,0.6351456,0.0006652702
9803,0.9999994211392932,0.063247815,0.009493586
9804,0.8004529037983761,0.938506,0.002346426
9805,0.8248311095201308,0.76282895,0.00326342
9806,0.9658032163007074,0.7629588,0.00039556605
9807,0.9046265581102176,0.755261,0.009376714
9808,0.9090530803334554,0.8138552,0.00038657594
9809,0.9407148481969204,0.6670191,0.004369207
9810,0.7599083689320428,0.7499888,0.0023644064
9811,0.99993589371097,0.3962428,0.00021576331
9812,0.816662075123729,1.1938499,0.0004495069
9813,0.9658032163007074,0.6273848,0.0003146548
9814,0.8232958706455409,0.8215926,0.0006652702
9815,0.7634430886789982,0.8604625,0.005034477
9816,0.9072018323669956,0.6442301,0.002220564
9817,0.999998359441742,0.06335479,0.009331763
9818,0.7587773812327592,0.8651781,0.00011687179
9819,0.7541115690152189,0.8119781,0.0017800473
9820,0.741621764432597,0.9888577,0.00044051674
9821,0.8147323821866783,0.9934091,0.00011687179
9822,0.8177565843721314,0.97062606,0.00021576331
9823,0.8596573178081377,0.626639,0.0043781972
9824,0.8105906634134386,0.8883867,0.0005034477
9825,0.7968097337040267,0.99668497,0.0017530769
9826,0.9999965027107052,0.06524268,0.009304793
9827,0.9999721343865732,0.05514339,0.008100114
9828,0.8385148599180337,1.0837866,0.00036859565
9829,0.8021162248496805,0.6825442,0.0053041815
9830,0.8239459174544931,0.623486,0.0056188363
9831,0.8274631177332856,0.71261656,0.0036320158
9832,0.9205359852833244,0.4778369,0.0060413727
9833,0.6156703356719071,1.1303892,0.0006922406
9834,0.8580727322266167,0.86008525,8.091124e-05
9835,0.9936931804141698,0.47771472,0.022367463
9836,0.8910330504155078,0.9833721,0.00077315187
9837,0.758713415956477,1.1963962,0.0037398974
9838,0.9913206862738876,0.5742844,0.00091699406
9839,0.9826535882928176,0.6158611,0.0018789388
9840,0.9916146985922292,0.3739248,0.0003146548
9841,0.8388134635015069,1.0007588,0.0029397751
9842,0.7058826822983902,0.84648615,0.003335341
9843,0.9907270213524376,0.2936496,0.023239506
9844,0.57486520175345,1.1170552,0.00017081262
9845,0.8635881879315959,0.8391072,0.0035331242
9846,0.7670777207060915,0.8058302,0.002220564
9847,0.9014672375244236,0.7117416,0.001114777
9848,0.7598479959054235,0.95979357,0.0045849704
9849,0.7792784864528364,1.2090645,0.0005034477
9850,0.8950999313889466,1.2371681,0.0003506154
9851,0.9154762749713105,0.6650534,0.00011687179
9852,0.8880153209108687,0.7972133,0.007722528
9853,0.8939204968544027,0.4593569,0.002804923
9854,0.904945808711184,0.6901921,0.0006652702
9855,0.9999984710164802,0.08280081,0.0050434675
9856,0.8157448619980929,0.6923984,0.0020677317
9857,0.5782982097371868,1.0729077,0.0006652702
9858,0.8122900384365785,0.8072853,0.0003146548
9859,0.8831330743110188,1.0241342,0.0006652702
9860,0.8399056185861271,0.6822387,0.0034252426
9861,0.9487188471124888,0.63810974,0.0017440867
9862,0.9850430749960978,0.2982243,0.012154667
9863,0.7568190830429418,0.8463569,0.0006832505
9864,0.8310052297372817,0.89538974,0.0017530769
9865,0.900853380527336,0.59980434,0.009673389
9866,0.999996975088728,0.11184771,0.009691369
9867,0.9886189697379372,0.2696067,0.022493325
9868,0.8339326339520738,0.68952173,0.0046209306
9869,0.8035322762949029,0.62872314,0.002220564
9870,0.944625734308408,0.692574,0.0006382998
9871,0.6231653548185206,1.0140359,0.00017081262
9872,0.7233909736289343,1.0199782,0.0011507376
9873,0.5702231499111253,1.0527432,0.00039556605
9874,0.7243242718026337,1.1055377,0.0026700709
9875,0.9630622964893092,0.5198715,0.00047647732
9876,0.9513335617846724,0.73449415,0.0005394083
9877,0.7289063409298455,0.9410507,0.0023194556
9878,0.8536411470256852,0.8369281,0.002804923
9879,0.8195726379924931,0.5303822,0.004225365
9880,0.7079076382410464,1.0137851,0.0018699487
9881,0.8872445524919453,0.7952316,0.0017261065
9882,0.5400591596105386,1.1950154,8.091124e-05
9883,0.7351110863065109,1.1180276,0.0022924852
9884,0.9221163999159904,0.83903396,0.00074618147
9885,0.9999884968222847,0.075577125,0.0048097237
9886,0.7360137979534999,1.132508,0.0006652702
9887,0.8302592731115259,0.5030528,0.0045490097
9888,0.7828334785117822,0.9007466,0.0044141575
9889,0.879698822774622,0.6563196,0.002804923
9890,0.9277757775185066,0.8665717,0.00034162524
9891,0.9072672072779115,1.0869415,0.0003596055
9892,0.7412681892551628,0.724458,0.00089002366
9893,0.793415541729563,0.70985895,0.0036230255
9894,0.8897865614376121,0.7625449,0.0041444534
9895,0.9563474250723374,0.26398224,0.01245134
9896,0.8953664094384868,0.29865777,0.0064908797
9897,0.9335704027475756,0.7967134,0.005025487
9898,0.8059689852061991,0.92561334,0.003335341
9899,0.9958594300916244,0.7131929,0.00017980275
9900,0.8297428751846286,0.96010405,0.0008360828
9901,0.8662839158201059,0.38521907,0.021225715
9902,0.9463893542218724,0.63838196,0.0048636645
9903,0.9489311998177102,0.6208029,0.0014204418
9904,0.8281342439959147,1.0873077,0.00093497435
9905,0.8693795002576211,0.88418233,0.0003775858
9906,0.8094691615839175,0.6973065,0.0051693292
9907,0.8759779203563859,0.8158717,0.003587065
9908,0.6142910026491715,1.0115333,0.0015373136
9909,0.9689985000118448,0.7556225,0.00043152663
9910,0.8831231601321907,0.5914798,0.006724623
9911,0.7276001142034277,1.2548677,0.00047647732
9912,0.8471652136326564,0.8330306,0.0006742603
9913,0.8624034615587727,0.7209843,0.0019778304
9914,0.8924461461766825,0.48961937,0.003461203
9915,0.8517637928654578,0.7289358,0.0013844812
9916,0.99999762978125,0.09271089,0.0051063984
9917,0.9073972127390864,0.68086505,0.0036050454
9918,0.77233235574018,0.8453331,0.0028948244
9919,0.7288721467338177,0.9910466,0.00024273372
9920,0.9754122408917923,0.5710205,0.0018519684
9921,0.6970309893493368,0.8203532,0.004719822
9922,0.8871251983601467,0.6890651,0.002481278
9923,0.7573617138416082,0.8428338,0.0005034477
9924,0.8213195909546335,0.64181775,0.0072730216
9925,0.7632086744118134,0.6119644,0.0032814003
9926,0.6768835661291546,0.944545,0.0007012308
9927,0.8547929126866407,0.75338864,0.0032993807
9928,0.8738226439455986,0.62036866,0.0035421143
9929,0.8080016126125473,0.84650266,0.00010788166
9930,0.7008498081003869,1.0683796,6.2930965e-05
9931,0.9281976089087718,0.70978564,0.005672777
9932,0.8652119551931721,0.7156027,0.005007507
9933,0.8231465502515166,0.5833667,0.0019868205
9934,0.7075509195398363,1.1824299,0.00013485207
9935,0.8894680519953422,0.5591738,0.0060953135
9936,0.9541212137207244,0.73429424,0.0018160079
9937,0.5886934996105605,1.0968251,0.00032364496
9938,0.8098025883475282,0.7107032,0.011813041
9939,0.5515190763300752,1.0138972,0.0003326351
9940,0.730894711588969,0.91854113,0.0030206863
9941,0.8006707415714729,0.7594373,0.0016901459
9942,0.7083555108197734,0.831959,0.00044051674
9943,0.702317008280123,0.9234994,0.0016002445
9944,0.7549699370643168,0.96384174,0.006391988
9945,0.9110346991966152,0.83920515,0.0006832505
9946,0.8944748208353606,0.4737958,0.011012919
9947,0.8409895026454899,0.9482464,0.0013305404
9948,0.7243441565293272,0.8639801,0.0012855898
9949,0.7456545688279161,1.1356511,0.0005034477
9950,0.9091188199754596,0.6231276,0.004000611
9951,0.9999980831532402,0.11503133,0.009898142
9952,0.7551264131967903,0.7910254,0.00046748717
9953,0.7499993388560073,0.7436784,0.0035061538
9954,0.7472231041374583,0.9252963,0.0025262288
9955,0.8036148643600022,0.6805093,0.00977228
9956,0.9539519851477426,0.59828216,0.0019148993
9957,0.7795481656254915,0.9504641,0.0006652702
9958,0.9999994024522156,0.06444846,0.0094666155
9959,0.8391156970127538,0.9462444,0.0006562801
9960,0.9999866304145372,0.06497378,0.008972158
9961,0.9201027684519808,0.7577193,0.00081810256
9962,0.9240886898235084,0.60684156,0.001501353
9963,0.9501017049191812,0.9016504,0.0006472899
9964,0.7592984315024223,0.9443842,0.0015732741
9965,0.7882769480880423,1.0864398,0.0031105876
9966,0.9999801300948958,0.04109126,0.061492544
9967,0.9808564490091238,0.7567601,0.0010248757
9968,0.8524002044213115,0.69914395,0.0042793057
9969,0.98357785858138,0.25559324,0.016047396
9970,0.6929145949357669,0.9646272,0.00081810256
9971,0.7864261071874962,0.86908865,0.0003326351
9972,0.9999941475110368,0.07438278,0.0050794277
9973,0.8717620543516209,0.608923,0.0057626786
9974,0.9121290323071766,0.39403766,0.007695558
9975,0.8895499919876552,0.7921197,8.990138e-06
9976,0.9999995048003104,0.09260827,0.005160339
9977,0.7839141342513649,0.7713327,0.00017081262
9978,0.8099347185185268,0.8678143,0.00016182248
9979,0.9350908033157465,0.6662238,0.00048546743
9980,0.6826161147508296,1.2111937,0.0013395306
9981,0.7959134326098118,0.92392284,0.001627215
9982,0.9116399054987864,0.31050923,0.0
9983,0.8891015732134049,0.99494857,0.00010788166
9984,0.9685603527197626,0.28221676,0.01754875
9985,0.8751928473852548,0.4605342,0.008747404
9986,0.7900286100615044,0.941739,0.0048816446
9987,0.8780899902286562,1.0311464,0.0005753688
9988,0.8606955497874869,1.1203742,0.00038657594
9989,0.720264903222076,0.7670523,0.008288907
9990,0.9999988286313728,0.06213425,0.009493586
9991,0.8897294222489189,0.94250774,0.0005753688
9992,0.7626876275951014,1.1790465,8.9901376e-05
9993,0.9988955998501756,0.5746607,0.000260714
9994,0.9999994339447144,0.075160384,0.009412674
9995,0.9154931445411272,0.75232667,0.001177708
9996,0.9048898390555064,0.4871548,0.010050974
9997,0.8340116994623676,0.9820885,0.0001887929
9998,0.9886533644150995,0.69955015,4.4950688e-05
9999,0.858881934850864,0.59042406,0.0037039367
10000,0.8609054456904195,0.6964216,0.0044051674
10001,0.7666014269669582,1.1997753,9.889151e-05
10002,0.9248849865151504,0.79136014,0.00048546743
10003,0.9687149920573888,0.7770176,0.00012586193
10004,0.801503509465147,0.5061912,0.0057896487
10005,0.7743266347493658,0.9548171,0.0048726546
10006,0.8371745644181506,0.48574647,0.009844201
10007,0.9126823121113292,0.80722106,0.00051243784
10008,0.8167419528497875,0.8701737,0.0014564024
10009,0.8495006467888166,0.69711626,0.002094702
10010,0.7896848853143847,0.9680805,0.0003056647
10011,0.7349622391811805,1.1705277,0.0019688401
10012,0.9673991779236244,0.46415842,0.0126401335
10013,0.9130700256404491,0.58761954,0.003721917
10014,0.7508675978169945,1.1372113,0.0025352188
10015,0.6706074663439184,1.1707631,0.0029667455
10016,0.8475388282989316,0.9384691,0.00015283235
10017,0.7967427347571172,0.7999008,0.0030116963
10018,0.7094292050755036,1.0535086,0.00026970415
10019,0.8795119028005363,0.82131964,0.00046748717
10020,0.7731334737796637,1.0507125,0.0016721656
10021,0.7914910986066059,0.7785776,0.010599373
10022,0.999970914333865,0.053512473,0.008127085
10023,0.8053101868902584,1.015264,0.0040635425
10024,0.9988874221109284,0.8093431,0.0005573885
10025,0.7098867819357516,0.9134225,0.00011687179
10026,0.8665009248258967,1.0275551,0.000782142
10027,0.7329162290431268,0.8794026,0.0026790611
10028,0.9999704622742728,0.055943333,0.009214891
10029,0.9389226385695222,0.76957566,0.0029128047
10030,0.7607324205536848,0.9354394,3.596055e-05
10031,0.8897861632155593,0.6106571,0.008019203
10032,0.9735492371316208,0.7038903,0.00089002366
10033,0.7711284118787083,0.84058267,0.0013215502
10034,0.8313941744412087,1.1788827,0.00041354634
10035,0.7795151410707148,0.7425052,0.0010158856
10036,0.785641489973285,0.79091376,0.0030206863
10037,0.985109539487118,1.0412995,0.0
10038,0.8079287080425603,0.70420426,0.0004944576
10039,0.8139784630210436,0.5542465,0.006985337
10040,0.8122725574905928,0.6882284,0.005672777
10041,0.6309290470653072,0.9954064,0.00261613
10042,0.7108152558147686,1.1429397,0.0002876844
10043,0.999993743082525,0.07908558,0.0045939605
10044,0.999994356592617,0.07503446,0.0050434675
10045,0.999993868915095,0.06182422,0.009268832
10046,0.6516296879389294,1.0725932,0.002867854
10047,0.7714408275237505,1.2072686,0.002013791
10048,0.7976025663677903,0.6812818,0.0013215502
10049,0.7929578673436237,0.79368705,0.0029128047
10050,0.6547193851002527,1.2263672,0.0008990138
10051,0.8714785783239225,0.7870325,0.0006742603
10052,0.5848134441396056,1.0958748,0.00093497435
10053,0.7444871368151189,0.9135238,0.0014653924
10054,0.7685581971209926,0.9426226,0.0023104653
10055,0.9635000731109152,0.5681493,0.009592477
10056,0.898903055315036,0.6486787,0.0058795502
10057,0.7929090059629488,0.80972314,0.0023014753
10058,0.829480230285341,0.82152677,4.4950688e-05
10059,0.8185012015717008,0.8383246,0.0034971635
10060,0.6855612154908527,0.7949307,0.0052502407
10061,0.8828784427321812,1.0507312,0.00024273372
10062,0.8546777229633291,0.72883385,0.0026790611
10063,0.8326438670328189,0.9073308,0.0003775858
10064,0.9999583304599252,0.07496474,0.0064189583
10065,0.9999970355763635,0.058735706,0.009241861
10066,0.6679405285754199,0.7329152,0.0043602167
10067,0.8855224631204274,0.62184536,0.00093497435
10068,0.8579608613241785,0.7644669,0.00259815
10069,0.8533771911876932,0.4327782,0.009412674
10070,0.9999695295072764,0.042676523,0.008999128
10071,0.8154220767587235,0.6563025,0.00091699406
10072,0.8367919450950535,0.3597882,0.007039278
10073,0.8701867843062512,0.773013,0.00261613
10074,0.850591648582246,1.0333941,0.0006203195
10075,0.9826535882928176,0.6841657,0.0016182248
10076,0.9086282623987578,0.663158,0.0051693292
10077,0.8026403449839697,0.8177619,0.0052592307
10078,0.763832056293477,0.9749415,0.0025082484
10079,0.7226784821665757,1.1085352,0.0006382998
10080,0.9999982496037422,0.06083822,0.009394694
10081,0.7305404751084499,1.0482864,7.19211e-05
10082,0.9999975121920676,0.0825966,0.004971546
10083,0.9161247706659208,0.40934098,0.00021576331
10084,0.9999471993562636,0.059454996,0.0026431005
10085,0.9894872331935358,0.6516738,0.0037398974
10086,0.9413722381881054,1.0797478,0.0017350966
10087,0.89776500557063,0.5552152,0.0026251203
10088,0.9494655102310292,0.6729036,0.00015283235
10089,0.7301520324534277,1.1138062,0.0013575108
10090,0.8332431796445372,0.42393845,0.011345554
10091,0.7322005081753412,0.8799018,0.007506765
10092,0.9770078720996104,0.90609837,7.19211e-05
10093,0.8631452001767219,0.9813194,0.00077315187
10094,0.761234395531366,0.9021086,0.0026700709
10095,0.8490304247401811,0.5539051,0.006194205
10096,0.8118150974936634,0.859993,0.00650886
10097,0.956522591914608,0.31940982,0.015588899
10098,0.8394312238914127,0.7411889,0.00081810256
10099,0.7428558673787036,0.66845447,0.0023014753
10100,0.6665735783043357,1.291582,0.0003506154
10101,0.7727550229610385,0.940076,0.0012855898
10102,0.9382136415105924,0.8139444,0.005025487
10103,0.8166780274645047,0.80314934,0.0018879289
10104,0.8774127010214422,0.63519716,0.0036410058
10105,0.9149634026625664,0.5193565,0.0017530769
10106,0.7807012062696053,1.0211604,0.0022475345
10107,0.7004447397309461,0.91888064,0.0016721656
10108,0.7852306758578494,0.9569975,0.0007102209
10109,0.7451856370236242,1.1290653,0.0012855898
10110,0.9999973586278292,0.0780221,0.005034477
10111,0.9292128308160812,0.4955047,0.013629049
10112,0.9029652889751258,0.51637673,0.0029128047
10113,0.8037862536559669,0.7776624,0.009862181
10114,0.8809042801470461,0.3824861,0.0059155105
10115,0.9644525178641142,0.38908935,0.0010338658
10116,0.8218753304923699,0.370937,0.007956272
10117,0.9802383518399173,0.85111755,0.00095295464
10118,0.8376758996293796,0.9638745,0.003461203
10119,0.9999988936640416,0.06255161,0.009493586
10120,0.7189196996304366,0.7757593,0.0015912544
10121,0.8301708417590032,0.9879076,0.001375491
10122,0.6858676307816167,1.083296,0.00044051674
10123,0.9999996089829668,0.07572625,0.009475606
10124,0.6933411314438713,1.0092192,0.0031735187
10125,0.8027898098922659,0.6984508,0.0012586192
10126,0.8955407891649958,0.8887324,0.0007641617
10127,0.7795151410707148,1.1989431,0.0005034477
10128,0.7773414927799277,1.0618227,0.0016451952
10129,0.8570618040626088,0.84175813,0.00036859565
10130,0.8290862444940444,1.0524255,0.0030296764
10131,0.9920096810822654,0.5561539,0.0026251203
10132,0.7140863605005551,1.0033448,0.0043961774
10133,0.8656163163707503,0.8871427,0.00013485207
10134,0.6867939569115502,0.8696313,0.006724623
10135,0.962188196068173,1.1390723,0.004495069
10136,0.902024219682202,0.7093541,0.007479795
10137,0.9503637119454548,0.40269506,0.0010967968
10138,0.8745312550386143,0.6161364,0.0024273372
10139,0.7029834945375482,1.1139424,0.0003596055
10140,0.6194809780538579,0.8198276,8.9901376e-05
10141,0.7326465038130601,0.90091264,0.0018519684
10142,0.8209207952678188,0.74096507,0.0019418697
10143,0.7283770955954467,0.9090332,0.0013575108
10144,0.7796637565272146,1.2568997,0.0019868205
10145,0.8038794548826135,0.9267717,0.00097093487
10146,0.8832354930932543,1.0028001,0.0005394083
10147,0.8228762171026777,0.6721175,6.2930965e-05
10148,0.9785390175997416,0.23797095,0.0025352188
10149,0.7237809426999563,1.2797494,1.7980276e-05
10150,0.9656844463086818,0.90401256,2.6970414e-05
10151,0.8499844106821184,0.37240624,0.012532252
10152,0.8825920908671443,0.84002787,0.0014204418
10153,0.8685718803082965,0.834165,0.003002706
10154,0.7276176747535901,1.0136319,2.6970414e-05
10155,0.8272578145533247,1.2370185,0.00043152663
10156,0.8567082488901625,0.5711036,0.0014653924
10157,0.799672057727197,0.82875806,0.003596055
10158,0.7468796380279763,1.1574922,0.0012765996
10159,0.9845028300916434,0.4599002,0.005942481
10160,0.6983358997342338,0.79003763,0.001114777
10161,0.699858137745585,1.2027968,0.0005663787
10162,0.7964991955238636,0.83753514,0.0014564024
10163,0.8774893560076809,0.86545444,0.0010608362
10164,0.9805850130854232,0.6826711,0.00022475344
10165,0.8305998151893254,0.7454726,0.004764773
10166,0.5074334629540919,0.6994485,0.00011687179
10167,0.8135630180703468,0.8267403,0.005088418
10168,0.7325778490442361,0.87165105,0.00047647732
10169,0.8378073767863377,0.62238103,0.0024453176
10170,0.7803798313747389,0.73920035,0.003065637
10171,0.9403945582442684,0.5944461,0.00015283235
10172,0.8493568127080614,0.95251995,0.0019059093
10173,0.756831491069113,1.120895,2.6970414e-05
10174,0.9990429055344514,0.41562375,4.4950688e-05
10175,0.999997810383916,0.059124947,0.009313783
10176,0.9773168751685692,0.5600132,0.009646418
10177,0.7679968752134261,0.5826822,0.009988043
10178,0.6989951635931719,1.1025338,0.00023374359
10179,0.8525644764652045,0.76320004,0.001177708
10180,0.7458831021251059,0.961313,0.0075517157
10181,0.8168729514394694,0.69239753,0.0055559054
10182,0.9104179021497087,0.36398315,0.0107072545
10183,0.9524040547685332,0.30529815,0.01502252
10184,0.722965678371831,0.8452354,0.0016811558
10185,0.9883729341349018,0.5814754,0.00039556605
10186,0.8003731072191033,0.8523949,0.003326351
10187,0.9069414911435046,0.62790763,0.0015373136
10188,0.765669389869167,0.7929628,0.0038208086
10189,0.7623997954184314,0.86770225,0.0046568913
10190,0.6262578790317618,0.9728362,7.19211e-05
10191,0.7428645107482064,0.7199728,0.0034881735
10192,0.7234190430363271,0.9455627,0.0016092347
10193,0.8774466476759906,0.5063688,0.011588288
10194,0.9020717304731732,0.72279376,0.0003506154
10195,0.9999937814612208,0.08217045,0.004486079
10196,0.7373352227096894,0.774855,0.0043242564
10197,0.7988025212786534,1.0607235,0.0031105876
10198,0.8984299572237826,0.36659634,0.009601467
10199,0.7812197711309486,1.267957,0.00011687179
10200,0.7760525968144589,0.7543787,0.006203195
10201,0.8553394481937586,0.5883633,0.004000611
10202,0.8372901850384423,0.46991092,0.008019203
10203,0.88217958294828,0.84326726,0.0016541854
10204,0.6882796640544617,0.77903223,0.0007012308
10205,0.9475730428588756,0.76909804,0.0006562801
10206,0.9292256619175868,0.7554723,0.0012136686
10207,0.825997846610039,0.81521237,0.009448634
10208,0.8126528843903781,0.9427764,0.00024273372
10209,0.733473581602911,1.1480396,0.0
10210,0.7570610616140752,0.8315836,0.0052592307
10211,0.9702568391881942,0.5494078,0.00087204337
10212,0.8933495684288596,0.5158952,0.004710832
10213,0.8239393961713235,0.7502468,0.0060413727
10214,0.9974274904790196,0.35925126,0.0031555383
10215,0.8655119242227598,0.57430995,0.008360828
10216,0.8689943122021108,1.0976641,0.0036859566
10217,0.7961394471916663,0.73238313,0.00039556605
10218,0.7987507436657465,0.76415026,0.0046479013
10219,0.9999969008696644,0.0803647,0.004710832
10220,0.8391888464144135,0.7618984,0.0075876764
10221,0.8565464232854056,0.6591124,0.0012136686
10222,0.7393173608655994,0.95958304,0.015049491
10223,0.7567508019548875,1.0646688,0.000719211
10224,0.6860517621620579,1.1455636,0.0014474122
10225,0.9498969853420672,0.43564892,0.02221463
10226,0.8956564105988771,0.5238148,0.010994938
10227,0.6984273970413537,0.8212276,0.0015463037
10228,0.6814915874611789,1.0826759,0.0027689624
10229,0.7635503808954459,1.0235069,0.0010698264
10230,0.9215127613612276,0.87310374,0.0015912544
10231,0.9970808481123212,0.5565521,0.00020677317
10232,0.7211006693040098,0.61206985,0.0056547965
10233,0.9888473269365152,0.24513933,0.055325307
10234,0.9839263623004484,0.55140775,0.0013485206
10235,0.9247150625851428,0.83345443,0.002733002
10236,0.8856842206965096,1.2650009,0.0017890374
10237,0.9999010881829796,0.058020152,0.0046209306
10238,0.8846347183126928,0.57586086,0.0017350966
10239,0.7693736475484686,0.843731,0.004441128
10240,0.9971482585169462,0.023665674,0.053958807
10241,0.9999984389059672,0.10583765,0.009745309
10242,0.7985267875315473,0.76387995,0.0036320158
10243,0.932730622364465,0.51041204,0.0014204418
10244,0.8984299572237826,0.5446896,0.0071381694
10245,0.9759271423905498,0.53328496,0.0021036922
10246,0.999860114069634,0.052597262,0.004890635
10247,0.7573465410167529,0.83966887,0.0039017198
10248,0.7545557076086594,0.86256254,0.0008360828
10249,0.8292947842757787,0.6769569,0.0005304181
10250,0.7009620951215669,1.1630716,0.0004944576
10251,0.6207610933749899,1.0187354,0.0006832505
10252,0.942518429528794,0.7926768,0.0022745049
10253,0.9149679590761388,0.8532756,0.0018339881
10254,0.7310909023652069,0.82764894,0.0029128047
10255,0.7850603214519114,1.0513769,0.0018070177
10256,0.8326054367096727,0.5566028,6.2930965e-05
10257,0.69609737118432,0.9271315,0.005295191
10258,0.9910734409023146,0.18028167,0.019760324
10259,0.9999949103903794,0.115923256,0.008747404
10260,0.8333454568439057,1.170881,0.0034072623
10261,0.8181951374521221,0.8455436,0.0010068954
10262,0.9779376249615944,0.89862376,0.00043152663
10263,0.9906884708835269,0.5021263,0.002148643
10264,0.8186461604742393,0.596981,0.011552327
10265,0.819735110689784,0.57301795,0.004189404
10266,0.9948523930013212,0.8675384,0.0003146548
10267,0.6674722720362586,0.9606257,9.889151e-05
10268,0.9754266269908852,0.4938788,0.0020677317
10269,0.8631837969795432,0.99363065,0.0019868205
10270,0.6837611208354895,1.0555521,0.00089002366
10271,0.6691146466108289,0.9042509,0.0009889152
10272,0.9654595329440068,0.29608494,0.013458236
10273,0.97687828606658,0.58393496,0.0009979053
10274,0.6020644763653664,1.1564227,5.394083e-05
10275,0.8722900289369384,0.66847813,0.0040096017
10276,0.9941411147036288,0.3631877,0.012613163
10277,0.8968227784118961,0.7276868,0.0013575108
10278,0.8986269947067267,0.8195064,0.00017980275
10279,0.8119420345600463,0.63926625,0.008028193
10280,0.8099184666460643,0.65410554,0.0053761024
10281,0.963747215837768,0.59290427,0.00019778303
10282,0.6929145949357669,1.0161427,0.0020587416
10283,0.8547055030345938,1.27929,0.0011327574
10284,0.8535583463899921,0.77394056,8.091124e-05
10285,0.9767892955678052,0.8593782,0.0010698264
10286,0.8576522755516744,0.74109733,0.00081810256
10287,0.9001650236375397,0.4209344,0.0101678455
10288,0.8197751386865232,0.55482465,0.0040185917
10289,0.768433332170336,1.0166684,0.00097093487
10290,0.893236710870572,0.6995622,0.0078663705
10291,0.9560011586837496,0.50612915,0.0058975304
10292,0.8849249328274492,0.6178413,0.0068594753
10293,0.8001643525013101,1.4497017,0.00021576331
10294,0.8899272405581696,1.1213764,0.0022924852
10295,0.934104240559095,0.7450995,0.0034881735
10296,0.690176157954992,0.9517238,0.00034162524
10297,0.7877742012497042,0.77988213,0.0021935937
10298,0.91751015738267,0.81865144,0.00041354634
10299,0.6038602023585865,1.3148395,0.001042856
10300,0.8246122586279688,0.70637286,0.00097093487
10301,0.8751980768120892,0.8257623,0.0019328797
10302,0.7362337934775214,0.7514123,0.0027599724
10303,0.9298601753550384,0.7417264,0.00095295464
10304,0.8944404516680977,0.48876444,0.008369818
10305,0.7971596529568273,0.81305164,0.004827704
10306,0.7423078054175208,1.1728405,0.0029217948
10307,0.9999995272908242,0.06859081,0.009493586
10308,0.9649096130941084,0.8950384,0.0008540631
10309,0.9003950542394914,0.82534486,0.0014564024
10310,0.7929993082775726,1.1007049,0.0006562801
10311,0.9306560451608892,0.7837051,0.0016811558
10312,0.8295700423969394,1.2102729,0.002148643
10313,0.6970934989000946,0.77309304,0.00846871
10314,0.8240609811548534,1.0764452,0.00026970415
10315,0.999610802180888,0.056948163,0.040554512
10316,0.8317950137215454,0.641604,0.005466004
10317,0.8613403274530742,0.6882713,0.0053401417
10318,0.7271853703207146,0.5732442,0.004045562
10319,0.8292307727673887,0.70824474,0.0042073843
10320,0.8534530038865251,0.6815326,0.0037938382
10321,0.7238589321463058,1.0789413,0.0008360828
10322,0.8115086546796446,0.71163285,0.0013934714
10323,0.9151200303851056,0.6395043,0.0035780747
10324,0.917126617617479,0.89196074,7.19211e-05
10325,0.6512018114575004,1.0797664,0.0006562801
10326,0.7035695813632019,1.0956825,0.00017081262
10327,0.8488391744275047,1.1985801,0.00391071
10328,0.9002887624470831,0.63532686,0.0023913768
10329,0.5961676162421073,0.94989216,0.00017980275
10330,0.7475726455142936,0.7837727,0.002094702
10331,0.8955106411018322,0.9128842,0.001762067
10332,0.9244531950048388,0.5432479,0.006239156
10333,0.937509274319988,0.58634,0.007677578
10334,0.945039126606729,0.7210627,0.00011687179
10335,0.8248753346226212,1.0508124,0.00032364496
10336,0.7770708648387256,0.7826961,0.005942481
10337,0.8461120265580734,0.7325738,0.0016541854
10338,0.9363069392185832,0.618003,0.0025891596
10339,0.6438574608222328,0.9924004,0.0010068954
10340,0.7795037726233128,1.3574765,0.0007282012
10341,0.8313178906197953,0.72819567,0.003326351
10342,0.5377284012271744,1.0800205,0.0005753688
10343,0.9400056030609972,0.79585564,0.0051783193
10344,0.8883772736488151,0.87508744,0.0011507376
10345,0.8620637109658894,0.9065069,0.0012586192
10346,0.7568241808358077,0.6740034,0.006239156
10347,0.7950420885824062,0.8662273,0.005726718
10348,0.8581298924877646,0.7160147,0.0045400197
10349,0.8394565898442655,0.95113266,0.0035690847
10350,0.8653342239926185,0.5547716,0.0046029505
10351,0.952490241508974,0.5646823,0.0010068954
10352,0.8184892108584377,0.8367893,0.006715633
10353,0.8417440187953079,0.72183836,0.008333858
10354,0.8492790361556232,1.002511,0.003389282
10355,0.9999994339447144,0.073878355,0.009403684
10356,0.6899719254315331,1.3606331,3.596055e-05
10357,0.8566257337894406,0.66130877,0.003649996
10358,0.9999543402983998,0.05840495,0.0045310296
10359,0.873446699682658,0.87098616,0.0017980275
10360,0.7829096329956939,1.1071078,0.002022781
10361,0.7110389283866421,0.9322537,0.0001887929
10362,0.9812388035910982,0.30767986,0.0016182248
10363,0.8981006174829421,0.99418026,0.0007551716
10364,0.8955831997177326,0.2800056,0.002229554
10365,0.93140235094457,0.6360809,0.003461203
10366,0.7889505391998659,0.7155277,0.0036410058
10367,0.9299720589713292,0.37986034,0.005466004
10368,0.7769009266797307,0.97727025,0.0012855898
10369,0.8251851445308624,0.7178874,0.0066886623
10370,0.9752796910876864,0.7521385,0.0010248757
10371,0.7812078508880383,0.9889283,0.002481278
10372,0.8069904550651823,1.3238122,0.0012496292
10373,0.7205781915814353,1.0464125,0.0004944576
10374,0.9756606540388768,0.53727865,0.002085712
10375,0.9452087899109364,0.8639855,0.0027959328
10376,0.9999988285074418,0.059054334,0.009457625
10377,0.9999998021363836,0.07794559,0.0047288127
10378,0.9316929261498016,0.38318753,0.0059065204
10379,0.75576510866773,0.9355149,0.00094396446
10380,0.6991363385831133,0.85706306,0.004827704
10381,0.8310462744760185,0.75390124,0.0035151439
10382,0.7357314796092909,0.9960931,0.007902331
10383,0.8219200354928456,0.8391605,0.003955661
10384,0.7342330993347389,1.0491245,0.0027599724
10385,0.976139911573707,0.15674125,0.036077425
10386,0.9646856467728828,0.50939626,0.0067965444
10387,0.8305513440127972,0.3821939,0.010509471
10388,0.8833779967660891,0.6291166,0.00326342
10389,0.8916725327992295,0.75434756,0.0020767218
10390,0.7182846864995702,1.3308239,0.0012136686
10391,0.896027806639198,0.8135517,0.0007102209
10392,0.9436323948456522,0.58675253,0.0012765996
10393,0.5187820633804221,1.065112,0.00020677317
10394,0.7396959415002948,0.5226542,0.0041983943
10395,0.5030743747246282,1.0361093,0.0008360828
10396,0.7871170602960614,1.0697317,0.00015283235
10397,0.904520557692192,0.82942116,0.0019868205
10398,0.7812318731847366,0.6807608,0.0035511043
10399,0.8169846361905304,0.8732694,8.091124e-05
10400,0.8804219145509857,0.9438995,0.0026790611
10401,0.9601281346324648,0.26570678,0.0073629227
10402,0.9382136415105924,0.60594255,0.0050614476
10403,0.7852595227674494,0.81838083,0.001366501
10404,0.798437388446001,1.0977112,0.00027869426
10405,0.7855599191043929,1.3302125,0.000260714
10406,0.7286151995740748,0.79912233,0.0049985168
10407,0.8833650736837279,0.798977,0.0052502407
10408,0.99999923385499,0.065407515,0.009475606
10409,0.8568227407339701,0.6910181,0.0032903904
10410,0.8057292317380834,1.1299946,0.0006113294
10411,0.9413722381881054,0.93545705,0.003128568
10412,0.8406465118243792,0.94744444,0.00046748717
10413,0.8402029236446609,0.82014316,0.007039278
10414,0.7855210228070578,0.8650136,0.0013575108
10415,0.7071446275575284,0.96248484,0.00074618147
10416,0.7607666344917994,1.1398419,0.00051243784
10417,0.8939242001857204,0.7982656,0.0026700709
10418,0.8899545647537322,0.7548906,7.19211e-05
10419,0.9843946712195653,0.811668,8.091124e-05
10420,0.7626600431009968,0.7778311,0.0034072623
10421,0.9950586023916456,0.8566499,0.001042856
10422,0.729784181969547,1.046925,0.0010248757
10423,0.8834497748640182,0.7113166,0.0039376803
10424,0.8382033348920459,1.084052,0.00012586193
10425,0.8341750592561665,0.80691665,0.002804923
10426,0.7266364045128357,0.90108556,0.0010967968
10427,0.7692386235375636,0.7151177,0.00029667455
10428,0.6537727896463601,1.1109551,6.2930965e-05
10429,0.8817922584798442,0.83113223,0.0023913768
10430,0.9999981927126153,0.06034654,0.009250852
10431,0.9999109436297048,0.28309187,0.009502576
10432,0.7758404773341406,1.1119199,0.0004045562
10433,0.7646192817169818,1.1111602,0.00012586193
10434,0.7789504073976401,1.2031888,0.0006922406
10435,0.6279406432051682,1.1050221,0.00097093487
10436,0.5879399983163294,1.126172,5.394083e-05
10437,0.89597943042135,0.868165,0.010491491
10438,0.8576367955128437,0.8399136,0.0043781972
10439,0.8647469615235213,0.5059672,0.004701842
10440,0.9306730671979532,0.6844224,0.0008540631
10441,0.8081477803379189,0.9825893,0.0017980275
10442,0.9014466723751654,0.7995071,0.00042253648
10443,0.9261182556049564,0.7683982,0.0022025837
10444,0.8783625180144525,0.9192074,8.990138e-06
10445,0.8731100837797539,0.47007224,0.007956272
10446,0.7813546255633418,0.90140367,0.0016991361
10447,0.7519490125483672,0.96372145,0.0007641617
10448,0.7239590287936644,1.2240386,0.0023913768
10449,0.5536859020676765,1.0028065,0.0008360828
10450,0.9999991153612956,0.068780094,0.009475606
10451,0.9350908033157465,0.763082,0.0005304181
10452,0.8443921973734733,0.6534737,0.00093497435
10453,0.7720622483200225,0.47540972,0.008639523
10454,0.7681423587961538,0.68164897,0.002148643
10455,0.6705561255223653,1.0352532,0.0003506154
10456,0.8320907496728502,0.9074574,0.0024543076
10457,0.7541402713309927,1.1350847,0.0003596055
10458,0.7501182667017444,0.7856245,0.0040905126
10459,0.7042150122411451,0.92185986,0.001177708
10460,0.8553663237287512,0.78798884,0.0024992584
10461,0.9419587330805338,0.34693047,0.019904165
10462,0.9872165960213924,0.28489485,0.0084777
10463,0.8298545145861225,1.1203216,0.0013575108
10464,0.9760157695993844,0.38724783,0.011030899
10465,0.9330051102175516,0.4760928,0.0058975304
10466,0.704912446119895,1.0352155,0.0033173608
10467,0.8228761799746771,0.8644645,0.0010158856
10468,0.7752299965229013,0.6684519,0.0009259842
10469,0.8128601283355489,0.8112756,0.00087204337
10470,0.7108367507352835,1.1105008,0.0016541854
10471,0.8304912488794882,1.0862619,0.0023733964
10472,0.970536254961016,0.5463732,0.004638911
10473,0.8071695715346653,0.89739174,4.4950688e-05
10474,0.964210685967986,0.5601181,0.0006113294
10475,0.7362225819079092,0.8373744,0.0039466703
10476,0.8048246730383999,0.90354246,0.0023284457
10477,0.690128468549129,0.96000874,0.0012316488
10478,0.8150738472894413,1.1710004,0.0011417475
10479,0.8361051949938667,1.1289525,0.00038657594
10480,0.8764194986110966,0.76762563,0.006769574
10481,0.7507276783220849,0.9305483,0.0006203195
10482,0.9311480787885272,0.40185097,0.0057896487
10483,0.833276647565333,0.8755722,0.0029847259
10484,0.8211442863838734,0.9624346,5.394083e-05
10485,0.8881928104339694,0.9847476,0.0006832505
10486,0.7679488217148106,0.8062675,0.0006652702
10487,0.8371753799256134,0.63614416,0.005483984
10488,0.8970913357492615,0.6386248,0.00051243784
10489,0.7808099216893771,0.8096549,0.0016362051
10490,0.6855387785015636,1.0486639,0.00011687179
10491,0.9481152016127516,0.6132721,0.0016541854
10492,0.7915380623233642,0.93213576,0.0017440867
10493,0.7265654212465766,0.7997378,0.00021576331
10494,0.8779432697029136,0.5570501,0.00587056
10495,0.9999923484036858,0.08834099,0.0084777
10496,0.7778078480077529,0.7359007,0.0012136686
10497,0.9858927071766004,0.28419673,0.028318934
10498,0.5727998148836334,1.0238414,0.0027779527
10499,0.598352953728189,1.3724926,0.00084507297
10500,0.7719582834301955,0.9385242,0.0023014753
10501,0.9999989990149436,0.06500448,0.009484596
10502,0.8842640130015565,0.8512803,0.0021666232
10503,0.739694861431335,0.9896254,0.00039556605
10504,0.9193264086176316,0.5889698,0.005726718
10505,0.728137572739239,0.9564119,0.0005394083
10506,0.889660177314794,0.7803125,0.00021576331
10507,0.8794821125412512,0.8165692,0.0008810335
10508,0.9999983948296526,0.063527904,0.009502576
10509,0.9005593027351003,1.0057974,0.0003596055
10510,0.9999983565288066,0.09694443,0.009403684
10511,0.8164389414500878,0.82993543,0.002229554
10512,0.9125602225644134,0.9226908,0.0008360828
10513,0.6830355114533663,0.9533105,0.00036859565
10514,0.8811694718504124,0.8013594,0.009223881
10515,0.8177450320619153,0.8410686,0.001177708
10516,0.9192827553947686,0.6454019,0.0005304181
10517,0.6863523161392586,0.9385122,7.19211e-05
10518,0.8646624473364714,0.7338484,0.0018699487
10519,0.7909717329694155,0.78359026,0.0034791834
10520,0.8850281081035868,0.63420063,0.0010878067
10521,0.8675745685645347,0.43976587,0.011120801
10522,0.8751980768120892,1.1861699,0.0006203195
10523,0.9671166898961868,0.6327141,0.017395917
10524,0.6729999740488205,1.0266061,0.0060233925
10525,0.9791412207479449,0.5044014,0.0053041815
10526,0.8660503756981521,0.84521127,0.0004495069
10527,0.8887612701456701,0.8010668,0.0038657594
10528,0.9913838095723148,0.6317089,0.0015283234
10529,0.8308303191972025,0.72622716,0.0080461735
10530,0.9999951896127932,0.057338215,0.008297897
10531,0.8415263716435647,0.7022123,0.0058256094
10532,0.9643655375510972,0.6606291,0.026520906
10533,0.7389729710300392,0.6904705,0.008909226
10534,0.9003862097351842,0.75451714,0.0010967968
10535,0.7171873902149695,1.0816226,0.0006203195
10536,0.9855183186031528,0.58885866,0.00016182248
10537,0.979230131917742,0.60290956,0.00090800395
10538,0.6296279115815431,1.2694393,0.00029667455
10539,0.9727047907503428,0.6882255,0.00011687179
10540,0.8374105023863556,0.5242398,0.0040725325
10541,0.6856918414638224,1.0576438,0.0005753688
10542,0.7474359959964187,0.9766371,0.0022475345
10543,0.8491826349060457,0.8338513,2.6970414e-05
10544,0.8630048143584172,0.8658211,0.00012586193
10545,0.8205701801304494,0.63940036,0.009439644
10546,0.7207554805469903,0.7938471,0.0026251203
10547,0.879772105606079,0.7267576,0.0037488875
10548,0.7523605440569677,0.6188316,0.005609846
10549,0.8127945217747309,0.7327576,0.006266126
10550,0.8666810000246928,0.6868,0.008423759
10551,0.9004974113387971,1.0111041,8.091124e-05
10552,0.903105281347418,0.5398925,0.005996422
10553,0.6967372396617519,0.98917943,0.000521428
10554,0.8922901358601862,0.71129626,0.00010788166
10555,0.7987507436657465,0.64754844,0.0048456844
10556,0.7491437130345673,0.8363613,0.001042856
10557,0.6995761584800363,0.96130794,0.006454919
10558,0.992596670831317,0.5871341,0.0022655148
10559,0.8394325643796678,0.42757523,0.0073539326
10560,0.7691904943219916,0.9516153,0.0034791834
10561,0.8854857931924001,0.9848611,0.0025172385
10562,0.9826788060118856,0.8150054,0.0010878067
10563,0.6320551236794454,1.0720283,0.00087204337
10564,0.7313849732218186,1.0317248,0.0010338658
10565,0.7993367539247822,0.83960086,0.00020677317
10566,0.7791529726116846,0.9105317,2.6970414e-05
10567,0.9736432368038148,1.2066921,0.00020677317
10568,0.82605733539639,1.1157495,0.00325443
10569,0.6334565499163182,0.8923614,0.00013485207
10570,0.7417211470211768,0.9016832,0.0012855898
10571,0.7490998138466202,0.8496317,0.0012855898
10572,0.97019146498096,0.47747198,0.00097093487
10573,0.7726356117773042,0.8687706,0.0013215502
10574,0.7919731966359724,0.9538742,0.00058435893
10575,0.6929903121363779,1.0241469,0.0014653924
10576,0.9143604780389376,0.9971014,0.003461203
10577,0.9346442133837192,1.0416502,0.001564284
10578,0.8454531712917184,0.8197485,0.0022025837
10579,0.9511933509745883,1.0097883,6.2930965e-05
10580,0.6584393732774497,1.2628059,0.0004045562
10581,0.9731687789330205,0.705405,0.000260714
10582,0.9999985522210864,0.08198302,0.0049985168
10583,0.8243240031627322,0.52120346,0.01237942
10584,0.9122164837555754,0.91068643,0.0063740076
10585,0.9999995359221238,0.06818431,0.009502576
10586,0.8565773939697756,0.6310885,0.0017710571
10587,0.8325777288624094,1.0228283,0.0007641617
10588,0.999998109910084,0.081741124,0.0063110767
10589,0.8606760204958946,0.8375906,0.0023913768
10590,0.6801999668493225,1.0790398,0.0021756133
10591,0.777221843212086,0.79010135,0.007452824
10592,0.8881843919440349,0.61147815,0.004746793
10593,0.7827406570624591,1.078675,0.00034162524
10594,0.8020760737502229,0.80838186,0.007884351
10595,0.8152476037473136,0.660486,0.012010824
10596,0.9999956285831572,0.057797097,0.009448634
10597,0.9158197209859118,0.42728773,0.0017800473
10598,0.836865489328636,0.8299995,0.0033533215
10599,0.8139134117150226,0.7614022,0.0066796723
10600,0.9819663975537452,0.62683064,0.00022475344
10601,0.8548838948644031,0.488576,0.008783365
10602,0.7807743442972215,1.1838135,0.00013485207
10603,0.9580948629799162,0.9713731,0.0023733964
10604,0.7804453166764654,0.41267943,0.0064279484
10605,0.7269813503467379,0.900174,0.002211574
10606,0.6987895906262349,0.8447284,0.006850485
10607,0.9843910043981884,0.36143646,0.042577293
10608,0.9500286694695464,0.41005304,0.0068594753
10609,0.7979554796017592,0.95293534,0.00022475344
10610,0.8243294253137281,0.73653316,0.0023733964
10611,0.996274108340618,0.5642607,0.0021306626
10612,0.8057907408554119,0.68276554,0.0052502407
10613,0.9749476219907214,0.3611836,0.0022924852
10614,0.8584171108588816,0.8392921,0.0032903904
10615,0.8327216267325804,0.66356784,0.00392869
10616,0.885260469394223,0.8814805,0.0013844812
10617,0.8364116434620005,0.7295124,0.00074618147
10618,0.5610802891627437,1.2160616,0.00021576331
10619,0.8017998428517941,0.5676702,0.0056368164
10620,0.9999567139464248,0.05178675,0.009035088
10621,0.7169814930931588,0.8948407,0.0011956884
10622,0.9475863565999588,0.7473959,7.19211e-05
10623,0.8955269958789362,0.704773,0.0010068954
10624,0.8377616128020606,1.0254722,8.990138e-06
10625,0.8975339498955635,0.6236804,0.007695558
10626,0.7657452837643939,0.6582203,0.008621542
10627,0.6951305275770256,0.9334738,0.008675483
10628,0.9913148609350412,0.77803385,0.00091699406
10629,0.926733752793078,0.3365935,0.012685085
10630,0.7122798356733308,0.81265765,0.006787554
10631,0.7938039614533938,1.0814284,0.00026970415
10632,0.7631392090397163,1.1792829,0.00010788166
10633,0.699410337070657,0.6881631,0.0053671123
10634,0.9380501822492788,0.6623301,3.596055e-05
10635,0.815249013080521,0.9768248,0.00026970415
10636,0.8695636365223871,0.53184456,0.005717728
10637,0.9305862781108872,1.0127171,0.00011687179
10638,0.8617998634245199,0.78085226,0.0037488875
10639,0.8964837347392117,0.6145265,0.0064099682
10640,0.8706164322987151,0.40912893,0.006724623
10641,0.9049700913451156,1.0022477,0.000782142
10642,0.911514613336052,0.58253974,0.00046748717
10643,0.6850349248115574,0.84293455,0.0039376803
10644,0.8280914848555293,0.7207757,0.0009979053
10645,0.9999975121920676,0.08383417,0.004980536
10646,0.9999887707279936,0.05497262,0.068334036
10647,0.9759927490975722,0.73913157,0.0003056647
10648,0.8770366082909627,0.8290221,0.0008091124
10649,0.9950557003670748,0.32164264,0.011165751
10650,0.9003909194850779,0.7630864,0.0041534435
10651,0.7063854377469182,0.9326131,0.00087204337
10652,0.8625262184206295,0.68937767,0.0015103432
10653,0.9999070005084552,0.12333963,0.0063470374
10654,0.8468915312477012,0.6980598,0.001240639
10655,0.7983035190002127,1.222125,0.00097093487
10656,0.8276956590772329,0.86691815,0.004252335
10657,0.98028342081338,0.49656132,0.004027582
10658,0.8485126674019027,1.1788367,0.0011237672
10659,0.8592397958896938,0.7706103,0.0048366943
10660,0.7833916706203017,1.3329908,0.0009979053
10661,0.9580840340267952,0.63993293,8.9901376e-05
10662,0.9147236643728264,0.7176691,0.002733002
10663,0.8492415028689422,0.49018574,0.0041264733
10664,0.9356058763618856,0.63808984,0.0007551716
10665,0.8326352014106893,0.829755,0.0015463037
10666,0.9002960671055587,0.43844604,0.009646418
10667,0.9514904092739496,0.48425755,0.0025801696
10668,0.757348363580391,0.94495493,0.0019868205
10669,0.6189424540800613,0.94911224,0.0008990138
10670,0.970836392439679,0.6901035,0.00043152663
10671,0.8287445593818465,1.025274,0.0005573885
10672,0.5289376780321593,1.1769905,0.001438422
10673,0.9026026111200894,0.7386638,0.0001887929
10674,0.5964068932294975,1.0340397,0.0003326351
10675,0.728485324313823,0.9978319,0.0011956884
10676,0.9147236643728264,0.7016427,0.0018969191
10677,0.970284406911343,0.52880394,0.0072910017
10678,0.9001650236375397,0.47662354,0.014105526
10679,0.987925780991894,0.64726615,0.0012855898
10680,0.9999475206396432,0.047700785,0.06286804
10681,0.9747020758095892,0.6574355,0.001429432
10682,0.8484468308410129,0.9175232,0.0004045562
10683,0.7467182452710913,1.0405002,0.0021756133
10684,0.8245712057498817,0.8429829,0.0029307848
10685,0.9877489351559728,0.395169,0.0108780665
10686,0.6969933354996659,1.1344687,0.0013844812
10687,0.936749591938684,0.72607464,0.008603562
10688,0.7569863150496184,0.9585828,0.0023733964
10689,0.9512344077498556,0.6487951,0.0021756133
10690,0.916267092396732,0.5462189,0.004369207
10691,0.7818119152813505,0.9337184,0.00020677317
10692,0.9725484244036028,0.57256466,0.0014653924
10693,0.8402207986682859,0.766628,0.0018519684
10694,0.6518303463253563,1.187084,0.0006023392
10695,0.8001766515258942,0.7511345,8.091124e-05
10696,0.9999997821795844,0.07151656,0.009502576
10697,0.7558467284870846,0.8496245,0.00095295464
10698,0.8862710775126279,0.42921472,0.0073809032
10699,0.7899598761368265,1.1734431,0.00017980275
10700,0.9515642153156756,0.4966484,0.005996422
10701,0.6974898772406439,1.0574187,0.0030836172
10702,0.7861191120529905,1.082746,0.0013125602
10703,0.7106626879028217,0.810964,0.005457014
10704,0.7916751997322644,0.8232006,0.00042253648
10705,0.7345754672198002,0.9898714,0.00025172386
10706,0.8034408338835781,1.309517,0.0003146548
10707,0.99505254176812,0.27167824,0.024597017
10708,0.974547174507013,0.7676141,8.9901376e-05
10709,0.851046181656836,1.07242,0.0007641617
10710,0.9638415143203553,0.509075,0.015804661
10711,0.8235083963643841,0.6104508,0.0063110767
10712,0.7832338451263303,0.75787264,0.00021576331
10713,0.9060992890587264,0.98620975,0.0007012308
10714,0.9999988216291302,0.07207495,0.009331763
10715,0.688755874845485,1.2405312,0.0011956884
10716,0.9117075534877116,0.42979947,0.015984464
10717,0.8280344660451477,0.81905776,0.0072730216
10718,0.9160289910068882,0.8499049,0.0042793057
10719,0.9512344077498556,0.6128011,0.0025531992
10720,0.8836711607813834,0.7125602,0.002148643
10721,0.9646856467728828,0.5578085,0.004261325
10722,0.8051474900279285,0.6799336,0.004971546
10723,0.8899036432656942,0.9290992,0.002283495
10724,0.8509545298226403,1.0852503,0.0023823865
10725,0.7842950907595427,0.8338,0.0033713016
10726,0.7892596440963111,1.0908285,0.005996422
10727,0.998850471995662,0.21324664,0.07312578
10728,0.8222946510746139,0.7802077,0.0011327574
10729,0.7673864340398382,1.1676192,0.0012676094
10730,0.7328536395214892,1.2528406,0.00017980275
10731,0.931568762978391,0.57478917,0.0005394083
10732,0.945730289940356,0.96191806,0.00089002366
10733,0.9124531505219448,0.9259028,0.0010608362
10734,0.950432035919306,0.72181886,0.00017980275
10735,0.8855504160087393,1.0220416,0.0008810335
10736,0.8516105000385683,0.7637733,0.0012676094
10737,0.9999770095397904,0.055677995,0.008136075
10738,0.9372109926791704,0.52035445,0.001429432
10739,0.9375048365601636,0.4949023,0.011210701
10740,0.8850778511244064,0.6379049,0.005142359
10741,0.922495577539896,0.47290415,0.017989267
10742,0.9408159127894704,0.39173648,0.008243957
10743,0.8603924978808574,0.5265846,0.009259842
10744,0.6923461063675556,0.8696407,0.0017350966
10745,0.9193361057014112,0.75879747,0.0033623115
10746,0.9689985000118448,0.7038023,0.0003596055
10747,0.999999372286574,0.07433633,0.009367724
10748,0.8548238156823524,0.6777788,0.009979053
10749,0.999792255236752,0.45773858,0.00041354634
10750,0.9871644858973888,0.2260528,0.0318161
10751,0.9435603595312452,1.0892466,3.596055e-05
10752,0.735243567469033,0.89638436,0.0007102209
10753,0.9996748049298796,0.10752447,0.0022475345
10754,0.8247759341200006,0.6405987,0.0011417475
10755,0.912636550268792,0.67584527,0.0073539326
10756,0.9999988072209176,0.059429742,0.009475606
10757,0.9466051786494114,0.6517333,0.0011956884
10758,0.998151362289209,0.3892594,0.005681767
10759,0.937077591751914,0.69918156,0.0008810335
10760,0.8478473407488689,0.87419444,0.000521428
10761,0.8997211275032955,0.6834962,0.0014833728
10762,0.9939048943100064,0.4849075,0.00027869426
10763,0.6834385825553462,1.0926077,2.6970414e-05
10764,0.7185029692654519,0.9573367,0.002229554
10765,0.7581636950722594,0.9703789,0.0007641617
10766,0.9193373338130714,0.38898078,0.017036311
10767,0.8936045927081172,0.28289315,0.006185215
10768,0.9566058197186628,0.6705195,0.0029667455
10769,0.6768778853686792,0.8033718,0.0049985168
10770,0.8700020241540667,0.8736547,0.0017800473
10771,0.7628170448914552,0.77538097,0.007713538
10772,0.8169945917472032,0.8892031,0.0034072623
10773,0.8868555754900929,1.1574242,8.990138e-06
10774,0.8056991801919888,0.768991,0.0041174833
10775,0.6813874762163641,1.1452608,0.0004045562
10776,0.8794164456774439,0.80466914,0.0041983943
10777,0.9177026591695052,0.49607244,0.004495069
10778,0.8873760425438969,0.81545013,0.000719211
10779,0.5704550918866769,1.0913328,0.00032364496
10780,0.8740190770561443,0.8242574,0.003649996
10781,0.7637776635964404,0.96439564,0.0010338658
10782,0.7713415555441215,0.7387163,0.004171424
10783,0.9655531398376545,0.32446262,0.014698875
10784,0.9780832278361328,0.5298455,0.019202935
10785,0.8593948975981384,1.0152321,0.00015283235
10786,0.9999966687068076,0.08016591,0.004773763
10787,0.8015468992861491,0.8551431,0.0033982722
10788,0.838903955794511,0.8825413,0.0046209306
10789,0.995468622437445,0.3971742,0.0010788166
10790,0.9201150020936578,0.92752945,0.00024273372
10791,0.821407693611397,0.9032012,0.0012046784
10792,0.8947888739094052,0.80188394,0.0020407613
10793,0.7687229723430913,0.8009193,0.0041444534
10794,0.6989821740125188,0.9607386,0.002993716
10795,0.8579077656572843,0.5325912,0.0058615697
10796,0.9252172192782055,0.60722697,0.006463909
10797,0.8405103848424158,0.76298416,0.001429432
10798,0.8817512633336396,0.42402992,0.004486079
10799,0.6329682252097508,1.179144,0.0005933491
10800,0.8591592137877292,0.9832255,0.0004495069
10801,0.914614486678476,0.82402825,0.0
10802,0.8933482465328666,0.6867889,0.002490268
10803,0.9702652451161572,0.7093111,0.0045220396
10804,0.9434200975764728,0.797007,0.0005483984
10805,0.8475398727855835,0.48953405,0.006382998
10806,0.8868387751129516,0.70569205,9.889151e-05
10807,0.8593040532611562,0.9704904,0.00097093487
10808,0.8404572770895659,1.0106889,0.0010248757
10809,0.9673305190924352,0.65744954,0.0007371913
10810,0.9095870142470964,0.7886492,4.4950688e-05
10811,0.8419748426959529,0.9433746,0.001042856
10812,0.7186833589107018,1.2581707,0.0005573885
10813,0.7139748333222595,0.98870623,0.0052592307
10814,0.840462378712814,0.567935,0.009853191
10815,0.9225135514034168,0.5163136,0.002544209
10816,0.7332628229188722,1.0813881,0.004225365
10817,0.9472084634536888,0.43129703,0.011884962
10818,0.7045941550360476,1.0411187,0.0010608362
10819,0.9012163551594432,0.79551655,0.001438422
10820,0.808230181213916,1.0214919,1.7980276e-05
10821,0.9428158042856094,0.6729401,0.00081810256
10822,0.9400449565708476,0.78364956,0.002085712
10823,0.8840880213639432,0.35845926,0.00785738
10824,0.8259777885545387,0.770357,0.0009979053
10825,0.9882762929963606,0.2840548,0.010644323
10826,0.9426056548535148,0.64456767,0.0015732741
10827,0.974671838878692,0.6930202,0.00026970415
10828,0.999999679307509,0.08405425,0.005016497
10829,0.9999992771990924,0.08184528,0.0094666155
10830,0.7190242748760567,0.9301457,0.00017081262
10831,0.9999998681514686,0.07830667,0.004737803
10832,0.9016101089888802,0.95330566,0.00016182248
10833,0.6831442574430601,0.9817468,0.00023374359
10834,0.9999981377757,0.07183433,0.009403684
10835,0.8588745280704856,0.88347906,0.0015463037
10836,0.9503972371813948,0.80580014,0.0011597278
10837,0.6965049128870076,1.0977703,0.001240639
10838,0.8419839230948082,0.68151903,0.0020048008
10839,0.7401608826500721,0.6219014,0.0031465483
10840,0.9590962737659114,0.44533995,0.003191499
10841,0.7618948477320253,1.0647202,0.00017081262
10842,0.7097355794775079,1.0409626,0.00015283235
10843,0.800140864864175,0.9493933,0.0004495069
10844,0.9862489947307024,0.8973325,8.091124e-05
10845,0.7267915895067122,0.9391104,0.0005753688
10846,0.7373487881744949,0.7646352,0.0035151439
10847,0.9999998021363836,0.07809569,0.004737803
10848,0.9091883937159762,0.87761545,0.00025172386
10849,0.8200312265165575,0.9850101,0.001114777
10850,0.9378004228728412,0.9520191,0.0010338658
10851,0.999893195893448,0.2948045,0.005483984
10852,0.9994780922180834,0.0830058,0.00784839
10853,0.8931450129640146,0.4952365,0.0013305404
10854,0.7322368186627223,0.8313056,0.001366501
10855,0.7530267299027253,1.0966982,0.001429432
10856,0.8638454059316829,0.8082136,0.0007641617
10857,0.8264817009397545,0.78818536,0.005474994
10858,0.7705205469450735,1.1984584,0.0028318935
10859,0.8946317500155739,0.292947,0.011516366
10860,0.8581129652681238,0.5440473,0.012792966
10861,0.7298758100809917,0.70157874,0.0017800473
10862,0.8808364192978745,0.62930125,0.0046479013
10863,0.8212728221318358,1.0129602,0.00093497435
10864,0.8463655385673784,0.6509746,0.0042073843
10865,0.8331163253116691,0.83628637,0.0051063984
10866,0.7953735733338099,0.69701564,0.00036859565
10867,0.8039422221894911,0.61408645,0.003137558
10868,0.8474113085212986,0.8960685,0.0036679762
10869,0.7793429666086028,0.86587244,0.0004944576
10870,0.8886465070235877,0.45667446,0.005672777
10871,0.78268966074528,0.6170071,0.005483984
10872,0.9655701806941088,0.810759,0.0036320158
10873,0.7734561268343796,0.9734522,0.0015732741
10874,0.8297428751846286,1.0783993,0.0019418697
10875,0.9731699390065776,0.48967332,0.0035780747
10876,0.8671114944908747,0.6604681,0.0015732741
10877,0.6856277395216596,0.7069056,0.00130357
10878,0.8899545647537322,0.81930596,0.0002876844
10879,0.7543765793168449,0.95081645,0.00017980275
10880,0.9063646255283628,0.41796738,0.008693463
10881,0.8432166840035612,0.34917557,0.0051153884
10882,0.7627216641061815,0.9352365,0.0008091124
10883,0.9440260266736976,0.46018437,0.0073449425
10884,0.9902490129910836,0.73954546,0.00027869426
10885,0.8548594913516803,1.0743649,0.0024632977
10886,0.9587615637311808,0.5726085,0.008001222
10887,0.698266596969124,1.0544738,0.00096194475
10888,0.8930031254579861,0.41422284,0.0017980275
10889,0.8935379500105382,0.36155263,0.002355416
10890,0.7685683110573436,0.7729892,0.004737803
10891,0.8289990019715238,0.9673283,0.003973641
10892,0.9038333868308838,0.7957643,0.0010878067
10893,0.6817819174007336,1.1283604,0.0003596055
10894,0.7804327090120275,0.8737013,0.0012586192
10895,0.7381218576634762,1.156929,0.0011687179
10896,0.6791045586125609,0.97716105,0.0011327574
10897,0.7020827306102202,0.87863696,0.004171424
10898,0.8374967937322038,0.82689077,0.00039556605
10899,0.9998337842224452,0.08689832,0.0021036922
10900,0.8170461107276399,0.7681308,0.0044680983
10901,0.9999950615199438,0.07037872,0.004737803
10902,0.8302948545740371,0.7613585,0.0029847259
10903,0.9031088051421136,0.5933844,0.007893341
10904,0.8114250919720692,0.4326724,0.01043755
10905,0.8147553161993559,0.7036506,0.0017350966
10906,0.7518437106291352,1.2207308,0.0017171163
10907,0.8702255456204497,0.77107435,0.003712927
10908,0.9864901045203128,0.77246636,0.00046748717
10909,0.8541552711969425,0.7797867,0.0032724102
10910,0.9601828143205604,0.47600845,0.0070123076
10911,0.9999969828806996,0.09586737,0.009601467
10912,0.9168897874957618,0.73701686,0.002750982
10913,0.9267109460249644,0.37117332,0.005088418
10914,0.8760176762484185,1.0045397,0.0003775858
10915,0.9003908735778346,0.7631465,0.00783041
10916,0.7988526340951522,0.65838057,0.01044654
10917,0.7202875840603317,0.6030105,0.0033173608
10918,0.8366378086195867,0.53899246,0.0065628006
10919,0.6789783355048289,1.1010201,7.19211e-05
10920,0.8424226185572504,0.9659886,0.00011687179
10921,0.8668197222682358,0.45260835,0.010509471
10922,0.9138293488045724,0.6152637,0.005421053
10923,0.8007841938682853,0.8595492,0.0012316488
10924,0.8461425911637598,0.85013115,0.0015283234
10925,0.6381172267655998,1.0434057,0.0015193333
10926,0.9801186253364598,0.14357571,0.011534347
10927,0.923393742726476,0.5366838,0.003524134
10928,0.8413184146217794,0.3858505,0.011588288
10929,0.962874476999714,0.7191856,0.00013485207
10930,0.66099466974356,0.9186179,0.0008810335
10931,0.8801572892517231,0.6846812,0.00039556605
10932,0.8747645665457249,0.41078702,0.011480406
10933,0.8623587019074621,0.942324,0.0031735187
10934,0.9056260705224412,0.6178325,0.00027869426
10935,0.9231266207754047,1.0198526,0.000979925
10936,0.9270556577068098,0.45259964,0.009385704
10937,0.8264996188532738,0.67256874,0.003065637
10938,0.9081518842823356,0.6014686,0.0003596055
10939,0.9827936233515184,0.38938907,0.002094702
10940,0.7122094351133544,0.9546704,0.0010878067
10941,0.9187377440546992,0.64500546,0.0077315187
10942,0.832662318835134,0.8209717,0.003065637
10943,0.865733977926706,0.85467446,0.0022475345
10944,0.9499234504043874,0.5475799,0.004441128
10945,0.7878679821794248,1.1847094,0.00021576331
10946,0.9750495249745808,0.91529626,0.0005483984
10947,0.7666250476794945,0.9490868,0.0021126824
10948,0.9999991636389968,0.06613843,0.009403684
10949,0.9688385863289152,0.76707774,0.00084507297
10950,0.8421223800406532,1.1195008,0.00041354634
10951,0.7622018258697754,0.91949326,0.0004495069
10952,0.7555809876666124,1.2730485,3.596055e-05
10953,0.7903334987976008,0.8558295,0.00022475344
10954,0.7505740500087275,0.9537366,8.990138e-06
10955,0.904945808711184,0.6129736,0.00081810256
10956,0.6121105573552644,1.0679909,0.00034162524
10957,0.7612632693477985,0.7830267,0.0032364496
10958,0.8916469644549192,0.6648328,0.0030746271
10959,0.9489776550167722,0.842682,0.0010698264
10960,0.9999995272908242,0.066825956,0.009502576
10961,0.8830242945222824,1.0992554,0.0003506154
10962,0.813520267236546,0.82367647,0.0019238895
10963,0.962160178128728,0.61105555,0.0018789388
10964,0.8748585121953332,0.6984113,0.00023374359
10965,0.7608930787514118,1.1603627,0.0016541854
10966,0.845117767137587,0.8167413,0.0072820117
10967,0.920133863892113,0.87937343,0.0004944576
10968,0.9999969361474056,0.0816484,0.0049086153
10969,0.8844534740272801,0.6767221,0.0036320158
10970,0.8643674444054306,0.76298463,0.0026431005
10971,0.9999721343865732,0.053892978,0.007938292
10972,0.6994316510776907,0.88188124,0.00026970415
10973,0.728752844737755,0.9107321,0.0003056647
10974,0.8751558833530523,0.8292973,0.000782142
10975,0.7508699571774589,0.7575022,0.007479795
10976,0.8034366419639859,1.1114326,0.00011687179
10977,0.960006476119384,0.82292575,0.0033802919
10978,0.9999777035508748,0.09409469,0.00719211
10979,0.818394416449043,0.6733849,0.0020587416
10980,0.8448963597364784,0.8782154,0.0035331242
10981,0.76478987309202,1.1726166,0.00084507297
10982,0.8919930538300062,0.95111585,0.0041983943
10983,0.8255693925496084,0.6823053,0.003982631
10984,0.9466206737509104,0.8767944,0.0041354634
10985,0.9241521756686152,0.6204978,0.0031465483
10986,0.9931982219520114,0.604828,8.091124e-05
10987,0.8855224631204274,0.9183414,0.0012855898
10988,0.8328795169227989,0.87914294,8.091124e-05
10989,0.795193247484366,1.0313635,0.0015103432
10990,0.7905738835567654,0.8003386,0.0029847259
10991,0.8446993552993658,0.6192359,0.0005394083
10992,0.9207357805114712,0.72667503,0.0031105876
10993,0.7820243841340877,0.8890042,0.00051243784
10994,0.7613108156440265,0.88582546,0.006140264
10995,0.7236154181299779,0.9750887,0.0047827535
10996,0.9956337028499548,0.12156973,0.026493937
10997,0.9775759472442878,0.66296786,0.00011687179
10998,0.905851930788308,1.0849924,2.6970414e-05
10999,0.875004701680357,0.5727926,0.011012919
11000,0.9999963173399812,0.0579812,0.009241861
11001,0.8808373216345182,0.58375424,0.0029667455
11002,0.9999965793062412,0.05652808,0.009367724
11003,0.7575322445846919,0.9694469,0.00074618147
11004,0.6943528312063506,0.599846,0.005690757
11005,0.7406608530409426,0.8173967,0.010788165
11006,0.834053135674819,1.2718942,0.00023374359
11007,0.6906215364044429,1.0743271,8.9901376e-05
11008,0.7503799647476442,1.0965253,0.0010068954
11009,0.776991270480049,1.0427299,0.0007012308
11010,0.9899241007372652,0.728222,0.0015463037
11011,0.9099885760443648,0.867957,0.0003146548
11012,0.7686864899992151,0.90334064,0.0012226588
11013,0.7978865736200544,1.0161155,0.0029577552
11014,0.974213305414634,0.5598499,0.000719211
11015,0.9999928547417468,0.046563458,0.06463909
11016,0.962591990917328,0.5524742,0.009304793
11017,0.8526891216028912,0.7916736,0.0022475345
11018,0.9187377440546992,0.5323116,0.008990138
11019,0.8765995846124826,0.77011144,0.0003146548
11020,0.9083289642852908,1.1361696,0.00020677317
11021,0.7792662824010198,0.9063765,0.009952082
11022,0.8077948494689609,1.0397094,0.0022385444
11023,0.8811960118715894,0.933504,0.0006293096
11024,0.9999991862120876,0.06661437,0.0094666155
11025,0.915464344224417,0.8252005,0.0006652702
11026,0.8460831155179996,0.9312272,2.6970414e-05
11027,0.9001682490631158,0.7945452,0.00039556605
11028,0.7568897525235803,0.9537018,0.003524134
11029,0.9943608403410548,0.47659427,0.0021666232
11030,0.9427919919032492,0.94375396,0.00039556605
11031,0.9894270975591424,0.60186857,0.00045849703
11032,0.7900660458580757,0.7990768,0.0028139132
11033,0.8912900808428266,0.94513434,0.0036949466
11034,0.8915973826605184,1.012586,0.00010788166
11035,0.9396520969451062,0.84568256,0.0003056647
11036,0.9506772847663676,0.8500482,0.0027959328
11037,0.5918025199951766,1.1482933,0.0008810335
11038,0.8306360940062698,0.9729032,0.0006293096
11039,0.6638669464237577,0.90198654,0.006931396
11040,0.8864621873777205,0.55653065,0.0098172305
11041,0.653150658941734,0.9439404,0.006329057
11042,0.959930980871068,1.1069576,0.000782142
11043,0.9373955746884536,0.65834415,0.0031735187
11044,0.9373128370878218,0.48265412,0.0053940825
11045,0.4814135570820421,1.1072954,0.00022475344
11046,0.9888910944519936,0.15585016,0.07103108
11047,0.8445103792409768,0.6716052,0.0027779527
11048,0.6039850621525364,0.9786833,0.00089002366
11049,0.7852585715920954,0.7819762,0.004692852
11050,0.9078792628608696,0.81728595,0.00023374359
11051,0.8371455652639186,0.9705095,0.000260714
11052,0.8156403268664617,0.5953381,0.0058256094
11053,0.8205513772404085,0.8928896,0.005016497
11054,0.9922562626518998,0.7376975,6.2930965e-05
11055,0.8900445855951156,0.8430454,0.0041354634
11056,0.8710279102309687,0.8536295,0.004243345
11057,0.8651537139647808,0.89219505,0.0022745049
11058,0.9312058742785876,0.8101602,0.010851096
11059,0.9999990215368229,0.11290546,0.009259842
11060,0.8453709794055867,0.75257117,0.00034162524
11061,0.7533364502263951,1.1937025,3.596055e-05
11062,0.7688831093868835,0.89864904,0.0070572584
11063,0.7902560481988279,1.0132371,0.0010338658
11064,0.975848195231952,0.6339242,0.00077315187
11065,0.6574172386178528,1.0927445,0.0028498736
11066,0.9311543297614816,0.8666881,0.0003506154
11067,0.948614436041979,0.31421787,0.010833116
11068,0.8016869289189936,0.88591474,0.00021576331
11069,0.7804821470775629,0.94128394,0.0016901459
11070,0.9752796910876864,0.7451452,0.0011687179
11071,0.9999994173841964,0.09773888,0.009223881
11072,0.96283707486897,0.6300283,0.00036859565
11073,0.98938389853926,0.40272745,0.0006023392
11074,0.8775728053747833,0.80445904,0.00081810256
11075,0.937123820967132,0.8082327,0.00047647732
11076,0.9074406713714516,0.3276348,0.022493325
11077,0.7945929843242655,0.9658445,0.0033173608
11078,0.8548382385219998,1.0883884,0.003389282
11079,0.9999991313798484,0.07288914,0.0046748715
11080,0.7296178668802125,0.96585524,0.0009259842
11081,0.5715662462284872,1.0253849,8.990138e-06
11082,0.9499219667901566,0.8163709,0.0016451952
11083,0.7464251761549374,1.0179111,0.00041354634
11084,0.784142729069669,1.0028892,0.00032364496
11085,0.8623448587909714,0.64674467,0.0043781972
11086,0.615955192671447,1.1529756,1.7980276e-05
11087,0.945190007724438,0.3946759,0.004486079
11088,0.7925317224344681,0.6781589,0.003955661
11089,0.9608708634116556,0.61647975,0.0013485206
11090,0.8200856085540231,0.8969866,0.0004045562
11091,0.851046181656836,0.9342831,0.0019958105
11092,0.8394843867388537,0.901863,0.0007282012
11093,0.8561934999696563,0.4418397,0.015840624
11094,0.8701019055882255,0.60105926,0.0015822642
11095,0.8222632640855592,0.7882748,0.0064908797
11096,0.8836090663816457,0.5759345,0.0046658814
11097,0.7407758018950502,0.6423816,0.0040185917
11098,0.7243471855429892,1.0042117,0.00029667455
11099,0.9999010881829796,0.05414578,0.0046658814
11100,0.9999903528678996,0.05551623,0.0092868125
11101,0.7206893257968127,1.1054859,0.0028139132
11102,0.8190835075783769,0.58906996,0.0068684653
11103,0.8479672052968437,0.68869245,0.0053041815
11104,0.7583660067192691,0.6606086,0.003452213
11105,0.8034366419639859,1.0950218,0.0001438422
11106,0.9181767882516044,0.9226792,0.0025082484
11107,0.9999995048003104,0.09640899,0.005151349
11108,0.7162649894928133,1.0867543,0.0027689624
11109,0.900845169642818,0.900418,0.00020677317
11110,0.7923171391147474,0.95504194,0.0006652702
11111,0.9967145157599956,0.32795295,0.00012586193
11112,0.7799917978758512,1.1563379,0.00044051674
11113,0.9003909194850779,0.93232703,0.0022475345
11114,0.999999088300498,0.067196295,0.009430654
11115,0.9999992175227644,0.084732205,0.005007507
11116,0.7529974557453964,1.0800853,2.6970414e-05
11117,0.7481375369865959,0.83189136,0.0017530769
11118,0.9232196476093736,0.6684156,0.000979925
11119,0.7040048199348603,1.2236036,7.19211e-05
11120,0.951341239753878,0.70994025,9.889151e-05
11121,0.8744294874160607,0.82569516,9.889151e-05
11122,0.7232975725421735,0.8825655,0.0035331242
11123,0.8261100530815201,0.88016355,0.00089002366
11124,0.9999979052039364,0.08851245,9.889151e-05
11125,0.8708672844512287,0.91743356,0.006212185
11126,0.950243697674052,0.7219505,0.00025172386
11127,0.7137356850795296,1.1022049,0.0031555383
11128,0.9019709466874912,0.97063196,0.0003775858
11129,0.762971600906433,0.779896,0.0038747494
11130,0.9607643582947414,0.21699049,0.021846035
11131,0.8721619202440889,0.6413466,0.00024273372
11132,0.9393863545362487,0.5567063,0.007461814
11133,0.7029339827895644,0.74617577,0.0068055345
11134,0.7847664438255642,0.73190796,0.0051063984
11135,0.9523339911768076,0.44977,0.00081810256
11136,0.8786770423955332,0.47642797,0.0070752385
11137,0.7408441989293248,0.6638917,0.0053581223
11138,0.9999804894189828,0.062675186,0.0024632977
11139,0.999923132983654,0.0721425,0.0003056647
11140,0.749815398467103,0.7111176,0.005277211
11141,0.8157554768925859,0.8211004,0.00653583
11142,0.8067051373781275,0.9504348,0.006391988
11143,0.8029800571275527,0.7322294,0.00093497435
11144,0.879845965392617,0.97713184,0.0028858343
11145,0.8458132169462117,0.6241262,0.001762067
11146,0.9954039338515456,0.31873298,5.394083e-05
11147,0.999998655672501,0.06324,0.009484596
11148,0.8381974637588323,0.54959875,0.001114777
11149,0.9348798727234172,1.1188563,0.000782142
11150,0.8157768663480741,0.9114553,0.0010158856
11151,0.8446660493564969,0.9154104,0.00038657594
11152,0.8784147776280167,0.9601843,2.6970414e-05
11153,0.6641278861864863,0.96321607,0.00034162524
11154,0.9118947475658432,0.7444445,0.00021576331
11155,0.6781143358569044,0.8423306,0.0029128047
11156,0.8511864938658507,1.1923128,0.003326351
11157,0.9681341189998957,0.42901745,0.010590382
11158,0.8626258445131555,0.9715139,0.0036589862
11159,0.840881534980959,0.8030495,0.0042073843
11160,0.7972874526114958,1.094575,0.0005304181
11161,0.773845637161939,1.0081555,3.596055e-05
11162,0.9999536822135584,0.044517733,0.00912499
11163,0.6101969176508302,1.117613,0.0020767218
11164,0.769865336648094,1.205558,0.0005034477
11165,0.8700117944682493,0.87103164,0.000260714
11166,0.7913325977627323,0.59899396,0.003461203
11167,0.9436062461223408,0.7085539,0.004486079
11168,0.6489174133700134,1.0196248,0.0006203195
11169,0.7983745350734788,0.9789194,0.0007012308
11170,0.8388331586435223,1.0242206,0.0012676094
11171,0.9999994817758954,0.11369632,0.00979026
11172,0.7424908455347987,0.6309532,0.0030836172
11173,0.9999988888761538,0.060777735,0.009403684
11174,0.7764898305741293,0.8724507,0.0014833728
11175,0.8868025987356334,0.7195828,0.0
11176,0.7606388591414036,0.9833693,0.0030206863
11177,0.9367714454339956,0.457419,0.005295191
11178,0.6798804413965753,1.02364,0.0024273372
11179,0.761162682362558,1.1631433,0.002355416
11180,0.8065659522478607,1.1447121,9.889151e-05
11181,0.8869397802890667,1.0178874,0.0003326351
11182,0.7915209903408517,0.7117366,0.0042073843
11183,0.8627354367989906,0.6698935,0.0013934714
11184,0.696884562993705,1.0422379,0.0049265954
11185,0.9202202735079408,0.8260449,0.002346426
11186,0.8508875931465966,0.76179785,0.0005394083
11187,0.7929917648722109,0.6900053,0.005744698
11188,0.8444562949967593,0.6967144,0.001627215
11189,0.999306165779498,0.35351437,0.008558611
11190,0.7754806682836078,1.0206261,0.00020677317
11191,0.6194280006036347,1.1895317,0.0019868205
11192,0.9521762854968038,0.6644208,0.00027869426
11193,0.8861587422103951,0.87532264,0.0010878067
11194,0.9367697790691744,0.61909485,0.007039278
11195,0.9880254577076392,0.6664167,0.00029667455
11196,0.9915829885606706,0.099508524,0.06547517
11197,0.7336736790057933,1.052119,0.0018429783
11198,0.6105220609653517,1.2509578,1.7980276e-05
11199,0.7462661924255235,1.0421027,0.0014204418
11200,0.8795119028005363,0.84423625,0.00026970415
11201,0.7527787877678449,0.82481223,0.0060323826
11202,0.8158213241134028,0.63988525,0.00651785
11203,0.7569072622929398,0.7690372,0.005430043
11204,0.8766867355635541,0.9052017,0.00074618147
11205,0.7629625293909577,0.82328945,0.0038657594
11206,0.7260630369183503,0.7015731,0.0006293096
11207,0.7484776521625245,0.9942166,0.00021576331
11208,0.917527538230095,0.84913343,0.0011687179
11209,0.887782137905492,0.91024935,0.00090800395
11210,0.8121625644312742,0.69407403,0.0003146548
11211,0.8511900263121069,0.71420467,0.0022025837
11212,0.8060263722201038,0.6562075,0.005537925
11213,0.7170440318984093,1.1604716,0.0032094792
11214,0.5959482192850326,1.2345271,0.00038657594
11215,0.6999205515293089,1.0092055,0.0019418697
11216,0.8501272567912078,0.59560704,0.0005753688
11217,0.8317561003160905,0.59484446,0.0036589862
11218,0.6990259518582005,1.212234,0.00074618147
11219,0.9324051425849444,0.75440454,0.0006023392
11220,0.9877489351559728,0.3754316,0.010536442
11221,0.7306647265817726,0.9176287,0.0014564024
11222,0.7751173095257244,1.0139369,0.006131274
11223,0.7770708648387256,0.891459,0.0018070177
11224,0.9883879655953663,0.6795671,0.00011687179
11225,0.8367897184952345,0.823479,0.008549621
11226,0.7413199372175673,0.9877886,0.0026520907
11227,0.7955102865461703,0.6906301,0.0014024616
11228,0.9373955746884536,0.67514926,0.002472288
11229,0.79327989373044,0.9831507,0.00097093487
11230,0.9106285325570672,0.8493786,0.0059694517
11231,0.9999644017677868,0.10199008,0.0065717907
11232,0.7010060432621098,1.0505824,0.0014923629
11233,0.8645664068411415,0.93470776,0.0050974083
11234,0.8836392776913419,0.8950137,0.0025262288
11235,0.9312794591609028,0.7097917,0.0010608362
11236,0.7666904954927036,0.77982676,0.0011956884
11237,0.7565201136564941,0.7166053,0.0034162523
11238,0.9355869764204366,1.2568496,0.002804923
11239,0.8771608678962218,0.7619679,0.0043781972
11240,0.8315606653222525,0.7222001,0.0061582443
11241,0.9041148692204486,0.686046,0.0015552938
11242,0.7882219234340339,0.60006523,0.0110578695
11243,0.833748344251714,0.6752727,0.0056368164
11244,0.7159966678626867,0.9445943,0.0023913768
11245,0.6692874679210042,0.89774513,0.0033173608
11246,0.8967714348789246,0.55393577,0.005466004
11247,0.7555876470762033,1.0795138,0.0012496292
11248,0.7796110373771349,0.8091927,0.0008270927
11249,0.7349282476208454,0.9448909,0.0014024616
11250,0.8042629242019157,1.0343894,0.003461203
11251,0.861837121396279,0.9167062,0.00051243784
11252,0.8832354930932543,0.96937525,0.00051243784
11253,0.908032043545184,0.7542825,0.0038028283
11254,0.8978556359857663,0.63035566,0.0011687179
11255,0.7781848702345456,1.1552212,0.0003056647
11256,0.8894284702821071,0.80459726,0.0014653924
11257,0.9966490036123046,0.2962753,0.030152922
11258,0.995973396712545,0.21292154,0.055289347
11259,0.9992955435130768,0.31859678,0.02416549
11260,0.7687229723430913,0.9644774,0.003524134
11261,0.9999973029190002,0.07859136,0.004719822
11262,0.8116687247702937,0.76218104,0.006787554
11263,0.8229528497443249,0.9199578,8.9901376e-05
11264,0.8922129140358719,0.54196525,0.007506765
11265,0.7963004206790728,0.7140588,0.0023374357
11266,0.9999996845162388,0.07448072,0.009484596
11267,0.7379750337193853,0.752458,0.008037183
11268,0.912954439534874,1.0099478,0.000719211
11269,0.894117080932344,0.5651274,0.014788777
11270,0.882241484869099,0.47720143,0.0062930966
11271,0.5917887659657654,1.1765033,0.000719211
11272,0.9277921695117026,0.65234625,0.0022385444
11273,0.8820772942974592,0.7545876,0.00020677317
11274,0.9011878481024006,0.6855226,0.0014653924
11275,0.8491096755909024,0.7627122,0.0005034477
11276,0.8870840171951272,0.5499975,0.0006382998
11277,0.9402139473742506,0.8364048,1.7980276e-05
11278,0.8836627636269617,0.6709516,0.0039466703
11279,0.9488625273863652,0.32950407,0.013745921
11280,0.8646671204382025,0.6386091,0.003856769
11281,0.8415519288054102,0.5908424,0.0010158856
11282,0.9987751033260496,0.16207787,0.0025711795
11283,0.963118094835786,0.6361307,0.00019778303
11284,0.9770078720996104,0.9206094,5.394083e-05
11285,0.922216960339233,0.5295922,0.003326351
11286,0.9999995991075584,0.07374058,0.009529546
11287,0.8056729619888021,1.0030389,0.0055918656
11288,0.8836214408457358,0.9912116,0.0027240117
11289,0.6869317016379507,1.158131,0.0012226588
11290,0.869999628734248,1.0490841,0.00261613
11291,0.8758598810615518,0.7831866,0.0010967968
11292,0.8625395736516029,0.654954,0.0012945798
11293,0.8199903182231808,1.1169444,0.0014833728
11294,0.9108437064821016,0.54953045,0.0018609585
11295,0.8756291405568005,0.959795,0.0003146548
11296,0.92723571866789,0.29298323,0.014249369
11297,0.8043263469658912,0.95198935,0.00023374359
11298,0.9560458945412278,0.4046072,0.0071291793
11299,0.8472716026789507,0.63787735,0.00023374359
11300,0.727428481216418,1.0445708,0.0014833728
11301,0.8318767036872716,0.6197054,0.0012136686
11302,0.6818375344186105,1.1428802,0.0010518461
11303,0.6633052876013414,1.0685174,0.00130357
11304,0.9929533409837128,0.580291,0.002283495
11305,0.8887375269759493,0.565976,0.0074708047
11306,0.6296989264415314,1.2345163,0.0018160079
11307,0.8157703451540629,1.1508955,0.0019328797
11308,0.7984380890905576,1.0016403,0.00038657594
11309,0.9070466741155704,0.5149911,0.008747404
11310,0.7461963710523494,1.2735566,0.00024273372
11311,0.6236879733971444,1.0588647,0.00086305325
11312,0.8004884780938049,0.80851555,0.007722528
11313,0.4653673491627895,1.117326,0.0003775858
11314,0.6752016018558296,1.0635456,0.0017800473
11315,0.9950072286080356,0.8561383,0.0006293096
11316,0.7363757409890441,1.0762616,0.002022781
11317,0.8799480148660583,0.8134719,0.0073359525
11318,0.6820055214157,1.0884478,0.00041354634
11319,0.9949310378786176,0.8046798,8.990138e-06
11320,0.816497708447611,0.87307805,0.013539148
11321,0.8590478767893083,0.34937742,0.009592477
11322,0.77450162846206,0.8008504,0.0028229032
11323,0.95280636310521,0.5990114,0.0014204418
11324,0.981993110725453,0.4919673,0.011866982
11325,0.9778480446583464,0.82266086,0.00020677317
11326,0.9534515965225274,0.676507,0.00081810256
11327,0.870150665963841,0.644876,0.0072011002
11328,0.754149275994486,0.86043066,0.0016182248
11329,0.8421223800406532,1.0616434,0.0005933491
11330,0.7250550071781616,0.7971961,0.004944576
11331,0.7990780125340067,1.0189366,0.0006023392
11332,0.7476420100475855,0.9804254,0.00011687179
11333,0.8206922855542071,0.60621434,0.00391071
11334,0.8801571350760738,0.7033291,0.0043602167
11335,0.9454604087147462,0.62104636,0.006005412
11336,0.9545236568944367,0.4607819,0.00013485207
11337,0.8570468267809221,0.7762828,0.0011507376
11338,0.9146875854078372,0.90342224,0.003326351
11339,0.7583801690082067,0.9137868,0.0038657594
11340,0.6486996515375942,0.97759944,0.0012676094
11341,0.96283707486897,0.6283135,0.00045849703
11342,0.7407098010393183,0.9742682,0.0019508599
11343,0.8028332557060042,0.8600551,3.596055e-05
11344,0.7639843640341297,1.1091099,0.00087204337
11345,0.9371602590132856,0.56194085,0.0023104653
11346,0.8593022440577915,0.8714802,0.0050614476
11347,0.9247495261306724,0.80463344,0.00089002366
11348,0.999988595109115,0.07866324,0.0032274595
11349,0.7185208142000301,1.0367303,0.000719211
11350,0.8849423177538559,0.81810683,0.003065637
11351,0.8631688564481838,0.7290109,0.0011687179
11352,0.9372604034808848,0.34837386,0.01040159
11353,0.5633989863248781,0.91661054,0.0007282012
11354,0.9451855383718624,0.4741883,0.007246051
11355,0.7045263379006845,1.1047244,0.0030116963
11356,0.7672347238657715,0.9971522,4.4950688e-05
11357,0.8590376907794361,0.5456548,0.010032994
11358,0.8134291324346958,0.73029613,0.00043152663
11359,0.8289722122853749,0.97292954,0.00016182248
11360,0.8700008810597856,0.98603123,0.0010518461
11361,0.6435948627764565,1.0914434,0.0003596055
11362,0.9999983593161424,0.061501767,0.009493586
11363,0.9080203109275476,0.7016505,0.00010788166
11364,0.9227799960883448,0.9172667,4.4950688e-05
11365,0.9817318796465376,0.61906177,0.0034881735
11366,0.7688824981657818,0.77138007,0.002804923
11367,0.7701699535455424,0.8527137,0.003191499
11368,0.9799605416904528,0.4479423,0.0065897712
11369,0.8454531712917184,0.8270363,0.0011327574
11370,0.9899912844150048,0.68393713,0.0008360828
11371,0.8116947706404237,0.91325575,0.0010788166
11372,0.7888664045296907,0.9035993,6.2930965e-05
11373,0.8061266665951018,0.93783313,0.0006832505
11374,0.9525723043974544,0.5733701,0.018214019
11375,0.7769979241059048,1.0483856,0.009116
11376,0.7421147782932638,0.9865011,0.00016182248
11377,0.7273270882815759,0.70687264,0.0037039367
11378,0.9999982089536844,0.059448455,0.0094666155
11379,0.9999970759009532,0.056949917,0.009322773
11380,0.9059135838549728,0.81399685,0.0016182248
11381,0.6291866777673129,1.0513073,0.0026251203
11382,0.8125756974028573,0.9468027,0.0007641617
11383,0.7761044424065576,0.99231505,0.003137558
11384,0.7285715099861114,1.0885864,0.0003506154
11385,0.9946748656534689,0.2656738,0.027527802
11386,0.7560058066267269,0.8749124,0.0022025837
11387,0.8323983641433901,0.51988137,0.008585582
11388,0.842169956954904,0.5052997,0.011345554
11389,0.92998246564057,1.0789196,0.00036859565
11390,0.8013232148737239,1.0177932,0.00034162524
11391,0.7694771399165619,0.8410214,0.0027599724
11392,0.8278588923392359,1.145546,0.0010608362
11393,0.7600205103136624,1.0590221,0.001762067
11394,0.986903602456783,0.9419001,0.0001887929
11395,0.7110141772638691,1.1934178,0.0012046784
11396,0.9203545648005516,0.6036795,0.0036589862
11397,0.9496136376274418,0.6136534,0.006382998
11398,0.7455571036424701,0.92414004,0.004701842
11399,0.901620057005976,0.74978864,0.0070123076
11400,0.7623160774388711,0.9649962,0.0002876844
11401,0.9672533467253754,0.51223755,0.0045220396
11402,0.7908177882858798,0.8737646,0.007677578
11403,0.907190636752394,0.6622399,0.00047647732
11404,0.8063147222924274,1.1927143,0.0012136686
11405,0.9527081605186548,0.6391969,0.0
11406,0.8925013963891837,0.6958923,0.00195985
11407,0.9582949727459674,0.4467628,0.0070033176
11408,0.8513717311790084,0.6747816,0.0048456844
11409,0.912813311771354,0.68924356,0.0016451952
11410,0.8298699519227354,0.4383,0.013682989
11411,0.9645256191352952,0.6970669,0.0023284457
11412,0.7178447906041999,0.9649544,0.002544209
11413,0.6837708993010465,1.0702231,0.0022745049
11414,0.7061518736801993,1.0518577,0.0
11415,0.7929578673436237,0.7218764,0.007632627
11416,0.77623551736118,0.85242003,0.0012316488
11417,0.8389043176399207,0.5921067,0.0022924852
11418,0.6403669339921866,1.1461053,0.0036230255
11419,0.7347620258117662,0.6466829,0.00086305325
11420,0.8651815308417594,0.4561285,0.0025801696
11421,0.8823722618816252,0.55619216,0.0045849704
11422,0.7421157476985096,0.7660271,0.0051963
11423,0.914159492522268,0.58755916,0.0036589862
11424,0.7596164636613727,1.0728899,0.0023104653
11425,0.9499219667901566,0.69790477,0.0016721656
11426,0.8875885068669335,0.5295382,0.009116
11427,0.8226457524277762,0.6320218,0.008297897
11428,0.9460387424055694,0.471447,0.0015912544
11429,0.7382352870069196,0.92230386,0.006715633
11430,0.7974330030123746,0.81467456,5.394083e-05
11431,0.9226903598911173,0.5183422,0.012181637
11432,0.8740173607937027,0.6824405,0.005924501
11433,0.8214500392052898,0.87910837,0.0021126824
11434,0.7455644685904931,0.9188198,0.00022475344
11435,0.8613748071364761,0.32231644,0.012253558
11436,0.9479928170358716,0.41623807,0.0006742603
11437,0.8866152168980657,0.7546827,0.005025487
11438,0.985712449845376,0.38550264,0.032535307
11439,0.8040266077794307,0.57451445,0.0010608362
11440,0.7187530795433819,0.97801834,0.0014474122
11441,0.7339161451106022,0.9197404,0.00044051674
11442,0.8407616633817476,1.0154066,0.0005753688
11443,0.914614486678476,0.7696648,4.4950688e-05
11444,0.9958153380977178,0.9135364,0.00011687179
11445,0.6980516701638784,0.87354654,0.0011866982
11446,0.988957692052056,0.56191313,0.00017980275
11447,0.528909516145569,1.1240687,0.000521428
11448,0.7578724881312543,0.84924054,0.001627215
11449,0.5279128519338846,1.2980814,0.00086305325
11450,0.9390574301727438,0.35564756,0.0073809032
11451,0.9402798902806856,0.7066186,0.0006742603
11452,0.830723754261138,0.5944715,0.006913416
11453,0.9999986967673268,0.063564576,0.009367724
11454,0.7211303200932209,1.0632918,0.00095295464
11455,0.7474811834897774,0.94163114,0.0012316488
11456,0.9437492630121884,0.60876095,0.002472288
11457,0.6164148237515703,1.2079874,0.0001887929
11458,0.6812543245311775,0.848774,0.003712927
11459,0.8635477035620386,0.9047532,0.0016451952
11460,0.9151311524716892,0.93532115,0.000521428
11461,0.8431203543129494,0.8053823,0.0053221616
11462,0.9585938151526076,0.48044723,0.0043512266
11463,0.8458417639113897,0.59653425,0.0048097237
11464,0.9176863843981994,0.75570256,0.000521428
11465,0.6812557850277033,0.77519494,0.00260714
11466,0.7994927897708994,0.4237132,0.0147707965
11467,0.8719933264119543,0.8269497,0.0020677317
11468,0.666842603004052,1.3033774,0.0014024616
11469,0.8607729298662375,0.47963068,0.010015014
11470,0.871029760264335,0.8442578,0.00039556605
11471,0.7548077673434512,1.1105291,0.0017440867
11472,0.8672164357602322,0.6813052,0.0051873093
11473,0.8588498412683191,0.7847393,0.0014564024
11474,0.8285565775777837,0.8567854,0.0024093569
11475,0.7073974906283818,0.7785987,0.0034971635
11476,0.7178942427760655,0.95670336,0.0051873093
11477,0.894025586318171,1.0657942,0.00013485207
11478,0.7906417097294889,0.8849596,0.0016901459
11479,0.7344994718859519,1.0687988,0.00096194475
11480,0.7263553342605833,0.8737864,0.0024363273
11481,0.920796536915698,0.65457004,0.0026790611
11482,0.8177285001447117,0.78323,0.0027060315
11483,0.786564746162877,1.1252583,0.002013791
11484,0.7818625251103013,0.5746678,0.011651219
11485,0.9286104909516296,0.4573804,0.0006652702
11486,0.943934170602024,0.80148256,0.003002706
11487,0.6101981569743211,1.0333163,0.004683862
11488,0.7121876761288533,0.88084495,0.0005933491
11489,0.8279069104931864,0.84507555,0.0038657594
11490,0.6040058103069371,1.3412756,8.9901376e-05
11491,0.9999605605699738,0.27881017,0.004899625
11492,0.7253789647359131,1.1251299,0.0011866982
11493,0.8658536053784687,0.7050434,0.0013485206
11494,0.8976259709814753,0.9772149,0.0006652702
11495,0.9999897388154116,0.08036257,0.004477089
11496,0.99754372738784,0.34840924,0.0070572584
11497,0.9478174848323054,0.5277654,0.008648513
11498,0.9426252069014572,0.58273435,0.000979925
11499,0.8454350297976023,0.33781844,0.008154055
11500,0.7940726205927863,0.9495348,0.0006293096
11501,0.827082688262451,0.7469342,0.0054390333
11502,0.8185077783620943,0.86358476,0.0017800473
11503,0.8940907142049038,0.71792084,0.009062059
11504,0.951941152432789,0.7478439,0.00094396446
11505,0.9999994186783197,0.065391034,0.0094666155
11506,0.8739074410321428,0.6153468,0.0035331242
11507,0.7544396835235765,0.9233515,0.0006113294
11508,0.9999988332404144,0.08183183,0.005007507
11509,0.7979215327136833,0.7195695,0.0056547965
11510,0.8652986477708943,0.5018657,0.009026098
11511,0.7785046735526719,0.747766,0.0038747494
11512,0.7304420419750519,1.0319812,0.0007012308
11513,0.7798345753307583,0.83084923,0.00047647732
11514,0.8281506067685697,0.53088504,0.004980536
11515,0.7893745393110541,0.43952024,0.006661692
11516,0.8316162700427261,0.8756652,0.0060323826
11517,0.9999795995455332,0.058023635,0.004638911
11518,0.5841677829689352,1.2108276,0.0012316488
11519,0.7800097928240461,1.0821823,0.0006472899
11520,0.7450742419052521,0.89634067,0.0023284457
11521,0.8384180584311678,0.35821068,0.008855286
11522,0.8028476785660535,0.8160116,0.008324868
11523,0.6779587707477022,1.167654,0.0008990138
11524,0.72446038777617,0.92407125,0.0012945798
11525,0.9598361885289484,0.5499651,0.0010068954
11526,0.5751981417423232,0.992614,0.0014114516
11527,0.6540059877704235,1.207219,0.0006922406
11528,0.8524856018939945,0.8858397,0.006059353
11529,0.8954057812369196,0.6298999,0.0001438422
11530,0.7791689118945393,1.162162,0.004252335
11531,0.9777069947482452,0.7808783,5.394083e-05
11532,0.8105702525938634,0.7844557,0.0035690847
11533,0.8058015631264701,0.9036559,0.0009889152
11534,0.7553646324915891,0.641219,0.0006742603
11535,0.7238890121733279,1.0165645,0.000260714
11536,0.8396363031492043,1.0284873,0.0019508599
11537,0.7687312082867175,0.7987787,0.0037039367
11538,0.9999742915280312,0.065506965,0.0024093569
11539,0.9079006387512212,1.0397437,0.0027599724
11540,0.7801148724655995,0.5937751,0.0072820117
11541,0.7481420074754682,1.043035,0.0013305404
11542,0.8635405802501444,1.0309254,4.4950688e-05
11543,0.978217835348598,0.4627248,0.0014474122
11544,0.92208091450671,0.51447207,0.0048187138
11545,0.8918782885396893,0.89838463,0.0005663787
11546,0.8742234959925548,0.64381206,0.00012586193
11547,0.8141601327317598,1.1350586,0.000260714
11548,0.8165493452421213,0.85919815,0.00034162524
11549,0.783894345044266,0.4524296,0.0076595973
11550,0.7439785264484802,1.0019649,0.0023104653
11551,0.7476669004839478,1.037499,0.0
11552,0.8419919953114805,1.0296006,0.00087204337
11553,0.7389908854706058,1.1676517,0.0011237672
11554,0.9323105066233464,0.9104266,0.0004495069
11555,0.8650710746068958,0.47020826,0.010131885
11556,0.8890925546810706,0.6544883,0.0025801696
11557,0.9999974842547996,0.056912225,0.009340753
11558,0.8955691173559811,0.625264,0.0011687179
11559,0.87782666033219,0.67784846,0.0036589862
11560,0.7681580669423512,0.9485898,0.0012136686
11561,0.9110289413099926,0.48016483,0.010581392
11562,0.999999505712928,0.06804065,0.009502576
11563,0.8059580838358712,0.73954576,0.0033533215
11564,0.8263227884244676,0.57419395,0.0073359525
11565,0.6103803469378938,1.268215,0.0020407613
11566,0.8648585678317654,0.4841052,0.00523226
11567,0.9970641525563192,0.707433,0.001042856
11568,0.8276338700579778,1.1612222,0.0024543076
11569,0.8102745331266066,0.9175436,0.0056188363
11570,0.8517213128159689,1.0614012,0.0014474122
11571,0.9642574304516264,0.95535535,0.002013791
11572,0.9197678738683974,0.46748748,0.0038297987
11573,0.9770424643456088,0.40640384,0.018897269
11574,0.9999995686975328,0.07476171,0.009475606
11575,0.9037584785570164,0.8453704,0.0058525796
11576,0.8667407810512437,0.67758673,0.0037668678
11577,0.8129792028191329,1.0861464,0.002148643
11578,0.9410635323503638,0.7408364,0.000260714
11579,0.9798812523711418,0.7782772,6.2930965e-05
11580,0.905106026309632,0.6069089,0.0023104653
11581,0.8585653229337777,0.9440508,0.001375491
11582,0.857118010808796,0.8363988,0.0011327574
11583,0.6344535532882921,1.2438359,0.0007102209
11584,0.6088494441218092,1.0534189,0.00010788166
11585,0.9999982499932962,0.080266535,0.004899625
11586,0.821590818116989,0.8855442,0.0010518461
11587,0.9257906608231192,0.61524045,0.00041354634
11588,0.9962381781014058,0.6075138,0.0003146548
11589,0.9999992336120256,0.06565169,0.009529546
11590,0.8651537139647808,0.8972102,0.0010788166
11591,0.8912856204800033,0.78138137,0.004027582
11592,0.7913238423972686,0.6549141,0.003973641
11593,0.8579100738130883,0.5790089,0.0032184694
11594,0.9888061523841906,0.78066397,0.00089002366
11595,0.7348742431138806,0.81915104,0.0018789388
11596,0.8638738162449379,0.6124161,0.005681767
11597,0.7343163275539057,0.4216921,0.0075427257
11598,0.8061394921589216,0.9666613,0.00023374359
11599,0.7359447302176474,1.079398,0.0025352188
11600,0.8406322625321754,0.80803674,0.0060773334
11601,0.922982862260108,0.19332749,0.009080039
11602,0.7576595146669292,0.8996038,0.003065637
11603,0.9554541334569586,0.6876629,0.00048546743
11604,0.7298357130046444,1.0469234,0.0001438422
11605,0.8897861632155593,0.5093481,0.0067965444
11606,0.8562516082892747,1.1390523,0.0001438422
11607,0.8320757727384566,0.7317507,0.0013485206
11608,0.9718217666112634,0.7286883,8.990138e-06
11609,0.7133858778347335,0.9632283,0.0063380473
11610,0.999996597043903,0.057450347,0.009313783
11611,0.8829970908533872,0.487692,0.009826221
11612,0.8898340344867104,0.6906212,0.0007102209
11613,0.7841987105537991,0.8275702,0.008990138
11614,0.956578417809538,0.6874643,0.002733002
11615,0.9999874751776052,0.049999196,0.064216554
11616,0.8988103010621118,0.813993,0.0032724102
11617,0.922160878178692,0.5933231,0.00523226
11618,0.7819760449744834,0.6287636,0.009151961
11619,0.986651421027501,0.3445959,0.013826832
11620,0.9604771904620012,0.77648205,0.002346426
11621,0.7707485520197161,0.9172663,0.0016631755
11622,0.925293449395878,1.1898597,0.00032364496
11623,0.8301490990027889,0.6343626,0.004423148
11624,0.879921745528605,0.5043131,0.0060863234
11625,0.75024734275996,1.0342908,8.091124e-05
11626,0.8916850141158881,0.7800315,0.0006562801
11627,0.7853333891039023,0.86562365,0.0046568913
11628,0.8068126694246904,0.6947802,0.0010338658
11629,0.9525943695982232,0.4061841,0.0003146548
11630,0.8858514784904987,0.8615414,0.00036859565
11631,0.9084842192819288,0.60003346,0.0041084928
11632,0.9999991636389968,0.06783305,0.009448634
11633,0.7956869319907256,0.6532047,0.003326351
11634,0.7783398168228016,1.0121257,0.000782142
11635,0.8128848636285944,0.97835535,0.00026970415
11636,0.7500242793662941,0.9234106,0.0011687179
11637,0.9917940976326228,0.2089253,0.0633535
11638,0.9695046897206164,0.53491485,0.00023374359
11639,0.9016510166902992,0.785043,0.0072100908
11640,0.9930511139985368,0.22165684,0.0023823865
11641,0.9757848771306684,0.83018756,9.889151e-05
11642,0.7028804439552755,0.88498193,0.00260714
11643,0.948032941758536,0.7430407,0.0011866982
11644,0.8734390816447609,0.8377915,0.0011866982
11645,0.8456386836519802,0.9031854,0.00026970415
11646,0.6657174639235321,1.0027003,0.00039556605
11647,0.9999903688106888,0.061427653,0.009017108
11648,0.9324244074967706,0.32406437,0.016442962
11649,0.9881468406481406,0.8868304,0.00089002366
11650,0.7668679922745781,0.98197824,0.0016811558
11651,0.9999990579635268,0.061830938,0.009457625
11652,0.8330491711884263,0.46157572,0.007992232
11653,0.5689549060017478,1.0403262,0.00019778303
11654,0.8855071941193535,0.85671425,0.0010158856
11655,0.9804429734301892,0.42964116,0.0015822642
11656,0.8304864967095696,1.1155772,0.0018699487
11657,0.7625739929691868,0.83709157,0.002229554
11658,0.8690118966185008,0.47960934,0.0014564024
11659,0.9985612022030368,0.19927885,0.082394615
11660,0.9510094017195352,0.45407993,0.0058975304
11661,0.8587033412227129,1.2608975,9.889151e-05
11662,0.9999996822312216,0.11067123,0.0091070095
11663,0.765083156227484,0.87783253,0.0012496292
11664,0.8095683200497485,0.58445877,0.009718339
11665,0.8045475506169454,0.93752706,0.001564284
11666,0.9751500495731932,0.40236467,0.005726718
11667,0.6917944777004064,1.0695732,0.0011687179
11668,0.8759056715606813,0.7773253,0.0024183472
11669,0.8058097521786931,0.9383627,0.00036859565
11670,0.9964474619515244,0.70952386,0.0006113294
11671,0.7864854179312788,0.66295063,0.009457625
11672,0.6028107959161415,1.092988,0.0015822642
11673,0.5901215280127985,0.9645319,0.0006472899
11674,0.6717283732050849,1.118484,0.00048546743
11675,0.906174728287364,0.9058468,0.0021036922
11676,0.9027240440586868,0.77878857,0.0033083707
11677,0.7794549146376439,0.8394548,0.001564284
11678,0.9677123632055596,0.778726,0.0006472899
11679,0.7566722726994486,0.9058771,0.0006113294
11680,0.9843946712195653,0.72573423,8.091124e-05
11681,0.9093200257638256,0.8642237,0.0006113294
11682,0.6649784323358283,1.1137433,0.001375491
11683,0.9227745646115604,0.7758126,0.0017171163
11684,0.8515424364807439,0.7211563,0.00326342
11685,0.8590510667068946,0.8784585,0.000260714
11686,0.8225391971879064,0.7256615,0.0025172385
11687,0.6636817941290135,1.1588768,0.0007012308
11688,0.8655569602493011,0.63516223,0.0017261065
11689,0.9999994962840892,0.06768101,0.009475606
11690,0.8375112500104929,0.6035244,0.009232871
11691,0.8157569468740584,1.0695332,0.00016182248
11692,0.5654153911845352,1.0755605,0.00034162524
11693,0.7887479325809155,0.882217,0.0035061538
11694,0.813748047328229,0.72432333,0.0038208086
11695,0.9550323159453348,0.71312374,0.00058435893
11696,0.7276704699747505,1.0529877,0.0012855898
11697,0.9451274051919182,1.1512048,0.0001887929
11698,0.6854473757089763,1.2163284,0.0014474122
11699,0.7476780015648636,1.087757,0.0007282012
11700,0.8904123376221511,0.77106667,0.006994327
11701,0.8488146262666139,0.71766454,0.00091699406
11702,0.7095077701267407,1.1936011,0.0003775858
11703,0.9937777266649332,0.79624456,0.0016541854
11704,0.9470275175556178,0.4893175,0.0037938382
11705,0.7078249354334982,0.8866481,0.0029038144
11706,0.9807298530889834,0.565318,0.001105787
11707,0.8055133902601854,0.6161817,0.004036572
11708,0.9566058197186628,0.47938424,0.0036320158
11709,0.900845169642818,0.8461351,0.0
11710,0.7685683110573436,0.9523904,0.0034252426
11711,0.7228970419277837,1.3171995,0.00013485207
11712,0.7287225156319508,0.70034736,0.005735708
11713,0.9067942258059384,0.9163353,7.19211e-05
11714,0.7161819416094566,0.76903063,0.009511566
11715,0.6120791545117962,1.074806,0.0012945798
11716,0.9126823121113292,1.0128932,0.00036859565
11717,0.6594374091729526,1.0982596,0.0004944576
11718,0.9985612022030368,0.22082125,0.08146863
11719,0.8863143886381576,0.85935646,0.0010338658
11720,0.6440598199411087,1.020568,0.00021576331
11721,0.6548412644770445,1.4546765,0.0006203195
11722,0.8519186340121812,0.9526522,0.00051243784
11723,0.967033576184846,0.28808516,0.010545432
11724,0.8593948975981384,1.0118757,0.00010788166
11725,0.7677936228647674,0.9870225,0.00012586193
11726,0.8916152899241142,0.8475456,0.004971546
11727,0.9434629236707712,0.681244,0.0012586192
11728,0.8970653655343921,0.51741135,0.009349743
11729,0.9088208289925344,0.81727135,0.006481889
11730,0.9118803132287288,0.68643516,0.0013844812
11731,0.7453798566115584,0.81876206,0.0006742603
11732,0.6829355280407394,1.0001489,0.0006293096
11733,0.9760089915449236,0.4568243,0.007443834
11734,0.7599621066462189,0.73805255,0.0021126824
11735,0.6137461200203798,1.1097636,0.0010158856
11736,0.9984434675058595,0.5176058,0.00032364496
11737,0.8038504984606964,0.6134095,0.010905038
11738,0.7321690367381194,0.99169475,0.00025172386
11739,0.8030604164682915,1.0032537,0.0029757356
11740,0.8751371856275563,0.8701927,0.0003146548
11741,0.9212874883230155,1.002617,0.0005753688
11742,0.9143007938736634,0.84402925,0.00024273372
11743,0.9537205400087108,0.91949403,0.0001887929
11744,0.722303026809009,1.0360819,0.003200489
11745,0.9626957892671244,0.30326363,0.009709349
11746,0.8039727889776709,0.5208412,0.0063110767
11747,0.9570710947074328,0.6937319,0.0018160079
11748,0.9998371595141048,0.06952332,0.00259815
11749,0.7254600315694795,0.8470129,0.004252335
11750,0.7654714020820668,0.86291796,0.0038927298
11751,0.9113027943146188,0.5511239,0.0060773334
11752,0.9999992439381328,0.06181281,0.009448634
11753,0.8229619020610544,0.4071611,0.014249369
11754,0.7519661498070438,1.2640003,0.0037578775
11755,0.8274976211112889,1.1244186,8.990138e-06
11756,0.8395582702816832,0.6973372,0.004162434
11757,0.8307046795355061,0.7853146,0.002481278
11758,0.8082134229440414,0.9306955,0.0005663787
11759,0.9326551042773928,0.8306927,0.0016002445
11760,0.7667257990279456,0.5413676,0.0032903904
11761,0.7196523062698926,1.1040027,0.001114777
11762,0.9908096311532736,0.5459314,0.0010698264
11763,0.6473007116811117,0.9459277,0.003730907
11764,0.6928898324670378,1.0758028,0.0045939605
11765,0.7990313764461191,1.0963691,0.0003775858
11766,0.9381846580066716,0.4660956,0.007776469
11767,0.7587264632336694,0.8467103,0.008630533
11768,0.8200587613875209,1.1170186,0.0007641617
11769,0.7990635123886212,1.0088345,0.0021576332
11770,0.8183087261549331,0.80885684,0.0033623115
11771,0.7906776283414332,0.7229611,0.0035061538
11772,0.5193472680403038,1.0613856,0.0008810335
11773,0.9177706535736758,0.51459324,0.0016991361
11774,0.9999993052345711,0.06473913,0.009484596
11775,0.6530468953601779,1.0204111,0.0007012308
11776,0.9559823992660704,0.34828913,0.013260453
11777,0.906844960264363,0.49908632,0.0076595973
11778,0.9664430303232182,1.0209051,0.0012136686
11779,0.9177040824456214,0.53031915,0.0042703156
11780,0.9885086634957768,0.44971454,0.005744698
11781,0.9284141594455394,0.51739407,0.006643712
11782,0.814125210715799,0.7867451,0.0010608362
11783,0.9197678738683974,0.47005153,0.0039376803
11784,0.7979554796017592,0.7870824,0.00043152663
11785,0.9999978984884936,0.060569573,0.009439644
11786,0.6766135200454737,1.0176975,0.0003775858
11787,0.8368296966245093,0.4538555,0.0075876764
11788,0.9989331372371606,0.355208,0.001366501
11789,0.6689005448932057,1.2494857,0.00011687179
11790,0.6622423866795337,1.0750118,0.00091699406
11791,0.8891278816253048,0.9272878,0.0007012308
11792,0.8245816817033758,0.9526868,0.00048546743
11793,0.6575705279666468,1.0044844,0.0012316488
11794,0.616064733180697,1.0009513,4.4950688e-05
11795,0.712984617872028,1.1826031,0.0003056647
11796,0.9229811875823062,0.77442116,0.0005753688
11797,0.8027214812877199,1.0481993,0.000521428
11798,0.705282848416756,1.0636096,0.0026610808
11799,0.7754136096061501,1.1812752,0.0004944576
11800,0.7599687289869772,0.8010209,0.0055289348
11801,0.9717794740993286,0.6641855,0.003065637
11802,0.8015362287880494,0.78838605,0.0017980275
11803,0.801259720619288,0.5328656,0.00523226
11804,0.8517109707752207,1.1168876,0.00023374359
11805,0.8004907813947881,1.163439,9.889151e-05
11806,0.698684150072613,1.2358692,0.00090800395
11807,0.927552744180293,0.6398975,0.0023194556
11808,0.933177973149423,0.61319506,0.0023284457
11809,0.8779598746523599,0.54840964,0.0066257315
11810,0.9668687105452248,0.82645994,0.00022475344
11811,0.8340458722097153,0.6522381,0.00392869
11812,0.8815709948227533,1.0040748,0.0006203195
11813,0.7301873738744897,1.0525874,0.0008001223
11814,0.8861217364275734,0.9112032,0.0020048008
11815,0.8431619630727714,0.8776108,0.00020677317
11816,0.7459304684209878,0.90645957,0.0026610808
11817,0.8496387011019084,0.49178976,0.007902331
11818,0.9821442116993632,0.12744042,0.0030386667
11819,0.8041544383549034,0.63426757,0.009448634
11820,0.8105254395486049,0.95272124,0.00010788166
11821,0.6210309568939973,1.3090088,0.002733002
11822,0.826727686411356,0.75913435,0.004027582
11823,0.8254471039705897,0.6889827,0.005807629
11824,0.8090611527348269,0.90912694,0.002085712
11825,0.9469074195375986,0.6055511,0.00259815
11826,0.964581519033852,0.25882584,0.009925112
11827,0.783116327942217,0.8541214,0.00011687179
11828,0.9999897603512944,0.055515315,0.009205901
11829,0.6725054910173225,1.0752709,0.0006113294
11830,0.940595090921582,0.4921792,0.0030926075
11831,0.6795459490009466,0.9945273,7.19211e-05
11832,0.999998553734934,0.06883689,0.0046748715
11833,0.7646192817169818,1.0077169,0.0011327574
11834,0.9530277707829352,0.5251882,0.002544209
11835,0.906135582849956,0.66671604,0.006769574
11836,0.9842334555429106,0.39171204,0.0014564024
11837,0.6514472555487406,0.86490864,0.0026970413
11838,0.9489120982732152,0.85549325,0.00029667455
11839,0.9894495106225392,0.6211215,0.0006113294
11840,0.6740813855976013,0.9780397,0.0008091124
11841,0.9898772378838878,0.2693584,0.011219692
11842,0.5617820413750021,1.0191059,0.0012226588
11843,0.9376163676193812,0.4998776,0.008145065
11844,0.8075728188504383,0.87398237,0.0026790611
11845,0.7854914980708887,0.81828064,0.0068055345
11846,0.8931729595736232,0.7569655,0.004773763
11847,0.6508236058152552,1.0948988,2.6970414e-05
11848,0.9999998587326788,0.082333654,0.0047288127
11849,0.9999973636725404,0.06449806,0.009358734
11850,0.5488859830935349,1.1329098,0.0005663787
11851,0.8116699646913789,0.7003735,0.0024632977
11852,0.7362482690675677,0.9499584,0.002472288
11853,0.8902152755571792,1.004699,0.001501353
11854,0.928461740488633,0.49862447,0.007884351
11855,0.9999765358853888,0.06450196,0.002346426
11856,0.7376540593703975,1.0898092,0.0008990138
11857,0.8326562918941143,0.7167345,0.0005933491
11858,0.6870427389012156,0.910238,0.012046785
11859,0.8114775133568535,0.8772702,0.004189404
11860,0.999295382527582,0.4085887,0.0094666155
11861,0.7207934696552936,0.9717666,0.00020677317
11862,0.8572568505655169,0.6013395,0.004890635
11863,0.9999683860225244,0.055482455,0.008981148
11864,0.9999952182283488,0.10668662,0.009035088
11865,0.6745398531755221,0.94971794,0.0043242564
11866,0.7556555905368183,0.81591,0.004171424
11867,0.9820117756967244,0.7427151,0.00096194475
11868,0.999912956319744,0.08728806,0.0064189583
11869,0.7916541321469655,0.6515502,0.002022781
11870,0.8966712216293871,0.40438017,0.006661692
11871,0.8347988797656236,0.9576938,0.0009889152
11872,0.9034166582818492,0.60964775,0.004899625
11873,0.8927245671118103,0.58482957,0.0034971635
11874,0.6784853485099505,1.0638902,0.00016182248
11875,0.8376492362120922,0.8584292,0.0013844812
11876,0.8450579004762533,0.93343693,0.000782142
11877,0.9213802311235676,0.60890645,4.4950688e-05
11878,0.796049550583053,0.7961073,0.00087204337
11879,0.9276095440255464,0.81736887,0.0011956884
11880,0.7199059149277034,0.97519934,0.008378808
11881,0.8266698647281173,0.9295165,0.0005663787
11882,0.8701019055882255,0.5975157,0.0031105876
11883,0.8385500037812244,0.6573679,0.002148643
11884,0.7768057741461996,0.9733095,5.394083e-05
11885,0.9574113301109825,0.88755864,0.0006652702
11886,0.7827110542842929,0.34792742,0.009071049
11887,0.9428198080440242,0.82230777,0.00077315187
11888,0.7513661437454339,1.1217355,0.0011866982
11889,0.9047903314588188,1.0813822,0.0011327574
11890,0.9674831321192472,0.57134867,0.0001887929
11891,0.8456063297763021,0.91830754,0.0027150216
11892,0.8138463784231098,0.6382357,0.0003506154
11893,0.907572798579958,0.9853816,0.0003326351
11894,0.6550462179022425,1.1947943,0.0005394083
11895,0.7781237134172283,0.9849164,0.00084507297
11896,0.811895517678318,0.87873894,0.0019148993
11897,0.7835094491699335,1.1642249,0.0012136686
11898,0.9306560451608892,0.74021786,0.001105787
11899,0.863896559375656,0.75642425,0.0010248757
11900,0.7504920172516332,0.82846785,0.0013395306
11901,0.6873597676136877,0.81478196,0.0005034477
11902,0.9369147761005644,0.76966363,0.0033173608
11903,0.9999995359221238,0.06629683,0.009475606
11904,0.6347554644283416,1.0044336,0.00016182248
11905,0.7725409424045021,0.9224177,0.0021216725
11906,0.7793254722190864,0.85219455,0.0035331242
11907,0.73136129625502,0.9051393,0.0026341104
11908,0.9130700256404491,0.49506515,0.0037398974
11909,0.7772284964086951,1.0110902,0.003587065
11910,0.6304249894507894,0.97455275,0.002148643
11911,0.8698532782050491,0.5907323,0.009520556
11912,0.882351894698043,0.3247777,0.010563412
11913,0.9999924425295762,0.06945875,0.0047288127
11914,0.8177365620577923,0.83491516,0.000979925
11915,0.8796620778035875,0.66218764,0.0043152664
11916,0.940548346938284,0.5811723,0.0009889152
11917,0.9313990079221676,0.80647594,0.00011687179
11918,0.9278585484562896,0.59627783,0.008963168
11919,0.9999987049176896,0.11533546,0.0056008557
11920,0.6799841152091144,1.11934,0.00095295464
11921,0.8769978547679627,0.5946811,0.0025352188
11922,0.8869397802890667,1.0452099,0.0003146548
11923,0.790862948090028,0.75266975,0.0030386667
11924,0.7335141001162275,0.9199016,0.00046748717
11925,0.773699922838085,0.95905375,0.00036859565
11926,0.8406710124761341,0.86349034,0.00051243784
11927,0.8122743023464889,1.0528505,0.00047647732
11928,0.9240468594950946,0.78793013,0.0016991361
11929,0.819735110689784,0.4600396,0.008181025
11930,0.9704059707265767,0.8012686,0.006005412
11931,0.7691374214599327,0.67379737,0.0043152664
11932,0.9999974596373054,0.05716727,0.009196911
11933,0.922414064224868,0.48320496,0.005142359
11934,0.8869442953118817,0.5932967,0.008234967
11935,0.7301520324534277,0.92381907,0.002490268
11936,0.9147875143514028,0.3492568,0.0047288127
11937,0.7636268355515191,0.7593619,0.00259815
11938,0.789568549360884,0.5207342,0.0056278263
11939,0.7288240724342725,1.0338379,0.0018699487
11940,0.7919877413899489,0.65087295,0.002211574
11941,0.8296698966551662,0.6607984,0.0038028283
11942,0.7416059994786509,1.1345345,0.0011237672
11943,0.8336672122582737,0.82104903,0.0017890374
11944,0.917126617617479,1.0827434,0.00011687179
11945,0.8922899125711586,0.54690474,0.0012496292
11946,0.7679519311076447,0.8295763,0.0015103432
11947,0.7778757747364525,0.9879434,0.00023374359
11948,0.9695886854134654,0.98116213,0.0014474122
11949,0.7114862657541549,0.74543995,0.0048007336
11950,0.7780923136705382,0.6475296,0.0027689624
11951,0.9999988286313728,0.061430525,0.009421664
11952,0.5314177949553809,1.1696734,0.00023374359
11953,0.8103434640534681,1.1364993,0.0058615697
11954,0.8100459996290422,0.7026843,8.990138e-06
11955,0.9596601631511662,0.38810307,0.013512177
11956,0.68760878459405,0.82824326,0.0016901459
11957,0.8470615925794052,0.77942854,0.0073269624
11958,0.776941272242158,0.90729713,0.0006113294
11959,0.5927974508618185,1.1176775,2.6970414e-05
11960,0.8728316484378962,0.89378804,0.0006832505
11961,0.8919954082363182,0.8716755,0.00012586193
11962,0.9967096640487848,0.24636161,0.032202672
11963,0.9999629981991752,0.07989996,0.0065538106
11964,0.835994476441783,0.91336626,0.0008360828
11965,0.8185160275150265,0.72767824,0.000260714
11966,0.814342338191943,1.2156119,0.002013791
11967,0.8260985880234641,0.5430259,0.0110488795
11968,0.8891786613022526,0.75328946,0.00086305325
11969,0.6838904644377984,1.1096944,0.0008091124
11970,0.7826980092556415,0.8940181,0.0007551716
11971,0.8665210345206695,0.56323147,0.0018339881
11972,0.9433410500195648,0.6446597,0.0057626786
11973,0.917437834290874,0.52113414,0.00782142
11974,0.9999978022111446,0.060687393,0.009403684
11975,0.8033698105615984,0.80099326,0.00029667455
11976,0.9760089915449236,0.4854664,0.006976347
11977,0.7789504073976401,1.1542488,0.000719211
11978,0.8695807301582207,0.9351043,0.0010068954
11979,0.9724460861709864,0.41080737,0.0015103432
11980,0.9999988442221608,0.082535796,0.005007507
11981,0.9088365152846244,0.46875486,0.0020677317
11982,0.999997361916082,0.08013551,0.0048726546
11983,0.7399242081141516,1.1758552,0.0019328797
11984,0.9059947049364544,0.7454315,0.00017980275
11985,0.8795416175258911,0.47575155,0.014555033
11986,0.8694537382881208,0.81607825,0.011462426
11987,0.9264210496793488,0.7351599,0.0005483984
11988,0.7220095046156804,1.0943668,0.0010338658
11989,0.999269054390742,0.06616453,0.002490268
11990,0.984050777661536,0.34272057,0.008127085
11991,0.7522364290824008,0.76335514,0.0017081262
11992,0.6404618256308678,1.1429689,0.0002876844
11993,0.6722560064377856,1.0735873,0.0009979053
11994,0.8391495890244285,0.9620672,0.0006113294
11995,0.9782539443905436,1.0390569,0.00012586193
11996,0.9340749411015494,0.54868585,0.010329668
11997,0.7466539980812881,0.8060886,0.0032274595
11998,0.8572932391584236,0.5717557,0.0037039367
11999,0.8015235538213654,1.1030875,0.0006562801
12000,0.7903368222569591,0.51788414,0.0055918656
12001,0.9886913746718544,0.8340689,0.0011956884
12002,0.8758633958066384,0.6472829,0.00017980275
12003,0.9996188897568908,0.101659425,0.007713538
12004,0.8823722618816252,0.74000466,0.0069403863
12005,0.8833635049326267,0.41389036,0.00392869
12006,0.8814345392653575,0.81731206,0.00027869426
12007,0.8582742069116297,0.72766817,0.00326342
12008,0.8418510602756384,0.6821174,0.009691369
12009,0.8015420971394095,0.8803651,0.0031465483
12010,0.7949311498188615,0.6403871,0.002490268
12011,0.6939371389864191,1.2111764,0.00017980275
12012,0.9778480446583464,0.6640903,0.00021576331
12013,0.7731446821222263,0.9568703,0.0026520907
12014,0.8681444501132765,0.5864624,8.091124e-05
12015,0.8828846377587649,0.576133,0.004558
12016,0.911885784842026,0.76319367,0.0031105876
12017,0.8642616734405199,0.7154832,0.008783365
12018,0.992140860522497,0.27478534,0.018744437
12019,0.5594394639414473,1.4353307,0.001366501
12020,0.9032034471709304,0.58979344,0.0031555383
12021,0.9348798727234172,0.7866753,0.0029487652
12022,0.9561066056881714,1.0967441,0.0002876844
12023,0.9999997247937776,0.08439881,0.004737803
12024,0.6928950706184278,1.004524,0.0003056647
12025,0.9842267040528706,0.4314484,0.0033533215
12026,0.6761490081609253,1.380964,0.00022475344
12027,0.7468216967592328,1.0103806,0.00013485207
12028,0.8124204370026601,0.7424938,0.0001887929
12029,0.7217542354558008,0.97548956,0.0024003668
12030,0.8784220348321956,0.60859376,0.0040995027
12031,0.990284451247573,0.5331451,0.0043871873
12032,0.7783573221447406,1.1679304,0.004027582
12033,0.768289150446808,0.9284258,0.0019059093
12034,0.9079006387512212,1.0044023,0.0026610808
12035,0.6774168896635204,0.71265703,0.0006113294
12036,0.9999982099582948,0.064427,0.009484596
12037,0.8283776666089228,0.6470502,0.004962556
12038,0.7628961189051882,0.78095543,0.0021666232
12039,0.9469020882018766,0.60023576,0.0057716686
12040,0.9824917584563708,0.53167313,0.001240639
12041,0.9486764725489965,0.6655662,0.00047647732
12042,0.7767044792261393,0.98119944,0.003721917
12043,0.9442805200975392,0.39023864,0.02875046
12044,0.7254404770384252,1.0571707,0.0011417475
12045,0.7106247240986274,0.89367443,0.0011597278
12046,0.991202758719992,0.15739697,0.053077772
12047,0.9953411012393648,0.55585676,0.00084507297
12048,0.8544655603037277,0.99698454,0.0011866982
12049,0.9391252572660344,1.0380803,9.889151e-05
12050,0.8347571678418116,0.9622864,0.007452824
12051,0.738479316862777,0.8562709,0.0020767218
12052,0.810949346674245,0.7150525,0.0023823865
12053,0.8219649609522812,0.63212806,0.0108780665
12054,0.766014589522878,1.0326318,0.00017081262
12055,0.8814345392653575,0.7246078,0.0008270927
12056,0.892162238816632,0.8089516,0.008621542
12057,0.9999702676369804,0.053776674,0.009322773
12058,0.999997793045564,0.053127706,0.065978624
12059,0.7733146342072649,0.8627411,0.0057896487
12060,0.7557430419781965,0.91936225,0.0030566468
12061,0.7878408434114913,0.88087153,0.0012765996
12062,0.8981484460955791,0.75954443,0.00013485207
12063,0.9428198080440242,0.7993598,0.0006742603
12064,0.9344491391228368,0.5828004,0.00036859565
12065,0.93140235094457,0.76099825,0.0020587416
12066,0.987467869237594,0.2697575,0.011902942
12067,0.5902924004817475,1.0221051,0.0
12068,0.9366038540883426,0.77031034,0.0005483984
12069,0.7569973871155278,0.7201003,0.0049895267
12070,0.7915353449554381,0.92419505,0.0027779527
12071,0.8471593420919685,1.2628906,0.0007551716
12072,0.9364596597977666,0.817451,0.0010248757
12073,0.9285124619349608,0.9589402,0.00045849703
12074,0.8895965899659578,0.49706772,0.0049895267
12075,0.7491747392398785,1.1387568,0.00012586193
12076,0.9192940464918512,0.32984272,0.011786071
12077,0.9717794740993286,0.57023454,0.004827704
12078,0.9961893443059852,0.5691655,0.0011687179
12079,0.6820055214157,0.947764,0.0006742603
12080,0.8864621873777205,0.62835795,0.0051333685
12081,0.9260723997192226,0.6456141,0.008306887
12082,0.9977056349988114,0.8364322,0.00043152663
12083,0.9079687213083966,0.31068224,0.0131705515
12084,0.8803380057660095,0.48952678,0.006661692
12085,0.7221459618277891,0.8409058,0.001762067
12086,0.7699691823580387,0.97217315,0.000979925
12087,0.9999901278027348,0.05078481,0.06453121
12088,0.8495214620860686,0.54969025,0.0026880512
12089,0.9382351913084752,0.3537938,0.011884962
12090,0.9582949727459674,0.44115895,0.0048097237
12091,0.945554445148945,0.596666,0.0026251203
12092,0.6440529166636457,1.0958667,5.394083e-05
12093,0.9997209094391752,0.07669524,0.008351838
12094,0.9999996845162388,0.07594541,0.009502576
12095,0.888678210561446,0.7022715,0.0017171163
12096,0.4699016658314398,0.96050936,0.00039556605
12097,0.7344100914044627,0.6649386,0.006400978
12098,0.6603813506139478,0.9083658,0.00041354634
12099,0.9844246488861434,0.28874806,0.020560445
12100,0.9241985515003568,0.58710814,0.0015822642
12101,0.8052008868555762,0.9206696,0.0012136686
12102,0.9329851196083816,0.8931571,0.00023374359
12103,0.7059013334322628,1.178639,0.00013485207
12104,0.8114775133568535,0.5142668,0.005681767
12105,0.7928296194192366,0.9310246,0.0029128047
12106,0.8595872413887742,0.83511204,0.0012676094
12107,0.7571374696377184,0.85206556,0.0050704377
12108,0.7539692237491884,1.0174487,0.0008091124
12109,0.8360942099254296,0.9301531,0.00011687179
12110,0.9511908489814423,0.30860767,0.006913416
12111,0.9067035300748196,0.63143724,0.0003056647
12112,0.9554892482841222,0.39991862,0.011911932
12113,0.7551970846462687,0.96774364,0.005421053
12114,0.9999984936273414,0.084530555,0.0043781972
12115,0.998663456901374,0.551248,0.00023374359
12116,0.8948106314347821,0.88923496,0.004432138
12117,0.926919909909515,0.75149304,0.0004045562
12118,0.6220599776833531,1.0582063,0.0011327574
12119,0.8576367955128437,0.8261961,0.0037488875
12120,0.8174603676014212,1.0873847,5.394083e-05
12121,0.6967223823140395,0.8328275,0.0045220396
12122,0.7729759460256002,0.71381634,0.0070842286
12123,0.8136979371162978,0.763238,0.0004045562
12124,0.7810034079045475,1.2420748,9.889151e-05
12125,0.8651473513427468,0.91839695,0.0029217948
12126,0.830229052746063,1.1386653,0.0038657594
12127,0.9999758638406028,0.09252056,0.0048546745
12128,0.883377535441695,0.9005915,0.0030206863
12129,0.8856842206965096,1.1769854,0.001438422
12130,0.8981231163126516,0.53664166,0.0012765996
12131,0.790850148275234,0.77113205,0.010266737
12132,0.7580747234322806,0.7144709,0.0024453176
12133,0.8736345583379674,0.61055225,0.0026431005
12134,0.8800117816759327,0.83032686,0.000260714
12135,0.8512190938524411,1.157003,0.00024273372
12136,0.932730622364465,0.5854229,0.0010518461
12137,0.7423241446447832,0.49671572,0.0051873093
12138,0.7638010882732382,1.0260401,0.00086305325
12139,0.7714981363938644,0.7412756,0.0037578775
12140,0.8780816504368157,1.1456316,0.002013791
12141,0.887944001925741,0.7553062,0.0026610808
12142,0.642728443022241,1.1864352,0.00025172386
12143,0.8663816802477093,0.58949965,0.004558
12144,0.7328345193397323,1.134011,0.0044051674
12145,0.8126579972104896,0.62794065,0.004755783
12146,0.986225507289291,0.15616308,0.0725594
12147,0.9925115301016508,0.7746957,0.0003146548
12148,0.9511152189961533,0.46011287,0.009340753
12149,0.6995114619962446,0.9869956,0.003730907
12150,0.7234858539842284,1.0369555,0.002220564
12151,0.9355869764204366,0.9376297,0.0022924852
12152,0.7450669584761822,0.7859319,0.0014474122
12153,0.6388000420612262,0.11034132,0.0
12154,0.6751027083816052,0.9321593,0.0032724102
12155,0.8377982676846243,0.99989593,0.00039556605
12156,0.7917603341991156,1.0828054,0.0021216725
12157,0.8817167023500083,0.8160867,0.00019778303
12158,0.99998604786528,0.07512431,6.2930965e-05
12159,0.8985576518026038,0.4293364,0.0014024616
12160,0.9649096130941084,0.99544317,0.0007641617
12161,0.9994383392101394,0.27860892,0.0020767218
12162,0.8936958598261191,0.69815487,0.00852265
12163,0.8402701109007963,0.8905639,0.0002876844
12164,0.7948347478359146,0.54482555,0.006131274
12165,0.7788796130173198,0.86921674,0.0006293096
12166,0.8552940974400137,0.5757492,0.00325443
12167,0.9196111858792664,0.28469726,0.012667105
12168,0.8745340472049613,1.1253312,0.0006652702
12169,0.7498174880283508,0.9363214,0.0004944576
12170,0.9999999094800126,0.07965659,0.004737803
12171,0.9999996840676454,0.07951075,0.009511566
12172,0.7134002121082557,1.1374307,0.00012586193
12173,0.7502811200752699,0.87468624,0.0012226588
12174,0.9113986067779002,0.6256588,0.002481278
12175,0.817739597052655,0.6775025,0.008747404
12176,0.9999977888327014,0.07888643,0.004962556
12177,0.8467406423315476,0.57032,0.008073144
12178,0.8244966331103734,0.651619,0.003524134
12179,0.7757294722752761,0.8271872,0.0014474122
12180,0.8426786231787315,0.7496893,0.0003506154
12181,0.9254720072474962,0.8249904,0.001240639
12182,0.7016182822932477,1.283899,0.0015552938
12183,0.9999992231192968,0.087821566,0.0051243785
12184,0.9999409861732064,0.051300097,0.008945188
12185,0.9791134940801302,0.7810249,0.0002876844
12186,0.8537831571193817,0.84693587,0.009044079
12187,0.8485051384087136,0.84485286,0.0021216725
12188,0.8582771373407829,1.145838,0.00097093487
12189,0.7661742979212992,0.93397075,0.0023014753
12190,0.6580886825719763,0.8802743,0.0003506154
12191,0.8517637928654578,0.53526026,0.0041444534
12192,0.7832127521702128,0.9911432,0.0006832505
12193,0.9225947750753836,0.6745092,0.005798639
12194,0.9723950264497052,0.7702643,0.0021306626
12195,0.7450764465494559,0.7487065,0.0068414947
12196,0.9999988518565506,0.06470802,0.009394694
12197,0.8600526621196036,0.93933594,0.0015193333
12198,0.9999597162215252,0.08359108,0.00023374359
12199,0.8403480660073709,0.63976055,0.0043242564
12200,0.8775231796275001,0.7228229,4.4950688e-05
12201,0.7977826377678394,0.9079902,0.0048097237
12202,0.8713882959998319,0.95840657,6.2930965e-05
12203,0.9780832278361328,0.3659454,0.01629013
12204,0.9701474375867022,0.30925447,0.012981759
12205,0.914924827373341,0.890618,0.0016721656
12206,0.7663906426971225,0.8636485,0.0012676094
12207,0.9665505999071012,0.7907229,0.0019868205
12208,0.947104877852506,0.49807328,0.0026251203
12209,0.9810903582915717,0.587067,0.00017980275
12210,0.9852776753363416,0.23940553,0.040797245
12211,0.877060854513974,0.83290637,0.0028498736
12212,0.6730571200631095,0.9108957,0.0005304181
12213,0.745184316439078,1.103064,0.00130357
12214,0.9999686406753818,0.052745882,0.00843275
12215,0.7435163768940904,1.0456125,0.001366501
12216,0.8745312550386143,0.7299382,0.0015822642
12217,0.8672552980247287,0.7357047,0.0039197
12218,0.8829970908533872,0.54989976,0.01568779
12219,0.7042986540697389,1.0622793,0.00044051674
12220,0.8969758733526753,0.906634,0.0021756133
12221,0.8819388833556446,0.8463358,0.0073988833
12222,0.76016705385677,0.93173385,0.00048546743
12223,0.8178433611887389,0.66033083,0.0016721656
12224,0.7861354083746778,0.7864811,0.003712927
12225,0.8328702034725551,0.54080135,0.0046119406
12226,0.8536878237548275,0.79031146,0.0055828756
12227,0.6294986895877906,0.9618214,0.0001887929
12228,0.8369978033359511,1.1640471,0.0012586192
12229,0.89597943042135,0.8684919,0.0050974083
12230,0.7869721881195585,0.764695,0.0012945798
12231,0.7194424521154241,1.0710199,0.008001222
12232,0.9999874751776052,0.047893945,0.06521446
12233,0.95659320701089,0.5611971,0.009268832
12234,0.7393173608655994,0.90710425,0.01499555
12235,0.6880057749395921,1.3119676,0.0003506154
12236,0.7321385762696664,1.0669564,0.005924501
12237,0.9200507487061864,0.41187543,0.0029038144
12238,0.8553663237287512,0.5917424,0.0051783193
12239,0.8272946087782421,1.1269057,0.0017440867
12240,0.9681604156534444,0.89155143,0.00038657594
12241,0.6179528960254457,1.2390593,0.0003775858
12242,0.9248118169397213,0.594087,0.0021306626
12243,0.9183243463802911,0.5546432,0.0046119406
12244,0.9924806290665872,0.24326317,0.056512006
12245,0.9563035086936104,0.63399464,0.0011956884
12246,0.6945881856277882,0.99651074,0.0023823865
12247,0.6869133879584741,1.1078852,0.0006652702
12248,0.8725535058686161,0.8807834,0.001429432
12249,0.7994974896063725,1.0797268,0.0015193333
12250,0.939102282554066,0.69120365,0.0001438422
12251,0.9843611815928552,0.44417146,0.0006922406
12252,0.9269190519589086,0.85138726,0.00012586193
12253,0.999888105301529,0.06288493,0.004477089
12254,0.7913325977627323,0.6638678,0.0022385444
12255,0.7271563157808881,1.0676785,0.001105787
12256,0.7679488217148106,0.8738065,0.0017350966
12257,0.7168477475718688,1.0479375,0.001501353
12258,0.7798164669387253,0.6790876,0.0012496292
12259,0.9481259676296044,0.91231793,0.0005304181
12260,0.847981743208269,0.81582683,0.0008990138
12261,0.9943559215346414,0.47335035,0.0010158856
12262,0.8381856509955974,0.7185133,9.889151e-05
12263,0.960006476119384,0.6761147,0.004971546
12264,0.8161821562204936,0.73716354,0.0035331242
12265,0.6830713890625767,0.9806267,0.0010158856
12266,0.7445865894596808,0.89799553,0.0007102209
12267,0.8153132352721638,0.83415353,0.005277211
12268,0.999817887810649,0.059700176,0.0082169855
12269,0.7653591345163513,0.8641432,0.003982631
12270,0.803724110317567,0.75392973,0.009727329
12271,0.7351712707945486,0.6522064,0.0026700709
12272,0.5677882855525769,1.3555026,0.00091699406
12273,0.7543340871121459,1.3623972,6.2930965e-05
12274,0.7721514643060308,0.80324394,0.0020587416
12275,0.9525926832609792,0.5265358,0.0031105876
12276,0.9936258921028848,0.31119752,0.0020587416
12277,0.8814875597055242,0.5673217,0.0023644064
12278,0.9986264798660628,0.18587512,0.059847347
12279,0.8356661834979198,1.3044008,0.0
12280,0.9341663736890774,0.9797462,0.000979925
12281,0.9328245590751356,0.8981089,8.091124e-05
12282,0.8426786231787315,0.594736,0.0011327574
12283,0.8371940500485424,1.1811332,0.0006113294
12284,0.9093832756680954,0.47463614,0.0037758579
12285,0.9244862036003164,0.63092756,0.0010068954
12286,0.986389241658948,0.5301014,0.0014653924
12287,0.9999780469312174,0.053608075,0.0051963
12288,0.8100879349334252,1.021391,0.0037758579
12289,0.7680479021211029,0.9735927,0.0016362051
12290,0.8237777775749809,0.7957181,0.0015463037
12291,0.94565302131081,0.5873657,0.00046748717
12292,0.989752659325989,0.44586855,0.01892424
12293,0.9999992168283826,0.06561847,0.009439644
12294,0.8698867618263507,0.9059831,0.0043422366
12295,0.802332681061438,0.8989706,0.000521428
12296,0.773791986967773,0.57109445,0.0068684653
12297,0.8332171275221638,0.49227992,0.0070212977
12298,0.9999986072681146,0.06373696,0.009484596
12299,0.8545046016521564,0.61309636,0.004306276
12300,0.9024001449545156,0.34511882,0.011471416
12301,0.8673097782368414,0.9643435,0.0010608362
12302,0.9742171819453848,0.35324806,0.008324868
12303,0.7306544315018154,1.2583364,0.00077315187
12304,0.7704520945668503,0.9692181,0.0006922406
12305,0.982613680562795,0.22705524,0.01108484
12306,0.9062585157669548,0.55627984,0.0019958105
12307,0.7321046131177474,1.1383657,0.000260714
12308,0.8809841429388566,0.91289854,2.6970414e-05
12309,0.9900830717738808,0.54165244,0.00023374359
12310,0.754122739464246,0.72638047,0.007875361
12311,0.9848987384044864,0.16457278,0.041885052
12312,0.8949448417982553,1.0098257,0.0006742603
12313,0.7300583412144623,0.81221867,0.0023014753
12314,0.9999947359582158,0.08101823,0.004252335
12315,0.7847199324843708,0.94390804,0.00087204337
12316,0.8710279102309687,0.6692359,0.005924501
12317,0.5874484982964921,1.1998438,0.0012046784
12318,0.7663048451486518,0.69731903,0.0031825087
12319,0.9017665684076874,0.6532145,0.0013395306
12320,0.876832287783025,0.68087304,0.004261325
12321,0.9999948899951536,0.08129963,0.004504059
12322,0.828765942582321,0.7385616,0.0021756133
12323,0.803253981272787,0.45540982,0.010113905
12324,0.8665868181956887,0.66521955,0.0012765996
12325,0.4575211690097333,0.7019128,0.00044051674
12326,0.9696135191219896,0.57225746,0.0011417475
12327,0.8640230700160387,1.0562179,0.0007282012
12328,0.8671137495245143,0.684181,0.0010158856
12329,0.8058015631264701,0.8465558,0.0008540631
12330,0.8255560603466144,0.8837472,0.0023284457
12331,0.924804879597822,0.54462916,0.0017530769
12332,0.8428166356559238,0.5652143,0.0048456844
12333,0.8282651034061489,0.83671385,0.0011507376
12334,0.7939986131297798,1.1389806,8.9901376e-05
12335,0.8728383608396907,0.30260506,0.01763865
12336,0.5983170007031028,0.99039155,0.0006023392
12337,0.7885833211758918,0.97327423,0.0019778304
12338,0.9701885740749844,0.53867894,0.0032814003
12339,0.8955611858124246,0.8262071,0.0024543076
12340,0.8454665546105088,1.0860233,0.0006562801
12341,0.8793454614318172,0.8508696,0.0015373136
12342,0.50602154400482,1.3644937,0.0008360828
12343,0.9999994006197463,0.065751724,0.0094666155
12344,0.9278972296737692,0.5323589,0.0026610808
12345,0.8312511184057061,0.91233873,0.0028139132
12346,0.881506169408371,0.6664235,0.003200489
12347,0.9251068830661976,0.36034185,0.009196911
12348,0.8406322625321754,0.7417228,0.0038837395
12349,0.968425869205248,0.6112126,0.0036230255
12350,0.8480027831545768,0.537607,0.003128568
12351,0.9221305931617622,0.628733,0.0039466703
12352,0.8873913121788883,0.90056986,0.00010788166
12353,0.9215206799983324,0.8185327,0.0006832505
12354,0.9791412207479449,0.53752834,0.005978442
12355,0.9122009166182258,0.7097004,0.004189404
12356,0.8020800575972624,0.9533891,0.0013125602
12357,0.8109533870196226,0.96145093,0.00051243784
12358,0.7171180354967301,1.1744328,0.001375491
12359,0.5799726847567264,0.89504665,0.00027869426
12360,0.813599232901977,0.63829666,0.0026610808
12361,0.7911052973358433,0.8841328,0.0005034477
12362,0.7336172326511133,1.2440977,0.0006203195
12363,0.6438853775136794,1.1009718,0.00022475344
12364,0.9038097762643272,0.9607607,0.0020048008
12365,0.8176977129872638,0.8719349,0.004971546
12366,0.999999486873535,0.06647838,0.009502576
12367,0.6929336797617457,0.8331863,0.0006832505
12368,0.6347563843748953,0.89097095,0.0021666232
12369,0.7242358781945608,1.2091622,0.0018160079
12370,0.8779129116099297,0.90539694,0.00096194475
12371,0.8348399647835457,0.68358326,0.0007282012
12372,0.9019357540340256,0.9086727,0.0012046784
12373,0.8587033412227129,1.1022786,0.0
12374,0.972690234259534,0.82847494,9.889151e-05
12375,0.9745850666170032,1.032591,0.0044680983
12376,0.926212293540902,0.9121604,0.00027869426
12377,0.8656876590954468,1.0272715,6.2930965e-05
12378,0.957989546407519,0.6192748,0.0011687179
12379,0.9999345353940556,0.05386929,0.004692852
12380,0.6894305855921028,1.0159582,0.00015283235
12381,0.7778330293883358,0.6050309,0.0058256094
12382,0.9999957885749592,0.080483,0.004737803
12383,0.8605743335464778,0.80913657,0.006742603
12384,0.7360938958077106,0.76601076,0.0008810335
12385,0.7586969972039063,1.0840697,0.0018429783
12386,0.8958776910794506,0.6830446,0.00019778303
12387,0.908411843374177,0.80814725,0.0014833728
12388,0.9476053417960636,0.5809916,0.0066167414
12389,0.7666904954927036,1.0522666,0.0005304181
12390,0.7749240040569289,0.79572666,0.0003056647
12391,0.5091822554898006,0.9997398,0.0014923629
12392,0.9181623782342344,0.8120603,0.0001438422
12393,0.7612198024298665,0.87755334,0.0063650175
12394,0.8075732355440999,0.9328438,0.0034162523
12395,0.7675358726190984,0.5843424,0.004261325
12396,0.9937465779484892,0.18540885,0.042145766
12397,0.9986651480751664,0.45546636,0.0025172385
12398,0.811962879814756,0.6883513,0.0014923629
12399,0.968425869205248,0.66060734,0.0034072623
12400,0.8736877268035914,0.77449805,0.0022924852
12401,0.975433377291033,0.53305346,0.005501964
12402,0.973422308925304,0.5413516,0.009619447
12403,0.8230756990824841,0.63205075,0.005421053
12404,0.9109667037683123,0.53469294,0.0019868205
12405,0.6837960458443557,1.0907356,0.0005304181
12406,0.8615960100513287,0.76066303,0.0060863234
12407,0.7086092699496651,1.2181432,0.0006203195
12408,0.8978835936213252,0.6600098,8.990138e-06
12409,0.9805850130854232,0.5871619,0.0006203195
12410,0.9098623634823922,0.9314656,0.0005573885
12411,0.6175625868047545,1.1237651,0.0010518461
12412,0.6490863441073884,1.2220024,0.0017261065
12413,0.8201165271396121,0.43516752,0.013206513
12414,0.9345484977286184,0.8261661,0.00058435893
12415,0.7082187678107316,1.1933318,0.0014653924
12416,0.7558388400010055,1.0177021,0.0004495069
12417,0.9680767091874676,0.5534241,0.002148643
12418,0.7179645962339612,0.88434726,0.0029667455
12419,0.7692490911796015,1.0660843,0.0015552938
12420,0.7694675523000106,1.0577328,0.0005483984
12421,0.7344135865349197,0.9588442,0.004297286
12422,0.98470485678081,0.6647281,0.0015463037
12423,0.603885188041884,1.220085,0.002094702
12424,0.9999922322305836,0.08063346,0.00456699
12425,0.6374808168299071,1.1357361,0.00036859565
12426,0.9341494965846132,0.53849334,0.00017980275
12427,0.9606110464865968,0.5316764,0.0060503627
12428,0.8989040778346299,0.96288025,0.003955661
12429,0.7883405602048068,0.9113279,0.0006203195
12430,0.9999546404225728,0.051011566,0.009223881
12431,0.8800117816759327,0.7211841,0.00023374359
12432,0.7637936641196144,1.0636411,0.0003596055
12433,0.8057773510230237,1.1168544,0.0006652702
12434,0.9147644895775224,0.60262585,0.0045490097
12435,0.9221461761583376,0.6199952,0.0002876844
12436,0.9421775454483284,0.53695357,0.004477089
12437,0.9999990579635268,0.06532985,0.0094666155
12438,0.9998698887909048,0.2873337,0.0053041815
12439,0.768800289529459,1.2278866,0.00017980275
12440,0.8158157599882855,0.8491212,0.0030386667
12441,0.9544608713080708,0.5014534,0.0082259765
12442,0.8368660191106201,0.9520276,0.00010788166
12443,0.8906583103890281,0.5030708,0.009682379
12444,0.999828550613748,0.33256263,0.004234355
12445,0.7067859230814586,0.95078367,0.0007102209
12446,0.7006714819490529,1.0800356,1.7980276e-05
12447,0.7929767524215365,0.66800356,0.0029487652
12448,0.7992932754531993,0.74481034,0.0015463037
12449,0.9546213907036082,0.4431944,0.00029667455
12450,0.8448676598093661,0.81498873,0.0014653924
12451,0.5969883760841176,1.097085,0.001438422
12452,0.8670531105593151,0.96281886,0.0007551716
12453,0.8271535795468916,0.79050493,0.0
12454,0.8092748075745141,0.7131091,0.0015193333
12455,0.8582133959271159,0.8667463,0.00089002366
12456,0.8352618455647184,0.51148117,0.0029307848
12457,0.9915802145860372,0.7836745,4.4950688e-05
12458,0.8249145703212225,0.67095757,0.0027150216
12459,0.8871377141161912,0.8499487,0.0013934714
12460,0.9722094636635056,0.2685673,0.019041112
12461,0.7052262752650865,1.1694181,0.0005663787
12462,0.9428645379807852,0.8095538,1.7980276e-05
12463,0.9346788591157896,0.81481236,0.001366501
12464,0.926493604832736,0.9163373,0.00042253648
12465,0.8130067813341533,0.79709476,0.0010698264
12466,0.9999996708453086,0.07328607,0.009502576
12467,0.7807019986512498,0.8000557,0.0025262288
12468,0.9235909109674314,0.7600954,0.0003596055
12469,0.8458417639113897,0.8139334,0.0024183472
12470,0.8810284792330755,0.711404,0.0012945798
12471,0.9009828775925532,0.59205383,0.0071022087
12472,0.7548687988911784,0.9650285,0.00023374359
12473,0.9999982147981982,0.057910588,0.009304793
12474,0.9301102303553284,0.15068682,0.023814876
12475,0.8665187422658294,1.0713679,0.001438422
12476,0.8880198876229062,0.554959,0.0008540631
12477,0.7097108270161834,1.0024896,0.0018160079
12478,0.7709861553183872,0.8887121,0.0028318935
12479,0.941342884401561,0.6029838,0.0034791834
12480,0.8672856198271479,1.0045937,0.00047647732
12481,0.8874656228670068,0.9368215,0.0008810335
12482,0.8776842588564557,0.575943,0.00026970415
12483,0.901089781762596,0.7664378,0.003712927
12484,0.9685257434906016,0.76209456,0.0007282012
12485,0.8229617618406921,1.0126073,0.0010068954
12486,0.8406162270761974,0.34753242,0.009610457
12487,0.8443921973734733,0.7505151,0.0019148993
12488,0.8673792016154157,0.91856074,0.0037578775
12489,0.796473115493051,0.9594694,0.0002876844
12490,0.909212672191719,0.5396378,0.0013215502
12491,0.99999942424471,0.06412554,0.009313783
12492,0.9999997477571828,0.072406985,0.009502576
12493,0.9802383518399173,0.9807962,0.0007551716
12494,0.7953735733338099,1.0533901,0.00036859565
12495,0.7139356654506019,1.2405666,0.0012316488
12496,0.646570360891476,1.1367887,0.0004944576
12497,0.95385392829941,0.6572637,0.0016451952
12498,0.918559265006707,0.5002794,0.0006742603
12499,0.9531916242050484,0.60008365,0.007938292
12500,0.7712198782122343,0.5855639,0.004441128
12501,0.8274355338970892,0.82144195,0.009493586
12502,0.8816365973453295,0.8863193,0.0010338658
12503,0.9999988043199456,0.06201298,0.009430654
12504,0.7676652700085204,1.0420276,9.889151e-05
12505,0.6772573170674995,1.1981225,0.0016811558
12506,0.8625140183479503,0.8683091,9.889151e-05
12507,0.899973739318314,0.56242526,0.0073359525
12508,0.9999989103183564,0.06675112,0.009385704
12509,0.8752981011953487,0.62300223,0.0065538106
12510,0.827358332545631,0.7331828,0.0029217948
12511,0.8595746415986969,0.8725982,0.0007641617
12512,0.8098478180746576,0.70756626,0.0035690847
12513,0.8177323940621597,0.5790992,0.0060863234
12514,0.7633804397519506,0.894126,0.00042253648
12515,0.8033560118752461,0.94706506,0.0004495069
12516,0.6367207676385923,1.060745,0.0021126824
12517,0.7319484731907663,0.66436523,0.0053671123
12518,0.9998887202978576,0.06286842,9.889151e-05
12519,0.8313330977771468,0.77662104,0.0008360828
12520,0.7679107478706296,0.8261387,0.0019958105
12521,0.8597014526547844,0.9091974,0.0037938382
12522,0.9609527570516452,0.5882628,0.00017081262
12523,0.6506150591595239,1.0811331,0.002085712
12524,0.8660084054790382,0.6530696,0.0033173608
12525,0.8098478180746576,0.7001612,0.0032724102
12526,0.9606999751331278,0.56691283,0.007246051
12527,0.6634481153998095,1.1316744,0.0042703156
12528,0.8627956450833794,0.72722906,0.009044079
12529,0.7896235877413478,1.000445,0.0006832505
12530,0.7808192870215824,0.9942405,0.00010788166
12531,0.8356944567902246,0.801543,0.004432138
12532,0.7398640585402154,1.0590563,0.00020677317
12533,0.9285609704963972,0.54462266,0.0037938382
12534,0.894826830531916,0.52461576,0.0007371913
12535,0.5271579704096426,1.0224975,0.00086305325
12536,0.9920096810822654,0.5730123,0.00261613
12537,0.873966149739477,0.6954379,0.0020767218
12538,0.7983494855572048,0.90320724,0.0014743826
12539,0.8025756298292028,1.5618252,0.0018429783
12540,0.8639669447289748,0.84393454,0.00020677317
12541,0.7930033412596955,1.0081418,0.003389282
12542,0.774128481787829,0.9658757,8.091124e-05
12543,0.8593431485094684,0.54956764,0.008378808
12544,0.972570835069943,0.253177,0.004701842
12545,0.8570468267809221,0.6963412,0.0014024616
12546,0.9993093637495836,0.08102876,0.0042703156
12547,0.739112483283219,0.94991136,0.0027150216
12548,0.7376231681785579,0.86953044,0.004692852
12549,0.7246614812569775,1.1023887,0.0011687179
12550,0.8660163418514022,0.62948364,0.0028498736
12551,0.5809595423117508,1.2301341,0.0005573885
12552,0.765168095305409,0.90394074,0.0046029505
12553,0.9553788670573922,1.1807466,0.000979925
12554,0.942031642287954,0.9935045,0.00010788166
12555,0.922017938372094,1.0973102,0.0005394083
12556,0.7636093473209116,0.8043756,0.004737803
12557,0.773910526964013,0.60309774,0.007713538
12558,0.96335257871383,0.9194221,0.0002876844
12559,0.8052879767963212,0.73939484,0.00259815
12560,0.7870964801783364,0.94609374,0.0038208086
12561,0.7951956649641084,0.7197799,0.0025531992
12562,0.9860007815465622,0.40515077,0.016137298
12563,0.5719619576843662,1.0167559,0.0007282012
12564,0.7918448606225709,0.86051077,0.002283495
12565,0.9604571429580364,0.6205609,0.0005663787
12566,0.8345695008438037,0.7252854,0.0016901459
12567,0.7621945693454213,1.2018971,0.002085712
12568,0.9946977884756288,0.26874715,0.038900327
12569,0.7215091631317121,1.1165018,8.990138e-06
12570,0.7535999415381931,0.67845404,0.0036859566
12571,0.9928919036785406,0.6849778,0.00048546743
12572,0.6771101082356098,1.1649382,0.00130357
12573,0.8107053072635776,1.0165886,0.00015283235
12574,0.7289770001704736,0.7685557,0.0013934714
12575,0.7419792784774211,1.091274,0.0007641617
12576,0.9999998819023184,0.07852065,0.004737803
12577,0.7626686166090486,0.7792706,0.0013934714
12578,0.818065847170074,0.6634178,0.007722528
12579,0.8890070390117557,0.929493,9.889151e-05
12580,0.7418884029687272,1.0962646,0.00130357
12581,0.884228174938954,0.9411373,0.00084507297
12582,0.7761497670912527,0.77781594,0.0006293096
12583,0.9968533444490156,0.2652463,0.037030376
12584,0.7122488303756471,1.0889456,0.0001887929
12585,0.933309113441136,0.94158286,0.0006382998
12586,0.7999289362280555,1.1343911,0.00097093487
12587,0.8950999313889466,1.0327619,8.091124e-05
12588,0.8340458722097153,0.675009,0.0032364496
12589,0.9994368395837144,0.36517286,0.009304793
12590,0.9649014453879404,0.06282582,0.0017710571
12591,0.7777587882909944,1.015101,0.01042856
12592,0.9402900795051156,0.49216074,0.010194817
12593,0.7809165153620714,0.9774923,0.0036320158
12594,0.8066769942062615,0.98658544,0.00020677317
12595,0.8424114653347315,0.8675705,0.0010608362
12596,0.9999917258968096,0.05482336,0.009259842
12597,0.8407318351144344,1.136514,0.003191499
12598,0.9946699684347018,0.9018452,8.9901376e-05
12599,0.883028278042193,0.5644446,0.008774375
12600,0.6845092523155657,0.7904994,0.0013844812
12601,0.7106292446537735,0.87314934,0.0015373136
12602,0.8705660206229529,0.7703686,0.0066347215
12603,0.8606786737063393,0.8124605,0.004306276
12604,0.9680123938403128,0.40441635,0.0045759804
12605,0.86327098367628,0.8020901,0.00260714
12606,0.7674322572991027,0.8996744,0.0040905126
12607,0.9153000401798368,0.72894377,0.0022565245
12608,0.7479510775603238,0.94103575,0.002876844
12609,0.7418807496338807,1.2272413,0.00044051674
12610,0.710842377979124,0.9872747,0.0019508599
12611,0.9251910553463484,0.9559428,0.00130357
12612,0.8031000924339884,0.69552714,0.0034701931
12613,0.7855210228070578,0.8243507,0.0012496292
12614,0.9108437064821016,0.45710513,0.0016002445
12615,0.7864914617956863,0.78916985,0.0005034477
12616,0.9602650545194232,0.4110981,0.013476216
12617,0.9437602563371156,0.57481766,8.091124e-05
12618,0.8059270529175518,0.73247975,0.0063560274
12619,0.9999990803111586,0.06411823,0.009403684
12620,0.851100157936604,0.7724187,0.0049985168
12621,0.9999994189551948,0.07378675,0.009448634
12622,0.712008645885762,0.8584956,0.004225365
12623,0.9999379209255131,0.058384005,0.0026790611
12624,0.7179914314218686,0.7210067,0.0021576332
12625,0.8444637246764267,0.84350485,0.0003326351
12626,0.7074003252026446,0.90662694,0.00019778303
12627,0.9999988912695336,0.085026704,0.004944576
12628,0.7372773090595558,0.98113453,0.0005304181
12629,0.780660716534937,0.4923193,0.0037938382
12630,0.7921425419914127,0.7201604,0.000521428
12631,0.7447100691902736,1.1941607,0.00042253648
12632,0.883097150578221,0.92012835,0.006742603
12633,0.9138639449381124,0.5082291,0.030485557
12634,0.6315538029738748,1.2357898,0.0003146548
12635,0.6077863430668288,1.0878854,8.091124e-05
12636,0.7537654373074122,0.8752595,0.0010967968
12637,0.559930666222713,1.0047963,0.0012855898
12638,0.7129659102012261,1.0298198,0.002867854
12639,0.7614171378194384,0.80954176,0.0010248757
12640,0.91801650279312,0.721402,0.0014114516
12641,0.6748375366050794,1.3501984,0.0006562801
12642,0.851355296590519,0.84151965,0.0001438422
12643,0.9270556577068098,0.5709127,0.0063740076
12644,0.753465973562016,0.9609538,0.0012855898
12645,0.9141339409829004,0.44495666,0.0015103432
12646,0.9592755747064876,0.59097236,0.005151349
12647,0.89317408076579,0.55068064,0.007767479
12648,0.8671789958788026,0.6065076,0.007497775
12649,0.9999994037676544,0.066595666,0.009457625
12650,0.9376292719411368,0.31854683,0.010212797
12651,0.9567454666027312,0.46751434,0.003524134
12652,0.7052867834974003,0.9504103,0.0014564024
12653,0.8385875355305761,1.4491725,0.0016182248
12654,0.8340501748749084,1.0309513,0.0014653924
12655,0.73978499365924,1.0506266,0.0
12656,0.7207383906292499,1.1485264,5.394083e-05
12657,0.7452816589065053,0.81789637,0.00522327
12658,0.8673286294969635,0.7440372,0.0034881735
12659,0.818039807193885,0.86285406,0.0016092347
12660,0.8461987997699825,0.5130513,0.003137558
12661,0.844335403721033,0.93022215,0.000979925
12662,0.9999984893071712,0.059510697,0.009412674
12663,0.8775157822991504,0.51229537,0.010248757
12664,0.6835867739713017,1.1585732,0.0011956884
12665,0.96335257871383,0.6981104,0.0004495069
12666,0.9601949202474264,0.76733536,0.0003326351
12667,0.9247794354087772,0.33063188,0.0065987613
12668,0.6896858460893913,0.831482,0.0005304181
12669,0.9106191786334648,0.98643214,0.0017171163
12670,0.929262091884946,0.6167236,0.0056458064
12671,0.6155782892378227,1.0965191,2.6970414e-05
12672,0.7570833613702008,0.9741971,4.4950688e-05
12673,0.7410423668556011,1.0732334,0.00095295464
12674,0.7817088000635407,0.8452438,0.009008118
12675,0.5678395332146595,1.1688623,0.00032364496
12676,0.8314677372215418,0.84076744,0.001114777
12677,0.678187101426173,1.01158,0.0008001223
12678,0.6076277547502906,1.2562773,0.00044051674
12679,0.9999996321785204,0.06969979,0.009484596
12680,0.9999990401972358,0.0632045,0.009484596
12681,0.7201528135561868,1.0969483,0.0008540631
12682,0.6279245552931341,1.2784083,0.0005753688
12683,0.7119907279534584,0.8823931,0.0015193333
12684,0.8541468851021585,0.3614234,0.008855286
12685,0.7572967728230366,0.97163606,0.002993716
12686,0.8939986074791124,0.8113296,0.00022475344
12687,0.9346808442255125,1.0556779,0.0031645284
12688,0.7935118032658327,0.8439639,0.0018879289
12689,0.8158677927654584,1.1976871,0.001564284
12690,0.6821170968927528,1.0185457,0.0010608362
12691,0.627670871899381,0.92310077,0.0010698264
12692,0.8039422221894911,0.7022932,0.0038297987
12693,0.8520314348587367,1.1275693,0.00027869426
12694,0.938857401602904,0.7461003,0.0015103432
12695,0.9465213188001852,0.8000713,0.0
12696,0.8839672848360944,0.54236245,0.0035511043
12697,0.8273133671405284,0.88339067,0.00046748717
12698,0.9118130125148692,0.7502825,0.0028139132
12699,0.7267360089176657,0.8451429,0.0009979053
12700,0.6075227201413294,1.0896986,0.0019688401
12701,0.8440461281456829,0.8918544,0.0005933491
12702,0.991921712585202,0.36018062,0.0019868205
12703,0.9999998203229142,0.07658638,0.009493586
12704,0.9874923839459278,0.6913165,0.00047647732
12705,0.8273657675819988,0.98975074,0.0006742603
12706,0.9214395901347308,0.6995527,0.0019958105
12707,0.7309015714497403,0.82619286,0.0016362051
12708,0.8877850823243288,0.650688,0.007425854
12709,0.8816843026115165,0.49971682,0.005286201
12710,0.9318349087892353,0.56361973,0.0038208086
12711,0.8357890664944186,0.7767781,0.0005663787
12712,0.9618561302436358,0.6952064,0.0008001223
12713,0.74826238738462,1.0340872,0.0030386667
12714,0.7009187736229796,0.846316,0.0012586192
12715,0.8279354093397886,0.56150275,0.0104825
12716,0.8404784371336438,0.98546714,0.0027869428
12717,0.9400911702550953,0.61999285,0.0045490097
12718,0.6155677281720866,0.9789287,0.0002876844
12719,0.7644586904693361,0.66870636,0.008190015
12720,0.7771582785254777,0.9520217,2.6970414e-05
12721,0.7803045475927478,0.9325283,0.00091699406
12722,0.8801810368186165,0.92995125,0.0015912544
12723,0.8851549282427211,0.6396907,0.0036320158
12724,0.622722142051577,0.9470567,0.00023374359
12725,0.7887672891539558,0.6538412,0.004054552
12726,0.8362642654675698,1.0961272,0.0006203195
12727,0.9170830374474088,0.8319554,0.0016721656
12728,0.7387058988402762,0.86482286,0.0006382998
12729,0.9615735072827124,0.44651482,0.006463909
12730,0.8593424066623869,0.63771904,0.008154055
12731,0.8733507802723824,0.4520615,0.0043422366
12732,0.8697926733337028,0.77444875,0.0019418697
12733,0.959647944131964,0.9673404,0.0017800473
12734,0.8247454289797332,0.87298834,0.0012046784
12735,0.847891067156574,1.124071,0.0058885403
12736,0.9193529866424288,0.6744401,0.0024543076
12737,0.9146784535097252,0.80100363,0.0025352188
12738,0.8986269947067267,0.7334633,0.00045849703
12739,0.968793261971037,0.7812666,0.0004944576
12740,0.9038348841121834,0.69672734,0.0013934714
12741,0.7075263902431477,0.8625968,0.0011327574
12742,0.9298432467679094,0.44229338,0.009871172
12743,0.9552250692407248,0.72955453,0.0019238895
12744,0.8859181869389269,0.87428385,0.000979925
12745,0.7316391329982124,1.0014987,0.0010518461
12746,0.5432001203867168,1.170826,0.00025172386
12747,0.99999898677486,0.061715536,0.009448634
12748,0.7911790802454449,1.0618305,0.0010878067
12749,0.6942087945386735,0.96499217,0.0008001223
12750,0.9513407868261058,0.67750484,0.006185215
12751,0.9472301904713512,0.4592283,0.010293708
12752,0.7637206368914158,0.89799523,0.0027240117
12753,0.7971932929788703,0.71227866,0.004162434
12754,0.7803664463968102,0.87478614,0.0035690847
12755,0.8007841938682853,0.84765416,0.0018339881
12756,0.8740608778830189,0.5235086,0.008306887
12757,0.9999995934790038,0.07291226,0.009502576
12758,0.9506408553353556,0.5795891,0.008909226
12759,0.758180657546398,0.8363401,8.9901376e-05
12760,0.7806858588476033,0.8827137,0.0032993807
12761,0.7040105208874994,1.01852,0.0044141575
12762,0.927976255716512,0.34903887,0.0064279484
12763,0.9053168345154248,0.7099167,0.002858864
12764,0.9414907869799284,0.48200238,0.007776469
12765,0.981626903877501,0.52127135,0.0071201893
12766,0.9947462703452602,0.43468925,0.002490268
12767,0.9919678858207336,0.1011615,0.060359783
12768,0.9999784900906956,0.04656095,0.059083186
12769,0.999828550613748,0.31921768,0.004216375
12770,0.9389226385695222,0.6164133,0.006131274
12771,0.9990576579381708,0.5005452,0.00010788166
12772,0.8796989176466539,0.5513742,0.002220564
12773,0.984402921117736,0.3125889,0.028561668
12774,0.9695046897206164,0.71522593,0.00026970415
12775,0.8980926295491922,0.54457986,0.005088418
12776,0.9815158494145384,0.23671918,0.034297377
12777,0.822003273030491,0.59698623,0.004953566
12778,0.7674733805990493,0.9168761,0.00013485207
12779,0.6574465474069047,0.9735664,0.0010068954
12780,0.9416589269773644,0.5740819,0.0027060315
12781,0.7910111600271285,0.5860214,0.009682379
12782,0.999999775668284,0.072357014,0.009502576
12783,0.8412603206369147,0.7964088,0.00019778303
12784,0.8664752881700035,0.894846,0.0026251203
12785,0.6900130708113522,0.9545755,0.0016811558
12786,0.8681989005353968,0.60958767,0.009889152
12787,0.9176017830395566,0.7860167,0.0012316488
12788,0.6778308188113599,1.1916174,0.0010158856
12789,0.7577771985364544,1.1803266,0.0024543076
12790,0.9628122833043652,0.5737105,0.0022385444
12791,0.7889974785059366,1.0333887,0.00093497435
12792,0.8881043300911244,0.9192609,0.00046748717
12793,0.9126673832288208,0.593485,0.0031015975
12794,0.9264216404226452,0.5348056,0.0065807807
12795,0.7670227965664518,0.87810934,0.0014833728
12796,0.9154931445411272,0.59035736,0.0035421143
12797,0.9071149275009236,0.7021972,0.0029757356
12798,0.8755467849179465,0.9818356,2.6970414e-05
12799,0.8836375215266588,1.0269561,0.0011327574
12800,0.9524590645606844,1.1215882,0.0003775858
12801,0.7823219277779973,1.0944468,0.0063740076
12802,0.9883810174140992,0.91700405,0.0007911321
12803,0.8549002288424659,0.8422192,0.0037039367
12804,0.7846875671292364,0.7095582,0.00523226
12805,0.8999505479496863,0.40370518,0.0055648955
12806,0.9704059707265767,0.7167701,0.004306276
12807,0.8144212485199235,0.6865467,0.0018429783
12808,0.5211046519648578,1.1676606,0.0003056647
12809,0.7989167925372941,0.85607964,0.0019238895
12810,0.9681712876355648,0.42294124,0.0073359525
12811,0.9152746358324352,0.7899204,0.0037938382
12812,0.7687547550871493,0.57929987,0.007965262
12813,0.8201165271396121,0.6689014,0.014573013
12814,0.7621628893818133,1.139598,0.00036859565
12815,0.8916099375828206,0.9331248,8.091124e-05
12816,0.6802503914620139,1.1489255,0.0008091124
12817,0.7198235515853244,0.6253518,0.0037578775
12818,0.7772284964086951,0.8476282,0.0058975304
12819,0.8918772019534722,0.5896234,0.003721917
12820,0.8558183481590095,0.42729515,0.0051693292
12821,0.9999990570182096,0.06336852,0.009457625
12822,0.8772644122836049,0.48834175,0.0023913768
12823,0.7598712362091128,1.1218567,0.0034162523
12824,0.9724126126564906,0.8294471,0.0019148993
12825,0.810662990825387,0.78318095,0.0044141575
12826,0.6337568220005951,1.0994004,0.0003775858
12827,0.7438645550097613,0.6482257,0.007488785
12828,0.9128164840091052,0.5044089,0.0005394083
12829,0.8161743021737168,0.71155083,0.0002876844
12830,0.8011094792578087,0.39144078,0.021081872
12831,0.7599777718331066,1.1561365,0.0005483984
12832,0.7792784864528364,0.8051582,0.0012316488
12833,0.608246421311061,1.1546952,4.4950688e-05
12834,0.8493136703616815,0.92334336,0.0005933491
12835,0.8254310162889977,1.0595311,0.0006023392
12836,0.9144095274903068,0.6409957,0.0007911321
12837,0.8595861055951837,0.86975336,8.990138e-06
12838,0.8219225552723904,0.71679527,0.0072910017
12839,0.7419073196583719,1.106765,0.00017081262
12840,0.53944510891492,1.1239793,0.0003775858
12841,0.8415748258688937,0.8087621,0.0051783193
12842,0.4867221618853021,1.039608,4.4950688e-05
12843,0.996670438525504,0.4956093,0.0053041815
12844,0.79327989373044,0.80889416,0.0014923629
12845,0.9789359929299982,0.615915,0.0026970413
12846,0.9942694309175788,0.4078947,2.6970414e-05
12847,0.9962293662670432,0.16580251,0.08980249
12848,0.998850471995662,0.21296795,0.07440238
12849,0.7757389332286087,0.79400074,0.010842106
12850,0.8533652553535231,0.6616621,0.005025487
12851,0.761234395531366,0.9950052,0.0013934714
12852,0.8939553010038916,0.74067444,0.00522327
12853,0.9925115301016508,0.74087226,0.0007371913
12854,0.7473655024994614,0.75006807,0.005933491
12855,0.7546256009396886,0.96003,0.0023644064
12856,0.9160289910068882,0.8268419,0.006239156
12857,0.9011896332707235,0.86512345,7.19211e-05
12858,0.9612133926755482,0.7573718,0.0020497513
12859,0.9046586365866716,0.37760514,0.023158595
12860,0.7410420629458628,0.9735598,0.00020677317
12861,0.9534664078167738,0.4555802,0.005726718
12862,0.9799605416904528,0.43427113,0.0062930966
12863,0.910755111475675,0.97445697,0.0001438422
12864,0.7569430199601193,0.57629377,0.009205901
12865,0.7164536919094106,1.0271751,0.0003506154
12866,0.9854943390476724,0.52169824,0.004000611
12867,0.9698457106646632,0.33351082,0.012325479
12868,0.9112050130055718,0.5521338,0.0043781972
12869,0.9883166670967504,0.550984,0.0022385444
12870,0.9417678953552628,0.6229721,0.0028139132
12871,0.8763117295252525,0.50638056,0.0023644064
12872,0.7180188747148453,1.1028621,0.0001887929
12873,0.7827737416869094,0.6309486,0.0055918656
12874,0.8533075780712587,1.017585,0.00026970415
12875,0.9726266469309244,0.645409,0.0016541854
12876,0.719262259680472,1.0499052,0.0006382998
12877,0.7138402845180848,1.0290536,0.00039556605
12878,0.9226865631252072,0.42932734,0.0060323826
12879,0.8806621076221475,0.72869647,1.7980276e-05
12880,0.7651682803745223,0.9890612,0.00011687179
12881,0.8597864088610929,0.81656337,0.0020407613
12882,0.9282980496971724,0.9239547,0.0005394083
12883,0.910488469850886,0.53003275,0.008612552
12884,0.6699119112753371,1.1566975,0.0008810335
12885,0.7629478011456501,0.9625787,0.004234355
12886,0.9941664425931,0.23080342,0.05092913
12887,0.8269738324111504,0.9147127,0.0006023392
12888,0.9452004576021183,0.7370316,0.0016362051
12889,0.7453674287883091,0.92916656,0.0005034477
12890,0.9999993531946793,0.06387456,0.009502576
12891,0.8180608121493567,0.7571303,0.0024363273
12892,0.8333424325266574,0.7806368,0.002472288
12893,0.8622994131664803,0.2844085,0.008639523
12894,0.7292616302810024,1.4884197,0.0022385444
12895,0.6991188131777311,0.9915691,0.0006023392
12896,0.81578145652688,0.3930763,0.008648513
12897,0.980029036228758,0.5074868,0.002211574
12898,0.7037397380555565,0.8882604,0.004683862
12899,0.722251333277369,1.1373888,0.0019238895
12900,0.8577879811629495,0.9933661,0.0005933491
12901,0.9134717622978052,0.61861795,0.0006203195
12902,0.7625766113916983,0.69595563,0.0001438422
12903,0.6458448053905439,1.2908247,0.0009889152
12904,0.9184824087078732,0.39322382,0.00523226
12905,0.7063854377469182,0.91839135,0.0013575108
12906,0.8378615909646223,0.80681694,7.19211e-05
12907,0.9999994308910648,0.10455856,0.00979026
12908,0.9455926456693612,0.7705241,0.00010788166
12909,0.9592575102697576,0.4141827,0.011300603
12910,0.9389872294831156,0.62828773,0.0021756133
12911,0.999999742829672,0.31744272,8.990138e-06
12912,0.779915875172116,1.0323715,0.0003506154
12913,0.7638184460657612,1.1200799,0.002229554
12914,0.8068413352006716,0.8570026,0.007722528
12915,0.9400463409518578,1.0024478,0.0010338658
12916,0.9293784596962124,1.0978526,0.00195985
12917,0.7549902765467325,1.1058205,0.0021036922
12918,0.9115372664677978,0.6608647,0.00651785
12919,0.9999320556190148,0.04920057,0.054516196
12920,0.9999997424263146,0.101207785,0.009098019
12921,0.7147409400112349,1.0032424,0.0026251203
12922,0.7291395704191026,0.96154815,0.0023733964
12923,0.8251173022596048,0.9092313,0.00039556605
12924,0.9999680892266458,0.083449,3.596055e-05
12925,0.8733507802723824,0.4046395,0.009313783
12926,0.9390342291412036,0.3565895,0.00034162524
12927,0.6941872943047223,1.2397239,0.0025621892
12928,0.8915973826605184,0.9051413,0.0003596055
12929,0.6680394781664454,0.86284167,0.00022475344
12930,0.8038200700110805,1.0824599,0.0019059093
12931,0.7444139754399446,0.80178803,0.0038028283
12932,0.8660706833191439,0.6160113,0.0049895267
12933,0.7295006777939437,0.8561492,0.00041354634
12934,0.7877742012497042,0.7683386,0.00043152663
12935,0.8743932389986357,0.73118407,0.0006562801
12936,0.7953948883804077,0.9659259,0.0038118185
12937,0.7968716855273531,1.0604811,0.0005573885
12938,0.8383843633173393,0.5732204,0.0018699487
12939,0.7527473588172253,0.8054271,0.002022781
12940,0.927881919411214,0.5917738,0.005807629
12941,0.7810796573298409,0.8082647,0.0036050454
12942,0.8299770649874079,0.8776942,0.003389282
12943,0.7897789628464362,0.819708,0.0027240117
12944,0.694558182747947,0.8260402,0.0025891596
12945,0.9999973082202076,0.059840772,0.009241861
12946,0.7478610085163788,0.95526415,0.004719822
12947,0.9999996323250449,0.07821654,0.0094666155
12948,0.9999964373962528,0.049542297,0.06459414
12949,0.7933720405259538,0.8950983,0.000782142
12950,0.9506992188749585,0.27167386,0.022394434
12951,0.944558946030073,0.52211285,0.009619447
12952,0.8593140738885934,0.77032524,0.00039556605
12953,0.6856539846968979,0.8675976,0.0013395306
12954,0.7236385539811152,1.1512041,0.0003326351
12955,0.7561930996156023,0.9537983,0.0035421143
12956,0.814113278309975,0.7993533,0.0029038144
12957,0.8858426841894961,0.68951017,1.7980276e-05
12958,0.9998182868601256,0.3436882,0.009367724
12959,0.9436000276455154,1.0717498,0.00013485207
12960,0.8167326946757552,0.9083243,0.0011507376
12961,0.9408159127894704,0.44041225,0.0048546745
12962,0.971873718174978,0.73933756,0.0011327574
12963,0.962874476999714,0.6905081,0.00017081262
12964,0.937420350499116,0.8200767,0.00017081262
12965,0.9313990079221676,0.762221,0.000260714
12966,0.8167389742741019,0.96636677,0.0001887929
12967,0.9976385737833844,0.18627957,0.052520387
12968,0.7028452815137339,1.006642,0.0057896487
12969,0.937409346110303,0.6459502,0.010374619
12970,0.8231702356412778,0.5538929,0.007299992
12971,0.6076768694399847,1.0593065,8.990138e-06
12972,0.7689189285265874,0.87086546,0.0018879289
12973,0.7528577843679771,0.8326102,0.0034432227
12974,0.8988758116789749,0.6445887,0.0036589862
12975,0.9335531229825136,0.6132776,0.0068954355
12976,0.8364989886972749,0.83268183,0.0016451952
12977,0.98565068959208,0.87502253,0.00042253648
12978,0.9401420131924756,0.6795269,0.0003326351
12979,0.6506726942808585,1.088699,0.00089002366
12980,0.7280811577137146,0.9903932,0.00087204337
12981,0.862382333942332,0.6697538,0.006778564
12982,0.7990665556132882,0.6569245,0.0033623115
12983,0.8372046917150033,0.9083712,0.0013125602
12984,0.7271312190379603,0.9966573,0.0031465483
12985,0.9122164837555754,0.97497267,0.0051873093
12986,0.9036245173843714,0.822058,0.003982631
12987,0.897528934619944,0.434184,0.005034477
12988,0.8266704940315959,0.90141124,0.00032364496
12989,0.9534515965225274,0.9361705,0.00084507297
12990,0.77810591307839,0.9394296,8.091124e-05
12991,0.9999977193478796,0.060113665,0.0094666155
12992,0.9116575609453252,0.79940206,0.0031465483
12993,0.7696997905621991,0.7881715,0.005672777
12994,0.9511390103359018,0.5753805,0.0028498736
12995,0.83660459907692,0.915541,0.0018879289
12996,0.984792693756422,0.6307655,0.00042253648
12997,0.6989951635931719,0.977885,0.0005753688
12998,0.8621795388775065,0.77826166,0.0051333685
12999,0.5187080225019461,0.96040016,0.00044051674
13000,0.8205296986062828,0.64290917,0.008118095
13001,0.9999984961614188,0.077378735,0.004486079
13002,0.5524727854580112,1.0620258,0.00024273372
13003,0.9334980587845206,0.8561053,0.0014204418
13004,0.7816949981237048,0.9504938,0.000979925
13005,0.6627747028889264,1.2061187,0.0003506154
13006,0.8491434173577554,1.1764196,0.0029128047
13007,0.7928840043138199,0.5798626,0.003596055
13008,0.9987653164958876,0.06517249,0.004701842
13009,0.8152136750898227,0.46725193,0.008900236
13010,0.7470819409185625,0.9108925,0.00012586193
13011,0.8241918080325439,0.61149585,0.0034881735
13012,0.8609483405061346,0.8611168,7.19211e-05
13013,0.8069941677407719,0.95851445,0.0003146548
13014,0.9740809447306584,0.61155844,0.0006113294
13015,0.7907587520484162,0.76261896,0.0040995027
13016,0.9992786759626012,0.6815084,0.0010608362
13017,0.7464606497917201,1.1067032,0.024938643
13018,0.7593071150033835,0.790522,0.0015552938
13019,0.8423833647547052,0.8948005,0.0006293096
13020,0.6919858693221893,1.0294063,0.0017710571
13021,0.8456607470734587,0.9261213,4.4950688e-05
13022,0.9247794354087772,0.4368691,0.011840012
13023,0.8233790577086074,0.66638505,0.0012676094
13024,0.8212046032025546,0.75597394,0.0018969191
13025,0.8149986266160306,0.76397586,0.0021935937
13026,0.8560468111616626,0.6387054,0.003973641
13027,0.7767405578089078,0.6072805,0.0051243785
13028,0.8321851741191687,0.70126545,0.0060773334
13029,0.9783045519264204,0.74140626,0.00016182248
13030,0.9863232717349504,0.17736211,0.032400455
13031,0.656089293397633,0.72958136,0.0030746271
13032,0.7804260243739717,1.0047262,0.0014653924
13033,0.9977056349988114,0.6484642,0.00044051674
13034,0.8313279628091481,1.0788527,0.0017081262
13035,0.9999988896531008,0.07102124,0.009484596
13036,0.9928510479277428,0.286248,0.016119316
13037,0.7143329808334264,0.8777068,0.0012136686
13038,0.6681686473569471,0.9137473,0.0010518461
13039,0.8462185151259111,0.77871597,0.0006922406
13040,0.8814393293069905,0.5460488,0.0040995027
13041,0.7665184713371649,0.5340226,0.0044051674
13042,0.7461867668297297,0.7236684,0.004477089
13043,0.8790976294814138,0.5395716,0.0076146466
13044,0.8630173051842871,0.7777565,0.0051783193
13045,0.6987841522867572,1.189997,0.00087204337
13046,0.9225877154523986,0.85315937,0.00010788166
13047,0.9779761592093188,0.6301744,8.9901376e-05
13048,0.7621364044961855,0.8276527,0.0007012308
13049,0.9502698254308096,1.0025126,0.0005573885
13050,0.8226772802851275,0.53493303,0.004504059
13051,0.7002252798394472,1.0976166,0.00325443
13052,0.7975057664450038,1.0241433,0.0005394083
13053,0.999936011727195,0.0662428,0.0064908797
13054,0.7620425876085952,0.9039793,0.0013305404
13055,0.956578417809538,0.8617938,0.002283495
13056,0.9095919674293916,0.7419958,0.0014204418
13057,0.4392624645587533,1.0535183,0.0
13058,0.8836375215266588,1.0603341,0.0003775858
13059,0.9999951356171668,0.05844065,0.00846871
13060,0.9003862097351842,0.62528604,0.0013575108
13061,0.9892305156342662,0.6741331,0.0019059093
13062,0.9999964371297418,0.11735412,0.008774375
13063,0.700074896256101,0.622928,0.010626343
13064,0.7763641702724918,1.0169599,0.0007102209
13065,0.7292480819164123,0.95963806,0.00017980275
13066,0.6210054456917706,1.0453384,0.0006652702
13067,0.9964039677875524,0.7381605,0.0010698264
13068,0.9995270011197552,0.100698814,0.0020587416
13069,0.9300739546103882,0.5178394,0.0015283234
13070,0.8575386418946227,0.9092347,0.0021846036
13071,0.9488349976281087,0.64264303,0.00032364496
13072,0.992068318572366,0.30469972,0.027222138
13073,0.9413475181941908,0.48015118,0.0026610808
13074,0.9148337544294336,0.91843814,0.00012586193
13075,0.8564577997184183,0.9135768,0.0028318935
13076,0.9770768478102234,0.6730167,0.012172647
13077,0.6531203975241586,1.1639693,0.00025172386
13078,0.7348121110601488,1.0927964,0.008981148
13079,0.9998182868601256,0.29407367,0.009412674
13080,0.704644200515521,0.8921752,0.004027582
13081,0.9570329453193994,1.0774684,0.0006382998
13082,0.9983587669569872,0.18940401,0.035807718
13083,0.8696991577179674,0.48416197,0.0034342327
13084,0.8649434867615915,0.8161869,0.0033173608
13085,0.850043071615695,0.8880322,0.0008001223
13086,0.902622797987196,0.4774799,0.00456699
13087,0.4551815022399406,1.0275325,0.00027869426
13088,0.9341880073232596,0.8154084,0.0038118185
13089,0.6361900587620187,1.050072,0.0022475345
13090,0.7918301935322969,0.82210594,0.00261613
13091,0.9998240902104778,0.29069564,0.0058525796
13092,0.9645614638229788,0.4863437,0.007902331
13093,0.7452351116285809,0.48805535,0.005933491
13094,0.8581314658779411,0.9086547,0.0015552938
13095,0.9988275015100144,0.98864144,9.889151e-05
13096,0.9999993812157988,0.07658169,0.0047288127
13097,0.876106024907523,0.85154593,0.0006742603
13098,0.9192827553947686,0.6966294,0.00045849703
13099,0.7778335897941885,0.899997,0.0012136686
13100,0.890907120916334,0.6823583,0.000782142
13101,0.943376555120694,0.73993975,0.0006652702
13102,0.930138271828804,0.7022437,0.0010878067
13103,0.951874230082788,0.7742853,0.001366501
13104,0.8144851138361284,0.9696994,0.0031735187
13105,0.6428763006420701,0.9061338,0.0025172385
13106,0.890370671798258,0.8790234,8.9901376e-05
13107,0.7207332941387907,0.9535401,0.000260714
13108,0.8897725122291462,0.6734473,0.0007282012
13109,0.8027974525097872,0.9365785,0.0006113294
13110,0.8248311095201308,0.7041788,0.0032094792
13111,0.7992337745068786,0.9634591,0.0036769663
13112,0.9312058742785876,1.1559443,0.008621542
13113,0.7367840641858617,0.8356108,0.0017261065
13114,0.9999995045526476,0.07683768,0.009439644
13115,0.9570329453193994,0.9319713,0.0010518461
13116,0.9011605641113356,0.86213654,0.0013575108
13117,0.9999982433531276,0.078626215,0.0047288127
13118,0.7045112188249119,0.81561655,0.0007371913
13119,0.7849096150140812,0.9876117,0.0026251203
13120,0.7925458826394967,0.6578616,0.0063200668
13121,0.9609820839436404,0.7128641,0.0004944576
13122,0.922160878178692,0.5098229,0.0073629227
13123,0.8073970700811176,0.65909636,0.01040159
13124,0.7425718089525388,0.8926392,0.0005573885
13125,0.7926788793001776,0.9302187,0.00041354634
13126,0.7159437084759177,1.1170933,0.0013215502
13127,0.7701194285272446,1.0448153,0.004180414
13128,0.7850603214519114,0.9837446,0.002993716
13129,0.9999776647391788,0.07730762,0.0043602167
13130,0.8077721579252821,0.74381256,0.0013485206
13131,0.7772616256221121,0.488932,0.0066257315
13132,0.9975719407272255,0.34956086,0.009304793
13133,0.8087829415463883,1.1837537,0.000782142
13134,0.7630508241378082,1.1717216,8.990138e-06
13135,0.9988874221109284,0.92426276,0.0005753688
13136,0.8498258424812102,0.31397003,0.00979026
13137,0.924648493012232,0.937888,0.0011237672
13138,0.9361825605163024,0.64917374,0.002750982
13139,0.8070024216691146,0.93870115,0.002858864
13140,0.9997985818703312,0.059162125,0.0064908797
13141,0.8521175705527753,0.7608584,0.003955661
13142,0.9097329190241336,0.6294849,0.002085712
13143,0.9189534601420768,0.6135898,0.01564284
13144,0.8061510351978576,0.4931396,0.008019203
13145,0.6369219138796703,1.1169971,0.00089002366
13146,0.7452029643717633,0.9024368,0.0026880512
13147,0.7284029566806618,0.6307196,0.004629921
13148,0.7317809485575164,1.0549283,0.0019418697
13149,0.9014466723751654,1.0488619,0.0003056647
13150,0.8776813622573544,0.7513968,0.0006832505
13151,0.979950936951986,0.922166,0.0011597278
13152,0.7902901911894211,0.9276366,0.002733002
13153,0.9347668185466363,0.4833398,0.0078394
13154,0.8614907136366521,0.9060473,0.0005573885
13155,0.8876239554493407,0.4570249,0.003191499
13156,0.9407148481969204,0.8272137,0.001438422
13157,0.999999166803784,0.062462598,0.009412674
13158,0.979950936951986,0.84223896,0.0012136686
13159,0.9146278028934378,0.44147947,0.0002876844
13160,0.9990170939176716,0.5144912,0.000260714
13161,0.9715342499900678,0.4112734,0.0021666232
13162,0.5402277462302844,1.2163491,0.000260714
13163,0.9999887813137932,0.057876702,0.06427948
13164,0.8981487924565492,0.98097456,0.00041354634
13165,0.9812029791995116,0.517717,0.0017890374
13166,0.7467655640217084,1.0157994,0.00087204337
13167,0.8382928689168114,0.67806363,0.0027150216
13168,0.7410343982383851,0.842493,0.0073988833
13169,0.8932220150731197,0.7515555,0.0005753688
13170,0.7194711022993587,0.91272104,0.0030746271
13171,0.9345804304574142,0.7593632,0.0008001223
13172,0.837837846173692,0.43284526,0.010131885
13173,0.8684250045762332,0.8147379,0.0047288127
13174,0.8647252877935099,0.5516333,0.005609846
13175,0.8162450344938362,0.87925464,0.00074618147
13176,0.6392490075843231,1.1769215,0.00022475344
13177,0.5968795127997157,1.2629863,1.7980276e-05
13178,0.8149093894142246,1.0725743,0.0008540631
13179,0.8077337219138913,0.83127385,0.0043602167
13180,0.8993074931705587,0.29421076,0.0049985168
13181,0.7804442357826584,0.6890899,0.0033173608
13182,0.9996463629198852,0.07887702,0.0021846036
13183,0.5322458002134124,1.3426386,0.0006562801
13184,0.6116853623036596,1.0749556,0.0011866982
13185,0.7502113454489759,1.2157156,1.7980276e-05
13186,0.7797652164600247,0.84210557,0.002346426
13187,0.8440098252364832,1.0357567,0.00027869426
13188,0.6427336905013914,1.1292088,0.0021396528
13189,0.7117181228583283,1.1301022,0.0018609585
13190,0.8240475821664345,0.7124527,0.0017890374
13191,0.8829899971576813,0.94860464,8.091124e-05
13192,0.864060705184263,0.592515,0.007219081
13193,0.8863143886381576,0.7211876,0.002022781
13194,0.9549332360253866,0.6559769,0.00048546743
13195,0.8268329190614322,1.2401112,0.0009889152
13196,0.8181999512276551,0.7587605,0.006454919
13197,0.95538288976199,0.6897881,7.19211e-05
13198,0.9999991617247416,0.074116305,0.004746793
13199,0.8536079287882493,0.64413375,0.0064099682
13200,0.7484284838300157,1.0145499,0.0019059093
13201,0.8691741748144405,0.88453716,0.0013395306
13202,0.999998265683994,0.06294552,0.009358734
13203,0.8200578907385607,0.8314383,0.0016002445
13204,0.9999982496037422,0.060623217,0.009412674
13205,0.8816980066562778,0.76315403,0.0013934714
13206,0.993317457883622,0.9717291,0.00032364496
13207,0.7404531992053804,1.0961583,0.0048007336
13208,0.7251905696711067,0.7996589,0.0032454398
13209,0.9233436049326942,0.56630266,0.0011956884
13210,0.8996176397266682,0.7077432,0.0055828756
13211,0.9964621751642224,0.54797363,0.0006023392
13212,0.5535041311393804,1.0416083,0.0010788166
13213,0.7841419049280043,0.7653005,0.008585582
13214,0.9435603595312452,1.1079422,6.2930965e-05
13215,0.9807625936116824,0.77462596,0.004252335
13216,0.9627390410066918,0.35884878,0.0070212977
13217,0.9753368474357442,0.3220434,0.0014833728
13218,0.8854715984662332,1.2528689,0.0
13219,0.99999942424471,0.06473308,0.0092868125
13220,0.9249128483493648,0.52356505,0.012181637
13221,0.9468355709772868,0.505621,0.00010788166
13222,0.620707253742003,1.180903,0.0006203195
13223,0.7668313651824381,0.4482713,0.009035088
13224,0.8971616834933509,0.8697836,0.00016182248
13225,0.8811960118715894,0.8104342,0.0010878067
13226,0.9943160099292182,0.32192263,4.4950688e-05
13227,0.9123365080774204,0.5638669,0.008414769
13228,0.9839553559757002,0.47514525,0.004701842
13229,0.9981544284593976,0.18072486,0.09063857
13230,0.9999988906960104,0.06323948,0.009484596
13231,0.8226782531033165,0.95698243,0.003065637
13232,0.9999996650849752,0.07590732,0.009232871
13233,0.835975860115534,0.8255686,0.0016092347
13234,0.9999994155220716,0.07733322,0.0047827535
13235,0.9410431486333206,0.72025377,0.016685696
13236,0.9177303426643758,0.6427393,0.0015822642
13237,0.7289063409298455,0.6369036,0.0010608362
13238,0.9968863088979204,0.19706868,0.079391904
13239,0.6883325220558288,0.6943024,0.0032903904
13240,0.9999343742901914,0.07637853,0.0003596055
13241,0.9999980087081284,0.07938327,0.004629921
13242,0.8241364522279981,0.7514811,0.0016811558
13243,0.936830982844334,0.9175286,0.005421053
13244,0.9486420890706542,0.7613603,0.0006742603
13245,0.7880815189654506,1.0090406,0.0023644064
13246,0.9302141642454312,0.68885154,0.0030476567
13247,0.8024874032306252,0.95039636,9.889151e-05
13248,0.8328795169227989,0.8658397,0.00046748717
13249,0.7622201626591576,0.81526697,0.0022385444
13250,0.8082960984106464,0.84442294,0.0028948244
13251,0.7815547924001709,0.82554066,0.000782142
13252,0.7783516601173812,0.6874695,0.00041354634
13253,0.7396028965026918,0.80001545,0.00038657594
13254,0.8719932597735083,0.69646466,0.0015283234
13255,0.9312121372046146,0.44877434,0.01570577
13256,0.9817972633817792,0.8239816,0.00012586193
13257,0.9261182556049564,0.65101933,0.0010608362
13258,0.9414754953420206,0.7776134,0.00036859565
13259,0.8904968514135625,0.75520706,0.003730907
13260,0.8668950540676301,0.56286156,0.0021036922
13261,0.7264965200446976,0.99623513,8.9901376e-05
13262,0.936830982844334,1.1096947,0.006976347
13263,0.7943480618698664,0.70450795,0.0044141575
13264,0.9198208804672128,0.9204255,0.00077315187
13265,0.8527181889592407,0.949655,0.004423148
13266,0.9760688441697328,0.59400904,0.008810335
13267,0.8818395189859971,0.508578,0.0023014753
13268,0.8928708023115113,0.47450954,0.00086305325
13269,0.9214395901347308,0.6939741,0.002544209
13270,0.7943860374937171,0.9281493,0.00089002366
13271,0.9030236283842528,0.69271636,0.0018519684
13272,0.8024982287346915,0.8701542,0.00091699406
13273,0.9999235930516296,0.043888133,0.009295803
13274,0.7219485083302467,0.8338828,0.0023374357
13275,0.8882587949163917,0.5925265,0.00717413
13276,0.7388315276445828,1.0096041,0.00042253648
13277,0.8618602410174934,0.6495163,0.0018699487
13278,0.9870692454843414,0.032850776,0.011327574
13279,0.9869539632093772,0.09164127,0.023536181
13280,0.9402053274091772,0.7200212,0.0008360828
13281,0.8191314963110681,0.9632123,0.00039556605
13282,0.7292761607757688,0.7935173,0.00848669
13283,0.999817887810649,0.06189199,0.008531641
13284,0.9889382398590596,0.6904176,0.00015283235
13285,0.9999989735540616,0.06777196,0.009448634
13286,0.8606955497874869,0.85530216,6.2930965e-05
13287,0.4259751337699384,0.93206024,0.0
13288,0.832662318835134,0.6286174,0.005537925
13289,0.7525792283160977,1.2823545,0.00017980275
13290,0.8762101091137414,0.90439814,0.0006023392
13291,0.8159122406284318,0.6370068,0.001627215
13292,0.9363069392185832,0.6984612,0.0020048008
13293,0.997815074624407,0.7520947,8.990138e-06
13294,0.9999947176297164,0.0911501,0.005025487
13295,0.8496090135871283,0.94434696,0.004027582
13296,0.842212358006384,0.8005345,0.001177708
13297,0.8208333301167446,1.2509611,0.003982631
13298,0.9455986892706022,0.516272,0.00036859565
13299,0.88284434579158,0.4261797,0.003389282
13300,0.81257015799034,0.294949,0.012801956
13301,0.9438457271925866,0.7169749,0.00015283235
13302,0.8958708500499335,0.935105,0.0021666232
13303,0.779915875172116,0.98248315,0.0007641617
13304,0.828956223823672,0.879824,0.00719211
13305,0.9999978118900764,0.11496441,0.009475606
13306,0.8080025738848875,0.9713689,0.0033713016
13307,0.7284105811086283,1.054341,0.00013485207
13308,0.6805582699125563,1.240368,0.00017980275
13309,0.9887556008434386,0.24999471,0.014303309
13310,0.7836527004386665,0.75779647,0.003784848
13311,0.9076783732176568,0.42922714,0.00034162524
13312,0.999997268215321,0.058292817,0.009322773
13313,0.8807518727817986,0.87339735,0.0005034477
13314,0.9766115935368324,0.6783779,0.0011687179
13315,0.596793389362475,1.130568,8.990138e-06
13316,0.7542079542230264,0.7723066,0.005492974
13317,0.820983942926519,1.0797566,9.889151e-05
13318,0.8816643002331628,0.7128156,0.006400978
13319,0.8574505606148436,0.60596704,0.012739025
13320,0.9999977842239746,0.05958069,0.009439644
13321,0.740763429363793,0.9796394,0.003119578
13322,0.8759941935357881,0.6759619,0.010545432
13323,0.9822330889920632,0.22063132,0.028372874
13324,0.7369196084137865,1.0729033,0.001042856
13325,0.9914888949643648,0.46222174,0.0028318935
13326,0.7544747867060215,0.9083712,0.0014204418
13327,0.9999981783596164,0.08194768,0.004638911
13328,0.761082968706399,0.77415746,0.0013575108
13329,0.7551351456534339,1.009356,0.0006742603
13330,0.7987630956103757,0.7879374,0.0046568913
13331,0.9167164970555512,0.73692673,0.007695558
13332,0.8733595993094623,0.88930035,0.0001438422
13333,0.6423142654528392,0.84140337,0.00023374359
13334,0.8458209275694489,0.9191837,0.0027240117
13335,0.6508560711252372,0.9704233,0.0011237672
13336,0.9969858915552092,0.5029706,0.0010788166
13337,0.9803462476568984,0.567195,0.0005663787
13338,0.8457868602683346,0.73128664,0.0022025837
13339,0.8161578910803026,0.65009177,0.002085712
13340,0.812709081947553,0.9058594,0.006212185
13341,0.8988088145021753,0.8453945,0.00032364496
13342,0.7699612979900347,1.0741948,0.0033623115
13343,0.8501597656594955,0.8767249,0.0030206863
13344,0.8230412855707838,1.2214603,0.0010878067
13345,0.8492021658122461,0.7353576,0.0012046784
13346,0.8452378759237617,0.680582,0.004027582
13347,0.7659628454569434,0.48325437,0.007758489
13348,0.6856832284306932,1.1230286,0.0013485206
13349,0.7421175839451833,0.93598384,4.4950688e-05
13350,0.8769555095856765,0.46382916,0.008603562
13351,0.92730940732217,0.83742297,0.004513049
13352,0.9770657836262696,0.5021309,0.0021756133
13353,0.8854342700306287,0.3225864,0.013215503
13354,0.9724126126564906,0.71555465,0.0017980275
13355,0.965170189154151,0.45390376,0.0021036922
13356,0.7396724547646107,0.84726846,0.0058525796
13357,0.7877838092625391,0.889483,0.00024273372
13358,0.9997993601042608,0.05957119,0.0053221616
13359,0.956271816902152,0.59005266,0.0019958105
13360,0.8145668789496805,0.74646914,0.0048726546
13361,0.7348013134719854,0.8892406,0.0021666232
13362,0.8814199180925494,0.77700007,0.0017171163
13363,0.8786591648121855,1.0908015,0.0011866982
13364,0.7566730465576657,0.71560776,0.002993716
13365,0.8394611911804718,0.7552708,0.0024992584
13366,0.9094860168500228,0.45058897,0.006445929
13367,0.8556163154526152,0.4798819,0.016721657
13368,0.7588666979301424,1.018346,0.00010788166
13369,0.6850349248115574,0.9743867,0.0036140354
13370,0.5785006851477404,1.0009751,0.00046748717
13371,0.9985886157950769,0.18217477,0.062418528
13372,0.8327220230596389,0.63685983,0.010761195
13373,0.8236441187480513,1.0651989,0.0006293096
13374,0.875008267793844,0.63509,0.0036769663
13375,0.8299235580931899,0.5109841,0.010626343
13376,0.8358212207151224,0.87556535,0.003326351
13377,0.9999951896127932,0.059534535,0.008558611
13378,0.999994507405768,0.043206364,0.06529537
13379,0.9967145157599956,0.391656,0.00016182248
13380,0.8829584539883548,0.5863088,0.009619447
13381,0.9297516472645908,0.72645545,0.0016362051
13382,0.727677962445036,1.0504622,0.0028408836
13383,0.67120852096075,1.0112653,0.0019778304
13384,0.8509546757238713,0.6832896,0.0031825087
13385,0.8983530480242344,0.7560348,0.0006203195
13386,0.7973371034043235,0.8143266,0.008190015
13387,0.9996624201140356,0.5953646,0.00025172386
13388,0.93604044530678,0.61617005,0.0028948244
13389,0.9970641525563192,0.64439553,0.0010248757
13390,0.6489174133700134,0.7588686,0.0013485206
13391,0.8557123120357412,0.9172632,5.394083e-05
13392,0.8712124193596358,0.64867246,0.006382998
13393,0.9368707527529364,0.46466026,0.0018429783
13394,0.8085931045388773,0.77538383,0.0030386667
13395,0.6448786856545659,1.0085468,0.005088418
13396,0.8508097259573578,0.7736429,0.0010788166
13397,0.9888473269365152,0.26917323,0.043647118
13398,0.9313269721933328,1.0006928,9.889151e-05
13399,0.9521762854968038,0.6783126,0.00011687179
13400,0.8978470014711906,0.84621173,0.0007551716
13401,0.8031000924339884,0.5227908,0.0043422366
13402,0.7882081966738563,0.928493,7.19211e-05
13403,0.8659969828140683,0.9044497,0.002220564
13404,0.9014101581241069,0.6313331,1.7980276e-05
13405,0.729116967627338,0.8120191,0.000521428
13406,0.9945912566368396,0.8893269,0.0
13407,0.8594696461212485,0.6599961,0.0003146548
13408,0.7072687711279607,1.1259664,9.889151e-05
13409,0.8219155380387081,0.51754713,0.00651785
13410,0.8973018570088706,0.6084871,0.00020677317
13411,0.781351851227148,0.70146275,0.016982371
13412,0.7953074439872043,0.75459456,0.0038837395
13413,0.8275008875762667,1.0398681,0.0043602167
13414,0.7282982996203717,0.8306117,0.0029128047
13415,0.7240665588548608,0.7942223,0.0030746271
13416,0.8564640275769417,0.81847644,0.001438422
13417,0.8645664068411415,1.1454893,0.0018519684
13418,0.758991997633236,0.8683296,0.00023374359
13419,0.8312511184057061,0.828093,0.0025531992
13420,0.9418055264703532,0.8126278,0.00023374359
13421,0.8964811334379595,0.6587337,0.0032184694
13422,0.9024763427219932,0.87313306,0.002750982
13423,0.9011199670866132,0.611868,0.0035780747
13424,0.8276057643263788,1.1493818,0.00021576331
13425,0.8887162248587881,0.9178067,0.0012046784
13426,0.9997974466678377,0.0512236,0.0053221616
13427,0.6846420506974666,1.1370436,0.002229554
13428,0.6263253272011322,1.3416728,0.0021666232
13429,0.8198589947721553,1.0320371,0.002804923
13430,0.7964760343675013,0.4107088,0.00652684
13431,0.877271719737598,0.82819504,0.0017710571
13432,0.9667103170043576,0.7495093,0.0008001223
13433,0.6875943476291062,1.0675777,0.0011866982
13434,0.9616925726943216,0.4206795,0.009223881
13435,0.8489270431428444,0.8617202,0.0003326351
13436,0.8283676843078028,1.2968605,0.0002876844
13437,0.8405662899188534,0.81293887,0.005277211
13438,0.9975026664889008,0.30225623,0.020380642
13439,0.8591517509645046,0.87228066,0.0013485206
13440,0.8006796084065946,0.59935695,0.0053311517
13441,0.878627232400304,0.90710294,0.00041354634
13442,0.9999996986609472,0.07020804,0.009511566
13443,0.7288216892149807,0.63430923,0.0035690847
13444,0.8451409502648847,0.7932902,0.001501353
13445,0.6943936698332289,1.4054728,0.0029128047
13446,0.9522314870372112,0.68617666,0.0044680983
13447,0.9999980148544864,0.08112418,0.0050614476
13448,0.7997384972488989,0.9522812,0.0025531992
13449,0.7974694241545932,0.59517014,0.004261325
13450,0.9906884708835269,0.5409669,0.0019688401
13451,0.9367697790691744,0.5892715,0.00845073
13452,0.7106237896821326,1.0350327,4.4950688e-05
13453,0.7062579031913669,0.84602684,0.005277211
13454,0.9979478012732964,0.1764489,0.09118697
13455,0.8807161566835507,0.25422454,0.012801956
13456,0.9999978118900764,0.10319864,0.009511566
13457,0.553730496354285,0.9561427,0.00089002366
13458,0.999999486873535,0.06405768,0.009502576
13459,0.8059322254557466,0.95440423,0.0019778304
13460,0.8364603189123918,0.9272863,0.0006562801
13461,0.6808548451614852,1.0228047,0.00036859565
13462,0.8401804606822919,0.71800387,0.004432138
13463,0.9560618722788028,0.4419926,0.04050956
13464,0.8487627136766482,0.832092,0.0036769663
13465,0.9219290931571968,0.5312798,0.004953566
13466,0.7251378866967305,1.3370343,0.0005034477
13467,0.9870421363677384,0.08757867,0.055648953
13468,0.9136265169753726,0.7866476,0.00034162524
13469,0.891657662752514,0.7588535,0.0023823865
13470,0.9126587337528912,0.49794668,0.010949988
13471,0.940380124882775,0.8386121,0.0005753688
13472,0.8622716839145963,0.90176237,2.6970414e-05
13473,0.7920672251714592,1.2606546,0.001240639
13474,0.8986317765192207,0.87124366,0.0015193333
13475,0.7653591345163513,0.68449444,0.0028858343
13476,0.9843161300039408,0.63382125,0.00012586193
13477,0.9401420131924756,0.9129638,0.0001887929
13478,0.9146784535097252,0.63578993,0.004234355
13479,0.9341494965846132,0.63518536,0.000782142
13480,0.9326551042773928,0.7631166,0.000782142
13481,0.7464996987668081,1.0828891,0.0008360828
13482,0.8994406134600247,0.99650025,0.0027240117
13483,0.735422874659786,1.1097871,0.0
13484,0.8525108274040372,0.82153106,0.008594572
13485,0.6798613492619044,0.93547636,0.00081810256
13486,0.7861942410340818,0.80696386,0.002876844
13487,0.9380501822492788,0.69575495,1.7980276e-05
13488,0.9020183174287786,0.8822437,0.00042253648
13489,0.8453553395439393,1.0402311,0.0002876844
13490,0.8161566517988654,0.946728,0.00087204337
13491,0.7242107698269153,0.93399745,0.0017261065
13492,0.8405023665047795,0.49477333,0.0013485206
13493,0.9997848249193952,0.0641914,0.006203195
13494,0.7116855830974671,1.0883745,0.00058435893
13495,0.8422665862485873,0.93303144,0.00058435893
13496,0.9367534229272636,1.1440327,9.889151e-05
13497,0.9092292995056988,0.9589118,0.0008001223
13498,0.7753717266295481,0.9429282,0.0034342327
13499,0.6495285512409497,1.1755846,0.0025082484
13500,0.946205438501616,0.8053252,0.0028858343
13501,0.7223164948505009,1.0766908,1.7980276e-05
13502,0.8853247383263878,0.86004555,0.0017530769
13503,0.9989977788774302,0.6734964,0.001105787
13504,0.6749446486013986,1.4443088,0.0003506154
13505,0.9754266269908852,0.2538734,0.0012765996
13506,0.8129131586976712,0.5285463,0.003461203
13507,0.9428156612599518,0.23974179,0.005007507
13508,0.811879932168284,0.848739,0.0034072623
13509,0.7976025663677903,0.9015065,0.0025801696
13510,0.653290366038715,1.1420504,0.000521428
13511,0.8496858375986052,1.1229352,0.0034072623
13512,0.7919480933878845,0.65749615,0.005349132
13513,0.7961576869340523,1.1982712,0.0042793057
13514,0.7240659831508793,0.9651047,0.0019688401
13515,0.8461869397715348,0.5467516,0.0036769663
13516,0.8179654165577198,0.7307869,0.004000611
13517,0.8299770649874079,0.63467616,0.0065538106
13518,0.7291438814835948,0.9189038,0.009619447
13519,0.8009642795060306,0.72628474,0.0030206863
13520,0.8705389618152413,0.67458916,0.013134591
13521,0.9314960954029698,0.7574185,0.0036320158
13522,0.8244212852956281,0.93914884,0.0026790611
13523,0.7081074634749086,0.81315064,0.0028498736
13524,0.8849249328274492,0.67762125,0.0031735187
13525,0.857004063061012,0.79282534,0.0064279484
13526,0.9946957869482426,0.52807003,0.00077315187
13527,0.5912213913854404,0.9002225,0.00041354634
13528,0.9519818481331472,0.7049809,0.0014024616
13529,0.9525609030421136,0.91568387,0.00023374359
13530,0.8943706078182686,0.9899845,0.0004944576
13531,0.6755419817407302,1.002351,0.0017171163
13532,0.7020610919901683,1.0484369,0.0009889152
13533,0.8663741360405567,0.6197528,0.0060773334
13534,0.8378106641708822,1.1769024,2.6970414e-05
13535,0.6771678791326441,1.3387319,0.00093497435
13536,0.8180608121493567,0.7572475,0.0028229032
13537,0.8142328913994659,0.68190634,0.011714149
13538,0.9933527128093156,0.45459786,0.0016811558
13539,0.7746800390440125,0.87316895,0.0053401417
13540,0.8225637418796249,0.62740266,0.0041354634
13541,0.8866027030003037,0.911369,0.00325443
13542,0.7876217018843567,0.8129234,0.002022781
13543,0.5257937362334422,1.0041809,0.00017980275
13544,0.7751125739168521,1.1780164,0.0017171163
13545,0.8249140522116144,1.0539613,0.0030386667
13546,0.8643505165087535,0.8929682,0.0
13547,0.9763537844545792,0.5516405,0.0011417475
13548,0.8677492730375675,0.994693,0.0035331242
13549,0.8834297376115008,0.8153607,0.0009979053
13550,0.7802942317400136,0.9219156,0.0003056647
13551,0.7563937152653702,0.54885674,0.006967357
13552,0.964606068263651,0.6096154,0.0022924852
13553,0.7307903755226934,0.9978263,0.0005753688
13554,0.8986632853315536,0.6785004,0.0019958105
13555,0.8948106314347821,0.7408903,0.0059155105
13556,0.8897725122291462,0.5832161,8.9901376e-05
13557,0.7775255410701092,1.0614551,0.00017081262
13558,0.6339169129962045,1.2801113,0.0008360828
13559,0.992785237403427,0.72785485,0.00011687179
13560,0.9287365592472068,0.78796697,0.0013215502
13561,0.9999922449242116,0.055805996,0.00851366
13562,0.7257872522131007,1.0971699,9.889151e-05
13563,0.9397149591532712,0.92266613,0.0015373136
13564,0.7675230309457489,1.0501539,0.0022025837
13565,0.752398500039722,0.97118783,0.0003326351
13566,0.8609114462403964,0.8246004,0.0017081262
13567,0.9991219954530356,0.57462317,0.009682379
13568,0.8443078159115041,0.87307453,0.00039556605
13569,0.932448666510608,0.41827145,0.0026970413
13570,0.9089235906612864,1.0080409,0.0012496292
13571,0.9999266447015952,0.043949403,0.050641447
13572,0.7536649478557248,0.79106385,0.0017261065
13573,0.8635477035620386,0.8455347,0.001564284
13574,0.971287582331052,0.32836673,0.009205901
13575,0.8955728783076186,0.4864149,0.009376714
13576,0.8513503487836156,0.7224006,0.008747404
13577,0.936202540494731,0.93806386,0.0010698264
13578,0.9399750854038618,0.9961756,0.0003775858
13579,0.7970160410561398,0.69038343,0.0022745049
13580,0.9999822275846514,0.054227125,0.0070932186
13581,0.6344164961128943,0.92553264,0.0042703156
13582,0.8711223426012222,0.43600693,0.0076056565
13583,0.8612938699513599,0.62058926,0.0008810335
13584,0.9538345182856244,0.49157718,0.0020587416
13585,0.8241223129811213,1.0327479,0.0043152664
13586,0.9746924349539868,0.71586233,0.00026970415
13587,0.8512719793642796,1.0697501,0.0004045562
13588,0.893122646073235,0.62492317,0.0029667455
13589,0.956407118981654,0.5619219,0.0003775858
13590,0.8619281344396215,0.8832897,0.0012136686
13591,0.7082879901883777,1.0414027,0.00039556605
13592,0.8480100854141897,1.0004662,0.0007102209
13593,0.805691623540997,0.89803255,0.00326342
13594,0.9188104909769932,0.88752407,0.0001438422
13595,0.6543435676056968,1.3231455,0.0011597278
13596,0.9888910944519936,0.19619082,0.06123183
13597,0.7806671773687767,0.9558395,0.0007282012
13598,0.9261908398831092,0.77408797,9.889151e-05
13599,0.8651698054448143,0.65869826,0.0031735187
13600,0.7894228692778275,0.68513966,0.005546915
13601,0.9999948902381872,0.05603905,0.009394694
13602,0.8602182615046959,0.68524325,0.0035061538
13603,0.7802724880092027,0.70052963,0.004513049
13604,0.6369874177750139,1.0238459,0.0005663787
13605,0.8055133902601854,0.722163,0.0036230255
13606,0.9181429735886644,0.7827196,0.003712927
13607,0.9424683167309156,0.66108525,0.009646418
13608,0.9999897397054182,0.046627145,0.0628051
13609,0.7917138526430069,1.0102456,0.0033623115
13610,0.9999893388698408,0.1326084,0.0051063984
13611,0.9457659348358468,0.47935167,0.00034162524
13612,0.9998415487593696,0.04347699,0.009187921
13613,0.7095953850404308,1.3029251,0.00017980275
13614,0.7136431502012044,1.0897787,0.0015193333
13615,0.999945289016777,0.039778784,0.06367715
13616,0.9674712544167928,0.55249417,0.0035600946
13617,0.8194569122330855,0.50308806,0.008109104
13618,0.7360584434679738,0.83059573,0.002220564
13619,0.9123538922499956,0.587825,0.0006922406
13620,0.9511933509745883,0.8998836,0.00011687179
13621,0.8524352510885354,0.5904527,0.0029667455
13622,0.7707354372317415,1.1169184,8.091124e-05
13623,0.7560593749301056,0.6842739,0.0031555383
13624,0.9999087259874836,0.060654566,0.002481278
13625,0.9419187822615676,0.60268265,0.0055559054
13626,0.8431083555911002,0.7715773,0.0022565245
13627,0.9808116490555456,0.69852704,0.002490268
13628,0.8823212688101305,0.7846342,0.0012496292
13629,0.9999995637404412,0.07506472,0.009457625
13630,0.9820002160743776,0.5702592,0.0007102209
13631,0.8569849057305619,0.7274624,0.0021935937
13632,0.6497928954343495,1.1753464,9.889151e-05
13633,0.8720832947402546,0.9788748,0.0013215502
13634,0.9102033350158656,0.98305756,0.00046748717
13635,0.9435666430229724,0.76574844,0.0043961774
13636,0.8056621829560688,0.9915307,0.0013575108
13637,0.7364873125429046,1.0412642,0.00091699406
13638,0.9358513048609628,0.35914326,0.014483112
13639,0.8962088789521656,0.9774594,0.0010068954
13640,0.7078658225236409,0.97399604,0.0020497513
13641,0.8760444261047559,0.5285555,0.0041444534
13642,0.9998537245713434,0.075841956,0.008001222
13643,0.874636565787809,0.8122051,0.0026790611
13644,0.8410344579530258,0.5936734,0.0053761024
13645,0.7688583100816414,0.630692,0.000979925
13646,0.7394640146881495,1.1555113,0.0005663787
13647,0.704872685168495,1.0009061,0.0032454398
13648,0.7269695863944222,0.920301,0.008010212
13649,0.8958618617095281,0.79186064,0.00039556605
13650,0.9004733939258076,0.84810466,0.0008091124
13651,0.96080739103551,0.43756872,0.002481278
13652,0.8114956195435463,0.6383863,0.006068343
13653,0.671890054359325,0.8904456,0.009232871
13654,0.9999984255038792,0.061923347,0.009376714
13655,0.8555811712857306,0.80600154,0.0011597278
13656,0.8197331708002538,0.9104324,0.0010518461
13657,0.7652222099391877,0.85142267,0.00094396446
13658,0.7715699148466088,1.1066546,0.0055828756
13659,0.5681935586547935,1.3181216,0.00016182248
13660,0.9992785994406724,0.09841153,0.09650913
13661,0.8141799057091393,0.99065804,0.0033982722
13662,0.8385967959916782,1.1899432,2.6970414e-05
13663,0.8594421022527732,0.8530813,0.0035421143
13664,0.8997729489509071,0.6894356,0.0016092347
13665,0.7256485315279173,0.92521596,0.0056458064
13666,0.9335704027475756,0.4240414,0.010833116
13667,0.9264802601433136,0.79071116,0.0006922406
13668,0.9999960689091916,0.0603754,0.009439644
13669,0.9049980662474544,0.18552406,0.046155367
13670,0.9883810174140992,0.73990214,0.0008540631
13671,0.987218161887937,0.39296523,0.0010518461
13672,0.8893890094349403,0.43604234,0.003856769
13673,0.9170416729236688,1.0884883,0.0006203195
13674,0.8614542077104724,0.7745558,0.0014474122
13675,0.8185745356984969,0.89875656,0.0056368164
13676,0.9158933473517402,0.6594597,0.005160339
13677,0.9388093474582372,0.7169385,0.0012136686
13678,0.8607071284267321,1.1308059,0.0023014753
13679,0.8881928104339694,0.70248806,0.0014923629
13680,0.9885337930903484,0.4235556,0.0013125602
13681,0.7235158777858656,0.94853187,0.00029667455
13682,0.8284294980386088,0.7818086,0.0040905126
13683,0.8752806437894858,0.95412624,0.006967357
13684,0.8142888502818618,0.7306971,0.003200489
13685,0.801888845450468,0.655174,0.002867854
13686,0.8163668247962417,0.7872601,0.004944576
13687,0.8473175372132281,0.67028123,0.0061492543
13688,0.8916427494738024,0.82836056,0.0043332465
13689,0.603224604282298,1.0603709,0.00036859565
13690,0.9298432467679094,0.42748132,0.0084777
13691,0.9999872232387368,0.06723843,0.0022924852
13692,0.8403977456737562,1.1444949,0.00029667455
13693,0.8015722926834593,0.8384128,0.0011687179
13694,0.8908285926115187,0.48050356,0.00652684
13695,0.7978567077578114,0.9709449,0.0014923629
13696,0.999997361916082,0.07817354,0.004899625
13697,0.7884550253950231,0.8709755,0.0013934714
13698,0.9998493989712116,0.06547464,0.0065897712
13699,0.8802715919389283,0.8597943,0.002346426
13700,0.7930020816416076,1.0439192,0.0005394083
13701,0.7212170222460713,0.7788197,0.00034162524
13702,0.9180167640929282,0.7897891,0.000260714
13703,0.8206694092745503,0.8644436,0.00036859565
13704,0.613205011483213,1.1110414,0.00094396446
13705,0.7699691823580387,0.9288345,0.0010068954
13706,0.7167600358746774,0.93987525,0.0006113294
13707,0.8567377156889625,0.71699816,0.012765996
13708,0.9999981768364176,0.058708794,0.009502576
13709,0.8774733498567754,0.79556406,0.002094702
13710,0.8536205491384851,1.0835936,0.0014923629
13711,0.8024156439961599,0.8213364,0.00130357
13712,0.8159947122341853,0.88340133,0.0010878067
13713,0.8578646567381378,0.7127845,0.0014024616
13714,0.6863447706623953,1.2524496,0.0025262288
13715,0.924026741935553,0.64005727,0.0037668678
13716,0.7751571395070448,0.8323094,0.0040815226
13717,0.7949951826465373,0.7574508,0.00043152663
13718,0.8862710775126279,0.40043804,0.008001222
13719,0.8185929146784079,0.8132398,0.0005034477
13720,0.8803389849660186,0.4741425,0.013395306
13721,0.6150043115477841,1.150057,0.0003775858
13722,0.8626344150497683,0.76349837,8.091124e-05
13723,0.7074689712101123,0.97818273,0.002472288
13724,0.9614500980028192,0.9617515,0.000782142
13725,0.9999963630076836,0.05618994,0.009394694
13726,0.8721619202440889,0.8622813,0.00013485207
13727,0.68618710039445,1.1923591,0.0038747494
13728,0.726166379186554,1.0047877,0.0024543076
13729,0.9750495249745808,0.86397064,0.00041354634
13730,0.9788214509124376,0.6168577,0.00058435893
13731,0.9999992785492734,0.0675484,0.009475606
13732,0.99999724356615,0.08153835,0.004890635
13733,0.64891759697139,1.0352699,0.0015103432
13734,0.7512031384443081,0.570926,0.0058615697
13735,0.5874688423699032,1.212561,0.0006652702
13736,0.92914821774438,0.3600229,0.011003928
13737,0.6736312911298474,0.945075,0.0006472899
13738,0.6744262091875903,1.0427139,0.00032364496
13739,0.759356541006454,0.8739498,0.0018699487
13740,0.99999984895886,0.07458778,0.009475606
13741,0.8561408318267854,0.5216824,0.0068235146
13742,0.8520314348587367,1.0602155,0.00024273372
13743,0.884983224832615,1.0224649,0.001824998
13744,0.8187626388497264,1.10309,0.00016182248
13745,0.801065597734489,0.92018235,0.00023374359
13746,0.9970679829402764,0.21443167,0.08066851
13747,0.8977770355998853,0.5045821,0.010041984
13748,0.9525609030421136,0.8316386,0.00019778303
13749,0.9186642508176068,0.7858751,8.9901376e-05
13750,0.8122857125281255,1.2032534,0.00024273372
13751,0.9964902073007348,0.65369713,0.00016182248
13752,0.8663600953939368,0.98442274,0.0049895267
13753,0.954355066305221,0.48775387,0.0053850925
13754,0.9410635323503638,0.5771033,0.0009889152
13755,0.9879906342384668,0.75075924,0.0006293096
13756,0.7884550253950231,0.94987315,0.0012676094
13757,0.8280937797969709,0.99495465,0.00017980275
13758,0.8546777229633291,0.61053425,0.0035151439
13759,0.967353121156848,0.39268133,0.0073629227
13760,0.7209646121424264,0.8619009,0.004701842
13761,0.8536005132835208,0.63494825,0.0032814003
13762,0.8370917050739548,0.6781528,0.0005394083
13763,0.7029318259745458,0.7386799,0.0062930966
13764,0.8466314360092018,0.91631556,0.0005034477
13765,0.7750774367160975,0.56656224,0.0042882957
13766,0.8548710902664619,0.79296505,0.0053131715
13767,0.9999996302433948,0.0698242,0.004701842
13768,0.8305671195057907,0.8580733,0.000260714
13769,0.8849423177538559,0.8714636,0.0017530769
13770,0.9995406936969624,0.04870822,0.0456699
13771,0.8213660025121303,0.77885896,5.394083e-05
13772,0.820439292664429,0.6666417,0.0028318935
13773,0.8069874924856792,0.4050161,0.008163045
13774,0.9043984919345563,0.7157587,0.0010068954
13775,0.982516662824844,0.27850962,0.014429172
13776,0.9011605641113356,0.67426443,0.0007282012
13777,0.6904679111431251,1.1787972,0.0004495069
13778,0.83335153717032,0.49790737,0.004890635
13779,0.943597247258812,0.5682939,0.0017980275
13780,0.94603911596386,0.4201476,0.010976958
13781,0.7787288698953624,1.1993951,0.002085712
13782,0.9205189569889888,0.6690987,0.001105787
13783,0.8158444297278352,0.7579935,0.003137558
13784,0.938008020823411,0.6141162,0.011525357
13785,0.7731581721978338,1.2056501,0.00074618147
13786,0.9487493224326689,0.71905833,0.0014024616
13787,0.7378303520445548,0.9000403,0.00520529
13788,0.8926030016773648,0.66993475,0.0024273372
13789,0.9419094161968072,0.90698415,0.00021576331
13790,0.6846204124101047,1.087996,0.0010698264
13791,0.999990386712692,0.08150146,0.0045759804
13792,0.5409956565496378,1.0223564,0.0001438422
13793,0.8329682664913094,0.98572594,8.990138e-06
13794,0.9412777753121842,1.0977963,0.0013844812
13795,0.8317925093407545,0.8898447,0.00020677317
13796,0.8222284591721168,1.1610535,0.0005933491
13797,0.9367375280372244,1.2439729,0.00093497435
13798,0.7513661437454339,1.0410415,0.0009889152
13799,0.7722021285720058,0.752486,0.0019958105
13800,0.8321762977866937,0.77462983,0.00587056
13801,0.9994851467708716,0.042489905,0.00912499
13802,0.8526477546466533,0.9755349,0.0004495069
13803,0.9057752387878996,0.7646966,0.0010967968
13804,0.8108185187114636,1.0209942,0.00042253648
13805,0.9998716094468816,0.36563227,0.009241861
13806,0.8889555522021958,0.9303633,0.0033083707
13807,0.8794136129310337,0.85708433,0.0018879289
13808,0.6202064312063397,1.1878864,0.00025172386
13809,0.931567637933442,0.98325264,0.00013485207
13810,0.8881043300911244,0.8911378,0.0009979053
13811,0.8066590675318738,0.74782866,0.0046748715
13812,0.9431647455676366,0.07503412,0.0026341104
13813,0.8144560838264402,0.44936338,0.0083967885
13814,0.9222989699154972,0.8527657,0.00022475344
13815,0.9496265764049716,0.69503176,0.0007641617
13816,0.6489412678012492,0.9817196,0.000782142
13817,0.789281728200467,0.81356996,0.0007641617
13818,0.6451007748160664,1.0055985,0.0005034477
13819,0.9999997199227624,0.07487468,0.0094666155
13820,0.8318162719889001,0.92361593,0.0036050454
13821,0.9960036474123546,0.45069027,0.013134591
13822,0.9999994167533164,0.075161,0.004737803
13823,0.9937465779484892,0.1917514,0.035529025
13824,0.7648416591460541,0.79936445,0.0019778304
13825,0.7158323302869426,0.77548957,0.006239156
13826,0.9999990189285316,0.064779565,0.009394694
13827,0.7805111224034339,1.0978297,0.0006472899
13828,0.8032485120690418,0.9471018,0.0013485206
13829,0.9576896676535838,0.8231154,3.596055e-05
13830,0.9239971438451784,0.7606034,0.005483984
13831,0.7248056395733802,0.7115904,0.004755783
13832,0.8043886799824707,1.0611521,0.0004944576
13833,0.9910729707745978,0.26988384,0.024659948
13834,0.99999723857146,0.05974926,0.009403684
13835,0.8565389170845081,0.585596,0.0032274595
13836,0.9509664068906843,0.81595045,0.0012676094
13837,0.9508266678121736,0.9133768,0.0007641617
13838,0.9999979181552848,0.09679389,0.005151349
13839,0.948761898970901,0.32238346,0.007695558
13840,0.7724044268433401,0.7574928,0.0016362051
13841,0.7603467693942267,0.9741495,0.0006922406
13842,0.7694195367113162,0.82494956,0.002804923
13843,0.98565068959208,0.7306255,0.0006562801
13844,0.6698595266315175,0.9953313,0.0033623115
13845,0.9114868422908016,0.84226274,0.000719211
13846,0.7949187595458547,0.85724497,0.0027060315
13847,0.9559823992660704,0.56544083,0.017935324
13848,0.999999740145549,0.067864634,0.009493586
13849,0.7306113597727212,0.92236274,0.0039197
13850,0.9219290931571968,0.5265269,0.00587056
13851,0.8901366737904314,0.6418763,0.005663787
13852,0.8557678393562417,0.4397243,0.005151349
13853,0.8993267171991142,0.6684327,0.0027060315
13854,0.9827664088929332,0.09282791,0.05744698
13855,0.899404742255552,0.9910934,0.0003056647
13856,0.9649051028447676,0.92527395,0.0010608362
13857,0.7538173919964337,1.0241123,0.003065637
13858,0.6976540650649403,0.85923404,0.0018339881
13859,0.99891868613069,0.27352983,0.014114517
13860,0.9360668256719592,0.45231313,0.009098019
13861,0.768578193159648,0.7451331,0.0008360828
13862,0.9999991268684784,0.06492964,0.009493586
13863,0.9912270787844788,0.36800292,0.012460331
13864,0.9887844817951223,0.48205453,0.020776208
13865,0.9633712239049692,0.32866633,0.018447762
13866,0.6638967262411597,1.2093446,0.00042253648
13867,0.9034603957214428,0.39311662,0.009565507
13868,0.7135050268616001,1.0588216,0.00046748717
13869,0.5684570715494612,1.2376202,0.00043152663
13870,0.7464674506605391,0.91160464,3.596055e-05
13871,0.9428158042856094,0.9277757,0.0006203195
13872,0.7833119060230566,0.8229191,0.001762067
13873,0.7711790616770645,1.1950977,0.00130357
13874,0.8268125797184296,0.90466905,0.002355416
13875,0.8506619352898346,0.64021415,0.006248146
13876,0.7667119439768614,0.70045835,0.0034072623
13877,0.7473655024994614,0.7824402,0.006221175
13878,0.6817472401963818,1.0353311,0.0003146548
13879,0.9117103091130848,0.6530606,0.001105787
13880,0.9390574301727438,0.4633258,0.0060413727
13881,0.7668034530845913,0.49280122,0.005807629
13882,0.8841599194821318,0.48822704,0.0049985168
13883,0.8808364192978745,0.65083754,0.0048366943
13884,0.8912960583324081,0.49168485,0.0073449425
13885,0.7841829659381863,0.9030869,0.0015373136
13886,0.7181481250730001,0.80762,0.0017890374
13887,0.8318767036872716,0.8804881,0.00097093487
13888,0.8167389742741019,0.6155298,0.002481278
13889,0.8951264086466467,0.7411882,0.0035511043
13890,0.9998497831195547,0.08983858,0.008414769
13891,0.8931348118467645,0.51381713,0.010275727
13892,0.9458024026833438,0.85694516,0.0029487652
13893,0.822973532544064,0.36467695,0.0048816446
13894,0.824527142866,0.7055413,0.00019778303
13895,0.896566055487292,0.57118696,0.0010698264
13896,0.9136388434204962,0.66802764,1.7980276e-05
13897,0.9345325948059604,0.6050407,0.0016991361
13898,0.7444871368151189,0.8520789,0.0024632977
13899,0.8635495720422455,0.64779806,0.0031015975
13900,0.9999992175227644,0.08602508,0.005025487
13901,0.8456336701123695,1.042996,0.00051243784
13902,0.9597983203620294,0.7208641,0.0013305404
13903,0.7581975371099278,0.998382,0.0006203195
13904,0.5241095091105477,1.1175005,0.00045849703
13905,0.757409902058368,1.1121008,0.0006472899
13906,0.897428376784803,0.8940457,0.0018519684
13907,0.8565150881454997,0.8521291,0.00021576331
13908,0.8589495853650682,0.68128103,0.00717413
13909,0.8197702335660345,0.7011065,0.005295191
13910,0.9251852921347552,0.6853912,0.0058525796
13911,0.7035957120983168,1.060693,0.0028948244
13912,0.8431147110979413,0.58057976,0.0017171163
13913,0.8959120684475929,0.9600951,0.0021306626
13914,0.9999978499971044,0.05819753,0.009322773
13915,0.954146109628668,0.51600194,0.0026431005
13916,0.8761373966255425,0.4574582,0.0006832505
13917,0.7883031625017085,1.3586757,0.0003056647
13918,0.8420081865895774,0.5411854,0.015813652
13919,0.8781875079096836,0.86907285,0.0017800473
13920,0.8373421892416378,0.88615155,0.0005573885
13921,0.807867728325555,0.75283486,0.00259815
13922,0.7949393586775458,0.8663465,0.00017081262
13923,0.9484616604926712,0.4916261,0.016011436
13924,0.7577954914524491,1.0504426,0.005537925
13925,0.7949039092579417,0.90508944,0.0012316488
13926,0.999995922206507,0.07594901,0.004701842
13927,0.9999898223356668,0.059114024,0.009098019
13928,0.9877092781272936,0.4406446,0.00089002366
13929,0.8675580874590122,0.61291665,0.003973641
13930,0.7736875963223631,1.0446485,0.0005933491
13931,0.9135213625186608,1.1722049,0.0019148993
13932,0.9304572507107542,1.0294377,0.00029667455
13933,0.6675313285004347,0.70262617,0.0043961774
13934,0.8556109939906619,0.52487266,0.005492974
13935,0.651014351309927,0.99643296,0.0011417475
13936,0.741621764432597,0.9864113,0.0006562801
13937,0.8105673201077854,0.61226344,0.011336564
13938,0.804518743585007,0.8794416,0.004827704
13939,0.8736877268035914,0.9957784,0.00091699406
13940,0.996274108340618,0.52166253,0.0022025837
13941,0.9940730115905638,0.3304529,0.0011866982
13942,0.7768328054722335,1.0360554,0.002229554
13943,0.7476420100475855,0.97230166,0.0005483984
13944,0.9255105793663788,0.5011693,0.0019868205
13945,0.9999790230537372,0.081916556,0.004737803
13946,0.7727592051730942,1.1252109,0.0009979053
13947,0.8119313135560848,0.84587175,0.0005573885
13948,0.971873718174978,0.70745164,0.0008540631
13949,0.6569738502144193,1.0857882,0.001375491
13950,0.7729372681423236,0.8701241,0.0027240117
13951,0.6396186741856641,1.0386267,0.0039017198
13952,0.7262603571273898,0.8048637,0.008549621
13953,0.8512456529336975,0.71607953,0.0014653924
13954,0.8404476590403548,0.55948126,0.003200489
13955,0.7897789628464362,0.95248073,0.0011507376
13956,0.7821120986639649,0.9939727,0.0007371913
13957,0.9999986260155032,0.3056283,8.990138e-06
13958,0.8422870687924974,0.76749843,0.0052502407
13959,0.863896559375656,1.0759645,0.00089002366
13960,0.9999963357945684,0.06487334,0.009403684
13961,0.8705660206229529,0.59813046,0.0056547965
13962,0.773699922838085,0.91338265,0.00077315187
13963,0.8076286984818895,0.635276,0.010248757
13964,0.9112207975168252,0.5778123,0.0035421143
13965,0.7606817695400991,1.2226841,0.00087204337
13966,0.6539597618546065,1.1214728,0.00029667455
13967,0.9999204502292324,0.066662416,0.008333858
13968,0.8969106046400438,0.839137,0.00044051674
13969,0.9480785171135744,0.62759626,0.0017710571
13970,0.8500366342039911,0.87094206,0.0010698264
13971,0.9570985042717264,0.62430644,0.0055199447
13972,0.9327976253229444,0.47473326,0.005501964
13973,0.8638738162449379,0.69960755,0.003587065
13974,0.7776932840695775,0.6831814,0.0028318935
13975,0.8845776312170118,0.5941936,0.0020317712
13976,0.9917940976326228,0.24202308,0.043449335
13977,0.9184062183122323,0.55200577,0.002094702
13978,0.9270969982441564,0.7653649,0.0017890374
13979,0.7383169087932346,0.767061,0.0036769663
13980,0.7893242256369112,0.8927503,0.0023823865
13981,0.611819677599409,1.0717564,0.0012765996
13982,0.7378442840826052,0.91791993,0.0032724102
13983,0.8045387930844314,0.85728306,0.0059155105
13984,0.8838789418616866,0.73359287,0.004477089
13985,0.8778943984622997,0.5520807,0.003955661
13986,0.894025586318171,1.0945058,4.4950688e-05
13987,0.6262634854404853,1.0755851,0.0038657594
13988,0.7699386595561171,1.0534793,0.0001438422
13989,0.905363809436929,0.9260856,0.0003056647
13990,0.7961550388236369,0.72144514,0.003065637
13991,0.9637174262636824,0.5633521,0.0016182248
13992,0.8061317787051571,1.0169821,0.0005304181
13993,0.7469958998429714,0.7109346,0.00520529
13994,0.5781826301336475,1.0118853,0.0007012308
13995,0.8238791494180722,0.61884165,0.0028229032
13996,0.8471652136326564,0.9541232,0.00051243784
13997,0.758645098202933,1.0105438,0.00032364496
13998,0.6841253910710434,0.9490832,0.0009889152
13999,0.9026851889734256,0.71075255,0.0014204418
14000,0.6781755971930155,1.1167514,0.0015283234
14001,0.9999118263890836,0.050034657,0.009053069
14002,0.9713957288802466,0.6339863,0.0024992584
14003,0.7022919356309346,0.99028444,0.0006293096
14004,0.7500242793662941,0.98938096,0.0014923629
14005,0.8724481822748857,0.6850007,0.001105787
14006,0.8915322773621149,0.6761751,0.003982631
14007,0.7618034949121507,0.5961302,0.002220564
14008,0.9993002440167202,0.052435786,0.0049265954
14009,0.7449039023179902,0.94872224,0.00017081262
14010,0.9786307337463904,0.5523471,0.0033173608
14011,0.8910617360564687,0.68390167,0.00042253648
14012,0.7491842476972651,0.9425113,0.0011507376
14013,0.9212127721431644,0.57281935,0.00087204337
14014,0.8742917181675071,0.62102365,0.0070212977
14015,0.7016182822932477,1.1484245,0.0009889152
14016,0.9999993580894468,0.074993506,0.009448634
14017,0.8343767352923364,0.6939305,0.00015283235
14018,0.7138806235632649,1.0698154,0.002085712
14019,0.9129597698209678,0.688342,0.00036859565
14020,0.6930519556486662,1.0835495,0.004252335
14021,0.7410355365343528,1.0069474,0.0016541854
14022,0.8377616128020606,1.0680943,2.6970414e-05
14023,0.7687544154004673,0.6951335,0.01173213
14024,0.8325925779255466,0.5645502,0.009547526
14025,0.7506469633724903,0.922768,0.00046748717
14026,0.6950948804438684,1.1144289,0.0002876844
14027,0.6895148287883666,0.90301955,0.00019778303
14028,0.9375155049120254,0.74895096,0.0017980275
14029,0.6772573170674995,1.014371,0.0005573885
14030,0.8836858359603093,0.6166651,0.0003506154
14031,0.845117767137587,0.7162643,0.005735708
14032,0.9999996800001616,0.07163907,0.009493586
14033,0.8185043608332543,0.78737897,0.0010698264
14034,0.8843010806331365,0.8986643,0.0028408836
14035,0.6043510955395176,1.4081389,0.000521428
14036,0.999999593347656,0.070862405,0.009493586
14037,0.6596154481494645,0.85506654,0.0034252426
14038,0.8413058327860126,0.47320136,0.013413286
14039,0.9247495261306724,0.88245684,0.00017081262
14040,0.8881028609510231,0.5670462,0.0051693292
14041,0.7330571251937559,0.79827195,0.00326342
14042,0.9595706131954872,0.46473488,0.0022565245
14043,0.8809381561677777,0.6961744,0.005088418
14044,0.8106844897999774,0.75222355,0.0013934714
14045,0.7983745350734788,0.9551921,0.0014923629
14046,0.8955438099254773,0.6396735,6.2930965e-05
14047,0.979224242394864,0.34662122,0.014096536
14048,0.8105260549872657,0.97828215,8.091124e-05
14049,0.8464342334578936,0.8818625,0.00032364496
14050,0.8527276553168642,1.0202919,0.0030476567
14051,0.9999996650849752,0.07547044,0.0092868125
14052,0.7401036642025968,0.99206614,0.001366501
14053,0.8616496725733112,0.92096597,0.0024453176
14054,0.7308509848003306,1.1506705,0.0007282012
14055,0.6935236237763296,1.0532379,0.001438422
14056,0.9136245765779928,0.20249291,0.003991621
14057,0.7438825386545799,0.8541569,0.0012765996
14058,0.8498258424812102,0.4320515,0.006967357
14059,0.7270609776695791,0.8861513,0.0017081262
14060,0.8437459301750218,1.0145308,0.0007282012
14061,0.5338477574981412,1.157224,0.00016182248
14062,0.9360166832916086,0.54198664,0.009421664
14063,0.8104228045849824,0.7186784,0.0031735187
14064,0.835975860115534,0.887757,0.0015912544
14065,0.7782031266713987,0.92743844,0.0023374357
14066,0.8990285708618182,0.9793622,0.0016002445
14067,0.8923260353678066,0.93750364,0.00010788166
14068,0.7430156007385892,0.9095623,0.0039466703
14069,0.5584628301416195,1.123156,0.0029847259
14070,0.8958618617095281,0.9227078,0.00013485207
14071,0.9999984155970696,0.06606554,0.009430654
14072,0.9623447126456788,0.5650455,0.011390504
14073,0.8475398727855835,0.44272134,0.0061043035
14074,0.9598168619918188,0.636452,0.0026970413
14075,0.935101421334284,0.59193534,0.004252335
14076,0.818760406875193,0.9474759,0.0006562801
14077,0.8624404117557292,0.74563336,0.00089002366
14078,0.8971368826061302,0.65047735,0.0029487652
14079,0.8664752881700035,0.6051728,0.0048366943
14080,0.7101623179365257,0.6804866,0.004189404
14081,0.9530789874698846,0.5060481,0.0016092347
14082,0.8737093345198352,0.96154076,0.00041354634
14083,0.7306378615341111,1.1356697,0.0005663787
14084,0.7928797495767115,0.75859404,0.0017710571
14085,0.77428122298397,0.9033328,0.0022655148
14086,0.8157865774586985,0.8123798,0.0011507376
14087,0.9999683860225244,0.055345524,0.009187921
14088,0.8609547508393106,0.7533234,0.0024273372
14089,0.8421779417532325,0.41765982,0.00845972
14090,0.8236741717155207,0.73089474,3.596055e-05
14091,0.9999994037676544,0.06669299,0.009448634
14092,0.9009253761733996,0.9482582,0.0005394083
14093,0.8484953718986916,0.88058037,0.0006203195
14094,0.9759271423905498,0.4439944,0.002876844
14095,0.9999993654377544,0.0684031,0.009493586
14096,0.9688385863289152,0.6713502,0.00097093487
14097,0.8832254631541782,0.9634909,0.0006562801
14098,0.787255059203868,1.0745713,0.0011597278
14099,0.8237588132084277,0.7485128,0.0039376803
14100,0.7567508019548875,1.1825051,0.0011327574
14101,0.94024744904693,0.52439874,0.0013844812
14102,0.8796466555201631,0.27849063,0.011507376
14103,0.9704002588005668,0.79938126,0.00051243784
14104,0.7815883978696578,1.0190847,0.0012316488
14105,0.8120457142444064,0.7218895,0.008100114
14106,0.7539692237491884,1.1337985,0.0003775858
14107,0.8505224031088909,0.9010843,8.091124e-05
14108,0.9345804304574142,0.40436715,0.0014204418
14109,0.9999990769245052,0.061327446,0.009295803
14110,0.8593431485094684,0.85921794,0.0043422366
14111,0.8324846997030172,0.70868874,0.0030206863
14112,0.8569006854809331,0.4009305,0.0054390333
14113,0.8096191969874706,0.71201086,0.0071201893
14114,0.8897640725193009,0.77943754,0.0015912544
14115,0.9114868422908016,0.7664643,0.0007911321
14116,0.647761837909705,0.82196146,0.0028318935
14117,0.8231269364409824,1.0028387,0.002993716
14118,0.8734688540120336,0.35537603,0.006733613
14119,0.9999974219155908,0.06197103,0.009502576
14120,0.7236801989234464,1.0392077,0.00042253648
14121,0.9304572507107542,0.98213494,0.0004045562
14122,0.9291751420237138,0.8217092,5.394083e-05
14123,0.8188715038241264,0.6284358,0.005987432
14124,0.8096243670385648,0.9952908,0.004306276
14125,0.8446567680581808,0.6028988,0.00093497435
14126,0.8713244043234114,0.5748856,0.008001222
14127,0.9904785727133192,0.2629422,0.027383959
14128,0.6389125615170265,0.92032814,0.003065637
14129,0.9115717001168536,0.3540021,0.0027869428
14130,0.9517987794992656,0.5953263,0.0016811558
14131,0.8760176762484185,0.7652116,0.0007102209
14132,0.9915802145860372,0.787772,0.00016182248
14133,0.9753358976150676,0.7321016,0.0016991361
14134,0.9272367141036224,0.63677996,0.0042703156
14135,0.8230369400268769,0.99493426,0.0003056647
14136,0.9661132247410106,0.5421373,0.005457014
14137,0.6882344027803904,1.0544533,0.002544209
14138,0.7323120273185519,1.0253464,0.0038837395
14139,0.9601721270837446,0.2335805,0.0054390333
14140,0.9964119558996792,0.5137087,0.00017980275
14141,0.7150533197428273,0.88613856,0.002481278
14142,0.9999957460356582,0.064569786,0.009223881
14143,0.9242394067524466,0.8930092,0.00036859565
14144,0.6899150092390053,1.1662271,0.0010518461
14145,0.714753151265316,0.94387037,0.0032274595
14146,0.9999949022933334,0.056633644,0.009259842
14147,0.7680479021211029,1.02726,0.0003596055
14148,0.9423469666862544,1.1417108,0.0023104653
14149,0.9994383392101394,0.27373758,0.0017800473
14150,0.8324036479097221,0.4638521,0.0078394
14151,0.7354294537011039,1.0607895,0.0021126824
14152,0.951874230082788,0.87120444,0.0012855898
14153,0.9173967842475332,0.93773466,0.0036589862
14154,0.7938312099564069,0.61977017,0.0036949466
14155,0.788853765809788,0.76642734,0.004297286
14156,0.741578640617839,0.99914354,8.091124e-05
14157,0.711298234650069,0.9564868,0.0005663787
14158,0.8775766054139134,0.4863195,0.0038837395
14159,0.5844956071682599,1.0786326,0.0005034477
14160,0.8503361805874371,1.1031542,0.0005933491
14161,0.8254310162889977,1.0152817,0.0010608362
14162,0.7583835521486189,0.9024331,0.0020407613
14163,0.6343570056011875,0.9768528,0.0008270927
14164,0.9432188893953676,0.8065302,0.002355416
14165,0.7749656299372045,0.9857275,0.0004045562
14166,0.7618489077174349,1.0448978,0.000719211
14167,0.8652410512800354,0.7128354,0.004737803
14168,0.8712697907746405,0.45886305,0.0075786863
14169,0.7817597524107209,0.9784275,0.0015822642
14170,0.8038794548826135,1.0496286,0.0010068954
14171,0.8341770033156957,0.86664283,0.0020767218
14172,0.9999780469312174,0.052283794,0.0048816446
14173,0.8233790577086074,0.6727356,0.0014833728
14174,0.9999850796680896,0.08062514,5.394083e-05
14175,0.9736108655455236,0.85069185,4.4950688e-05
14176,0.7775874816097854,0.86227703,0.0005034477
14177,0.9481152016127516,0.7929193,0.0010158856
14178,0.999988263346436,0.071453534,0.0064099682
14179,0.9359940789697396,1.0462116,0.0003326351
14180,0.8276673462055959,0.8972478,0.00048546743
14181,0.6701405323625111,1.0082347,0.0006023392
14182,0.8896343192391862,0.6505831,0.0066796723
14183,0.80253987070261,0.56404907,0.0068864455
14184,0.9838306271319102,0.5773888,0.010743215
14185,0.9999878861551736,0.07208302,0.0071561495
14186,0.8464342334578936,0.81574273,0.00017081262
14187,0.7437750803687394,0.82755697,0.0035600946
14188,0.8157543676298565,0.7885059,0.0013125602
14189,0.8366672025623841,0.8154795,0.0056997472
14190,0.9953430034122764,0.4739677,0.021117834
14191,0.9999996973666156,0.07512526,0.009502576
14192,0.7058268969125755,0.6644336,0.0014024616
14193,0.818673071137794,0.72391844,0.0009259842
14194,0.5589902027121657,1.1364158,0.0014833728
14195,0.7664291241698153,1.060467,7.19211e-05
14196,0.8908137715197539,0.52168757,0.000521428
14197,0.5261271284182515,0.96721095,0.00044051674
14198,0.9999992439381328,0.063009605,0.0094666155
14199,0.8424641213973868,1.1385156,0.0006742603
14200,0.8726352545411163,0.7192445,0.0055828756
14201,0.8944519356206267,0.6490578,0.0010967968
14202,0.9935344487455556,0.4448614,0.009008118
14203,0.5802341505742502,1.0677844,0.00084507297
14204,0.7796370366831272,0.7552541,0.0058885403
14205,0.8647157253779505,1.2667189,0.00041354634
14206,0.8971328986448128,0.6737679,0.0005483984
14207,0.8378115382346731,1.0588815,0.0001887929
14208,0.7702655688749667,0.8302144,0.0010158856
14209,0.9985801439377175,0.29680339,0.015166363
14210,0.5382381436049756,1.1198211,9.889151e-05
14211,0.7291489924165958,0.86122096,0.004899625
14212,0.8774538764326547,0.37892136,0.008270927
14213,0.9999859291228592,0.03978748,0.06323663
14214,0.7103459193362901,0.9090223,0.0017261065
14215,0.9594377456644452,0.7799014,0.0007102209
14216,0.75216871791165,0.89404166,0.0006023392
14217,0.826315650837337,0.7720481,0.002346426
14218,0.845679587090028,0.8642112,0.00261613
14219,0.9399004938815848,0.99350375,0.0006922406
14220,0.8410930043145631,0.97882855,0.0037758579
14221,0.9489047597918696,0.88678634,4.4950688e-05
14222,0.8539876148542846,0.85848314,0.0026970413
14223,0.912954439534874,0.7934016,0.0033802919
14224,0.9311543297614816,0.8454913,0.00036859565
14225,0.7477565540310536,0.91363007,0.0068235146
14226,0.8869224519800283,0.88437825,0.0005573885
14227,0.6322040375006148,1.1574476,0.00041354634
14228,0.8398698871337653,0.946006,0.001627215
14229,0.839288483048152,0.75248706,0.0065628006
14230,0.9260150532295712,0.7913541,8.990138e-06
14231,0.924297306337405,0.60288924,0.0037488875
14232,0.788290867326686,0.80581605,0.004737803
14233,0.945766164957514,0.5180156,0.0011597278
14234,0.9212233232072607,0.86362296,0.0014474122
14235,0.843005155295121,0.85320616,0.0018789388
14236,0.9999937826295054,0.05370485,0.008540631
14237,0.8934379778847192,0.7109288,0.0008270927
14238,0.8129325469891681,0.95629203,0.0011237672
14239,0.8034988114152122,1.1333015,0.002220564
14240,0.9062276098525444,0.91010785,0.0010878067
14241,0.8686114494858921,0.6675386,0.0015732741
14242,0.9255488731109532,0.6287508,0.00032364496
14243,0.6804483840145757,0.7335138,0.0005034477
14244,0.90992683177758,0.5247402,0.010788165
14245,0.505528256009829,1.1111453,0.001042856
14246,0.9213058243566798,0.46237168,0.009053069
14247,0.7823697518799217,0.655423,0.003712927
14248,0.7903890109000877,0.6124418,0.00097093487
14249,0.8813402637751396,0.62607205,0.00524125
14250,0.7963059921386587,0.63974017,0.0040905126
14251,0.8854840603762055,0.8646156,0.0003506154
14252,0.8550196750332401,0.76299983,0.0012316488
14253,0.9999952266655504,0.072489865,0.0048726546
14254,0.8582771373407829,1.1150875,0.0005753688
14255,0.8573823781306129,0.6944479,0.0008270927
14256,0.7555454755172331,0.8148883,0.0058525796
14257,0.8479469292583399,1.0061135,0.00094396446
14258,0.8248761393223852,0.91670036,0.00020677317
14259,0.7566144348390901,1.0409864,0.0011417475
14260,0.8930213554859149,0.93745065,0.000260714
14261,0.7998486371146315,0.53327715,0.0058166194
14262,0.7622830382985697,0.5423041,0.0076685874
14263,0.8981146407705701,0.7508387,0.0046209306
14264,0.7682714028128643,1.0873821,0.00042253648
14265,0.7195351546581662,0.86676705,0.00391071
14266,0.9792012888697554,0.78512776,0.004234355
14267,0.8785154712416495,0.66679054,0.0019958105
14268,0.8821057001946445,0.58488435,0.0048636645
14269,0.6657798440433192,1.201312,0.0019059093
14270,0.8489290249928236,0.7923938,0.00091699406
14271,0.7685912219902531,1.0993091,0.0078394
14272,0.9843611815928552,0.40145212,0.00047647732
14273,0.9017678095381264,0.67047143,0.0014743826
14274,0.9375155049120254,0.6166726,0.0019868205
14275,0.7205301784549909,0.8637965,0.0028318935
14276,0.9905905976924716,0.7010681,0.0052592307
14277,0.9106857996652102,0.916142,0.0010608362
14278,0.7851314838578156,0.6364723,0.0060323826
14279,0.957473825249778,0.6439075,0.0012136686
14280,0.8763977925284114,1.030484,0.006176225
14281,0.9068952022811438,0.80820197,0.0007282012
14282,0.8725535058686161,0.8201442,0.0034791834
14283,0.7124838215667336,0.9069913,0.00016182248
14284,0.8533824271836085,0.46990833,0.0051063984
14285,0.9999998587337904,0.08234295,0.004737803
14286,0.9999988147202564,0.063042216,0.009394694
14287,0.7493957084496738,0.9989983,0.0028498736
14288,0.9999984246763084,0.08175609,0.0049265954
14289,0.8303304483717185,0.609819,0.00087204337
14290,0.9784103680943996,0.5168706,0.0039466703
14291,0.9888627403213108,0.69451344,8.091124e-05
14292,0.8437459301750218,1.0755299,0.0008990138
14293,0.6230905039143506,1.1368264,4.4950688e-05
14294,0.9592843409954014,0.5817228,0.006931396
14295,0.9713957288802466,0.6290168,0.0033713016
14296,0.7139181996754037,1.1838517,0.0019328797
14297,0.8848360662890608,0.8441668,5.394083e-05
14298,0.7115687229172469,0.84578633,0.0071471594
14299,0.7668780127537302,0.89290315,0.0024363273
14300,0.6631305699354784,0.89227724,0.0013844812
14301,0.8774384976098409,0.79112643,0.0016991361
14302,0.9015956388232168,0.46509287,0.0044141575
14303,0.999999135222536,0.07050696,0.009511566
14304,0.9917554850009854,0.8171321,0.0012046784
14305,0.9140797649591852,0.59003407,0.008648513
14306,0.834760605830619,0.9218824,0.0023733964
14307,0.934021489031605,0.6011387,0.006670682
14308,0.7734751219807415,0.558708,0.0058975304
14309,0.8241684421960813,0.65075034,0.004054552
14310,0.8494248549800343,0.46487635,0.0064189583
14311,0.8463961452991341,0.43743357,0.0063110767
14312,0.7379939203708086,1.0252017,0.00012586193
14313,0.8949448417982553,0.74302965,0.0012855898
14314,0.8673880935948984,0.98881924,0.0006652702
14315,0.8498819921768681,0.7458242,0.0085765915
14316,0.731257979233892,1.0762419,0.0010518461
14317,0.8672919907430543,0.7380068,0.002490268
14318,0.8185043608332543,0.8770718,0.0015822642
14319,0.8567495929384742,0.7940737,0.003002706
14320,0.7707170048462074,0.763152,0.0035780747
14321,0.8345843542941949,0.78392786,0.0021666232
14322,0.7240275664638469,0.57968587,0.003649996
14323,0.9900192017179844,0.87908256,0.0003596055
14324,0.7766412295825538,1.016308,0.0048726546
14325,0.827501899544859,0.60126454,0.004162434
14326,0.8180245883350002,0.7217083,0.0031015975
14327,0.7448446439333058,0.97668844,0.003326351
14328,0.9119482716175707,0.52755547,0.01628114
14329,0.8989040778346299,0.74626595,0.004459108
14330,0.8398061535254118,0.35455698,0.005268221
14331,0.8829992541002762,0.2713934,0.004971546
14332,0.5612684874281433,1.1152886,0.000260714
14333,0.7918399314827153,0.83533293,0.0043871873
14334,0.7691921207262238,0.84500057,0.000719211
14335,0.8750479744094335,0.69126076,0.012217597
14336,0.7786259630582523,0.6224861,0.005960461
14337,0.9023327017702214,0.3737215,0.0073539326
14338,0.8018078134154218,1.2474552,0.00097093487
14339,0.8613256851552764,0.8085294,0.0028318935
14340,0.9497885607980948,1.136025,9.889151e-05
14341,0.728485324313823,0.80981356,0.0007102209
14342,0.995613574134828,0.29084462,0.034692943
14343,0.9262983328000904,0.35218963,0.014923628
14344,0.9644248801723452,0.7676767,0.0009259842
14345,0.7912607508530751,0.7110408,0.0018789388
14346,0.9081861046306434,1.0562164,0.0024543076
14347,0.9870743055769392,0.24404205,0.017863404
14348,0.7718403027052785,0.60990447,0.0051333685
14349,0.8978226253180678,0.55029726,0.016128307
14350,0.8162942164019004,1.0077952,0.0021756133
14351,0.7784870167027194,1.0352237,0.003973641
14352,0.8630048143584172,0.8668984,2.6970414e-05
14353,0.9999976487969056,0.113300055,0.009664399
14354,0.8779960020125614,0.38323388,0.002993716
14355,0.8262676741951953,0.879197,0.0011417475
14356,0.9248146502456231,0.45305452,0.008243957
14357,0.6336036377189214,1.1737616,0.0008810335
14358,0.8732214961136137,0.62878,0.0010608362
14359,0.9161134290085146,0.66676104,0.00024273372
14360,0.8222284591721168,1.0158691,0.0006742603
14361,0.7988659668366418,0.7270805,0.0073809032
14362,0.94610049185965,0.46587598,0.0026520907
14363,0.7790398630109805,0.48960292,0.014276339
14364,0.7799917978758512,0.87559915,0.0017800473
14365,0.8553891869037474,0.6131361,0.0026520907
14366,0.836798981438543,0.64281887,0.0066257315
14367,0.7436809558011194,0.895257,0.0023104653
14368,0.7428120370606373,1.2305852,0.0028318935
14369,0.802567517856278,1.0219611,0.0013395306
14370,0.9768400884907202,0.32604563,0.013997644
14371,0.8361814346533922,0.8822576,1.7980276e-05
14372,0.9711168839179702,0.30099627,0.009871172
14373,0.8609406065449826,1.0167245,0.00784839
14374,0.9964621751642224,0.5540128,0.0005573885
14375,0.9980275223237808,0.18612562,0.095457286
14376,0.7737244762876393,1.1253498,0.0005753688
14377,0.8562516082892747,0.8128481,0.000719211
14378,0.9094711306312004,0.6390956,0.001564284
14379,0.897428376784803,1.1268885,0.0016631755
14380,0.7594303810866871,0.5760082,0.0025172385
14381,0.6774913564214885,1.0508598,0.0036679762
14382,0.999998995852127,0.064681165,0.0094666155
14383,0.753151202313215,0.9763497,0.0005753688
14384,0.8010706104100249,0.78604573,0.00081810256
14385,0.9999995581878376,0.06799916,0.009511566
14386,0.8419748426959529,0.8518767,0.00081810256
14387,0.652948120026831,0.98000455,0.001042856
14388,0.8122743023464889,0.79659957,0.0017440867
14389,0.999866369801712,0.07639691,0.008091124
14390,0.9286583607500324,0.6128557,0.0039376803
14391,0.6054157866501573,1.0193319,0.0005573885
14392,0.9964777008765776,0.12026673,0.059784416
14393,0.9999975818420288,0.06383455,0.009268832
14394,0.8279071522632133,0.777847,0.00456699
14395,0.7935575734631267,0.81205106,0.002544209
14396,0.8419254157751179,0.5452966,0.002750982
14397,0.999999313132745,0.08808853,0.0047288127
14398,0.778003462465811,0.8138324,0.0063650175
14399,0.7956518976558361,1.2042254,8.990138e-06
14400,0.7637409649153563,0.89771116,0.003838789
14401,0.9516390449653268,0.43096554,0.0015732741
14402,0.8244235708874306,0.78251064,0.003137558
14403,0.8066666155336824,0.8897031,0.0012945798
14404,0.9999806560801878,0.066663854,0.0042703156
14405,0.9734760075879528,0.7530564,0.00042253648
14406,0.9999998681514686,0.07759026,0.004737803
14407,0.9883117104863258,0.45006108,0.0053131715
14408,0.8549618791165203,0.89854264,0.00032364496
14409,0.9999987554830052,0.05947648,0.009340753
14410,0.746678060138954,0.8524264,0.004477089
14411,0.6439716421992996,1.0773396,1.7980276e-05
14412,0.9775739349428436,0.473205,0.0069403863
14413,0.7553681173839711,1.0219643,0.00017980275
14414,0.8011513708696472,0.8063868,0.0014564024
14415,0.81428281255256,1.210629,0.0010338658
14416,0.9464258069927592,0.65977025,0.009700359
14417,0.8495214620860686,0.61254746,0.0046479013
14418,0.9872295426774986,0.28262386,0.05020992
14419,0.7217762635001242,0.96699107,0.005807629
14420,0.9207385832533408,0.33686066,0.007641617
14421,0.9882891258092033,0.5746938,0.00023374359
14422,0.874551919054573,0.9676758,0.0003775858
14423,0.9906444737809084,0.88173014,0.0016182248
14424,0.8753218723577608,0.591065,0.002022781
14425,0.7816879079686805,0.7797253,0.0006293096
14426,0.9042345259852592,0.5621583,0.008055164
14427,0.7440084413533591,1.0523645,0.0005483984
14428,0.8388134635015069,1.1238753,0.0029307848
14429,0.873250762179732,0.74577326,0.0015283234
14430,0.8306640490106056,0.780811,0.004746793
14431,0.8050437026233104,1.054337,0.00032364496
14432,0.984050777661536,0.32087883,0.009026098
14433,0.9436950098356311,0.58374715,0.00074618147
14434,0.9677546223893618,0.49404535,0.008819325
14435,0.794513592582441,1.0662075,0.00016182248
14436,0.7179361403116362,1.0067811,0.0005753688
14437,0.7820836580964058,1.27967,0.0011956884
14438,0.904978468061743,0.6845524,0.001627215
14439,0.5064914533150197,1.0630034,0.0006113294
14440,0.8170406871419714,0.7765724,0.005807629
14441,0.8142756342270185,0.8609291,0.0022565245
14442,0.662696559367222,0.92667633,0.0010698264
14443,0.7316010617686297,1.076561,0.0012586192
14444,0.9542034743156174,0.6300564,0.008612552
14445,0.7979575397176385,0.5176895,0.0025621892
14446,0.9357733001739436,0.6642493,0.0019868205
14447,0.7804821470775629,0.5858773,0.0036140354
14448,0.7882112365329405,0.76325893,0.007704548
14449,0.8217124825555318,0.9970638,0.0008360828
14450,0.8258546685361654,0.6532217,0.0057806587
14451,0.5979358407080071,1.2232064,0.0001887929
14452,0.8233329930597202,0.8594205,0.0038118185
14453,0.8591972172241759,0.88324755,0.0032993807
14454,0.9183540530290568,0.36837313,0.007938292
14455,0.7622933841262769,0.98818386,0.0037398974
14456,0.8100638944125751,1.0376163,8.990138e-06
14457,0.8869523560141129,0.688295,0.007237061
14458,0.683438471693878,1.0224316,0.005277211
14459,0.9596601631511662,0.4225635,0.011615258
14460,0.7996607846739218,0.84154683,0.004558
14461,0.884125156663363,0.5722405,0.005457014
14462,0.9067181054656084,1.0967462,7.19211e-05
14463,0.7339687534436345,1.0483798,0.0022565245
14464,0.939346077067726,0.5919956,0.0055738855
14465,0.974547174507013,0.7622266,8.9901376e-05
14466,0.8585968923536805,0.83610857,0.00041354634
14467,0.8224617944892874,0.7986954,0.0056188363
14468,0.7183051681601188,0.9827523,0.0019778304
14469,0.984792693756422,0.8664059,0.0003506154
14470,0.5351570727259665,1.1844,0.00041354634
14471,0.9057187925326848,0.52953583,0.0019328797
14472,0.94419824562096,0.5571049,0.0070842286
14473,0.8409372902792263,0.887551,0.00096194475
14474,0.815249013080521,1.0293281,2.6970414e-05
14475,0.7670757384530171,1.0924252,0.0016362051
14476,0.5470974963900626,1.0360912,5.394083e-05
14477,0.8105254395486049,0.84225994,0.00011687179
14478,0.6637728682394174,1.1255604,0.0013844812
14479,0.978809251149896,0.31023133,0.018420793
14480,0.8092385135161559,0.7899735,0.0060323826
14481,0.824396733276498,0.8510432,0.002733002
14482,0.99998827944736,0.07597675,0.0043332465
14483,0.7584107814260933,0.75814086,0.0030836172
14484,0.7669825099936379,0.99023324,0.004486079
14485,0.7496572256795293,0.95997673,5.394083e-05
14486,0.9894270975591424,0.5357269,0.00046748717
14487,0.9917608920224456,0.18126686,0.08350939
14488,0.8949733949797303,0.6699717,0.0017800473
14489,0.9999993548217622,0.06705526,0.009502576
14490,0.949272976510288,0.9442225,0.0010248757
14491,0.8266784669565181,0.59643996,0.009916122
14492,0.9386810556338536,0.6019248,0.0020317712
14493,0.8093576407427361,0.8344614,0.0041084928
14494,0.8547907544993193,1.1106389,0.0010068954
14495,0.5632835611813478,1.1167451,0.00016182248
14496,0.8426044981752343,0.7395799,0.0036230255
14497,0.7711580453453716,0.9979531,0.0012765996
14498,0.8042862833560436,0.6755474,0.0043871873
14499,0.7946871023591018,1.1826441,0.00012586193
14500,0.661126729492919,1.2011656,0.0005663787
14501,0.8881332589920721,0.5762498,0.007920312
14502,0.9267183708661602,0.6384651,0.008540631
14503,0.8524871630073648,0.6532306,0.004719822
14504,0.8387300446378696,0.9684483,4.4950688e-05
14505,0.94024744904693,0.6657733,0.0016721656
14506,0.7351398985613412,0.5846934,0.0054480233
14507,0.6554572734736652,1.0003275,0.0005753688
14508,0.8038384771522358,0.8197019,0.0009259842
14509,0.804951345427328,0.7515484,0.00024273372
14510,0.9508266678121736,0.6526046,0.00087204337
14511,0.7337652829506564,1.1193368,0.00025172386
14512,0.975848195231952,0.6778804,0.0012136686
14513,0.9323841217354668,0.84688306,0.006967357
14514,0.7793760381473114,0.5128958,0.00650886
14515,0.8336959174814221,0.57789207,0.0070123076
14516,0.999999742829672,0.3223774,0.0
14517,0.7764547836185414,0.89465684,0.0002876844
14518,0.944558946030073,0.5979599,0.013080651
14519,0.986903602456783,0.9506991,0.00021576331
14520,0.75986556279503,0.8915589,0.00024273372
14521,0.749515135932817,1.0584506,0.0016362051
14522,0.8726929124979595,0.41708416,0.0053940825
14523,0.734746874794903,0.80805993,0.0014114516
14524,0.8861217516512365,0.40911543,0.00717413
14525,0.9017665684076874,0.6028829,0.001762067
14526,0.7208262545862953,0.8308122,0.002858864
14527,0.80144640964491,0.7218192,0.005088418
14528,0.9626362647728955,0.43039972,0.0013575108
14529,0.7123003769568464,1.0791005,0.002750982
14530,0.9213017977051988,0.816294,0.00045849703
14531,0.8789074621408202,0.72004867,0.003002706
14532,0.912943385991606,0.29433414,0.020146899
14533,0.7782000466480437,0.88609153,0.0015732741
14534,0.9264302944231926,0.4310335,0.009583487
14535,0.7525980862598534,0.705393,0.0011956884
14536,0.8025101056578255,1.1449721,0.0017530769
14537,0.9004181864899555,0.9239054,0.0010698264
14538,0.8599802469590503,0.9934478,0.00026970415
14539,0.8582586749028576,0.93005407,0.0011866982
14540,0.830737133908918,0.42994255,0.011983854
14541,0.9941411147036288,0.34613544,0.011489396
14542,0.709043479415646,0.9158091,0.00036859565
14543,0.7620193475412869,0.9014466,0.0003056647
14544,0.8838029716709636,0.59658396,0.0014024616
14545,0.8804219145509857,0.7266568,0.0030566468
14546,0.8438193963556301,0.38708407,0.008981148
14547,0.9999893783364536,0.082641914,0.0023823865
14548,0.6149870224114505,1.1388762,0.001042856
14549,0.8148215072022852,0.88489085,0.0032993807
14550,0.7316375387423806,1.0841714,0.0014204418
14551,0.9215551033819604,0.8453111,0.0003775858
14552,0.6364619441541508,1.005959,1.7980276e-05
14553,0.8070813262480433,0.96576786,0.0013395306
14554,0.9999949022933334,0.056547444,0.009277822
14555,0.775433959706222,0.42818442,0.0073449425
14556,0.8035919727278182,0.94839334,0.0016002445
14557,0.803910264180116,0.44550797,0.008199005
14558,0.6439786919112095,1.3398865,0.00130357
14559,0.6918961516828067,1.3120228,0.0014743826
14560,0.7598479959054235,0.9827849,0.0038297987
14561,0.7843193442002083,1.007042,0.0010878067
14562,0.9526732486649896,0.7383704,0.0003775858
14563,0.9905905976924716,0.62053525,0.005403073
14564,0.811757252539567,0.7126755,0.00036859565
14565,0.4747569275197825,1.4366442,0.00036859565
14566,0.95913904693446,0.58982646,0.00784839
14567,0.761583118858553,0.695068,0.0001438422
14568,0.8417572518660029,0.7313317,0.00012586193
14569,0.937409346110303,0.64660215,0.011417475
14570,0.7269023008215537,1.2115809,0.0016811558
14571,0.7076034883546227,1.1302698,0.0013844812
14572,0.8639250521963039,1.104541,0.0055289348
14573,0.6820076575832899,1.1033499,0.002085712
14574,0.8599466870594737,0.83572304,0.0012046784
14575,0.9364626780187434,0.75301784,0.00087204337
14576,0.9999996190757162,0.07517907,0.009475606
14577,0.830229052746063,0.9476757,0.0023823865
14578,0.8701195209032612,0.67659307,0.0039376803
14579,0.9488625273863652,0.3942952,0.010698264
14580,0.7722602947199848,0.99921393,0.001375491
14581,0.8700012976416445,1.0065563,0.002013791
14582,0.8273753877771634,0.78850466,0.0016631755
14583,0.7718255050113546,1.1755484,0.002346426
14584,0.9592843409954014,0.6425573,0.005681767
14585,0.8298422391446233,0.6439547,0.010203807
14586,0.7453798566115584,1.0302708,0.00039556605
14587,0.8183338470105229,1.0284611,0.0033802919
14588,0.8136035535098345,0.83022565,0.0053041815
14589,0.8272059312192094,0.83298975,0.002733002
14590,0.9384182666688934,0.6901387,0.0003146548
14591,0.8776232698088839,1.0601083,0.00047647732
14592,0.8466611309028319,0.38170922,0.0001438422
14593,0.7922564000625313,1.238202,0.0016002445
14594,0.999999885568893,0.08081155,0.004737803
14595,0.9828186727284266,0.43890217,0.0033533215
14596,0.9270330388693226,0.71338177,0.00015283235
14597,0.8268089698767779,0.5281348,0.0070212977
14598,0.9878604218393252,0.49263507,0.0014474122
14599,0.8863132926662108,1.0279431,0.0012676094
14600,0.7236425924324483,0.86607033,0.006778564
14601,0.9130820810164252,1.1635658,0.0004045562
14602,0.6164439037351287,1.0073812,0.0006832505
14603,0.9030236283842528,0.74048215,0.0016182248
14604,0.9685603527197626,0.28809208,0.016101336
14605,0.8919948429946642,0.5161495,0.0075876764
14606,0.885336993719508,0.93346477,0.00095295464
14607,0.9131386352134744,1.1134595,0.0006382998
14608,0.7218236476450459,1.0207243,0.00019778303
14609,0.9294758922932382,1.1082093,0.0007102209
14610,0.7775527675519458,1.0105513,0.0025262288
14611,0.95080274754026,0.5697894,0.005744698
14612,0.9044449909640032,0.7780628,0.00019778303
14613,0.8431955042838052,0.5999719,0.0065628006
14614,0.659627660723348,0.85902476,0.00027869426
14615,0.7895425712643462,0.68063915,0.0041444534
14616,0.9997271422136832,0.35999182,0.009116
14617,0.79702205744829,0.56675714,0.0030476567
14618,0.6167315913521056,1.116554,0.0005933491
14619,0.8574506816012767,0.5760056,0.005546915
14620,0.9803547145841311,0.48991507,0.004243345
14621,0.8683010223576625,1.0890726,0.0013844812
14622,0.9999820348273254,0.061265346,0.0043602167
14623,0.7347272060308161,0.8074176,0.0039017198
14624,0.8470366877335761,0.56083786,0.0014743826
14625,0.8591458002165622,0.7514446,0.0020048008
14626,0.9115296478925768,0.78591985,0.0009979053
14627,0.8595861055951837,0.8757309,2.6970414e-05
14628,0.8372917742030177,0.32335138,0.009853191
14629,0.838487383723001,1.0253382,0.00044051674
14630,0.7672176427798176,0.80514973,0.0049086153
14631,0.8429280540585937,0.77550286,0.0014833728
14632,0.7772173387814296,0.7916291,0.0032094792
14633,0.979230131917742,0.67527956,0.00081810256
14634,0.8645191334367481,0.5123945,0.0009979053
14635,0.7866549633346598,0.62077624,0.0015732741
14636,0.7678552715851978,0.9027944,0.0008001223
14637,0.8410216628421658,0.9461443,8.990138e-06
14638,0.9999931465039228,0.10760038,0.009160951
14639,0.5737005331495509,1.1479206,0.00029667455
14640,0.9586247262962874,0.60464907,0.0008091124
14641,0.5640305746621626,1.145756,0.00022475344
14642,0.9922562626518998,0.8190345,9.889151e-05
14643,0.7649034121347369,0.82207483,0.013323384
14644,0.9303969184487036,0.44799614,0.008001222
14645,0.7281832166194795,0.7982795,0.0010788166
14646,0.8091418974964552,0.7911565,0.004432138
14647,0.9671166898961868,0.39596784,0.02152239
14648,0.9283095829467706,0.97759706,0.002346426
14649,0.785375466077836,1.0926405,0.0019508599
14650,0.8471641728718392,0.7708792,0.0006293096
14651,0.8457356885682938,0.46797732,0.0073629227
14652,0.9919138623333632,0.32736367,0.025226327
14653,0.9543788065814758,0.65656966,0.008073144
14654,0.8458813795416863,0.99376696,0.0005663787
14655,0.7928389538827342,1.3619497,0.00029667455
14656,0.7791813983913791,1.1930032,0.001114777
14657,0.9207736128402289,0.7546043,0.0032903904
14658,0.9999778152317098,0.07696805,8.091124e-05
14659,0.6963396970919752,0.9967013,0.0043602167
14660,0.9742301592271488,0.7793183,0.0003775858
14661,0.8910384772173499,0.6532519,0.00089002366
14662,0.674390238422165,1.178841,0.0010248757
14663,0.8185806498994499,0.7342419,0.004477089
14664,0.786810195585166,1.0424674,0.0008990138
14665,0.9999994286325784,0.06711232,0.009403684
14666,0.9211504637700028,0.64954144,0.006733613
14667,0.7099733711320759,1.1644573,0.00091699406
14668,0.9545760729401174,0.73673654,0.00086305325
14669,0.6765871366996742,0.96070313,0.0006472899
14670,0.9243526843102768,0.58121186,0.00074618147
14671,0.666660856969402,1.371063,0.00090800395
14672,0.9235158523674089,0.86821103,0.0003146548
14673,0.7409041793657218,1.145389,0.0036140354
14674,0.9160080861328542,0.46872857,0.026260193
14675,0.9253284575818458,0.49515802,0.0027599724
14676,0.7742033826934105,0.8979877,0.00090800395
14677,0.9999952955885952,0.074669205,0.009448634
14678,0.9996109148985264,0.20606,0.066670865
14679,0.8602395382298667,0.5537086,0.0063470374
14680,0.8939529312317019,0.61579144,0.0024273372
14681,0.8440141261666233,0.8848374,0.00025172386
14682,0.692674896681748,0.9711616,0.0027599724
14683,0.8231857544502617,0.799069,0.0004495069
14684,0.9822299244310932,0.83928615,0.0003326351
14685,0.6468218937444243,0.9066904,0.00023374359
14686,0.9080934537146534,0.4898683,0.013098631
14687,0.7676798201316601,0.7346534,0.0006203195
14688,0.8177736761780029,1.0169321,0.0078394
14689,0.8408792751873186,0.6620741,0.007776469
14690,0.935962925741389,0.58098054,0.000979925
14691,0.7868715469389141,1.0035274,0.00011687179
14692,0.8450458141534058,0.46258378,0.012622153
14693,0.7905950644867537,0.91139257,0.0052502407
14694,0.7160647170640386,1.0575315,0.0039376803
14695,0.974229586935258,0.49831653,0.002148643
14696,0.8998400878530252,0.6336397,0.0018969191
14697,0.8434067454963319,0.6689632,0.006850485
14698,0.8407165231764762,0.44129673,0.004171424
14699,0.7289168326512414,0.7984104,0.006472899
14700,0.6640858715343463,0.92113364,0.0036140354
14701,0.786125901177495,0.90100205,5.394083e-05
14702,0.8104134835559234,0.91540927,0.004261325
14703,0.73688432103246,0.96703506,0.0015463037
14704,0.9099756188938196,0.68475664,0.0029577552
14705,0.9999991313798484,0.07163611,0.0046658814
14706,0.9762037092727396,0.37174252,0.014015625
14707,0.9424369591278078,0.7756886,0.0010518461
14708,0.8128528427080371,1.0658795,0.0018969191
14709,0.7888659203048775,1.0929893,8.9901376e-05
14710,0.8329682664913094,0.921877,1.7980276e-05
14711,0.712083334042821,0.7969494,0.005537925
14712,0.8046613130150969,1.0018677,0.0023014753
14713,0.540612784429671,1.1155223,0.0005663787
14714,0.9999994288257114,0.06455018,0.009493586
14715,0.5621864764263447,1.0582702,0.0008001223
14716,0.9378732055286128,0.5807058,0.00651785
14717,0.9679134655101695,0.3328139,0.012505282
14718,0.8841137628803748,0.6448765,0.0041174833
14719,0.8326627868290443,1.0646243,0.0030566468
14720,0.9437782041749204,0.5338374,0.011525357
14721,0.9570412319655818,0.39046553,0.015382126
14722,0.5675440799438184,1.1057277,0.0006472899
14723,0.9999988410712572,0.08408137,0.005016497
14724,0.8200312265165575,0.82995236,0.00086305325
14725,0.9008390296152452,0.7742491,0.0046658814
14726,0.8937443373137877,0.35230878,0.006769574
14727,0.9422774228733852,0.55285317,0.0037668678
14728,0.8889910082808132,0.7169307,0.0010788166
14729,0.7836050863571853,1.2421771,0.0016991361
14730,0.8202117990119739,0.89311945,0.0007102209
14731,0.999976693290246,0.054606903,0.004764773
14732,0.816434003723209,0.9605533,0.0001438422
14733,0.981626903877501,0.53248227,0.005663787
14734,0.7946244557196545,1.0528568,0.0001438422
14735,0.8522673768477872,0.76158965,0.0054480233
14736,0.9357967299007834,0.59301525,0.002993716
14737,0.9999997867588154,0.076283626,0.004737803
14738,0.7845605793458498,0.93616456,0.0005663787
14739,0.9822145838730514,0.48257273,0.0022025837
14740,0.7455862310404198,1.0939878,7.19211e-05
14741,0.9364596597977666,1.0155183,0.0005573885
14742,0.7110241953564894,0.956036,0.00010788166
14743,0.8708830781029351,0.80201787,0.0022025837
14744,0.9434353285432752,0.36354885,0.021585321
14745,0.794246784706852,0.8651885,0.0064279484
14746,0.95385392829941,0.7142798,0.001564284
14747,0.8281299383139347,0.6689475,0.00086305325
14748,0.8068551184268808,1.0322028,0.0024363273
14749,0.5106395789463225,1.2534117,0.00047647732
14750,0.7617122314869818,0.85443044,0.008136075
14751,0.8399420321681468,1.048661,0.0007641617
14752,0.7600045113873278,0.83830035,0.0011866982
14753,0.695851554836645,1.0751084,0.004558
14754,0.8186628309579126,0.5123313,0.007722528
14755,0.954247970037231,0.57386446,0.0053850925
14756,0.6902157497340721,1.0371027,0.0011417475
14757,0.8768415612815532,0.9135229,0.0011417475
14758,0.8895286726388385,0.75514865,0.00029667455
14759,0.7345754672198002,1.1569068,0.00051243784
14760,0.9956926325862664,0.5011943,0.002804923
14761,0.9594377456644452,0.6512105,0.0009979053
14762,0.8740373696601405,0.5161777,0.0060413727
14763,0.8326562918941143,0.7865216,0.0006203195
14764,0.7319712072897581,1.2003695,0.006194205
14765,0.787723776316348,1.0952783,0.001177708
14766,0.6174250783990662,1.3605673,1.7980276e-05
14767,0.8221690399620232,0.9569634,0.0037938382
14768,0.8774384976098409,0.7609579,0.0024003668
14769,0.6615872057760444,0.9823838,0.001177708
14770,0.8554012373727535,0.8534581,0.0018699487
14771,0.9165777238277116,0.48693886,0.0060323826
14772,0.6419956544434395,0.69890636,0.0
14773,0.9999990257317996,0.06652367,0.009493586
14774,0.8444245852954829,0.83823925,8.990138e-06
14775,0.9999994163466251,0.077574074,0.009457625
14776,0.9418055264703532,0.62608993,0.00021576331
14777,0.9601660437958552,0.4561236,0.002013791
14778,0.7705887148394325,0.99917954,0.0058256094
14779,0.8454826912455741,0.86493087,0.00021576331
14780,0.6339267072543049,1.2058105,0.0038927298
14781,0.6962482861042801,1.0056275,0.0005304181
14782,0.950877975967123,0.70689166,0.0001887929
14783,0.8011524093800118,1.1089594,0.0001438422
14784,0.7851764237260248,0.8626478,0.004971546
14785,0.9967207753414932,0.060705986,0.034414247
14786,0.7610907081977046,0.51325184,0.0037578775
14787,0.9899912844150048,0.6784358,0.0005483984
14788,0.8522734606908591,0.8683601,0.0049086153
14789,0.756602160994742,0.9846604,0.0021036922
14790,0.7326487764858007,0.78692406,5.394083e-05
14791,0.7352954962580537,0.6051862,0.0020407613
14792,0.9999994288257114,0.06557025,0.009475606
14793,0.843304173702917,0.94697475,0.0012945798
14794,0.7534973962753786,1.1181868,0.00013485207
14795,0.999999752761648,0.07381727,0.009502576
14796,0.9647586160409096,0.24620168,0.041435543
14797,0.9221400906823436,0.57148874,0.0012136686
14798,0.7412843187024547,0.6954555,0.00034162524
14799,0.9512510423355148,0.53960085,0.004710832
14800,0.8081698049178034,0.90906996,0.0004045562
14801,0.8565659400152315,0.8140463,0.0045400197
14802,0.7730166300958402,1.1394501,0.0010338658
14803,0.6590996705293307,1.1706789,0.0003056647
14804,0.8104646471729638,0.8041558,0.005987432
14805,0.8714602461906557,0.5395608,0.004045562
14806,0.7847387484340711,0.75588447,0.003065637
14807,0.5940363499837106,1.1704048,0.00020677317
14808,0.8678052273447874,0.49920234,0.0058525796
14809,0.9178021188571264,0.8565737,0.00012586193
14810,0.9759671117284618,0.4312359,0.0004495069
14811,0.911303637637352,0.56411356,0.0067515937
14812,0.5362638781690992,1.1158798,0.00027869426
14813,0.8809042801470461,0.4332537,0.0043152664
14814,0.6914020026722086,1.099714,0.0013934714
14815,0.840462378712814,0.51306,0.01043755
14816,0.6896982026312833,0.9569048,0.0009889152
14817,0.8802684478894667,0.9831732,0.0008990138
14818,0.8614542077104724,0.75075364,0.0012316488
14819,0.9986079737439612,0.74160075,2.6970414e-05
14820,0.7627216641061815,0.8021052,0.0016991361
14821,0.8354921084285638,1.1030943,0.0005394083
14822,0.8191314963110681,0.78726137,0.00086305325
14823,0.9768763392487914,0.53161186,0.007506765
14824,0.7865077473162719,1.0036545,0.0024273372
14825,0.9998337842224452,0.06873586,0.0021396528
14826,0.9633272593809517,0.12823327,0.018717468
14827,0.748790046156973,0.6772121,0.006266126
14828,0.999999467831216,0.104189076,0.009187921
14829,0.81690499054268,0.90287507,0.0012945798
14830,0.9635000731109152,0.582666,0.008603562
14831,0.9999866619204992,0.07626616,5.394083e-05
14832,0.7138806235632649,1.0836657,0.001042856
14833,0.9999954270529008,0.059916973,0.0001887929
14834,0.7079257948894884,0.9612097,0.0012586192
14835,0.8961497205019576,0.87012553,0.00025172386
14836,0.57319203572567,1.2288706,0.00081810256
14837,0.7463781006355187,0.92759323,0.0017530769
14838,0.8565150881454997,0.86834174,0.00038657594
14839,0.7256253475450694,1.1271223,0.00039556605
14840,0.8827730130805332,0.41348326,0.010716245
14841,0.892034512755612,1.1219203,0.0017800473
14842,0.8587853703003058,0.9922952,0.0007282012
14843,0.9018700789751436,0.63248444,0.005960461
14844,0.7713195019607574,1.0648392,0.00047647732
14845,0.8007127026769006,0.8200755,0.0010248757
14846,0.8200149809826032,1.0133265,0.00017980275
14847,0.7977267757959432,0.5903312,0.0050974083
14848,0.9141915396421192,0.76457125,0.00392869
14849,0.9217831069698031,0.76468,0.0012586192
14850,0.9240878589255266,0.69498354,0.0021216725
14851,0.8908214474082224,0.5219055,0.0049895267
14852,0.9944764522716584,0.18749653,0.07691063
14853,0.93018747848608,0.677323,0.0014204418
14854,0.9582390282093294,0.7850814,0.0023194556
14855,0.6219180865341662,0.9290432,0.0006832505
14856,0.9999105216908298,0.053819172,0.008423759
14857,0.8015672117856917,0.5713964,0.007461814
14858,0.745032350255056,0.8442558,0.004180414
14859,0.8586478478054876,0.73612946,0.003856769
14860,0.6689776650739357,1.0840645,0.0027240117
14861,0.8553394481937586,0.68614334,0.0031105876
14862,0.6379028809011622,1.2216719,6.2930965e-05
14863,0.6737091655371941,1.0427188,0.0020048008
14864,0.8540276439559825,0.8219747,0.04240648
14865,0.9194189895735146,0.4514031,0.008010212
14866,0.999994339373781,0.081962466,0.004890635
14867,0.970836392439679,0.90951985,0.0003056647
14868,0.9526233637844974,0.3715931,0.016128307
14869,0.999999641429474,0.071969,0.009493586
14870,0.970559894329611,0.43147865,0.0001887929
14871,0.9468719891516404,0.8026333,0.016137298
14872,0.7197851833839917,0.9573425,0.00048546743
14873,0.8667891226540649,0.9969623,0.0013575108
14874,0.9988251633517448,0.08945404,0.0027060315
14875,0.6767029372362813,0.80353844,0.0029397751
14876,0.8704032566611825,0.5047756,0.0037488875
14877,0.8818679018317747,0.51395303,0.007506765
14878,0.7802047379186043,0.73697126,0.001105787
14879,0.77623551736118,0.8492855,0.0030476567
14880,0.9852981765197112,0.37920526,0.030917084
14881,0.8733223235040493,0.7199276,0.0012676094
14882,0.9639834634725712,0.6582759,0.0014653924
14883,0.8923260353678066,0.84086305,3.596055e-05
14884,0.8335103056461205,0.42560542,0.0053311517
14885,0.7326561508436511,0.753977,0.0029847259
14886,0.7497736565699827,0.8740032,0.0017350966
14887,0.9153053939737814,0.72850245,0.00032364496
14888,0.9999601383506208,0.037308477,0.057932448
14889,0.8259857373704931,0.9861065,0.0008360828
14890,0.8503742073991967,0.86563724,0.0027959328
14891,0.9183739575390666,0.57220525,0.0065807807
14892,0.898432052472027,0.93475133,0.004027582
14893,0.94419824562096,0.68117017,0.003856769
14894,0.8534825873468592,0.31736362,0.014132497
14895,0.9581150619183988,0.31174347,0.0027869428
14896,0.9391443343229458,0.3012823,0.014141487
14897,0.7199082858531445,1.1221826,0.0008091124
14898,0.8856285978771599,0.8390857,0.0028858343
14899,0.9805037306504176,0.2457398,0.009736319
14900,0.7877452248503383,1.0611821,0.0
14901,0.938886155177436,0.4508518,0.0035511043
14902,0.7101688200312951,1.136126,0.0006382998
14903,0.837697182069562,0.5010016,0.005672777
14904,0.8438479102659939,0.7851878,0.0010068954
14905,0.8468015878734396,0.76008844,0.000260714
14906,0.8854715984662332,1.0413108,2.6970414e-05
14907,0.7848366059337042,0.88353664,0.0038657594
14908,0.8499616287786145,1.0569161,0.0008270927
14909,0.9156051459124754,0.8201007,0.0005483984
14910,0.8673569295667604,0.7701945,0.005681767
14911,0.8707791415029374,0.7369705,0.002346426
14912,0.9261417664108744,1.0056069,0.00034162524
14913,0.999999282538427,0.06833536,0.009448634
14914,0.98559681093303,0.5162468,0.000719211
14915,0.880216075358131,0.8112095,0.0006023392
14916,0.6815046649015889,0.9843295,0.00027869426
14917,0.8398142209836189,0.59905034,0.0027150216
14918,0.8564530866917847,0.58965933,0.0068594753
14919,0.757791129627773,0.7643568,0.00848669
14920,0.7526988913574637,1.0248879,0.0038208086
14921,0.8853089642682702,0.85543495,0.006463909
14922,0.9976007691736724,0.19924659,0.060989097
14923,0.7668316222862175,0.8059651,0.000260714
14924,0.7864261071874962,1.0228454,0.00051243784
14925,0.6201864440132201,1.1685934,0.00024273372
14926,0.8705389618152413,0.6486592,0.007219081
14927,0.7755434091807116,1.0301219,4.4950688e-05
14928,0.942031642287954,0.93021476,0.00019778303
14929,0.8040266077794307,0.70765024,0.00259815
14930,0.6813033517760779,0.8464669,0.00587056
14931,0.9299720589713292,0.38425753,0.004261325
14932,0.7546840770089756,0.58315176,0.011624248
14933,0.8037287654741654,0.67684495,0.0040725325
14934,0.765480224448388,0.860005,0.00022475344
14935,0.8588626116622621,0.9301431,0.0012586192
14936,0.8178004250936391,0.92979425,0.0019868205
14937,0.9088629642499024,0.41961318,0.015229293
14938,0.930419267590657,0.585036,0.00096194475
14939,0.7583660067192691,0.92761976,0.00090800395
14940,0.8413415275752039,1.0990733,0.00027869426
14941,0.7903905076675566,0.8565202,0.0012046784
14942,0.8589310411443699,0.88873243,0.00089002366
14943,0.7855599191043929,1.0676461,0.00017081262
14944,0.6842580827765584,0.99404544,0.00097093487
14945,0.8714848091905815,1.1575779,0.0009889152
14946,0.956271816902152,0.6196642,0.0016451952
14947,0.9643319253627008,0.49270254,0.015921535
14948,0.9926630007843904,0.27612907,0.0045490097
14949,0.7694771399165619,0.7772625,0.0035511043
14950,0.9487188471124888,0.6865994,0.0012765996
14951,0.9059414832171268,0.9923469,0.0008091124
14952,0.7100137323726408,0.80263203,0.0038118185
14953,0.7968458158279538,0.80918,0.0026790611
14954,0.9999902859413994,0.059441496,0.009331763
14955,0.7500941069511031,0.80535066,0.0026251203
14956,0.8625161999365251,1.0832475,0.0007371913
14957,0.9015956388232168,0.6114632,0.004890635
14958,0.8981934426012125,0.8878914,0.00087204337
14959,0.942168158498504,0.66239744,0.04564293
14960,0.8163668247962417,0.8645758,0.004719822
14961,0.7760789099161417,1.0876511,0.0016991361
14962,0.7610575621097377,1.0534035,0.0008270927
14963,0.6698137416760802,0.9851064,0.00081810256
14964,0.7543773785395385,1.0045366,0.0005304181
14965,0.8323773767692144,1.0056024,0.00010788166
14966,0.9391029612045104,0.3588669,0.009736319
14967,0.9121430259310986,0.43065906,0.0026970413
14968,0.8796028368012441,1.0367061,7.19211e-05
14969,0.9905368333663898,0.6578563,0.0017171163
14970,0.8024755679930173,0.49685425,0.0022745049
14971,0.9443085107853672,0.6934814,0.0021846036
14972,0.7306124380072812,1.16,0.0005034477
14973,0.8276956590772329,0.9541215,0.0023733964
14974,0.8624818588392307,1.007403,0.0041354634
14975,0.9999996903760237,0.071291104,0.009511566
14976,0.6524887512588684,1.1232457,0.0010068954
14977,0.9369553265212782,0.62312275,0.0022025837
14978,0.7814993937464743,0.6169238,0.010068954
14979,0.7365658876793395,0.87809837,0.006266126
14980,0.8680314465951775,0.62471104,0.006140264
14981,0.7868926070876682,0.8883275,0.003991621
14982,0.8412603206369147,0.8335924,8.9901376e-05
14983,0.7799689207323834,1.2547847,7.19211e-05
14984,0.616802107923075,1.2463895,0.0007282012
14985,0.9732571265892416,0.2903231,0.013673999
14986,0.9096552177093464,0.74971116,0.0020317712
14987,0.9259682155257626,0.8225238,0.0004944576
14988,0.9066382777320788,1.1412772,0.0006922406
14989,0.7673100649342841,0.79679495,0.00094396446
14990,0.7234482504896477,1.1102937,0.00022475344
14991,0.7704394564478422,0.77650416,0.005457014
14992,0.6372732711125942,1.1037083,0.0014114516
14993,0.8161068197903703,0.9822034,0.00524125
14994,0.9999670660163892,0.041115683,0.062310643
14995,0.8979657640856158,0.4304613,0.0019508599
14996,0.9883879655953663,0.7280911,4.4950688e-05
14997,0.7389528186012427,1.1015168,0.0014204418
14998,0.8588626116622621,1.0514203,0.0004944576
14999,0.8369268965360452,0.85096097,0.0032094792
15000,0.991611366365175,0.58117694,2.6970414e-05
15001,0.7204536309024905,0.8840097,0.001177708
15002,0.9945720491948628,0.6257058,5.394083e-05
15003,0.7045036168358474,0.9338414,0.0024992584
15004,0.8168587043332661,0.75093365,0.0014564024
15005,0.6927806586391148,1.2133553,0.00021576331
15006,0.783720141420305,0.62976503,0.011525357
15007,0.8965718838616626,0.633971,0.0011956884
15008,0.8123336548364861,0.5442684,0.01500454
15009,0.8455956822668386,0.8219032,0.00024273372
15010,0.8544889983055078,0.5528373,0.010015014
15011,0.9794325212635924,0.33374092,0.006221175
15012,0.9848147250718056,0.81997323,0.00015283235
15013,0.9464768735637176,0.61334527,0.013269443
15014,0.7106679424809125,1.1130729,0.0024632977
15015,0.7791326735319775,0.92889273,0.0028408836
15016,0.6496080791392344,1.1673117,0.002355416
15017,0.8626271360678072,0.7558756,2.6970414e-05
15018,0.787723776316348,1.1703267,0.0011866982
15019,0.9810903582915717,0.5930722,0.00029667455
15020,0.791021409747038,0.6543277,0.004243345
15021,0.7591132424181697,0.90418416,0.0011417475
15022,0.6969445223042969,1.1570122,0.0007282012
15023,0.8177565843721314,1.1020956,7.19211e-05
15024,0.9822406170514713,0.8404816,0.0003056647
15025,0.6875234296713446,0.9349138,0.0005034477
15026,0.8644274157086742,0.64239013,0.006068343
15027,0.7439258493698526,0.89541996,9.889151e-05
15028,0.9514945736111796,1.1323894,0.00093497435
15029,0.9935017977687892,0.20813799,0.06884648
15030,0.8449657406263824,0.64071125,0.0060323826
15031,0.7858041953984054,0.1357484,0.0
15032,0.8751443796623573,0.8351175,0.0010158856
15033,0.8409209150215029,0.91304916,0.0015912544
15034,0.7614575252338898,0.92450637,0.001042856
15035,0.7244488474043728,0.9677952,0.002804923
15036,0.8394210919759865,0.75416297,0.0005933491
15037,0.7177345348446598,0.92198724,0.00048546743
15038,0.9275467789732688,0.6230908,0.0011956884
15039,0.9212874883230155,1.06276,0.0006832505
15040,0.8308090705898483,0.4492267,0.009322773
15041,0.876728697544379,0.6552878,0.0019059093
15042,0.7600663795528593,1.3650156,0.0026341104
15043,0.6063679299809885,1.1566979,0.00034162524
15044,0.9079531826526912,0.61617506,0.0019328797
15045,0.8320410004976246,0.55692124,0.0030386667
15046,0.8503964433754863,1.0834839,0.0010338658
15047,0.9466051786494114,0.8902869,0.0011866982
15048,0.7225858358760687,1.1257379,0.0048636645
15049,0.7750093080201481,1.1568979,0.00041354634
15050,0.8607159266249262,0.54959005,0.004719822
15051,0.7262878400436417,1.0800061,0.0014743826
15052,0.7487249285459889,1.0558624,0.0010788166
15053,0.9610827574917342,0.6144095,0.0007282012
15054,0.7308413910010674,1.1429471,0.000979925
15055,0.9778625817071512,0.6133216,0.0068774554
15056,0.9774530157611556,0.8441068,0.0040905126
15057,0.8877436174848619,0.9337184,0.0005663787
15058,0.7998277126305589,0.9457895,0.0039197
15059,0.7575371886349482,1.0494127,0.0012586192
15060,0.8743862086840706,0.29676282,0.009268832
15061,0.8227893539284303,0.880202,0.00020677317
15062,0.9282980496971724,0.63257545,0.0003506154
15063,0.9231932092090824,0.62151194,0.010905038
15064,0.9999644017677868,0.093395784,0.006481889
15065,0.7802723924446191,0.8769011,0.0021846036
15066,0.7532896620862212,0.8305405,0.0014743826
15067,0.6828050563507351,1.3090043,0.00091699406
15068,0.8970887929904078,0.40844104,0.008172035
15069,0.8205701801304494,0.8750628,0.0112376725
15070,0.7591586729992222,0.83901256,0.0015552938
15071,0.8269808433590147,0.72592145,0.0015822642
15072,0.999992503609654,0.062259242,0.004423148
15073,0.9831737353413608,0.28571495,0.019086063
15074,0.9999992771990924,0.08075616,0.009475606
15075,0.7607238210403562,0.90952337,0.001114777
15076,0.8402194367745007,0.85867816,0.0025531992
15077,0.9248849865151504,0.9317549,0.0003506154
15078,0.7263914003042699,1.0913801,0.0007911321
15079,0.6436752580309762,1.2432885,0.00048546743
15080,0.8939846787765776,1.0016326,0.0014564024
15081,0.8067313334908838,0.95303726,0.0021666232
15082,0.7957558840593228,0.99633616,0.004297286
15083,0.6787862219014242,0.9505452,0.0032454398
15084,0.9294281407682848,0.49604857,0.005978442
15085,0.984805499867604,0.61489993,3.596055e-05
15086,0.5866033706524818,1.0962731,3.596055e-05
15087,0.8881375122335285,0.7194545,0.00261613
15088,0.6351218925441744,1.0828073,0.0006113294
15089,0.9270969982441564,0.5394802,0.0024632977
15090,0.8648254124328676,0.59222347,0.0021126824
15091,0.9688287197075462,0.20584558,0.02547805
15092,0.9425163658501724,0.95543325,0.00046748717
15093,0.909665809039738,0.7613307,7.19211e-05
15094,0.8153877669856613,0.84589297,0.0006832505
15095,0.8468029601058831,0.93753606,0.0018699487
15096,0.7501182667017444,0.7760477,0.001824998
15097,0.9107125235596676,0.75129104,0.0046479013
15098,0.6998753579191668,1.003864,0.0025711795
15099,0.906813330912802,0.5725291,0.0017530769
15100,0.9560458945412278,0.4297882,0.0047917436
15101,0.9135819314518976,0.7573667,0.002741992
15102,0.7449581277160849,0.8975126,0.0024183472
15103,0.9371505197203046,0.38471472,0.008423759
15104,0.7604572893644294,0.99218005,0.003847779
15105,0.9985801439377175,0.28269905,0.017935324
15106,0.7940642699565179,0.8814839,0.0006023392
15107,0.8617679877043719,0.99245286,0.0006922406
15108,0.9999985474098748,0.06233884,0.009358734
15109,0.9952843728460586,0.7524618,0.00029667455
15110,0.9249114977746264,0.24934633,0.0027599724
15111,0.8461425911637598,0.88973355,0.0014743826
15112,0.9205359852833244,0.6111211,0.0035690847
15113,0.8306256447549762,0.84591985,2.6970414e-05
15114,0.8811040640946236,0.69521,0.0046748715
15115,0.7638184460657612,0.8161207,0.0036769663
15116,0.8594758737692898,0.46929756,0.014896658
15117,0.7317256922611513,0.7670414,0.002490268
15118,0.7736942861852047,0.97130066,1.7980276e-05
15119,0.9817060264117162,0.72675586,0.0007282012
15120,0.951125879020624,0.5369994,0.0009979053
15121,0.9928714344776026,0.48197728,0.006697653
15122,0.8400737573414219,0.7366583,0.0006562801
15123,0.8939986074791124,0.64250046,0.00047647732
15124,0.9488525927037004,0.69509184,0.0006652702
15125,0.8761542710822805,0.9117373,0.002094702
15126,0.9999432114869816,0.03288819,0.06413564
15127,0.9999998587337904,0.081782,0.0047288127
15128,0.7124460535750088,0.8649477,0.003649996
15129,0.9279013723210232,0.5820825,0.0053401417
15130,0.8548594913516803,1.0538932,0.0027689624
15131,0.7755035732079911,1.1584365,0.0013125602
15132,0.9999734587378468,0.055771165,0.009062059
15133,0.8848744599957844,0.7155954,0.0075607058
15134,0.7887843642552035,1.016741,0.0016631755
15135,0.9999897397054182,0.047878888,0.06577185
15136,0.7072752975566514,0.99144006,0.0017440867
15137,0.8241918080325439,0.83724475,0.002022781
15138,0.7812504078362807,1.1049922,3.596055e-05
15139,0.9996835346458112,0.29705077,0.00523226
15140,0.8347747703725051,1.1193098,0.00019778303
15141,0.7607846907648499,0.85184574,0.0016991361
15142,0.8145550507003431,1.0109582,0.00042253648
15143,0.7605490266308174,0.6630086,0.0030296764
15144,0.6835666155309041,1.14342,0.00093497435
15145,0.9999995232505252,0.07117439,0.009493586
15146,0.995131002949286,0.20462689,0.083913945
15147,0.9038097762643272,0.61552244,0.004216375
15148,0.8721394216305131,0.6400074,0.0021756133
15149,0.8610177891454527,0.55795485,0.0029038144
15150,0.845006745511425,1.180701,0.0009889152
15151,0.8904729433965316,0.49742886,0.004773763
15152,0.8056187134135303,0.6810007,0.0025621892
15153,0.7168374527900123,0.9717666,0.000260714
15154,0.9514945736111796,0.9719271,0.0005663787
15155,0.8842535993759779,0.6236233,0.011642229
15156,0.9953411012393648,0.5819237,0.000719211
15157,0.5106395789463225,0.941024,0.0
15158,0.7582853322601042,0.7594596,0.004692852
15159,0.7820483343297906,0.7938394,8.091124e-05
15160,0.9999995486688524,0.067935206,0.009502576
15161,0.9127944196031532,0.71815306,0.003955661
15162,0.9065373469523892,0.4120033,0.011498386
15163,0.7610463586897429,0.850609,0.00077315187
15164,0.8801715106525656,0.6858831,0.00048546743
15165,0.8711392087942689,0.81897265,0.0030746271
15166,0.8673286294969635,0.6843988,0.006661692
15167,0.7951284924529114,0.6135578,0.005295191
15168,0.8304429147812981,0.50077677,0.0048187138
15169,0.8190347258903655,0.86387604,0.00045849703
15170,0.6961058733887223,0.94250673,0.00097093487
15171,0.7958216976095469,0.6484698,0.00784839
15172,0.9999769931707064,0.05749867,0.009196911
15173,0.6692300743016418,1.0985547,0.002229554
15174,0.7847293555544755,0.7373654,0.0064189583
15175,0.8691705523616113,0.98566574,0.00046748717
15176,0.984997336995022,0.75652426,6.2930965e-05
15177,0.7194711022993587,1.0779711,0.0036050454
15178,0.8328162773441492,0.93615013,0.0043242564
15179,0.7653613551711096,0.5836765,0.0040185917
15180,0.6464915385601631,1.0972973,0.00029667455
15181,0.7141000322538377,1.0209169,1.7980276e-05
15182,0.8378356853295561,0.97901773,0.0019328797
15183,0.9111458310528772,0.60188395,0.007506765
15184,0.7845698307146287,0.89086986,0.005142359
15185,0.7197131745876566,1.0910852,0.0010338658
15186,0.7051113080253922,0.9256976,0.0008540631
15187,0.9902812746431812,0.21665771,0.010302698
15188,0.9808315706073858,0.14869216,0.060872223
15189,0.7623928554144579,0.66820467,0.0040185917
15190,0.8244357579699074,0.64458066,0.0067605837
15191,0.792084768532,0.9168038,0.0017440867
15192,0.861837121396279,0.8707572,0.0003596055
15193,0.8129884670764401,0.7081019,0.0061672344
15194,0.6917866113351056,0.87037826,0.008630533
15195,0.8284775366381265,0.60166097,0.008028193
15196,0.7834955460736466,0.8130438,0.0013305404
15197,0.8136320581972684,0.69307935,0.017728552
15198,0.731180724656901,1.2240682,0.0013934714
15199,0.9679134655101695,0.40410757,0.0138807725
15200,0.8047196886083673,0.9793976,0.0011956884
15201,0.6546301120738351,1.206288,0.0012676094
15202,0.880359306169992,0.92475206,0.0025531992
15203,0.8673569295667604,0.8650732,0.009071049
15204,0.9688287197075462,0.1532055,0.03966449
15205,0.8594964445845887,0.50084746,0.0041174833
15206,0.981993110725453,0.35600474,0.018510694
15207,0.7759013540758322,1.0848796,8.9901376e-05
15208,0.9103494429319232,0.73511654,0.00039556605
15209,0.8543427467101851,0.770515,0.003326351
15210,0.9617070508187384,0.46002173,0.0040096017
15211,0.9747757481388918,0.69132423,0.0025531992
15212,0.6233845557137591,1.0641621,0.0007371913
15213,0.8178433611887389,0.70495147,0.0021216725
15214,0.9627790729767518,0.41756803,0.0020497513
15215,0.952482916477272,0.3915947,0.006967357
15216,0.830687911213698,1.0822252,0.00095295464
15217,0.7250783208592366,0.85633,0.0035061538
15218,0.8666810000246928,0.74648935,0.005942481
15219,0.8581370853325203,0.8656203,0.0005304181
15220,0.8712989643042965,0.71254015,0.0029847259
15221,0.8537112545227605,0.62771636,0.0025711795
15222,0.8847674971408229,0.6823501,0.003524134
15223,0.9480554846441008,0.391891,0.0030746271
15224,0.9999609360107458,0.08129957,0.0012586192
15225,0.8002392157529093,0.75499,0.0024273372
15226,0.955470187767946,0.8026097,0.0003056647
15227,0.8237393693169989,0.4527119,0.006715633
15228,0.7925715235367641,1.0909027,0.00047647732
15229,0.8985022448677016,0.39012924,0.0080461735
15230,0.8222089904402593,0.6974354,0.0011687179
15231,0.7826727732857537,0.9654567,0.009862181
15232,0.8281150870181063,0.6914858,0.002490268
15233,0.9004974113387971,0.9616269,5.394083e-05
15234,0.9753336636265072,0.4297713,0.00717413
15235,0.7771729276017952,0.723829,0.0065717907
15236,0.9156634932050988,0.6575179,0.009232871
15237,0.6632592705840419,0.9622319,0.00011687179
15238,0.9552428801923318,0.6521487,0.00023374359
15239,0.8494655593492907,0.74808496,0.015498998
15240,0.7327874174994178,1.3757954,0.0006113294
15241,0.8064109025279597,1.2155225,0.0008810335
15242,0.7312014451831836,1.0376831,0.003119578
15243,0.9999965215199824,0.08728166,0.009349743
15244,0.951092883330954,0.58482426,0.0064998697
15245,0.9060221077588148,0.3785974,0.009871172
15246,0.9616925726943216,0.41693643,0.008585582
15247,0.9141985067630228,0.6471103,0.004027582
15248,0.7587264632336694,0.9278292,0.0023014753
15249,0.8190347258903655,0.66722894,0.0016721656
15250,0.6332387631404016,1.2963797,7.19211e-05
15251,0.9942456399294995,0.560901,0.0016451952
15252,0.8152084421133734,1.0069443,0.003982631
15253,0.7191936626588504,1.0458854,0.0011956884
15254,0.6376133252074176,1.3358567,0.00011687179
15255,0.9999959542755166,0.05623888,0.00913398
15256,0.7561773212544626,0.84603614,2.6970414e-05
15257,0.6452219237541631,1.1873312,0.0016631755
15258,0.7201985582663553,0.56968606,0.0057716686
15259,0.9999951782660378,0.13823539,0.010032994
15260,0.839436999815775,1.0660799,0.01044654
15261,0.7922027505501102,0.6281562,0.00391071
15262,0.6902635891848922,0.8533372,0.0063200668
15263,0.935123051709886,0.66717744,0.0024363273
15264,0.980169921192554,0.44817317,5.394083e-05
15265,0.8416182214581195,0.9843604,0.000979925
15266,0.8399322734885476,0.9669249,0.00010788166
15267,0.8741413443206286,0.74359214,0.0012226588
15268,0.7289198525268018,1.2620722,0.00051243784
15269,0.7131255809005221,0.90436375,1.7980276e-05
15270,0.72182489716647,1.1496345,0.0016002445
15271,0.8810550470982184,0.8080987,0.0036050454
15272,0.6508183804866694,1.0394121,0.0012496292
15273,0.9794352586364292,0.7008755,0.00087204337
15274,0.9849988517636304,0.5196987,0.00042253648
15275,0.8609641088512633,0.5767167,0.00456699
15276,0.5734354845922891,1.2069157,0.0003596055
15277,0.8630123516889361,0.8231664,0.001501353
15278,0.6753788503519664,1.3086215,5.394083e-05
15279,0.8848492677053281,0.73363477,0.00077315187
15280,0.6665735783043357,1.045817,0.0024363273
15281,0.814113278309975,1.0404154,0.0012046784
15282,0.8716175388437063,0.4927352,0.0126401335
15283,0.8119730227002693,0.77314335,0.0024543076
15284,0.974671838878692,0.70753247,0.0003326351
15285,0.8506550183171342,0.5650929,0.0019148993
15286,0.854481047429275,0.7030097,0.0012496292
15287,0.9551688604274065,0.7360966,3.596055e-05
15288,0.8238665123634529,0.8536468,0.0006382998
15289,0.9422768301613134,0.5095738,0.0024543076
15290,0.9248664328358768,0.66433364,0.004935586
15291,0.9999977842239746,0.059005395,0.009385704
15292,0.9540324233170384,0.8309164,0.0005663787
15293,0.8871468707400587,0.56807274,0.003596055
15294,0.6586841386352178,1.1934636,0.002022781
15295,0.8693795002576211,0.7740754,0.00015283235
15296,0.9554811816854618,0.8288206,0.0022745049
15297,0.9002426521737938,1.1361779,0.0006293096
15298,0.7625907891413762,0.77518713,0.001824998
15299,0.7881862057374271,0.844018,0.0044051674
15300,0.8488617921632406,0.63694423,0.005744698
15301,0.9291796413001993,0.5347466,0.008945188
15302,0.9619662410025894,1.0622312,0.00096194475
15303,0.801964090288425,1.0028311,0.0005034477
15304,0.5614408581791608,1.0987592,0.00025172386
15305,0.9910356067142456,0.30103657,0.023635073
15306,0.791997367000102,0.95159936,0.0001887929
15307,0.7647724979671252,0.77925545,0.010662303
15308,0.80144640964491,0.647836,0.0076056565
15309,0.811518993455286,0.6169643,0.0033982722
15310,0.8161755969762985,0.46994123,0.009277822
15311,0.8210078775276817,0.8499302,0.0016721656
15312,0.8323773767692144,1.1087044,8.9901376e-05
15313,0.9604391680746912,0.42088708,0.003596055
15314,0.839288483048152,0.84644186,0.005951471
15315,0.8254527201795359,1.1388361,0.0022924852
15316,0.9307483052443208,0.73134017,0.0008001223
15317,0.7841443680645085,0.87571645,0.0008810335
15318,0.8380133398628249,1.0250901,0.00015283235
15319,0.877214084176903,0.50139433,0.0055199447
15320,0.8924461461766825,0.543106,0.0061672344
15321,0.5928795125572442,1.35158,0.0003506154
15322,0.9604236701780192,0.65636694,0.007956272
15323,0.8307245136000466,1.2225505,0.00041354634
15324,0.7931876386511832,0.9561633,0.0012945798
15325,0.8544286834923451,1.0165489,0.006329057
15326,0.8422751926895106,0.8363545,0.007452824
15327,0.7256665487589203,0.7300878,0.00456699
15328,0.7468965063821427,0.74906325,0.0005034477
15329,0.6305332882230184,1.22628,0.00015283235
15330,0.7409041793657218,0.98948497,0.004944576
15331,0.9449980973622988,0.6813065,0.00034162524
15332,0.7619073129569381,1.18984,0.000719211
15333,0.7089485313849931,0.87017834,0.0017530769
15334,0.513489867907271,1.0983369,0.0005663787
15335,0.7275313296938564,1.131411,0.0005304181
15336,0.7772847224195191,1.005326,0.00017081262
15337,0.907190636752394,0.7430232,0.0003596055
15338,0.8520896966590437,1.0141613,0.0011597278
15339,0.9999612833525688,0.055987697,0.00843275
15340,0.805456182792009,0.9243577,0.0053401417
15341,0.9999911062016774,0.06434831,0.004764773
15342,0.9960304641080258,0.7656385,0.0008270927
15343,0.8714263587125716,0.48641536,0.00046748717
15344,0.8203253885623881,0.7349378,0.0033083707
15345,0.8875803388500751,0.55538553,0.0003326351
15346,0.8149975716383484,0.9967717,0.006400978
15347,0.918598203679056,1.117098,0.0001887929
15348,0.7320889135360238,1.2339296,0.00019778303
15349,0.7654363183307149,1.0803918,0.00011687179
15350,0.8566097390019359,0.56929064,0.011678189
15351,0.7115687229172469,0.8787913,0.0053581223
15352,0.6566992544393243,1.0250801,0.0018339881
15353,0.8278729459004727,0.9046154,0.0020497513
15354,0.7676798201316601,0.8750726,0.0002876844
15355,0.7845319213712889,0.7952988,0.004719822
15356,0.9993584773658604,0.085313775,0.0023284457
15357,0.7547222692271501,0.9470982,0.0016002445
15358,0.8108818150337296,0.7997531,0.0068774554
15359,0.8856285978771599,0.98719746,0.003721917
15360,0.6810260999817472,0.9395014,0.0015283234
15361,0.9283495071542828,0.99791694,2.6970414e-05
15362,0.9338058271708258,0.9660633,0.00022475344
15363,0.8916192465444442,0.38491076,0.008172035
15364,0.7200862654091652,0.76484525,0.00032364496
15365,0.999998624533068,0.06139012,0.009259842
15366,0.7392618659908566,1.0136068,0.0030476567
15367,0.9013953715729685,1.4847854,9.889151e-05
15368,0.7861423727708376,0.94130355,0.0004045562
15369,0.7812202727776082,0.97792196,0.002220564
15370,0.7413479822127652,0.5537385,0.008711443
15371,0.956522591914608,0.35657167,0.008855286
15372,0.986803255439516,0.55508983,0.00017081262
15373,0.9400699514151044,0.9699039,0.0013125602
15374,0.7044603056299491,0.9003602,0.001375491
15375,0.9112053538755264,0.4323348,0.00587056
15376,0.9943608403410548,0.53915644,0.002211574
15377,0.7623706845379572,1.3450775,7.19211e-05
15378,0.8081698049178034,1.1208293,0.00041354634
15379,0.7716584934077779,0.82456756,0.0020317712
15380,0.679651402964556,1.1649833,0.00016182248
15381,0.7917964877195109,0.6020572,0.005349132
15382,0.7396889578947292,0.9266604,0.0014024616
15383,0.7605710902979674,0.8315815,0.0010338658
15384,0.9244862036003164,0.9742798,0.0007551716
15385,0.9107757677173736,0.85133487,0.0013934714
15386,0.8487627136766482,0.8253044,0.0030386667
15387,0.8280460963586541,0.6691524,0.004746793
15388,0.9960632422829632,0.13749914,0.07796247
15389,0.8841137628803748,0.593451,0.0046748715
15390,0.623632622553512,0.8984873,0.001366501
15391,0.738875856385943,1.1174502,0.00023374359
15392,0.7201528135561868,0.83763486,0.0023913768
15393,0.7811220073639541,0.7807449,0.0055289348
15394,0.7977113162894439,0.72346306,0.0017261065
15395,0.8830242945222824,0.8459391,0.00039556605
15396,0.6261914096891059,1.0265845,0.00011687179
15397,0.800723250077351,0.6418729,0.009511566
15398,0.7525354318758298,1.3352526,0.0005663787
15399,0.7845017531621155,1.1396831,0.0006742603
15400,0.7373967354133878,1.2557636,0.00042253648
15401,0.9999993999160468,0.068752505,0.009484596
15402,0.807586656790763,0.829992,0.0032814003
15403,0.7192941987807877,0.97018915,0.0022565245
15404,0.6939957708391075,0.95166636,0.007956272
15405,0.99586752726684,0.86625725,0.0008270927
15406,0.999998192340896,0.058752365,0.009277822
15407,0.8228761799746771,0.9840927,0.0011237672
15408,0.5983717824998943,1.03692,0.0006652702
15409,0.9999986014438488,0.059512142,0.009403684
15410,0.7220520386365064,0.8351424,0.0021576332
15411,0.7890896310462889,1.0302249,0.0006742603
15412,0.8220474553487354,0.9565001,0.000260714
15413,0.8381718403638991,0.9682387,0.0012586192
15414,0.7592639654205458,0.7890409,0.003973641
15415,0.6950948804438684,1.3132416,0.00058435893
15416,0.9180791720158782,0.7333778,0.0013844812
15417,0.9204759306542396,0.5770689,0.0087563945
15418,0.975207574137792,0.33391535,0.0032274595
15419,0.8240609811548534,0.98528886,0.00020677317
15420,0.9297197839722252,0.49491274,0.0018519684
15421,0.8235923601992591,0.7485585,0.0048456844
15422,0.8045191084890513,0.84101677,0.0009979053
15423,0.8028118527016819,1.0110649,0.00077315187
15424,0.9196881644173434,0.79327637,0.0016362051
15425,0.8370679220423582,0.80072826,0.0020317712
15426,0.8150223370102831,1.0859814,0.0008990138
15427,0.8075728188504383,0.66744024,0.0016362051
15428,0.7793406071702826,0.92736125,0.0018429783
15429,0.6849783732296157,0.9599518,0.0007911321
15430,0.7889319832577948,1.0403187,0.000979925
15431,0.7812544478748975,1.168565,0.00010788166
15432,0.8178945760439572,0.7045638,0.007704548
15433,0.8299235580931899,0.41612342,0.0055109547
15434,0.7919909620485489,0.9157958,5.394083e-05
15435,0.8397535133051315,0.5789223,0.010176836
15436,0.9355748055867656,0.5994365,0.01638003
15437,0.6892500005932836,1.248457,4.4950688e-05
15438,0.7162054792132775,0.9990973,0.00045849703
15439,0.971141950678568,0.57660204,0.0015822642
15440,0.764011496273485,1.3025556,0.004423148
15441,0.9490005071961112,0.29173627,0.011813041
15442,0.9151599757630304,0.68518716,0.006203195
15443,0.7810373489580682,0.87739944,0.0021666232
15444,0.8681675063172739,0.9912217,0.00025172386
15445,0.9634589283855772,0.6612701,0.0030296764
15446,0.9999983637133067,0.08451309,0.005016497
15447,0.8553891869037474,0.62973636,0.0029577552
15448,0.783221508876436,0.9215893,0.0032364496
15449,0.8488465390546531,0.9728682,0.00016182248
15450,0.7172891489083913,0.73912793,0.003964651
15451,0.8156225562515802,0.94372904,0.00025172386
15452,0.981591512168356,0.46259296,0.0010878067
15453,0.8013369127002171,1.1112224,0.0034342327
15454,0.851644412533106,0.8862104,0.0010967968
15455,0.4972634191423318,1.2318816,0.00016182248
15456,0.9230960455449302,0.37072328,0.019958107
15457,0.7680912511896232,1.2145867,0.0059065204
15458,0.8037484329753457,0.75482625,0.008199005
15459,0.6513415515729896,0.88820124,0.0005483984
15460,0.7998358429278061,0.7660919,0.0046568913
15461,0.8851251890538044,0.94789296,0.0013485206
15462,0.8500098054827299,0.5309495,0.0037938382
15463,0.9113027943146188,0.4874189,0.010374619
15464,0.7890946421979018,1.2651398,0.0017440867
15465,0.9999991514299372,0.08365596,0.0049895267
15466,0.8217124825555318,0.91976047,0.0010967968
15467,0.7888158764718234,0.7716359,0.0035331242
15468,0.7904170921999523,0.7945078,0.0056997472
15469,0.9999722071433916,0.08032547,0.001375491
15470,0.9999981377757,0.073776975,0.009340753
15471,0.9215741323491004,0.9288729,0.002346426
15472,0.8467070842117285,0.5425,0.0056008557
15473,0.8006897221145106,0.81090546,0.0006562801
15474,0.8239289356091315,1.0827036,0.0010248757
15475,0.9933228498006949,0.23147707,0.04636214
15476,0.8507000587069866,1.0394268,0.0003056647
15477,0.8824154373839121,0.7868018,0.00016182248
15478,0.8034567834225742,0.71017027,0.0066347215
15479,0.8470611303711922,0.77439237,0.0023733964
15480,0.962896989378516,0.47936103,0.0009979053
15481,0.8954073931238146,1.0133903,8.9901376e-05
15482,0.8606041936572133,0.5934003,0.006967357
15483,0.8301708417590032,0.8985289,0.00086305325
15484,0.8530451130046285,0.8336163,0.0010158856
15485,0.8537947194020501,0.98909694,0.0011507376
15486,0.8363316598850437,1.0251803,0.0003506154
15487,0.8235367366356323,0.8678671,0.0010878067
15488,0.8326967204908235,0.6092063,0.007111199
15489,0.8074236476329493,0.98279995,0.0028229032
15490,0.7553472062591896,0.8065678,0.0046658814
15491,0.8828517168648523,0.62715554,0.0001887929
15492,0.9999992947915236,0.10395501,0.009619447
15493,0.7296690868802058,0.78647316,0.0035331242
15494,0.9418902390019837,0.76260006,0.0018429783
15495,0.8064276620788716,1.1482539,0.0019418697
15496,0.8340625830685595,0.57136613,0.0068954355
15497,0.7787280948734734,0.8034688,0.0028318935
15498,0.7325002771973039,0.84797287,0.0013934714
15499,0.9051238941220288,0.7097435,0.002229554
15500,0.8730588208526567,0.64835936,0.009367724
15501,0.81076640220337,0.611705,0.0039466703
15502,0.8348433767865775,0.85121566,0.004477089
15503,0.7328293769943959,1.0955011,0.0011507376
15504,0.8667259233334077,0.619135,0.0050974083
15505,0.7859031189224548,0.753318,0.004216375
15506,0.7927442660605143,0.9323949,0.002013791
15507,0.9616537224135232,0.61712354,0.0006652702
15508,0.9999993113753984,0.085760966,0.005007507
15509,0.9439876184238072,0.749749,0.0001887929
15510,0.8068459225986453,0.82198614,0.0024543076
15511,0.8069607586646701,0.9610784,0.00017980275
15512,0.8341565849573143,0.98444706,0.0043871873
15513,0.6816106546896472,0.8745759,0.0046748715
15514,0.7218983106791903,0.99150944,0.001564284
15515,0.8271146440874623,0.5857448,0.005960461
15516,0.8211885356320535,0.929181,0.0014204418
15517,0.8288424295456969,0.84226465,0.0017890374
15518,0.9263387168730424,0.61382264,0.0005304181
15519,0.9554774063272296,0.8828252,7.19211e-05
15520,0.9984582880578968,0.25544044,0.028354894
15521,0.9440260266736976,0.57061714,0.0045220396
15522,0.999999578564632,0.07254717,0.009511566
15523,0.669089624317501,0.74999887,0.002472288
15524,0.7411887367064711,0.7008524,0.006967357
15525,0.7621628893818133,1.0507106,0.00081810256
15526,0.9529387300188789,0.05909964,0.046200316
15527,0.8398892456303599,0.66984546,0.01174112
15528,0.9788586431461862,0.56210464,6.2930965e-05
15529,0.9488525927037004,0.574219,0.000782142
15530,0.8755297148116091,1.2289238,0.0011866982
15531,0.9644909040358488,0.9017944,0.00087204337
15532,0.940702670573471,0.55696666,0.0032993807
15533,0.99999724356615,0.07770922,0.0048816446
15534,0.7480887643995446,0.88980967,0.0026610808
15535,0.6747785253064551,1.1488184,0.0010338658
15536,0.7747388320338965,0.92086154,0.0060503627
15537,0.968705216004372,0.51101816,0.005034477
15538,0.7868069039045961,0.61177886,0.004477089
15539,0.8075703903235365,1.0855104,7.19211e-05
15540,0.7914433501132384,0.80928004,0.0022655148
15541,0.793584568712923,0.9402341,0.00047647732
15542,0.8862178400533887,0.9124053,0.0005034477
15543,0.8120878914507453,0.5836181,0.011831021
15544,0.9107564702809828,0.81333685,0.00017081262
15545,0.8048646566518534,0.990587,0.0005753688
15546,0.7164668297104413,1.0741109,0.0016991361
15547,0.9849632451761372,0.41111988,0.0021576332
15548,0.9956786224983232,0.4554238,0.00130357
15549,0.8793603393188605,0.7481977,0.0012676094
15550,0.8993267171991142,0.7210068,0.0031825087
15551,0.9999984532084096,0.08097189,0.004899625
15552,0.8637314126104959,0.8193831,0.0014743826
15553,0.7734262325527762,0.48759544,0.0076146466
15554,0.9299548639005316,0.4981823,0.0042793057
15555,0.9711168839179702,0.4712544,0.007569696
15556,0.8368660191106201,0.8085001,0.00027869426
15557,0.8211926591063685,0.5940298,0.0060233925
15558,0.8175590959872934,0.7638225,0.0016182248
15559,0.6403669339921866,0.97493315,0.0028318935
15560,0.7273311532528108,1.053524,0.003389282
15561,0.9198208804672128,0.8040339,0.0006832505
15562,0.6586310828350439,1.0801678,0.0013575108
15563,0.9093294118762152,0.49577436,0.0044680983
15564,0.7896541619409053,1.0119511,0.0008270927
15565,0.8240475821664345,0.70172864,0.0018160079
15566,0.9998371595141048,0.07071769,0.0027689624
15567,0.8625879457725656,0.6065869,0.0068235146
15568,0.793270564780415,1.0711688,0.0010788166
15569,0.8114956195435463,0.80909693,0.0051783193
15570,0.7626686166090486,0.937402,0.0007102209
15571,0.8746262031864993,0.6338306,0.001627215
15572,0.8723092147705674,0.5003574,0.005007507
15573,0.6581079366315206,1.1172334,0.0013934714
15574,0.92554613565901,0.85989654,0.0023284457
15575,0.6801473970378002,1.1268711,0.0010698264
15576,0.6904679111431251,0.97740674,0.00260714
15577,0.8183616411606079,0.47202256,0.009116
15578,0.8524504304295698,0.71375227,0.0014474122
15579,0.8728504866761133,0.6018015,0.0016811558
15580,0.99999735438792,0.0589583,0.009295803
15581,0.7956582936029017,1.0135316,2.6970414e-05
15582,0.8141078991010265,0.78613055,8.9901376e-05
15583,0.9999087259874836,0.060414296,0.002283495
15584,0.9075667466434528,0.45509848,0.0014024616
15585,0.8601151698588745,0.6703389,0.0037578775
15586,0.9951476296725814,0.27448642,0.016793577
15587,0.8233241868790032,0.6765207,0.0014024616
15588,0.8974869419979746,0.749946,0.004045562
15589,0.9453417911148998,0.5173988,0.006904426
15590,0.9655783464867478,0.7122816,8.990138e-06
15591,0.6873042745727678,1.1756946,0.00058435893
15592,0.9999996986338195,0.0662555,0.009502576
15593,0.7987376327236586,0.86306286,0.003991621
15594,0.7819312453952357,0.7630461,0.00130357
15595,0.8528786364696631,0.5745787,0.0044680983
15596,0.7927308961184616,0.808406,0.002481278
15597,0.8513420069263653,0.97035813,0.0003596055
15598,0.7156855374785244,1.3498423,0.00016182248
15599,0.9374139660068612,0.8469792,0.0003775858
15600,0.8778421583716488,0.98603106,0.00027869426
15601,0.9999992730231814,0.069011614,0.009430654
15602,0.9828114618280118,0.5451105,0.0019778304
15603,0.7275044534719048,1.2031361,4.4950688e-05
15604,0.8743776714555667,0.70952725,0.009169941
15605,0.9021868027998904,0.7677881,0.0030746271
15606,0.6969933354996659,0.9524562,0.0028139132
15607,0.8488084763879497,1.0141016,0.00044051674
15608,0.9790161823392752,0.67347336,0.0001887929
15609,0.7568897525235803,0.97840846,0.0075966665
15610,0.7140863605005551,0.9965819,0.0026970413
15611,0.7909155352645418,0.6276816,0.0048546745
15612,0.8319311228207331,1.006443,0.0018519684
15613,0.7415902671985013,0.8456332,0.005016497
15614,0.8912240683772975,0.71957946,0.0026431005
15615,0.7394078888107309,0.8851323,0.0033802919
15616,0.877060854513974,0.66061413,0.004755783
15617,0.6978310130560808,0.9105691,0.006140264
15618,0.9723780798836392,1.0110008,0.00089002366
15619,0.834053135674819,1.1348042,0.00036859565
15620,0.935077968568158,0.33428174,0.012064765
15621,0.8500957822545596,0.550599,0.005501964
15622,0.8306256447549762,0.8813305,4.4950688e-05
15623,0.999994507405768,0.044490073,0.065645985
15624,0.9994851467708716,0.04030803,0.006652702
15625,0.7707485520197161,0.7999651,0.0019868205
15626,0.8544889983055078,0.67075944,0.0072820117
15627,0.9424524405913798,0.6056878,0.0022475345
15628,0.9007238624265254,0.82228214,0.0027689624
15629,0.808230181213916,0.84366626,0.0
15630,0.9610827574917342,0.6318798,0.0008540631
15631,0.9730449902172266,0.4465473,0.007461814
15632,0.8802684478894667,0.98452115,0.00081810256
15633,0.7403933718594755,0.46429634,0.016424982
15634,0.9111403319996972,0.7130037,0.00025172386
15635,0.8862838919020883,1.0945495,3.596055e-05
15636,0.7772367900479642,0.6812466,0.0021126824
15637,0.9999524004059266,0.045229778,0.009214891
15638,0.7015101097076331,0.80839205,0.0019148993
15639,0.9139755831139356,0.48933208,0.016011436
15640,0.9093200257638256,0.986001,0.0006562801
15641,0.7806671773687767,1.0952283,0.00048546743
15642,0.8582839612404695,0.88947874,0.0027689624
15643,0.9715769111413142,1.1156884,0.00021576331
15644,0.6713689453470039,1.0096151,0.00058435893
15645,0.917200344565279,0.8393608,0.0006203195
15646,0.8709135986937686,0.82102394,0.005142359
15647,0.8105906634134386,0.9629185,0.000260714
15648,0.9007238624265254,0.5642966,0.0040815226
15649,0.9293806605883634,0.5814472,0.00041354634
15650,0.8184760398020084,0.5472069,0.009826221
15651,0.713675147470932,1.0812494,6.2930965e-05
15652,0.7631028202766064,1.0440747,0.0037578775
15653,0.9420875010464888,0.7396329,0.0011956884
15654,0.9533163316611024,0.59897727,0.008100114
15655,0.6872944803373529,0.9737506,0.0056368164
15656,0.9521592204433168,0.7118009,0.001438422
15657,0.8373122829208034,0.9512475,0.0021666232
15658,0.7543709625387438,1.3220702,8.091124e-05
15659,0.7251119150729667,0.8691996,0.000521428
15660,0.8051137609391814,1.0021544,0.0026251203
15661,0.7648744847363171,0.89600974,0.0006113294
15662,0.7809412559046404,0.82493585,0.0053131715
15663,0.8936012495479596,0.72002804,0.002283495
15664,0.85764960476333,0.9281553,0.0023374357
15665,0.7925137403300007,0.7613139,0.0008990138
15666,0.7580876679816448,0.8174102,0.0021306626
15667,0.8518760790772395,0.37713882,0.0073269624
15668,0.6647430374394634,1.0382655,0.000719211
15669,0.9999979211557832,0.08087256,0.004710832
15670,0.6924068030486775,0.9566746,0.0032724102
15671,0.8888148111503892,0.48737,0.011804051
15672,0.552837679743541,1.0940291,0.0001438422
15673,0.8508495028522651,0.93599945,0.00093497435
15674,0.6859639125674997,1.0662309,0.00260714
15675,0.8149975656368789,0.7643493,0.0028139132
15676,0.8922395283068891,0.78151894,0.006176225
15677,0.9999997205661286,0.08565728,0.004746793
15678,0.6741498444485526,1.0053055,0.001438422
15679,0.8467911475570493,0.9992835,0.0024183472
15680,0.9999987610772856,0.06430818,0.009457625
15681,0.8242837816814735,0.93181854,0.0008001223
15682,0.8412490174131153,0.78490967,0.013251463
15683,0.8314912398317652,0.8143018,0.0015103432
15684,0.9999997568090708,0.07096484,0.009502576
15685,0.79325494139017,1.213754,0.00058435893
15686,0.8988758116789749,0.83351827,0.0023823865
15687,0.9531916242050484,0.5647469,0.010949988
15688,0.8556746255003017,0.5031729,0.0033713016
15689,0.9999995130450642,0.061979342,0.009457625
15690,0.918910048343624,0.72123474,0.0036050454
15691,0.881506169408371,0.68040776,0.005142359
15692,0.9999989655210528,0.062824346,0.009475606
15693,0.698787650496751,1.0664122,0.0014564024
15694,0.8330399961823565,0.6852979,0.0006562801
15695,0.9757848771306684,0.9205629,0.00011687179
15696,0.7177172344668594,0.870621,0.0021576332
15697,0.7506473601710207,1.004523,0.0066796723
15698,0.9999990296904064,0.0606106,0.0094666155
15699,0.828632357246537,0.9357134,0.0009889152
15700,0.8330399961823565,0.8563871,0.001762067
15701,0.9241200220119188,0.48526654,0.011480406
15702,0.9763659867445996,0.5813765,0.0007911321
15703,0.8198230900202617,0.61069334,0.0042703156
15704,0.739058547036037,0.99966776,0.00130357
15705,0.8511838972214794,0.40715322,0.008306887
15706,0.8931461756387579,0.6102975,0.0011327574
15707,0.9134039172866086,0.66015565,0.0040096017
15708,0.7638572391516547,0.7260613,0.0055828756
15709,0.67307715059019,1.0667548,0.00084507297
15710,0.9999995045526476,0.07462478,0.009457625
15711,0.7572699208622625,0.9622278,0.00016182248
15712,0.9879871084481568,0.1674256,0.06780362
15713,0.6881114379628972,1.1140463,0.00081810256
15714,0.7127738446680445,0.9389142,0.0046479013
15715,0.8522673768477872,0.62211204,0.010743215
15716,0.7559609184244669,0.78848433,0.0034162523
15717,0.7287283244143601,0.9251011,0.0038837395
15718,0.8965721568554065,0.6756791,0.0064279484
15719,0.6994732564875299,0.94140023,0.00130357
15720,0.8246759583134518,1.0293933,0.0003146548
15721,0.7716590187764295,1.0014331,0.0033083707
15722,0.941454459235894,0.47327146,0.006185215
15723,0.7119205231331707,1.0687056,0.0020587416
15724,0.936529119286426,0.71845514,0.0043242564
15725,0.7422231834443743,0.94895446,0.00087204337
15726,0.9999993395010672,0.06929541,0.009502576
15727,0.724779394442956,0.6301328,0.0041084928
15728,0.8517420259781108,0.70308197,0.0037668678
15729,0.9143691937359448,0.6959767,0.00094396446
15730,0.8551097622722327,0.94454616,0.007479795
15731,0.9068409521572244,0.65657103,0.00036859565
15732,0.8255560603466144,0.6390228,0.0028229032
15733,0.8372971017214719,0.77186364,0.0027959328
15734,0.8750958060093639,0.47887728,0.0075607058
15735,0.5370011623333946,1.0687307,0.00024273372
15736,0.9357344857394584,0.30332834,0.0043781972
15737,0.7179914314218686,0.8541951,0.0004045562
15738,0.8855504160087393,0.9978674,0.000782142
15739,0.8955607112020548,0.75911945,0.0020317712
15740,0.6846935443529386,0.9996469,0.0029217948
15741,0.8489592845922275,0.66109484,0.000719211
15742,0.9859139437926662,0.60364395,0.00011687179
15743,0.9404125429363271,0.7554813,0.0008360828
15744,0.9582896983117476,0.45085803,0.0030836172
15745,0.8491786394192251,0.53605413,0.0056997472
15746,0.8781596099961884,0.6786954,0.003982631
15747,0.7064488079061526,0.84920007,0.0046479013
15748,0.9435093376448138,0.7530294,0.0005394083
15749,0.8799887635439885,0.59166336,0.00038657594
15750,0.9496265764049716,0.74077225,0.0007012308
15751,0.738855121998533,1.1018656,0.001042856
15752,0.8740608073920824,1.1046982,0.0023194556
15753,0.80081837360261,0.7791448,0.009835211
15754,0.7576595146669292,0.7318338,0.003389282
15755,0.8897071802798271,0.5909823,0.0013844812
15756,0.9999994308910648,0.1087223,0.009727329
15757,0.7642977342895392,0.80965745,0.0039017198
15758,0.952490241508974,0.77762586,0.0008810335
15759,0.9831655472081776,0.65609646,8.091124e-05
15760,0.8733595993094623,0.70917803,7.19211e-05
15761,0.9570710947074328,0.8939727,0.0010967968
15762,0.8894621574055905,0.78983754,0.0032993807
15763,0.851250091157062,0.92190045,0.0003775858
15764,0.6391840131270738,0.9461445,0.00021576331
15765,0.7027423606215631,0.8890514,0.0006742603
15766,0.8220670851672743,0.5134461,0.0035151439
15767,0.8010042659283853,0.8120886,0.00095295464
15768,0.964210685967986,0.6155267,0.0007012308
15769,0.8068136981986047,0.9681608,0.003964651
15770,0.7244651103813651,1.2750791,0.00025172386
15771,0.8822488664183286,0.961716,0.00015283235
15772,0.870663253371586,0.46216393,0.0057896487
15773,0.9999962938495676,0.06551779,0.009385704
15774,0.7777281887873893,0.9867451,0.0027599724
15775,0.8717547760698161,0.76523894,0.0015912544
15776,0.7117823235983372,0.8083552,0.0022924852
15777,0.999999561431346,0.10898438,0.009035088
15778,0.999935744111254,0.07615748,0.008118095
15779,0.9922961901279184,0.7728893,0.00074618147
15780,0.8794585648453302,0.64763737,0.0045400197
15781,0.7714212051863011,0.7911913,0.006212185
15782,0.8149378100697233,0.7092426,0.0024543076
15783,0.8658436069450486,0.6357936,0.021189755
15784,0.7801469387433357,0.9236542,0.00089002366
15785,0.8808260336409551,0.33090025,0.009736319
15786,0.9019499403388228,0.72353923,0.0012945798
15787,0.9185394021538598,0.38532364,0.0061043035
15788,0.8391156970127538,1.0496205,0.0011237672
15789,0.666153079916332,0.89376396,0.0021306626
15790,0.7470319740728363,1.0034391,0.0003596055
15791,0.7743313559894316,1.1520777,8.990138e-06
15792,0.8020760737502229,0.67219067,0.003326351
15793,0.8926678398659008,0.4545587,0.0072011002
15794,0.9687904003804886,0.6712188,7.19211e-05
15795,0.9737854499311714,0.99423176,0.0005394083
15796,0.7589102262540062,0.93417686,0.0004495069
15797,0.8866646342163267,0.4746837,0.0014923629
15798,0.7826029027372996,0.7718868,0.0065448205
15799,0.8199670095389422,0.36808503,0.011372524
15800,0.8480065035440987,0.6753984,0.0021036922
15801,0.7148368408158844,1.1114446,1.7980276e-05
15802,0.8731610444337664,0.9058968,0.00042253648
15803,0.768172489644891,0.7619547,0.003065637
15804,0.8317225620300257,0.67882425,0.0032903904
15805,0.8884490973358592,0.41078064,0.013125601
15806,0.7598507341781442,0.7885197,0.0010158856
15807,0.7406710653873744,1.05586,0.0001887929
15808,0.8695636365223871,0.7169977,0.0039376803
15809,0.7722025256628962,0.64318633,0.006176225
15810,0.8119313135560848,0.8999692,0.00039556605
15811,0.999967863482208,0.066311724,0.0023104653
15812,0.8062550170864091,0.9595249,0.0013125602
15813,0.965465254675844,0.41781792,0.0017980275
15814,0.8352395124476181,1.3422334,0.0010967968
15815,0.7979635784056498,0.82836354,0.0041983943
15816,0.6888003984141281,0.98420393,0.0022385444
15817,0.7916751997322644,0.96793556,0.00039556605
15818,0.9999987579259252,0.060595967,0.009295803
15819,0.8786861903362617,0.9294775,0.0015463037
15820,0.841288010507114,0.8479883,0.0005394083
15821,0.8911346214111012,0.61550313,0.003191499
15822,0.8286905873292797,0.74814063,0.0046748715
15823,0.999999496383394,0.07101577,0.009502576
15824,0.7918400413053995,0.70662135,0.001824998
15825,0.8233509509496952,0.82892007,0.0009889152
15826,0.7743266347493658,0.76613575,0.007048268
15827,0.9986264798660628,0.18784015,0.06264328
15828,0.7455136323082331,0.8628106,0.0023823865
15829,0.4978917821997772,1.0760317,0.0003056647
15830,0.8208422508568608,0.9030884,0.0022745049
15831,0.9070189421125984,0.61073977,0.003128568
15832,0.9506772847663676,0.75786424,0.0026341104
15833,0.8717922082994477,0.8454807,5.394083e-05
15834,0.8257397681039667,0.58290094,0.0033802919
15835,0.8864483991079399,0.5737456,0.0036589862
15836,0.8591972172241759,0.6831603,0.004953566
15837,0.9188689495254152,0.45268434,0.00650886
15838,0.8969758733526753,0.9263544,0.0017261065
15839,0.802500288462193,0.42750344,0.0059694517
15840,0.5909190931939934,1.1013448,0.00058435893
15841,0.630682546200536,1.1049124,0.00045849703
15842,0.8695211107983738,0.9974622,0.0029307848
15843,0.8190112366885612,0.7955559,0.0022385444
15844,0.7641078785651958,0.8451788,0.0046209306
15845,0.9113376609505288,0.57420707,0.0073269624
15846,0.7352813456543302,1.0073832,0.006131274
15847,0.7628170448914552,0.47313398,0.0080461735
15848,0.8941568753446795,0.4975368,0.0075247455
15849,0.993317457883622,0.9604554,0.000260714
15850,0.954853978035216,0.4212892,0.015543948
15851,0.8010565377388752,0.9959218,0.007299992
15852,0.9999605605699738,0.2733677,0.004935586
15853,0.865266171311729,0.8787716,0.0038927298
15854,0.8141601327317598,1.2438198,0.0003326351
15855,0.999996237771686,0.047731247,0.06582579
15856,0.9390942450469768,0.55474323,0.004045562
15857,0.7771616400472422,0.9128518,9.889151e-05
15858,0.7888659203048775,1.1327999,4.4950688e-05
15859,0.8535306022235787,0.81857216,0.00011687179
15860,0.601821791301543,1.1014955,0.00032364496
15861,0.9004265870463853,0.42055658,0.00325443
15862,0.7614823561889129,0.83326495,0.0006203195
15863,0.9775759472442878,0.61466557,0.00010788166
15864,0.826896837714957,0.41862416,0.005421053
15865,0.8524942700528901,0.21986488,0.0029847259
15866,0.6784853485099505,1.1185505,0.0001887929
15867,0.9999997059586268,0.074638374,0.009475606
15868,0.8130324946852343,0.9369669,0.00084507297
15869,0.6876086929873659,0.9063427,0.0024363273
15870,0.8054440655204903,1.0995902,0.00045849703
15871,0.8074597028833347,0.9414382,0.0049985168
15872,0.8564960828736741,0.8435458,0.0020677317
15873,0.7733836614685159,0.5025502,0.008378808
15874,0.8664970300534699,0.67918074,0.001042856
15875,0.9176364907116548,0.7569869,0.00086305325
15876,0.8479817011126408,0.75707203,0.00087204337
15877,0.8070729229633958,0.6139306,0.0025352188
15878,0.7449083365829527,1.2619427,0.0003775858
15879,0.7512517986665487,0.8472658,0.0053041815
15880,0.9499592752066576,0.667783,0.0003775858
15881,0.9161118769512224,0.96950805,0.00047647732
15882,0.7970293851350455,0.6523509,0.0026341104
15883,0.8464078940487934,0.63495386,0.013943704
15884,0.7369753414930541,0.88139004,0.0024992584
15885,0.8247014166099655,0.6728312,0.0019418697
15886,0.9404023409804002,0.7912061,0.0014114516
15887,0.7710985623552815,0.928136,0.0010698264
15888,0.9999989950280532,0.07526472,0.009412674
15889,0.8402420656124481,0.9422131,0.0049265954
15890,0.9999957460356582,0.065710805,0.009071049
15891,0.81734057392724,0.5723233,0.0038837395
15892,0.8036061472955387,0.9587035,0.001105787
15893,0.7524482028777115,1.2028081,0.0030296764
15894,0.999983383453288,0.08710705,0.009035088
15895,0.7992017660510905,0.67188,0.007677578
15896,0.8650963445644195,0.89965624,0.00260714
15897,0.7537705441499194,0.92188144,0.0006562801
15898,0.8087384784235915,0.91994303,0.0010518461
15899,0.8806134593805707,0.644302,0.0034162523
15900,0.9391413997909224,0.5606553,0.010635333
15901,0.7221246557311625,0.9443894,0.0003326351
15902,0.963444357486364,0.6823058,0.0006203195
15903,0.9999935236846068,0.06814903,0.0092868125
15904,0.991202758719992,0.22500509,0.049787384
15905,0.9606797699404648,1.0397148,0.00017081262
15906,0.8675580874590122,0.6378233,0.0068145245
15907,0.7310785401382327,0.9538811,0.0013934714
15908,0.8681675063172739,0.74696296,0.00026970415
15909,0.6937289718606527,1.1971321,0.0023014753
15910,0.8830497815971778,1.1181413,0.00081810256
15911,0.7595040911919243,0.8797153,0.0006652702
15912,0.7985096460800386,0.75736105,0.0022475345
15913,0.9843161300039408,0.59640366,0.00020677317
15914,0.8846677025562257,0.9280675,0.0001438422
15915,0.8547907544993193,1.1203893,0.00074618147
15916,0.7085394121319396,1.2113951,0.00653583
15917,0.9632499121559768,0.4052121,0.0076056565
15918,0.9999951108756756,0.056846343,0.0094666155
15919,0.8393863024898044,0.37729314,0.006769574
15920,0.911885784842026,0.63655293,0.004513049
15921,0.8248946409984034,0.90198714,0.001627215
15922,0.6396889924204704,0.96845675,0.0021846036
15923,0.8848620411906462,0.67499363,0.0023014753
15924,0.8861451230054309,0.90106636,0.0003326351
15925,0.9628122833043652,0.709532,0.001240639
15926,0.929808220209912,0.77911764,0.0007012308
15927,0.7439607993617876,0.7776501,0.00260714
15928,0.9999993226649452,0.069205806,0.009484596
15929,0.9588361409291638,0.82942003,0.0008540631
15930,0.8808893564594764,0.5965908,0.0049895267
15931,0.8520073077935616,1.1004231,0.00026970415
15932,0.9398441007979006,0.4745017,0.0017890374
15933,0.6945966631084192,0.8140203,0.0037398974
15934,0.8470754848573192,0.5769196,0.0033802919
15935,0.717096603252716,1.1470587,0.0019148993
15936,0.8284775366381265,0.6169406,0.006005412
15937,0.690354630553488,1.1914513,0.0011507376
15938,0.8141043864366984,0.8825336,0.0023823865
15939,0.7100089008102831,0.9898197,0.0015103432
15940,0.5995067446958173,1.0090317,0.0025891596
15941,0.6838287848195732,0.44434834,0.0
15942,0.6511262180592045,1.043498,0.0013215502
15943,0.8143757857832883,1.0829453,0.0008091124
15944,0.966776139816436,0.45718294,0.0027060315
15945,0.762231823628817,0.82097054,0.001177708
15946,0.9106857996652102,0.6841538,0.001564284
15947,0.627880388836094,1.233211,0.00025172386
15948,0.6535303040931923,0.8727753,0.00043152663
15949,0.9988087388476912,0.9196231,7.19211e-05
15950,0.7376454658025516,0.9020148,0.00095295464
15951,0.8687908427119118,0.38935316,0.0080461735
15952,0.8299220223818227,0.62116385,0.0063740076
15953,0.932653577795052,1.0511726,0.00026970415
15954,0.7943860374937171,0.8112254,0.0017530769
15955,0.7918748572743552,0.47637418,0.0041534435
15956,0.8012456220119758,1.1825459,0.0004045562
15957,0.7599471568419712,1.0750322,0.00081810256
15958,0.9655701806941088,0.79527247,0.00456699
15959,0.9359858326966352,1.0208303,0.001105787
15960,0.9752379623130324,0.51245946,0.0003506154
15961,0.7233955254120417,1.3316526,0.0008001223
15962,0.8280344660451477,0.6278534,0.0043512266
15963,0.8700140267075881,0.5939017,0.0010608362
15964,0.7135470022141989,1.04615,0.0023014753
15965,0.8437028488339646,1.1196527,0.000979925
15966,0.9108652969973864,0.7997888,0.00017980275
15967,0.9750685473733596,0.53082055,0.0023104653
15968,0.9459049365988034,0.371813,0.0091070095
15969,0.7796089362888514,0.8431989,0.0042793057
15970,0.8133096831121721,1.0903531,0.0012136686
15971,0.6725652039297746,1.2051344,0.00010788166
15972,0.9892237925530372,0.12322992,0.04833098
15973,0.9291751420237138,0.8023968,1.7980276e-05
15974,0.949926939161943,0.5689945,0.0005304181
15975,0.9111458310528772,0.48672852,0.009754299
15976,0.9588760863926408,0.73329186,0.00023374359
15977,0.6571013081393131,1.2423892,0.0021666232
15978,0.7661899716512243,0.7852567,0.004459108
15979,0.8026553235932906,1.2711968,0.003002706
15980,0.6843761759851374,1.0509151,0.001564284
15981,0.8896798745039207,0.6061657,0.00325443
15982,0.99999911428391,0.065787666,0.009493586
15983,0.7957790021649811,1.0650764,5.394083e-05
15984,0.8995053205760715,0.63950175,0.0038837395
15985,0.7221551372400181,1.131315,0.0012496292
15986,0.853297955209223,1.0389766,0.00019778303
15987,0.951646668209186,0.7966912,0.0007641617
15988,0.7106524116759371,1.0622449,0.0024543076
15989,0.7619083436233333,1.0406561,0.00045849703
15990,0.9111702764544772,1.0090753,0.011543337
15991,0.8774127010214422,0.4827374,0.0070033176
15992,0.8032295394172518,0.6620636,0.005016497
15993,0.9579168318629409,0.30385327,0.014294319
15994,0.9999972058295352,0.06169382,0.009241861
15995,0.819448764236552,1.0254674,0.0005483984
15996,0.9999400386283,0.05832333,0.0023374357
15997,0.8563604908928515,0.5954267,0.0076056565
15998,0.9377353938629812,0.741065,0.0033443312
15999,0.9125224989239205,0.6753229,0.001429432
16000,0.7793026636387368,0.9072624,0.000782142
16001,0.999998359441742,0.06093329,0.009322773
16002,0.6771394425377308,1.3173318,0.0006113294
16003,0.8411975280567416,0.93924326,0.0029217948
16004,0.7260726856144609,0.7916955,0.0058256094
16005,0.6438574608222328,0.9917767,0.0008360828
16006,0.9999971630933812,0.06238248,0.009511566
16007,0.7592053096099134,1.0635982,0.00019778303
16008,0.6615701770578986,0.8940452,0.0045490097
16009,0.7437750803687394,0.69967884,0.0049265954
16010,0.851685654983775,0.6635842,0.0043512266
16011,0.7958737033564002,0.66697896,0.00032364496
16012,0.9000872713435661,0.5191035,0.0025172385
16013,0.8267950602661649,0.75066847,0.005807629
16014,0.6760430674350879,1.1343756,0.0014923629
16015,0.6875397959447977,1.5137551,0.0007641617
16016,0.7860929147804563,0.7346784,0.0043871873
16017,0.9391029612045104,0.5789261,0.004306276
16018,0.9493689384611792,0.516343,0.00019778303
16019,0.9779508446575208,0.295337,0.012262548
16020,0.8503938348485341,0.77545685,0.0036949466
16021,0.8812769278884143,0.63982016,0.0023104653
16022,0.904237679002102,0.77986145,0.0071471594
16023,0.8804968715366112,0.85365045,0.0022385444
16024,0.7002306240769396,1.0691856,0.0011327574
16025,0.774597290469238,0.66613203,0.0050974083
16026,0.8343083359959734,1.0537986,0.00047647732
16027,0.8279563221288302,0.9888283,0.0026880512
16028,0.9227799960883448,1.0042582,0.0
16029,0.7708137522992362,1.1263267,0.0018339881
16030,0.8814486569952095,0.4971451,0.010275727
16031,0.956407118981654,0.59451866,0.0004944576
16032,0.5804147050823569,1.2386593,0.00041354634
16033,0.9998240902104778,0.2825266,0.005726718
16034,0.9755606351461168,0.4108699,0.0103386585
16035,0.9656836424949212,0.7979799,0.00015283235
16036,0.8222131799710986,0.8742885,0.0010698264
16037,0.8268629334448439,1.1059906,0.00391071
16038,0.7489080541620059,0.76438916,0.0043961774
16039,0.6109960633691585,1.0536295,0.0001438422
16040,0.7669830571801544,1.1180744,0.00074618147
16041,0.8099771787554334,0.79717094,0.0010698264
16042,0.9458785377935944,0.49472275,0.010176836
16043,0.9405828571738556,0.90454996,0.0007012308
16044,0.8633166416768392,0.7334264,0.0038208086
16045,0.803460145244953,0.8049033,0.00042253648
16046,0.9854615486730294,0.16750802,0.044447243
16047,0.90341431555465,0.31019405,0.0108780665
16048,0.8877675189441899,1.0817214,0.0016092347
16049,0.987454444118391,0.6746886,0.0005304181
16050,0.7910150330392631,0.6546734,0.0021396528
16051,0.5888560612888155,1.0158203,0.0006023392
16052,0.7777691527075067,0.6689481,0.0066796723
16053,0.6238740182751669,1.0759499,0.002993716
16054,0.999997114641109,0.08717715,0.005007507
16055,0.890459408938725,0.63375026,0.003784848
16056,0.6800736318434558,1.0047394,0.0019688401
16057,0.972570835069943,0.21876287,0.0045220396
16058,0.799235947386213,0.64333713,0.008270927
16059,0.8701586822373637,0.46603262,0.012541242
16060,0.9221461761583376,0.6369061,0.00024273372
16061,0.8524871630073648,0.5983687,0.002741992
16062,0.7492708446455567,1.0580525,0.0034252426
16063,0.665085275293826,1.1520516,0.0005034477
16064,0.999994217977381,0.07301936,0.004638911
16065,0.6001008557321216,1.3561008,0.0010518461
16066,0.6174549177085982,0.7887747,0.0003596055
16067,0.8170406871419714,0.6858823,0.0073179724
16068,0.9291343651163152,1.1423957,0.0011417475
16069,0.7635584644551574,1.0059797,0.0005394083
16070,0.7316010617686297,0.928928,0.005034477
16071,0.8153129339405701,0.7494247,0.004773763
16072,0.8697459817131721,0.5220249,0.008001222
16073,0.9219026858124338,0.46007717,0.002346426
16074,0.8123540493912551,0.7208453,0.00843275
16075,0.7275889122326018,0.8108093,0.006643712
16076,0.6986171799909398,0.94047016,0.0018429783
16077,0.7235611097415214,0.97901416,0.0028498736
16078,0.8945746555533203,0.3143691,0.010311688
16079,0.8752947544312419,0.8539157,0.00325443
16080,0.9999990220890224,0.06407622,0.0092868125
16081,0.9287194290770262,1.0804098,0.0010608362
16082,0.6564425943403962,0.7876425,0.0055109547
16083,0.808089984663535,0.52167684,0.0028948244
16084,0.7018807311494959,1.0783079,0.0016092347
16085,0.9730647662344534,1.140625,0.000260714
16086,0.7106523359006625,0.89264077,0.0028948244
16087,0.8655279863388682,0.8139854,0.0035061538
16088,0.7561930996156023,0.90096146,0.002211574
16089,0.7903334987976008,1.105213,0.0001438422
16090,0.790455859071765,1.0209277,0.0019238895
16091,0.8148215072022852,0.8047071,0.002346426
16092,0.8605743335464778,0.75756645,0.009619447
16093,0.6933084816055077,0.8532815,0.0062930966
16094,0.7168804561999779,0.86928374,0.0036589862
16095,0.9442748631300673,0.54948014,0.00016182248
16096,0.9999991351350214,0.06387525,0.0094666155
16097,0.8802715919389283,0.8913346,0.0020048008
16098,0.9199046783876,0.623174,0.008199005
16099,0.892034512755612,1.1587356,0.002481278
16100,0.992073547808689,0.29170465,0.01763865
16101,0.8121565607580918,1.5063366,0.0019059093
16102,0.9021404328193076,0.8549473,0.0033713016
16103,0.9023327017702214,0.37296012,0.0055648955
16104,0.9090503557406204,0.35832545,0.013314394
16105,0.6697086145513309,0.98331994,0.0011327574
16106,0.7758852385112774,0.98323196,0.0012586192
16107,0.6159498905930038,1.0408945,0.000260714
16108,0.7868715469389141,1.0651008,0.00029667455
16109,0.838947747446349,0.7327741,0.0006652702
16110,0.7592397638830827,0.6103344,0.010095925
16111,0.9355548363687682,0.73132753,2.6970414e-05
16112,0.745448466224979,0.8335294,0.0004944576
16113,0.927552744180293,0.5485351,0.0019148993
16114,0.8105702525938634,0.90927136,0.0023644064
16115,0.7983035190002127,0.90358377,0.003452213
16116,0.8518816630122413,1.3947299,0.0005394083
16117,0.8042616761975535,0.87992847,0.0021126824
16118,0.9509384311659522,0.44512507,0.00043152663
16119,0.8435630561593737,0.29085156,0.011705159
16120,0.7241717933301051,0.92743385,0.004423148
16121,0.7362042322325171,1.2405554,0.00038657594
16122,0.6257025347231878,1.0510193,0.0003146548
16123,0.9995406936969624,0.031937663,0.039367814
16124,0.9197496606691238,0.86953723,0.00010788166
16125,0.6985219384347949,1.0713041,0.0013485206
16126,0.7392447708456253,0.5846872,0.0037758579
16127,0.5935579969031446,1.1161127,0.000782142
16128,0.7626864697460031,0.72099763,0.007974252
16129,0.8146370417288606,0.6507154,0.0033802919
16130,0.8838029716709636,0.545136,0.0016901459
16131,0.9466280288068089,1.038291,0.0
16132,0.7296642405886937,1.1803051,0.0017261065
16133,0.8802674876064522,0.65325356,0.0046748715
16134,0.7594413731218023,0.86077803,0.0018519684
16135,0.9999996074913148,0.107048616,0.009187921
16136,0.9541053293856052,0.5165351,0.0031735187
16137,0.6988396138274209,1.0585986,0.0015732741
16138,0.8012456220119758,0.9434766,0.0017980275
16139,0.6336029773042815,0.9085997,0.003065637
16140,0.961595579958491,0.6755718,0.0035331242
16141,0.9184824087078732,0.30355018,0.013296414
16142,0.999854030513998,0.059701692,0.0055559054
16143,0.7693140011673825,1.1045731,0.0003596055
16144,0.9908667611502096,0.25623235,0.008846296
16145,0.8366120306240445,0.9546158,0.005924501
16146,0.682560162309297,1.0585729,0.001114777
16147,0.806823931903996,0.8630727,0.00058435893
16148,0.7582867706657455,1.0786406,0.002085712
16149,0.7499843405443384,0.83770657,0.003128568
16150,0.9999987554830052,0.060147826,0.009322773
16151,0.9583465097540064,0.6868364,0.0012496292
16152,0.6853140033134041,1.0888497,0.0002876844
16153,0.9295083832620216,0.5530381,0.001627215
16154,0.8855612672502526,0.48815665,0.0063560274
16155,0.9952408007812398,0.5406929,0.00021576331
16156,0.8532028316799134,1.0326518,0.0006203195
16157,0.93149158455333,0.63177574,0.0016182248
16158,0.8807248363925777,0.5088285,0.004441128
16159,0.8731027440947337,0.87664145,0.0006382998
16160,0.9999961734858446,0.08317858,0.004450118
16161,0.9677546223893618,0.4781575,0.012181637
16162,0.7869829726218154,0.6382305,0.005933491
16163,0.6293935530450698,1.079416,0.0014024616
16164,0.8246122586279688,0.86333346,0.00042253648
16165,0.6187788209650295,1.1398207,0.0005304181
16166,0.7463235275116805,1.3031507,0.0012945798
16167,0.776767846744801,0.88661927,0.0012676094
16168,0.8482809869697561,0.68785423,0.00010788166
16169,0.9523843688352364,0.6623486,0.007938292
16170,0.7803974958125683,0.8928316,0.0015463037
16171,0.7163054351729211,0.9525032,0.0026520907
16172,0.9701885740749844,0.5945776,0.003137558
16173,0.760717164115439,1.1566556,0.0009889152
16174,0.753723539524918,1.1228591,0.0004495069
16175,0.5509396705109801,1.2380373,0.00010788166
16176,0.7675424595709397,0.84602404,0.0035331242
16177,0.654590775038135,1.0017818,0.002283495
16178,0.999998647851058,0.06331423,0.0094666155
16179,0.9072456330948864,0.5409663,0.0028948244
16180,0.990983857607022,0.81999755,5.394083e-05
16181,0.9999990602979208,0.10755933,0.009709349
16182,0.8074597028833347,0.8751335,0.008181025
16183,0.9772990212697312,0.2518051,0.016137298
16184,0.9917440520439952,0.4620591,0.0018969191
16185,0.917622927872972,0.62178457,0.003191499
16186,0.7489809761081345,0.85768753,0.00011687179
16187,0.7392320282343814,0.9477195,0.00016182248
16188,0.9118130125148692,0.6458858,0.0020767218
16189,0.9039138115835208,0.47081283,0.008846296
16190,0.999792255236752,0.35701692,0.0005753688
16191,0.9887198223451512,0.26926336,0.01883434
16192,0.9444287931191286,0.21212058,0.004027582
16193,0.8827610765977153,0.60430366,0.0076056565
16194,0.8047647897664477,1.0453119,0.00043152663
16195,0.8232958706455409,0.7092217,0.0011507376
16196,0.9405828571738556,0.9087939,0.000521428
16197,0.8557123120357412,0.99554086,0.00012586193
16198,0.99993831536717,0.050240256,0.009196911
16199,0.7328416422282812,1.0132014,0.0010788166
16200,0.8901776151220651,0.9591476,0.0003326351
16201,0.8168729514394694,0.71339047,0.0069403863
16202,0.9167526568973922,0.8595376,0.0027060315
16203,0.9070806597364796,0.5199567,0.004243345
16204,0.9659809772135708,0.36701167,0.00045849703
16205,0.5876309815438696,1.1220347,0.00020677317
16206,0.9661619289944284,0.38581526,0.0007911321
16207,0.7280063470313849,1.2281063,0.0021666232
16208,0.8894955501054083,0.58345085,0.0098172305
16209,0.9851102600459984,0.67752856,0.0006652702
16210,0.7671286183916864,0.8351916,0.0026790611
16211,0.8121625644312742,0.73707646,0.000521428
16212,0.8901776151220651,1.1057829,0.0003326351
16213,0.9894872331935358,0.63895553,0.0030386667
16214,0.9117428576264682,0.68423235,8.091124e-05
16215,0.8612592681497296,0.8338061,0.0017440867
16216,0.7488133029969253,1.1795975,0.0016182248
16217,0.804999090254481,0.49147993,0.0045400197
16218,0.8463655385673784,0.8834009,0.0009889152
16219,0.7480030597575313,0.7668714,7.19211e-05
16220,0.9078792628608696,0.928849,0.00017081262
16221,0.7827523262736485,1.1283393,0.0007551716
16222,0.9051207500901656,0.72828805,0.0009259842
16223,0.9454604087147462,0.4674339,0.006922406
16224,0.8343512445584327,0.9044271,0.00094396446
16225,0.8853944390859282,0.5459121,0.006976347
16226,0.6566888272129865,1.0775998,0.00029667455
16227,0.8780899902286562,0.9812005,0.0019508599
16228,0.8840408257531839,1.2476089,0.0005663787
16229,0.8796271771260229,0.9211656,0.00019778303
16230,0.8389577529047578,0.8767305,0.000782142
16231,0.8375987700647729,0.6653801,0.00520529
16232,0.9999922660721104,0.053672954,0.009205901
16233,0.9870784179636356,0.8738411,4.4950688e-05
16234,0.778043265413427,1.0757016,0.0006472899
16235,0.9650291069779432,0.6525113,0.0023014753
16236,0.7991067201776547,0.6941393,1.7980276e-05
16237,0.8518232038414107,1.1617441,0.0006832505
16238,0.6482789139968663,1.0849322,0.003452213
16239,0.8533216978628984,0.48430702,0.0051153884
16240,0.8302430917799817,1.2232221,0.0002876844
16241,0.7365788472988277,0.8725334,0.00081810256
16242,0.7364251864642586,0.66513467,0.0061132936
16243,0.8678440148839145,0.7172749,0.003955661
16244,0.9608783705061096,0.56804067,0.0012226588
16245,0.6645013819562577,1.1290122,0.0015912544
16246,0.885835980784897,0.6009194,0.0031465483
16247,0.8824328162640334,0.61516213,0.0001887929
16248,0.921368289692173,0.6556875,0.00015283235
16249,0.7949934418217609,0.95417935,0.00019778303
16250,0.9999988075410904,0.09258153,0.009071049
16251,0.9999979862729812,0.05980689,0.0094666155
16252,0.806041709036332,0.779238,0.0032094792
16253,0.9582701832156454,0.69682354,0.0008270927
16254,0.7533364502263951,0.8856845,5.394083e-05
16255,0.7559297580973265,0.8128703,0.007299992
16256,0.8049241709883405,0.71923596,0.00026970415
16257,0.6311617837837179,1.0697014,0.00096194475
16258,0.999964470162969,0.038576227,0.06551114
16259,0.8268964631833942,0.8577717,0.0014204418
16260,0.5898314454026783,1.2313108,0.0013844812
16261,0.7456396617747325,0.90260315,0.0013485206
16262,0.9014580475996786,0.51731765,0.0052502407
16263,0.8670836688513014,1.0047885,0.0024632977
16264,0.7465141566670175,0.8756518,0.002472288
16265,0.7013926703982706,1.1250509,0.0003775858
16266,0.832630625430389,0.6794858,0.004638911
16267,0.7825935960542731,0.7078246,0.0017350966
16268,0.8722520829426368,0.48739773,0.0073269624
16269,0.6467915943556761,1.0327255,0.0019958105
16270,0.999914829793383,0.074601285,0.06199599
16271,0.894826830531916,0.5105142,0.0001887929
16272,0.7930186301016904,0.7981507,0.004558
16273,0.9268304298007456,0.59316516,0.0032903904
16274,0.7106523359006625,1.0724374,0.0024543076
16275,0.844421239252704,0.7836111,0.0003506154
16276,0.9359569829567242,0.50983745,0.008810335
16277,0.6975498428072976,0.8593847,0.0012226588
16278,0.916997430129174,0.6396146,0.0024003668
16279,0.9922084380859012,0.37691593,0.0040725325
16280,0.7301635004118555,0.8854997,0.0027060315
16281,0.672450356157894,0.9401046,0.0012676094
16282,0.9120127138413024,0.596311,0.008270927
16283,0.8386134342731207,0.79953325,0.0050974083
16284,0.9619662410025894,0.8923237,0.001375491
16285,0.9196410322582652,1.0056115,5.394083e-05
16286,0.7907084072072356,0.71966285,0.0006832505
16287,0.7822720337869146,1.2490379,0.00091699406
16288,0.990450902420334,0.6243366,0.00010788166
16289,0.9026528054037956,0.4318528,0.009961072
16290,0.7002850318291151,0.9695974,0.0010878067
16291,0.801065597734489,0.9679649,0.00016182248
16292,0.8147088154576808,1.0494239,0.0010967968
16293,0.9999994608597054,0.079053216,0.0094666155
16294,0.8491316532763586,0.71631444,0.004459108
16295,0.8693684070718942,0.73695797,0.0011237672
16296,0.9093234942923863,0.8846822,1.7980276e-05
16297,0.9238198968282848,0.58392847,0.00093497435
16298,0.9416082763945592,0.8107562,0.0005304181
16299,0.7784824833248527,1.2800208,0.0007551716
16300,0.854592261195703,0.5528532,0.012091735
16301,0.90178520601623,0.57027394,0.0028858343
16302,0.8408664027325647,0.5274812,0.0068864455
16303,0.6386333318597535,0.93851614,0.0005394083
16304,0.6939530069066953,1.245539,0.009403684
16305,0.8037730674719751,0.6494118,0.0053311517
16306,0.9522769073267304,0.6627063,0.00012586193
16307,0.8181000792257296,0.84441644,0.0004045562
16308,0.9024485542196832,0.60325056,0.003955661
16309,0.7875651793394489,1.1104157,0.0003596055
16310,0.7592724361329468,0.5795755,0.01107585
16311,0.9028914457690634,0.65065885,0.0070752385
16312,0.7169814930931588,0.9077234,0.0010158856
16313,0.9999992483214764,0.0719391,0.009475606
16314,0.8191243270279471,0.51190346,0.010491491
16315,0.7815459220928248,1.2408534,0.001501353
16316,0.9323588359916992,0.60376567,0.0050974083
16317,0.7250963741607026,0.99571866,0.0022924852
16318,0.9177706535736758,0.5206065,0.0026880512
16319,0.7525322233508928,0.71900034,0.0045400197
16320,0.8860211173523012,0.55381984,0.004171424
16321,0.8148154401546491,0.69256794,0.0020317712
16322,0.8688056326939041,0.46277907,0.008297897
16323,0.967987172805375,0.7652194,0.00047647732
16324,0.8423770111894682,0.9985015,0.0007371913
16325,0.9999987159887151,0.081191204,0.004638911
16326,0.7788796130173198,1.0403537,0.0009259842
16327,0.9587633649946088,0.72804075,0.0011237672
16328,0.999991654735432,0.08211425,0.004423148
16329,0.6908722964893818,0.96989,0.00587056
16330,0.9108271909832546,0.62794125,0.0010608362
16331,0.699076191735981,0.92902267,0.0001887929
16332,0.7064804715327881,1.2854462,0.002472288
16333,0.7733985226810237,0.91199386,0.0019508599
16334,0.7960214798306475,1.0086108,0.0014204418
16335,0.7079076382410464,0.985118,0.0035511043
16336,0.8859211387444299,0.8568077,0.0005034477
16337,0.7965667435762375,0.8264316,0.0031465483
16338,0.7644454098781387,1.0435466,0.0032094792
16339,0.8477615776025811,0.8859865,0.0006472899
16340,0.9109089825674146,1.1551625,0.0001887929
16341,0.9480647808830784,0.5759793,0.00017980275
16342,0.9119962207621356,0.49586457,0.004737803
16343,0.7437555069342847,1.4220093,0.0013395306
16344,0.878145010499949,0.5411958,0.0083967885
16345,0.7052152512593617,0.8658567,0.0029487652
16346,0.8516467616095964,0.6529689,0.0060773334
16347,0.6192723086131774,1.1001937,0.00021576331
16348,0.9992054196532452,0.2824966,0.0048187138
16349,0.9576896676535838,0.8753363,3.596055e-05
16350,0.8009339375698528,0.98878187,0.0021756133
16351,0.9150223321992016,1.0305324,0.0003775858
16352,0.909459337036286,0.8717393,0.00130357
16353,0.9702652451161572,0.87072474,0.0038297987
16354,0.9986811064750082,0.36245495,0.0015822642
16355,0.9998710636342908,0.04446942,0.049319897
16356,0.7579962415535283,1.0390899,0.0007371913
16357,0.951125879020624,0.5078084,0.0010788166
16358,0.9523684853905598,0.7848892,0.0036050454
16359,0.8230030816903929,0.7263355,0.0021126824
16360,0.6928365279633365,1.0230424,0.0037758579
16361,0.7532359272971969,0.6562824,0.0047288127
16362,0.8548838948644031,0.45803133,0.00980824
16363,0.7576248792975316,1.1989672,0.0008091124
16364,0.7009187736229796,1.0672143,0.0015283234
16365,0.7298357130046444,0.95598763,8.091124e-05
16366,0.976974416899882,0.73130536,0.0004944576
16367,0.6609027532962903,1.0823519,0.00044051674
16368,0.966647686709041,0.46266457,0.0021396528
16369,0.7936237866579949,0.83373594,0.0046748715
16370,0.8040657347688217,0.7076065,0.0019238895
16371,0.8814358413560792,0.899973,0.00012586193
16372,0.8895238615019702,0.8810307,0.0003596055
16373,0.8581298924877646,0.99963254,0.0040185917
16374,0.9323757706980343,0.6641437,0.0011956884
16375,0.9656844463086818,0.88690716,1.7980276e-05
16376,0.8008406021953817,0.716379,0.00087204337
16377,0.8569006854809331,0.4813087,0.0014653924
16378,0.7503564465595431,0.93259615,0.0014474122
16379,0.949652219050378,0.330626,0.009934102
16380,0.6786103502089501,0.8637831,0.0048456844
16381,0.9155045544986038,0.6837863,0.0041534435
16382,0.7829877761455167,0.5208874,0.009098019
16383,0.5479043254528103,1.0934185,0.00015283235
